date,season,neutral,playoff,team1,team2,score1,score2,is_home
2004-11-02,2005,0,,DAL,SAC,107,98,1
2004-11-02,2005,0,,LAL,DEN,89,78,1
2004-11-02,2005,0,,DET,HOU,87,79,1
2004-11-03,2005,0,,UTA,LAL,104,78,1
2004-11-03,2005,0,,BOS,PHI,95,98,1
2004-11-03,2005,0,,LAC,SEA,114,84,1
2004-11-03,2005,0,,NJN,MIA,77,100,1
2004-11-03,2005,0,,NOP,DAL,91,106,1
2004-11-03,2005,0,,CLE,IND,104,109,1
2004-11-03,2005,0,,MIN,NYK,99,93,1
2004-11-03,2005,0,,ORL,MIL,93,92,1
2004-11-03,2005,0,,TOR,HOU,95,88,1
2004-11-03,2005,0,,MEM,WAS,91,103,1
2004-11-03,2005,0,,GSW,POR,75,78,1
2004-11-03,2005,0,,SAS,SAC,101,85,1
2004-11-03,2005,0,,PHO,ATL,112,82,1
2004-11-04,2005,0,,DEN,MIN,94,92,1
2004-11-04,2005,0,,CHO,WAS,96,103,1
2004-11-04,2005,0,,MIA,CLE,92,86,1
2004-11-05,2005,0,,NOP,ORL,89,90,1
2004-11-05,2005,0,,PHI,PHO,98,108,1
2004-11-05,2005,0,,POR,LAC,94,81,1
2004-11-05,2005,0,,MEM,HOU,81,89,1
2004-11-05,2005,0,,BOS,IND,94,100,1
2004-11-05,2005,0,,GSW,UTA,80,102,1
2004-11-05,2005,0,,CHI,NJN,106,111,1
2004-11-05,2005,0,,SEA,ATL,106,85,1
2004-11-05,2005,0,,LAL,SAS,96,105,1
2004-11-05,2005,0,,TOR,DET,101,89,1
2004-11-06,2005,0,,GSW,LAC,86,94,1
2004-11-06,2005,0,,WAS,MIA,106,118,1
2004-11-06,2005,0,,NJN,PHO,80,112,1
2004-11-06,2005,0,,DEN,UTA,82,106,1
2004-11-06,2005,0,,DAL,MEM,112,88,1
2004-11-06,2005,0,,DET,PHI,99,91,1
2004-11-06,2005,0,,HOU,SAC,104,101,1
2004-11-06,2005,0,,MIL,CLE,102,88,1
2004-11-06,2005,0,,NYK,BOS,73,107,1
2004-11-06,2005,0,,IND,CHI,100,90,1
2004-11-06,2005,0,,MIN,NOP,99,92,1
2004-11-06,2005,0,,CHO,ORL,111,100,1
2004-11-07,2005,0,,TOR,POR,101,97,1
2004-11-07,2005,0,,LAL,ATL,106,90,1
2004-11-07,2005,0,,SEA,SAS,113,94,1
2004-11-08,2005,0,,LAC,DET,96,99,1
2004-11-08,2005,0,,DAL,GSW,101,98,1
2004-11-08,2005,0,,UTA,DEN,102,91,1
2004-11-09,2005,0,,NOP,LAL,98,106,1
2004-11-09,2005,0,,DEN,SEA,88,108,1
2004-11-09,2005,0,,MIN,IND,101,102,1
2004-11-09,2005,0,,ATL,CLE,79,93,1
2004-11-09,2005,0,,CHI,PHO,74,94,1
2004-11-09,2005,0,,HOU,MEM,90,87,1
2004-11-09,2005,0,,MIA,WAS,103,93,1
2004-11-09,2005,0,,NYK,PHI,96,88,1
2004-11-09,2005,0,,SAC,TOR,108,92,1
2004-11-09,2005,0,,NJN,POR,64,60,1
2004-11-09,2005,0,,ORL,DAL,94,84,1
2004-11-10,2005,0,,WAS,ORL,106,96,1
2004-11-10,2005,0,,IND,LAC,68,102,1
2004-11-10,2005,0,,CLE,PHO,114,109,1
2004-11-10,2005,0,,PHI,NJN,108,100,1
2004-11-10,2005,0,,BOS,POR,90,88,1
2004-11-10,2005,0,,SEA,SAC,108,78,1
2004-11-10,2005,0,,SAS,GSW,91,71,1
2004-11-10,2005,0,,MEM,LAL,110,87,1
2004-11-10,2005,0,,UTA,TOR,95,104,1
2004-11-10,2005,0,,MIL,CHO,102,100,1
2004-11-11,2005,0,,MIA,DAL,93,113,1
2004-11-11,2005,0,,HOU,MIN,91,96,1
2004-11-11,2005,0,,DEN,DET,117,109,1
2004-11-12,2005,0,,PHI,IND,106,104,1
2004-11-12,2005,0,,NYK,LAC,110,96,1
2004-11-12,2005,0,,MEM,GSW,96,67,1
2004-11-12,2005,0,,SAS,MIA,93,84,1
2004-11-12,2005,0,,ORL,LAL,122,113,1
2004-11-12,2005,0,,SEA,TOR,88,87,1
2004-11-12,2005,0,,NOP,ATL,95,96,1
2004-11-12,2005,0,,BOS,CHO,91,74,1
2004-11-13,2005,0,,CHO,GSW,87,103,1
2004-11-13,2005,0,,PHO,SAC,111,113,1
2004-11-13,2005,0,,ATL,SAS,88,103,1
2004-11-13,2005,0,,NJN,DAL,78,94,1
2004-11-13,2005,0,,CLE,WAS,105,74,1
2004-11-13,2005,0,,IND,NYK,103,97,1
2004-11-13,2005,0,,MIL,NOP,94,91,1
2004-11-13,2005,0,,CHI,LAC,96,97,1
2004-11-13,2005,0,,UTA,DET,108,93,1
2004-11-13,2005,0,,HOU,LAL,79,84,1
2004-11-13,2005,0,,POR,TOR,105,102,1
2004-11-14,2005,0,,SAC,DEN,101,89,1
2004-11-14,2005,0,,WAS,DAL,113,122,1
2004-11-14,2005,0,,SEA,MEM,118,113,1
2004-11-14,2005,0,,MIA,MIL,112,110,1
2004-11-14,2005,0,,PHI,ORL,96,87,1
2004-11-15,2005,0,,CLE,GSW,99,88,1
2004-11-15,2005,0,,NJN,HOU,69,80,1
2004-11-16,2005,0,,PHI,SEA,95,103,1
2004-11-16,2005,0,,SAS,NYK,99,81,1
2004-11-16,2005,0,,LAC,TOR,101,89,1
2004-11-16,2005,0,,ATL,HOU,88,84,1
2004-11-16,2005,0,,CHO,UTA,105,107,1
2004-11-16,2005,0,,SAC,CHI,113,106,1
2004-11-16,2005,0,,MIN,MIA,108,97,1
2004-11-16,2005,0,,DAL,PHO,101,107,1
2004-11-17,2005,0,,IND,ATL,93,86,1
2004-11-17,2005,0,,DET,MIN,93,85,1
2004-11-17,2005,0,,NOP,PHO,84,95,1
2004-11-17,2005,0,,MIL,MIA,106,113,1
2004-11-17,2005,0,,NJN,SEA,68,79,1
2004-11-17,2005,0,,LAL,LAC,103,89,1
2004-11-17,2005,0,,GSW,CHI,98,85,1
2004-11-17,2005,0,,WAS,BOS,110,105,1
2004-11-17,2005,0,,POR,MEM,82,101,1
2004-11-17,2005,0,,ORL,UTA,107,92,1
2004-11-17,2005,0,,DEN,TOR,112,106,1
2004-11-18,2005,0,,HOU,NYK,92,93,1
2004-11-18,2005,0,,CHO,CLE,89,106,1
2004-11-18,2005,0,,PHI,SAS,80,88,1
2004-11-19,2005,0,,TOR,SEA,94,101,1
2004-11-19,2005,0,,DAL,NYK,103,101,1
2004-11-19,2005,0,,PHO,LAL,107,102,1
2004-11-19,2005,0,,DEN,CHI,99,81,1
2004-11-19,2005,0,,POR,MIL,110,98,1
2004-11-19,2005,0,,BOS,SAS,84,92,1
2004-11-19,2005,0,,MIA,UTA,107,105,1
2004-11-19,2005,0,,SAC,MEM,107,105,1
2004-11-19,2005,0,,DET,IND,82,97,1
2004-11-20,2005,0,,NOP,MIN,94,99,1
2004-11-20,2005,0,,LAC,HOU,86,91,1
2004-11-20,2005,0,,IND,ORL,83,86,1
2004-11-20,2005,0,,ATL,UTA,79,92,1
2004-11-20,2005,0,,NJN,WAS,86,97,1
2004-11-20,2005,0,,GSW,MEM,87,100,1
2004-11-20,2005,0,,CLE,CHO,100,84,1
2004-11-21,2005,0,,POR,HOU,93,97,1
2004-11-21,2005,0,,MIA,PHI,93,83,1
2004-11-21,2005,0,,LAL,CHI,102,93,1
2004-11-21,2005,0,,SAC,MIL,88,79,1
2004-11-21,2005,0,,BOS,SEA,102,83,1
2004-11-21,2005,0,,LAC,PHO,111,122,1
2004-11-21,2005,0,,NYK,CLE,98,88,1
2004-11-21,2005,0,,DEN,DAL,110,82,1
2004-11-21,2005,0,,DET,CHO,117,116,1
2004-11-21,2005,0,,TOR,SAS,96,91,1
2004-11-22,2005,0,,PHO,CHI,100,82,1
2004-11-22,2005,0,,UTA,NOP,75,76,1
2004-11-22,2005,0,,DAL,MIN,82,83,1
2004-11-22,2005,0,,MEM,SAS,93,90,1
2004-11-23,2005,0,,SAC,HOU,102,96,1
2004-11-23,2005,0,,LAL,MIL,100,96,1
2004-11-23,2005,0,,MIA,POR,87,99,1
2004-11-23,2005,0,,NYK,ATL,104,88,1
2004-11-23,2005,0,,GSW,NOP,115,109,1
2004-11-23,2005,0,,CHO,DET,91,89,1
2004-11-23,2005,0,,WAS,TOR,102,86,1
2004-11-23,2005,0,,MIN,SEA,92,103,1
2004-11-23,2005,0,,IND,BOS,106,96,1
2004-11-23,2005,0,,DEN,NJN,90,88,1
2004-11-24,2005,0,,SAS,DAL,94,80,1
2004-11-24,2005,0,,CLE,DET,92,76,1
2004-11-24,2005,0,,MEM,SEA,84,93,1
2004-11-24,2005,0,,TOR,NYK,114,91,1
2004-11-24,2005,0,,UTA,CHI,99,101,1
2004-11-24,2005,0,,PHI,BOS,110,97,1
2004-11-24,2005,0,,ORL,POR,83,89,1
2004-11-24,2005,0,,ATL,MIA,93,99,1
2004-11-24,2005,0,,PHO,MIL,111,104,1
2004-11-25,2005,0,,IND,MIN,106,102,1
2004-11-25,2005,0,,LAC,NJN,101,88,1
2004-11-26,2005,0,,DAL,POR,92,83,1
2004-11-26,2005,0,,IND,CHO,82,77,1
2004-11-26,2005,0,,SEA,NJN,92,79,1
2004-11-26,2005,0,,LAL,SAC,106,109,1
2004-11-26,2005,0,,GSW,LAC,87,98,1
2004-11-26,2005,0,,BOS,CLE,96,98,1
2004-11-26,2005,0,,UTA,HOU,90,80,1
2004-11-26,2005,0,,PHO,NOP,95,86,1
2004-11-26,2005,0,,PHI,WAS,116,114,1
2004-11-26,2005,0,,MIN,MEM,115,90,1
2004-11-26,2005,0,,DET,MIA,78,77,1
2004-11-26,2005,0,,DEN,SAS,75,89,1
2004-11-26,2005,0,,ATL,ORL,99,117,1
2004-11-27,2005,0,,MEM,DAL,85,98,1
2004-11-27,2005,0,,MIL,DET,96,90,1
2004-11-27,2005,0,,HOU,DEN,76,82,1
2004-11-27,2005,0,,SAS,UTA,109,76,1
2004-11-27,2005,0,,CLE,CHI,96,74,1
2004-11-27,2005,0,,CHO,ATL,107,92,1
2004-11-27,2005,0,,ORL,PHI,105,99,1
2004-11-27,2005,0,,NYK,TOR,108,102,1
2004-11-28,2005,0,,POR,NJN,83,71,1
2004-11-28,2005,0,,MIA,BOS,106,104,1
2004-11-28,2005,0,,SAC,MIN,110,121,1
2004-11-28,2005,0,,LAL,NOP,89,76,1
2004-11-28,2005,0,,LAC,GSW,103,91,1
2004-11-28,2005,0,,TOR,WAS,109,114,1
2004-11-28,2005,0,,SEA,IND,103,95,1
2004-11-29,2005,0,,LAC,CLE,94,82,1
2004-11-29,2005,0,,ORL,BOS,101,117,1
2004-11-29,2005,0,,DEN,NOP,76,67,1
2004-11-30,2005,0,,HOU,DET,72,93,1
2004-11-30,2005,0,,MIL,LAL,90,95,1
2004-11-30,2005,0,,POR,SEA,100,94,1
2004-11-30,2005,0,,UTA,PHO,102,115,1
2004-11-30,2005,0,,ATL,NYK,109,110,1
2004-11-30,2005,0,,DAL,SAS,89,107,1
2004-11-30,2005,0,,MIA,TOR,92,94,1
2004-11-30,2005,0,,NJN,CHO,99,86,1
2004-11-30,2005,0,,MEM,SAC,93,98,1
2004-12-01,2005,0,,NYK,MEM,90,82,1
2004-12-01,2005,0,,WAS,NJN,95,68,1
2004-12-01,2005,0,,BOS,MIL,101,100,1
2004-12-01,2005,0,,SAS,PHI,105,72,1
2004-12-01,2005,0,,LAC,IND,88,76,1
2004-12-01,2005,0,,GSW,MIN,99,107,1
2004-12-01,2005,0,,CHI,LAL,92,84,1
2004-12-01,2005,0,,SEA,UTA,129,119,1
2004-12-01,2005,0,,PHO,CLE,120,101,1
2004-12-01,2005,0,,ORL,TOR,129,108,1
2004-12-01,2005,0,,NOP,SAC,81,94,1
2004-12-02,2005,0,,DAL,HOU,113,106,1
2004-12-02,2005,0,,DEN,CLE,73,92,1
2004-12-03,2005,0,,SAS,DET,80,77,1
2004-12-03,2005,0,,LAL,GSW,97,88,1
2004-12-03,2005,0,,SAC,IND,113,87,1
2004-12-03,2005,0,,NYK,ORL,98,104,1
2004-12-03,2005,0,,CHI,MIA,81,105,1
2004-12-03,2005,0,,BOS,TOR,91,89,1
2004-12-03,2005,0,,ATL,WAS,90,114,1
2004-12-03,2005,0,,MEM,PHI,94,86,1
2004-12-03,2005,0,,PHO,MIN,93,97,1
2004-12-04,2005,0,,WAS,CHI,95,88,1
2004-12-04,2005,0,,SEA,POR,99,89,1
2004-12-04,2005,0,,MIL,SAS,83,104,1
2004-12-04,2005,0,,LAC,MIN,100,107,1
2004-12-04,2005,0,,GSW,IND,104,96,1
2004-12-04,2005,0,,DAL,UTA,109,86,1
2004-12-04,2005,0,,CHO,NYK,107,101,1
2004-12-04,2005,0,,ORL,MEM,96,91,1
2004-12-04,2005,0,,DEN,MIA,104,95,1
2004-12-04,2005,0,,NJN,ATL,109,88,1
2004-12-04,2005,0,,HOU,PHI,77,76,1
2004-12-04,2005,0,,NOP,DET,69,92,1
2004-12-04,2005,0,,CLE,TOR,105,97,1
2004-12-05,2005,0,,POR,PHO,99,121,1
2004-12-05,2005,0,,SAC,BOS,119,105,1
2004-12-06,2005,0,,LAC,CHO,99,93,1
2004-12-06,2005,0,,NJN,TOR,88,86,1
2004-12-06,2005,0,,DEN,ORL,115,102,1
2004-12-06,2005,0,,ATL,PHI,96,92,1
2004-12-06,2005,0,,CHI,SAS,75,91,1
2004-12-06,2005,0,,DAL,DET,85,101,1
2004-12-06,2005,0,,UTA,MIA,80,100,1
2004-12-06,2005,0,,GSW,BOS,110,106,1
2004-12-07,2005,0,,PHO,GSW,118,104,1
2004-12-07,2005,0,,MEM,NYK,96,88,1
2004-12-07,2005,0,,HOU,NOP,89,81,1
2004-12-07,2005,0,,CLE,NJN,103,97,1
2004-12-07,2005,0,,IND,MIL,86,89,1
2004-12-07,2005,0,,MIN,DAL,87,97,1
2004-12-07,2005,0,,SAC,CHO,109,92,1
2004-12-08,2005,0,,MIL,MIA,96,101,1
2004-12-08,2005,0,,ATL,MEM,89,97,1
2004-12-08,2005,0,,CHI,CLE,113,85,1
2004-12-08,2005,0,,DET,TOR,90,86,1
2004-12-08,2005,0,,UTA,ORL,100,106,1
2004-12-08,2005,0,,WAS,DEN,105,111,1
2004-12-08,2005,0,,PHI,MIN,84,119,1
2004-12-08,2005,0,,LAL,PHO,110,113,1
2004-12-08,2005,0,,SAS,SEA,96,102,1
2004-12-08,2005,0,,NOP,NYK,79,86,1
2004-12-09,2005,0,,POR,BOS,89,87,1
2004-12-09,2005,0,,HOU,SAS,81,80,1
2004-12-09,2005,0,,DAL,SEA,102,107,1
2004-12-10,2005,0,,MIA,MEM,92,84,1
2004-12-10,2005,0,,NJN,NOP,94,91,1
2004-12-10,2005,0,,UTA,POR,92,87,1
2004-12-10,2005,0,,CHI,PHI,88,93,1
2004-12-10,2005,0,,MIN,SAC,113,105,1
2004-12-10,2005,0,,PHO,CHO,115,106,1
2004-12-10,2005,0,,TOR,DEN,87,101,1
2004-12-10,2005,0,,MIL,IND,95,86,1
2004-12-10,2005,0,,GSW,ORL,109,113,1
2004-12-10,2005,0,,WAS,NYK,106,104,1
2004-12-10,2005,0,,DET,ATL,72,88,1
2004-12-11,2005,0,,IND,SAC,92,97,1
2004-12-11,2005,0,,MEM,DET,72,68,1
2004-12-11,2005,0,,LAC,LAL,87,89,1
2004-12-11,2005,0,,ATL,NJN,90,95,1
2004-12-11,2005,0,,SEA,BOS,84,98,1
2004-12-11,2005,0,,CHI,MIN,99,88,1
2004-12-11,2005,0,,HOU,DAL,78,102,1
2004-12-11,2005,0,,SAS,CLE,116,97,1
2004-12-12,2005,0,,LAL,ORL,105,98,1
2004-12-12,2005,0,,PHI,MIL,107,101,1
2004-12-12,2005,0,,TOR,MIA,98,106,1
2004-12-12,2005,0,,WAS,NOP,88,69,1
2004-12-12,2005,0,,POR,UTA,98,88,1
2004-12-12,2005,0,,GSW,CHO,99,87,1
2004-12-12,2005,0,,NYK,DEN,107,96,1
2004-12-13,2005,0,,MEM,CLE,86,92,1
2004-12-13,2005,0,,PHO,ORL,121,100,1
2004-12-13,2005,0,,CHI,DAL,93,94,1
2004-12-13,2005,0,,LAC,BOS,127,134,1
2004-12-13,2005,0,,MIA,WAS,106,83,1
2004-12-14,2005,0,,MIN,POR,100,89,1
2004-12-14,2005,0,,PHI,DEN,110,102,1
2004-12-14,2005,0,,UTA,LAC,93,91,1
2004-12-14,2005,0,,ATL,IND,97,108,1
2004-12-14,2005,0,,DAL,GSW,107,111,1
2004-12-14,2005,0,,NJN,NYK,79,87,1
2004-12-14,2005,0,,CHO,NOP,94,93,1
2004-12-14,2005,0,,MIL,SAC,86,89,1
2004-12-14,2005,0,,SEA,LAL,108,93,1
2004-12-15,2005,0,,MEM,CHI,88,96,1
2004-12-15,2005,0,,NOP,GSW,98,89,1
2004-12-15,2005,0,,HOU,ATL,92,69,1
2004-12-15,2005,0,,WAS,MIA,93,98,1
2004-12-15,2005,0,,CLE,POR,112,88,1
2004-12-15,2005,0,,BOS,DEN,99,100,1
2004-12-15,2005,0,,PHO,UTA,108,86,1
2004-12-15,2005,0,,NYK,DET,93,94,1
2004-12-15,2005,0,,SAS,ORL,94,91,1
2004-12-15,2005,0,,TOR,MIN,96,90,1
2004-12-16,2005,0,,SAC,LAL,99,115,1
2004-12-16,2005,0,,DET,CLE,81,69,1
2004-12-16,2005,0,,CHI,MIL,85,77,1
2004-12-17,2005,0,,LAL,WAS,116,120,1
2004-12-17,2005,0,,BOS,UTA,114,106,1
2004-12-17,2005,0,,NOP,SAS,67,83,1
2004-12-17,2005,0,,MIN,LAC,113,86,1
2004-12-17,2005,0,,IND,TOR,89,86,1
2004-12-17,2005,0,,MEM,NJN,89,84,1
2004-12-17,2005,0,,HOU,GSW,100,83,1
2004-12-17,2005,0,,MIA,DEN,107,100,1
2004-12-17,2005,0,,PHI,NYK,107,113,1
2004-12-17,2005,0,,ATL,POR,84,100,1
2004-12-17,2005,0,,SEA,PHO,110,112,1
2004-12-18,2005,0,,PHO,WAS,110,96,1
2004-12-18,2005,0,,DAL,ATL,90,68,1
2004-12-18,2005,0,,MIL,PHI,97,116,1
2004-12-18,2005,0,,SAS,GSW,104,85,1
2004-12-18,2005,0,,DET,POR,74,75,1
2004-12-18,2005,0,,CLE,BOS,107,114,1
2004-12-18,2005,0,,CHI,IND,85,71,1
2004-12-18,2005,0,,CHO,HOU,101,100,1
2004-12-18,2005,0,,ORL,DEN,117,95,1
2004-12-19,2005,0,,SAC,NOP,107,71,1
2004-12-19,2005,0,,TOR,NJN,110,99,1
2004-12-19,2005,0,,LAC,MEM,82,92,1
2004-12-19,2005,0,,MIA,ORL,117,107,1
2004-12-19,2005,0,,NYK,UTA,94,93,1
2004-12-20,2005,0,,CHI,POR,92,87,1
2004-12-20,2005,0,,GSW,WAS,101,103,1
2004-12-20,2005,0,,DEN,PHO,105,107,1
2004-12-20,2005,0,,PHI,UTA,101,103,1
2004-12-20,2005,0,,LAL,MEM,72,82,1
2004-12-20,2005,0,,HOU,TOR,114,102,1
2004-12-21,2005,0,,CLE,MIN,107,97,1
2004-12-21,2005,0,,SAC,WAS,104,93,1
2004-12-21,2005,0,,CHO,NJN,91,94,1
2004-12-21,2005,0,,MIA,BOS,108,100,1
2004-12-21,2005,0,,NYK,DAL,94,123,1
2004-12-21,2005,0,,LAC,NOP,100,91,1
2004-12-22,2005,0,,TOR,UTA,98,86,1
2004-12-22,2005,0,,NJN,CLE,92,90,1
2004-12-22,2005,0,,IND,PHI,90,102,1
2004-12-22,2005,0,,GSW,MEM,109,99,1
2004-12-22,2005,0,,BOS,NYK,114,109,1
2004-12-22,2005,0,,DET,CHI,82,89,1
2004-12-22,2005,0,,HOU,CHO,87,90,1
2004-12-22,2005,0,,LAL,NOP,101,89,1
2004-12-22,2005,0,,ATL,DAL,113,100,1
2004-12-22,2005,0,,SEA,DEN,98,83,1
2004-12-22,2005,0,,ORL,SAS,93,87,1
2004-12-22,2005,0,,MIL,POR,95,104,1
2004-12-23,2005,0,,PHO,MEM,109,102,1
2004-12-23,2005,0,,SAS,MIN,96,82,1
2004-12-23,2005,0,,SAC,MIA,107,109,1
2004-12-25,2005,0,,IND,DET,93,98,1
2004-12-25,2005,0,,LAL,MIA,102,104,1
2004-12-26,2005,0,,SAC,GSW,94,98,1
2004-12-26,2005,0,,HOU,LAC,96,79,1
2004-12-26,2005,0,,MIN,WAS,109,74,1
2004-12-26,2005,0,,CLE,NOP,100,91,1
2004-12-26,2005,0,,SAS,BOS,107,90,1
2004-12-26,2005,0,,PHO,TOR,106,94,1
2004-12-26,2005,0,,NYK,CHO,91,82,1
2004-12-26,2005,0,,MIL,CHI,99,92,1
2004-12-26,2005,0,,DEN,DAL,88,102,1
2004-12-27,2005,0,,DET,NJN,100,90,1
2004-12-27,2005,0,,ORL,NYK,111,119,1
2004-12-27,2005,0,,IND,NOP,100,82,1
2004-12-27,2005,0,,MIA,ATL,116,102,1
2004-12-27,2005,0,,GSW,DEN,104,101,1
2004-12-27,2005,0,,MEM,LAC,96,76,1
2004-12-27,2005,0,,WAS,CHO,106,87,1
2004-12-27,2005,0,,UTA,SEA,88,98,1
2004-12-27,2005,0,,POR,PHI,104,111,1
2004-12-28,2005,0,,SEA,PHI,107,114,1
2004-12-28,2005,0,,SAS,PHO,115,94,1
2004-12-28,2005,0,,LAL,TOR,117,99,1
2004-12-28,2005,0,,CHI,NJN,80,84,1
2004-12-28,2005,0,,ATL,CLE,102,111,1
2004-12-28,2005,0,,MIL,HOU,115,87,1
2004-12-28,2005,0,,DAL,BOS,113,94,1
2004-12-29,2005,0,,NOP,PHO,96,107,1
2004-12-29,2005,0,,MEM,BOS,117,109,1
2004-12-29,2005,0,,NYK,MIN,100,87,1
2004-12-29,2005,0,,ORL,MIL,105,111,1
2004-12-29,2005,0,,LAC,UTA,101,90,1
2004-12-29,2005,0,,GSW,TOR,111,105,1
2004-12-29,2005,0,,CHO,IND,71,74,1
2004-12-29,2005,0,,WAS,DET,105,107,1
2004-12-29,2005,0,,CLE,HOU,87,98,1
2004-12-30,2005,0,,NJN,IND,83,96,1
2004-12-30,2005,0,,POR,SAS,80,114,1
2004-12-30,2005,0,,ATL,SEA,79,94,1
2004-12-30,2005,0,,DET,MIA,78,89,1
2004-12-31,2005,0,,BOS,WAS,108,103,1
2004-12-31,2005,0,,CHO,SEA,97,103,1
2004-12-31,2005,0,,HOU,MIL,105,90,1
2004-12-31,2005,0,,DEN,PHI,97,92,1
2004-12-31,2005,0,,UTA,SAC,102,109,1
2004-12-31,2005,0,,LAC,SAS,79,98,1
2005-01-01,2005,0,,POR,GSW,97,88,1
2005-01-01,2005,0,,CHI,ORL,105,90,1
2005-01-01,2005,0,,MIN,MEM,95,104,1
2005-01-01,2005,0,,MIA,CHO,113,90,1
2005-01-01,2005,0,,NYK,NJN,87,93,1
2005-01-02,2005,0,,PHO,POR,117,98,1
2005-01-02,2005,0,,SAC,SAS,86,81,1
2005-01-02,2005,0,,HOU,UTA,99,80,1
2005-01-02,2005,0,,DAL,MIL,123,104,1
2005-01-02,2005,0,,WAS,ATL,104,101,1
2005-01-02,2005,0,,DET,BOS,100,88,1
2005-01-02,2005,0,,LAL,DEN,99,91,1
2005-01-02,2005,0,,LAC,PHI,89,83,1
2005-01-03,2005,0,,CHI,DET,80,87,1
2005-01-03,2005,0,,DEN,LAC,98,102,1
2005-01-03,2005,0,,BOS,NOP,108,90,1
2005-01-03,2005,0,,MEM,UTA,92,82,1
2005-01-03,2005,0,,CHO,CLE,83,94,1
2005-01-03,2005,0,,MIA,SEA,96,98,1
2005-01-03,2005,0,,GSW,PHI,104,112,1
2005-01-03,2005,0,,TOR,ORL,105,94,1
2005-01-04,2005,0,,WAS,NJN,112,88,1
2005-01-04,2005,0,,MIN,PHO,115,122,1
2005-01-04,2005,0,,SAS,LAL,100,83,1
2005-01-04,2005,0,,IND,MIL,116,99,1
2005-01-04,2005,0,,NYK,SAC,98,105,1
2005-01-05,2005,0,,MIA,NYK,102,94,1
2005-01-05,2005,0,,CLE,ATL,101,85,1
2005-01-05,2005,0,,NOP,CHI,89,95,1
2005-01-05,2005,0,,CHO,MIN,102,84,1
2005-01-05,2005,0,,TOR,SAC,96,93,1
2005-01-05,2005,0,,UTA,PHI,99,106,1
2005-01-05,2005,0,,MIL,NJN,97,74,1
2005-01-05,2005,0,,DAL,LAL,118,104,1
2005-01-05,2005,0,,LAC,POR,102,98,1
2005-01-05,2005,0,,BOS,GSW,84,83,1
2005-01-05,2005,0,,ORL,SEA,105,87,1
2005-01-05,2005,0,,HOU,PHO,98,108,1
2005-01-06,2005,0,,SAS,IND,111,98,1
2005-01-06,2005,0,,DET,MEM,79,101,1
2005-01-06,2005,0,,WAS,SEA,107,96,1
2005-01-07,2005,0,,ORL,CHO,111,91,1
2005-01-07,2005,0,,MIN,PHI,89,84,1
2005-01-07,2005,0,,NJN,GSW,82,72,1
2005-01-07,2005,0,,CHI,UTA,84,78,1
2005-01-07,2005,0,,BOS,DET,104,110,1
2005-01-07,2005,0,,ATL,SAC,97,100,1
2005-01-07,2005,0,,TOR,MIL,105,107,1
2005-01-07,2005,0,,POR,MIA,92,103,1
2005-01-07,2005,0,,LAL,HOU,111,104,1
2005-01-07,2005,0,,MEM,NOP,84,76,1
2005-01-08,2005,0,,SAS,DEN,99,90,1
2005-01-08,2005,0,,WAS,MIN,117,114,1
2005-01-08,2005,0,,MIL,UTA,89,86,1
2005-01-08,2005,0,,CLE,NYK,104,79,1
2005-01-08,2005,0,,LAC,PHO,91,108,1
2005-01-08,2005,0,,DAL,IND,121,101,1
2005-01-08,2005,0,,CHI,BOS,102,91,1
2005-01-08,2005,0,,ORL,NJN,104,101,1
2005-01-08,2005,0,,NOP,SAC,121,117,1
2005-01-09,2005,0,,SEA,MIA,108,98,1
2005-01-09,2005,0,,PHO,IND,124,89,1
2005-01-09,2005,0,,TOR,GSW,109,87,1
2005-01-09,2005,0,,NYK,POR,113,105,1
2005-01-09,2005,0,,DEN,HOU,98,116,1
2005-01-10,2005,0,,PHI,POR,100,109,1
2005-01-10,2005,0,,BOS,ORL,119,101,1
2005-01-10,2005,0,,UTA,SAS,97,96,1
2005-01-10,2005,0,,MIN,LAL,96,105,1
2005-01-10,2005,0,,CHI,GSW,94,85,1
2005-01-11,2005,0,,CLE,CHO,100,98,1
2005-01-11,2005,0,,PHO,MIA,122,107,1
2005-01-11,2005,0,,SEA,LAC,104,99,1
2005-01-11,2005,0,,MEM,IND,85,86,1
2005-01-11,2005,0,,ATL,MIL,103,80,1
2005-01-11,2005,0,,NJN,DET,80,89,1
2005-01-11,2005,0,,SAC,DEN,109,100,1
2005-01-11,2005,0,,NYK,NOP,82,88,1
2005-01-12,2005,0,,DEN,LAL,95,83,1
2005-01-12,2005,0,,TOR,BOS,104,93,1
2005-01-12,2005,0,,SAS,MIL,94,79,1
2005-01-12,2005,0,,DAL,HOU,114,124,1
2005-01-12,2005,0,,MIN,ORL,80,87,1
2005-01-12,2005,0,,UTA,PHO,115,108,1
2005-01-12,2005,0,,WAS,POR,104,100,1
2005-01-12,2005,0,,CHI,PHI,110,78,1
2005-01-12,2005,0,,DET,NOP,90,76,1
2005-01-12,2005,0,,GSW,MIA,91,98,1
2005-01-12,2005,0,,LAC,SEA,103,92,1
2005-01-13,2005,0,,HOU,NJN,94,85,1
2005-01-13,2005,0,,LAL,CLE,98,94,1
2005-01-13,2005,0,,SAC,UTA,107,93,1
2005-01-14,2005,0,,MIL,WAS,103,105,1
2005-01-14,2005,0,,DEN,MIN,83,93,1
2005-01-14,2005,0,,SEA,GSW,103,84,1
2005-01-14,2005,0,,NOP,POR,112,106,1
2005-01-14,2005,0,,PHI,TOR,106,96,1
2005-01-14,2005,0,,SAS,DAL,98,95,1
2005-01-14,2005,0,,CHO,MEM,89,109,1
2005-01-14,2005,0,,LAC,MIA,114,112,1
2005-01-14,2005,0,,BOS,ATL,106,94,1
2005-01-14,2005,0,,IND,PHO,101,83,1
2005-01-14,2005,0,,DET,ORL,101,94,1
2005-01-15,2005,0,,DAL,NJN,98,93,1
2005-01-15,2005,0,,IND,ORL,84,85,1
2005-01-15,2005,0,,MIN,POR,92,84,1
2005-01-15,2005,0,,WAS,PHO,108,103,1
2005-01-15,2005,0,,MEM,MIL,101,82,1
2005-01-15,2005,0,,DET,PHI,99,95,1
2005-01-15,2005,0,,GSW,LAL,102,104,1
2005-01-15,2005,0,,HOU,SAS,73,67,1
2005-01-15,2005,0,,UTA,CLE,71,84,1
2005-01-15,2005,0,,CHI,NYK,86,84,1
2005-01-15,2005,0,,ATL,CHO,103,95,1
2005-01-15,2005,0,,SAC,LAC,99,95,1
2005-01-16,2005,0,,SEA,CLE,105,97,1
2005-01-16,2005,0,,TOR,NOP,102,99,1
2005-01-17,2005,0,,LAL,UTA,94,102,1
2005-01-17,2005,0,,PHI,NOP,95,91,1
2005-01-17,2005,0,,LAC,SAC,83,89,1
2005-01-17,2005,0,,ATL,NJN,84,85,1
2005-01-17,2005,0,,GSW,DEN,107,97,1
2005-01-17,2005,0,,DET,PHO,94,80,1
2005-01-17,2005,0,,CHO,MIL,92,99,1
2005-01-17,2005,0,,MEM,HOU,99,80,1
2005-01-17,2005,0,,MIN,TOR,91,100,1
2005-01-17,2005,0,,SAS,WAS,101,73,1
2005-01-17,2005,0,,NYK,CHI,86,88,1
2005-01-18,2005,0,,DAL,WAS,137,120,1
2005-01-18,2005,0,,SAC,POR,113,107,1
2005-01-18,2005,0,,ORL,DET,103,101,1
2005-01-18,2005,0,,HOU,IND,74,87,1
2005-01-18,2005,0,,SEA,DEN,110,116,1
2005-01-19,2005,0,,MIA,ATL,111,92,1
2005-01-19,2005,0,,POR,CLE,101,107,1
2005-01-19,2005,0,,NOP,IND,90,87,1
2005-01-19,2005,0,,CHO,PHI,105,107,1
2005-01-19,2005,0,,LAL,MIN,93,90,1
2005-01-19,2005,0,,SAS,LAC,80,79,1
2005-01-19,2005,0,,NJN,MIL,96,90,1
2005-01-19,2005,0,,BOS,CHI,92,83,1
2005-01-19,2005,0,,PHO,MEM,79,88,1
2005-01-19,2005,0,,TOR,NYK,98,81,1
2005-01-20,2005,0,,ORL,HOU,99,108,1
2005-01-20,2005,0,,SAC,CLE,123,96,1
2005-01-20,2005,0,,DAL,LAC,99,77,1
2005-01-21,2005,0,,SEA,MIN,107,112,1
2005-01-21,2005,0,,CHI,ATL,95,85,1
2005-01-21,2005,0,,NYK,HOU,91,92,1
2005-01-21,2005,0,,MIA,IND,100,106,1
2005-01-21,2005,0,,DEN,MEM,92,82,1
2005-01-21,2005,0,,PHO,SAS,123,128,1
2005-01-21,2005,0,,WAS,TOR,118,109,1
2005-01-21,2005,0,,CHO,DAL,99,105,1
2005-01-21,2005,0,,LAL,GSW,105,101,1
2005-01-21,2005,0,,MIL,DET,89,86,1
2005-01-21,2005,0,,NJN,BOS,104,98,1
2005-01-22,2005,0,,ORL,PHI,115,111,1
2005-01-22,2005,0,,POR,MIN,83,92,1
2005-01-22,2005,0,,UTA,MEM,94,110,1
2005-01-22,2005,0,,IND,WAS,93,95,1
2005-01-22,2005,0,,NOP,LAC,88,85,1
2005-01-22,2005,0,,DET,CHI,89,100,1
2005-01-22,2005,0,,GSW,CLE,87,105,1
2005-01-22,2005,0,,ATL,BOS,100,96,1
2005-01-23,2005,0,,DAL,DEN,95,93,1
2005-01-23,2005,0,,MIA,NOP,97,68,1
2005-01-23,2005,0,,NYK,MIL,96,101,1
2005-01-23,2005,0,,PHO,NJN,113,105,1
2005-01-23,2005,0,,SAC,SAS,73,103,1
2005-01-23,2005,0,,SEA,UTA,122,105,1
2005-01-23,2005,0,,TOR,CHO,103,92,1
2005-01-24,2005,0,,PHI,MIA,106,98,1
2005-01-24,2005,0,,HOU,ORL,89,78,1
2005-01-24,2005,0,,LAC,DAL,97,87,1
2005-01-24,2005,0,,MIN,DET,86,83,1
2005-01-24,2005,0,,POR,SAS,107,99,1
2005-01-24,2005,0,,ATL,CHI,82,107,1
2005-01-24,2005,0,,CLE,WAS,97,106,1
2005-01-25,2005,0,,SAC,NJN,113,93,1
2005-01-25,2005,0,,LAL,SEA,93,104,1
2005-01-25,2005,0,,MEM,ORL,95,83,1
2005-01-25,2005,0,,CHO,BOS,92,97,1
2005-01-25,2005,0,,NYK,PHO,118,133,1
2005-01-25,2005,0,,CHI,DEN,111,107,1
2005-01-26,2005,0,,LAC,LAL,105,89,1
2005-01-26,2005,0,,UTA,SEA,109,100,1
2005-01-26,2005,0,,CLE,MEM,114,111,1
2005-01-26,2005,0,,DET,DEN,87,70,1
2005-01-26,2005,0,,MIN,ATL,104,87,1
2005-01-26,2005,0,,POR,DAL,88,95,1
2005-01-26,2005,0,,GSW,NJN,99,113,1
2005-01-26,2005,0,,WAS,PHI,117,107,1
2005-01-26,2005,0,,TOR,MIA,96,111,1
2005-01-26,2005,0,,MIL,PHO,115,121,1
2005-01-26,2005,0,,BOS,IND,100,86,1
2005-01-26,2005,0,,NOP,HOU,77,82,1
2005-01-27,2005,0,,SAS,SAC,90,80,1
2005-01-27,2005,0,,CHI,CHO,101,93,1
2005-01-27,2005,0,,IND,DET,76,88,1
2005-01-28,2005,0,,HOU,SAC,111,117,1
2005-01-28,2005,0,,MIN,UTA,93,91,1
2005-01-28,2005,0,,NOP,PHI,99,95,1
2005-01-28,2005,0,,GSW,SEA,85,88,1
2005-01-28,2005,0,,BOS,PHO,119,128,1
2005-01-28,2005,0,,POR,LAC,90,86,1
2005-01-28,2005,0,,ATL,MIA,96,106,1
2005-01-28,2005,0,,LAL,NJN,103,109,1
2005-01-28,2005,0,,CHO,TOR,101,94,1
2005-01-28,2005,0,,ORL,WAS,108,101,1
2005-01-28,2005,0,,NYK,CLE,99,96,1
2005-01-28,2005,0,,MIL,DEN,100,106,1
2005-01-29,2005,0,,WAS,ORL,97,103,1
2005-01-29,2005,0,,MEM,ATL,84,83,1
2005-01-29,2005,0,,CHI,BOS,97,101,1
2005-01-29,2005,0,,IND,DEN,88,95,1
2005-01-29,2005,0,,SAS,NOP,93,83,1
2005-01-29,2005,0,,LAC,GSW,96,85,1
2005-01-29,2005,0,,DET,NYK,91,61,1
2005-01-29,2005,0,,DAL,PHI,89,93,1
2005-01-29,2005,0,,UTA,NJN,82,99,1
2005-01-30,2005,0,,TOR,PHO,105,123,1
2005-01-30,2005,0,,LAL,CHO,101,90,1
2005-01-30,2005,0,,CLE,MIL,104,87,1
2005-01-30,2005,0,,MIN,SAC,84,94,1
2005-01-30,2005,0,,MIA,HOU,104,95,1
2005-01-31,2005,0,,SEA,SAS,84,103,1
2005-01-31,2005,0,,PHI,IND,89,88,1
2005-01-31,2005,0,,NOP,MEM,91,98,1
2005-01-31,2005,0,,BOS,HOU,94,97,1
2005-01-31,2005,0,,LAC,NYK,96,89,1
2005-01-31,2005,0,,ATL,ORL,80,79,1
2005-02-01,2005,0,,WAS,DET,96,105,1
2005-02-01,2005,0,,UTA,CHO,105,109,1
2005-02-01,2005,0,,SAC,SEA,101,106,1
2005-02-01,2005,0,,MIL,MIN,91,86,1
2005-02-01,2005,0,,ORL,CLE,105,102,1
2005-02-01,2005,0,,DEN,NYK,96,76,1
2005-02-01,2005,0,,NJN,CHI,107,97,1
2005-02-01,2005,0,,LAL,POR,92,79,1
2005-02-01,2005,0,,DAL,MIA,109,104,1
2005-02-01,2005,0,,MEM,PHO,108,97,1
2005-02-02,2005,0,,PHI,HOU,95,118,1
2005-02-02,2005,0,,NOP,DAL,82,90,1
2005-02-02,2005,0,,IND,TOR,97,98,1
2005-02-02,2005,0,,MIN,PHO,79,108,1
2005-02-02,2005,0,,GSW,SAC,107,111,1
2005-02-02,2005,0,,DET,ATL,99,84,1
2005-02-02,2005,0,,POR,DEN,97,94,1
2005-02-02,2005,0,,BOS,NJN,110,89,1
2005-02-03,2005,0,,MIA,CLE,100,88,1
2005-02-03,2005,0,,LAL,SAS,91,103,1
2005-02-03,2005,0,,MEM,LAC,103,106,1
2005-02-04,2005,0,,PHI,ATL,103,85,1
2005-02-04,2005,0,,BOS,ORL,112,100,1
2005-02-04,2005,0,,IND,DAL,95,94,1
2005-02-04,2005,0,,GSW,NOP,90,82,1
2005-02-04,2005,0,,SAC,NYK,116,115,1
2005-02-04,2005,0,,POR,CHO,101,89,1
2005-02-04,2005,0,,MIN,HOU,113,119,1
2005-02-04,2005,0,,MIL,LAC,92,90,1
2005-02-04,2005,0,,TOR,WAS,103,100,1
2005-02-05,2005,0,,CLE,ORL,101,92,1
2005-02-05,2005,0,,MIA,CHI,108,97,1
2005-02-05,2005,0,,WAS,MIL,112,94,1
2005-02-05,2005,0,,UTA,NOP,108,92,1
2005-02-05,2005,0,,SEA,CHO,113,99,1
2005-02-05,2005,0,,POR,SAC,114,108,1
2005-02-05,2005,0,,NJN,DET,107,85,1
2005-02-05,2005,0,,ATL,IND,79,84,1
2005-02-05,2005,0,,DEN,GSW,107,91,1
2005-02-05,2005,0,,PHO,NYK,114,106,1
2005-02-06,2005,0,,PHI,LAC,106,104,1
2005-02-06,2005,0,,MIN,BOS,100,103,1
2005-02-06,2005,0,,HOU,LAL,103,102,1
2005-02-06,2005,0,,TOR,DAL,113,122,1
2005-02-07,2005,0,,ATL,LAL,114,108,1
2005-02-07,2005,0,,UTA,NYK,99,102,1
2005-02-07,2005,0,,WAS,IND,108,104,1
2005-02-07,2005,0,,NJN,PHI,107,97,1
2005-02-07,2005,0,,MIA,GSW,105,96,1
2005-02-08,2005,0,,DEN,UTA,97,87,1
2005-02-08,2005,0,,DAL,CHI,100,107,1
2005-02-08,2005,0,,CHO,SAS,85,104,1
2005-02-08,2005,0,,MEM,MIN,108,96,1
2005-02-08,2005,0,,SEA,NOP,108,91,1
2005-02-08,2005,0,,MIL,BOS,121,97,1
2005-02-08,2005,0,,CLE,TOR,104,91,1
2005-02-08,2005,0,,ORL,GSW,109,113,1
2005-02-08,2005,0,,SAC,PHO,123,125,1
2005-02-09,2005,0,,NJN,LAL,103,104,1
2005-02-09,2005,0,,BOS,LAC,94,89,1
2005-02-09,2005,0,,MIN,DEN,98,92,1
2005-02-09,2005,0,,HOU,CHI,105,92,1
2005-02-09,2005,0,,NYK,MIA,110,116,1
2005-02-09,2005,0,,TOR,MIL,107,110,1
2005-02-09,2005,0,,WAS,SAS,95,87,1
2005-02-09,2005,0,,POR,NOP,80,91,1
2005-02-09,2005,0,,PHI,MEM,95,98,1
2005-02-09,2005,0,,IND,CHO,94,87,1
2005-02-10,2005,0,,SEA,SAC,115,107,1
2005-02-10,2005,0,,DET,LAL,103,81,1
2005-02-10,2005,0,,ORL,ATL,101,96,1
2005-02-11,2005,0,,WAS,LAC,94,91,1
2005-02-11,2005,0,,NJN,SAS,91,101,1
2005-02-11,2005,0,,CHO,MIA,87,97,1
2005-02-11,2005,0,,TOR,PHI,91,106,1
2005-02-11,2005,0,,UTA,MIN,100,82,1
2005-02-11,2005,0,,CLE,DEN,101,106,1
2005-02-11,2005,0,,SAC,DAL,113,115,1
2005-02-11,2005,0,,MEM,POR,88,82,1
2005-02-11,2005,0,,IND,HOU,83,91,1
2005-02-11,2005,0,,NOP,GSW,111,108,1
2005-02-11,2005,0,,BOS,NYK,111,94,1
2005-02-11,2005,0,,PHO,SEA,105,113,1
2005-02-12,2005,0,,DET,WAS,107,86,1
2005-02-12,2005,0,,MIL,ATL,113,83,1
2005-02-12,2005,0,,PHI,ORL,112,99,1
2005-02-13,2005,0,,MIN,CHI,83,87,1
2005-02-13,2005,0,,NYK,CHO,102,99,1
2005-02-13,2005,0,,NJN,DEN,94,79,1
2005-02-13,2005,0,,BOS,SAC,100,104,1
2005-02-13,2005,0,,CLE,LAL,103,89,1
2005-02-13,2005,0,,SEA,DAL,92,95,1
2005-02-13,2005,0,,TOR,LAC,109,106,1
2005-02-13,2005,0,,ORL,NOP,97,94,1
2005-02-13,2005,0,,MIA,SAS,96,92,1
2005-02-13,2005,0,,HOU,POR,81,80,1
2005-02-13,2005,0,,GSW,PHO,102,106,1
2005-02-13,2005,0,,IND,MEM,76,73,1
2005-02-14,2005,0,,NOP,WAS,98,96,1
2005-02-14,2005,0,,DET,MIL,107,83,1
2005-02-14,2005,0,,PHI,NYK,106,105,1
2005-02-14,2005,0,,PHO,UTA,136,128,1
2005-02-14,2005,0,,CHO,POR,77,80,1
2005-02-15,2005,0,,ORL,LAC,99,94,1
2005-02-15,2005,0,,GSW,DAL,107,114,1
2005-02-15,2005,0,,ATL,DEN,96,100,1
2005-02-15,2005,0,,LAL,UTA,102,95,1
2005-02-15,2005,0,,MIN,NJN,82,71,1
2005-02-15,2005,0,,CHI,SAC,107,102,1
2005-02-15,2005,0,,HOU,WAS,123,93,1
2005-02-16,2005,0,,CLE,ATL,111,89,1
2005-02-16,2005,0,,NOP,SAS,78,101,1
2005-02-16,2005,0,,NYK,MIL,108,90,1
2005-02-16,2005,0,,SEA,GSW,110,117,1
2005-02-16,2005,0,,BOS,MEM,90,88,1
2005-02-16,2005,0,,NJN,SAC,96,85,1
2005-02-16,2005,0,,MIA,LAC,113,95,1
2005-02-16,2005,0,,TOR,CHI,115,121,1
2005-02-16,2005,0,,CHO,DEN,94,88,1
2005-02-16,2005,0,,PHI,DET,75,93,1
2005-02-16,2005,0,,IND,POR,95,87,1
2005-02-17,2005,0,,MIN,CLE,94,88,1
2005-02-17,2005,0,,PHO,DAL,113,119,1
2005-02-22,2005,0,,CHI,MIA,105,101,1
2005-02-22,2005,0,,NJN,TOR,82,100,1
2005-02-22,2005,0,,LAL,BOS,104,95,1
2005-02-22,2005,0,,HOU,SEA,85,87,1
2005-02-22,2005,0,,DET,NYK,97,88,1
2005-02-22,2005,0,,CHO,MIL,102,112,1
2005-02-22,2005,0,,SAC,ATL,114,104,1
2005-02-22,2005,0,,ORL,IND,84,108,1
2005-02-23,2005,0,,NOP,SEA,85,103,1
2005-02-23,2005,0,,GSW,ATL,101,96,1
2005-02-23,2005,0,,WAS,MEM,93,83,1
2005-02-23,2005,0,,UTA,DAL,83,101,1
2005-02-23,2005,0,,POR,LAL,83,86,1
2005-02-23,2005,0,,IND,MIA,93,91,1
2005-02-23,2005,0,,DEN,BOS,107,86,1
2005-02-23,2005,0,,CLE,CHI,100,91,1
2005-02-23,2005,0,,MIL,NJN,100,81,1
2005-02-23,2005,0,,PHO,LAC,118,101,1
2005-02-23,2005,0,,SAS,HOU,99,81,1
2005-02-24,2005,0,,LAC,MIN,92,86,1
2005-02-24,2005,0,,NYK,PHI,113,101,1
2005-02-24,2005,0,,DAL,SAC,122,113,1
2005-02-25,2005,0,,UTA,BOS,102,109,1
2005-02-25,2005,0,,IND,CLE,106,82,1
2005-02-25,2005,0,,SEA,MIN,98,88,1
2005-02-25,2005,0,,NJN,CHO,93,86,1
2005-02-25,2005,0,,MIL,TOR,102,106,1
2005-02-25,2005,0,,LAL,DET,90,111,1
2005-02-25,2005,0,,CHI,WAS,97,90,1
2005-02-25,2005,0,,POR,ATL,102,101,1
2005-02-25,2005,0,,MEM,DEN,94,97,1
2005-02-26,2005,0,,NYK,IND,90,79,1
2005-02-26,2005,0,,MIA,ORL,101,98,1
2005-02-26,2005,0,,SAS,MEM,82,84,1
2005-02-26,2005,0,,PHI,SAC,99,101,1
2005-02-26,2005,0,,DAL,PHO,123,124,1
2005-02-26,2005,0,,CHO,CHI,90,94,1
2005-02-27,2005,0,,POR,MIN,83,91,1
2005-02-27,2005,0,,ORL,MIA,103,112,1
2005-02-27,2005,0,,PHO,BOS,113,120,1
2005-02-27,2005,0,,NJN,CLE,104,98,1
2005-02-27,2005,0,,HOU,UTA,92,99,1
2005-02-27,2005,0,,MIL,SEA,99,73,1
2005-02-27,2005,0,,TOR,LAL,108,102,1
2005-02-27,2005,0,,NOP,DEN,93,94,1
2005-02-27,2005,0,,WAS,SAC,108,110,1
2005-02-27,2005,0,,GSW,DET,88,94,1
2005-02-27,2005,0,,LAC,ATL,111,104,1
2005-02-28,2005,0,,UTA,LAC,87,86,1
2005-02-28,2005,0,,CLE,SAS,92,94,1
2005-02-28,2005,0,,DAL,NOP,90,86,1
2005-02-28,2005,0,,NYK,LAL,117,115,1
2005-03-01,2005,0,,DEN,ATL,97,74,1
2005-03-01,2005,0,,CHI,HOU,89,119,1
2005-03-01,2005,0,,CHO,SAC,94,87,1
2005-03-01,2005,0,,POR,DET,93,103,1
2005-03-01,2005,0,,MIL,PHI,111,118,1
2005-03-01,2005,0,,MEM,GSW,99,97,1
2005-03-01,2005,0,,IND,SEA,93,101,1
2005-03-02,2005,0,,ORL,SAC,114,111,1
2005-03-02,2005,0,,LAC,DAL,101,92,1
2005-03-02,2005,0,,CLE,SEA,86,103,1
2005-03-02,2005,0,,MIN,GSW,93,99,1
2005-03-02,2005,0,,NOP,CHO,94,85,1
2005-03-02,2005,0,,SAS,TOR,92,86,1
2005-03-02,2005,0,,BOS,LAL,104,101,1
2005-03-02,2005,0,,WAS,HOU,101,98,1
2005-03-02,2005,0,,UTA,ATL,96,74,1
2005-03-02,2005,0,,PHI,NJN,93,99,1
2005-03-03,2005,0,,PHO,DET,100,97,1
2005-03-03,2005,0,,NJN,MIA,90,106,1
2005-03-03,2005,0,,DEN,IND,96,87,1
2005-03-04,2005,0,,PHI,CLE,98,89,1
2005-03-04,2005,0,,POR,IND,97,106,1
2005-03-04,2005,0,,WAS,GSW,90,103,1
2005-03-04,2005,0,,SEA,DET,95,87,1
2005-03-04,2005,0,,NOP,UTA,92,85,1
2005-03-04,2005,0,,MIN,MIL,103,97,1
2005-03-04,2005,0,,ORL,NYK,111,89,1
2005-03-04,2005,0,,MEM,TOR,86,75,1
2005-03-04,2005,0,,BOS,CHO,104,84,1
2005-03-04,2005,0,,SAS,CHI,102,99,1
2005-03-04,2005,0,,MIA,SAC,104,83,1
2005-03-04,2005,0,,LAL,DAL,108,103,1
2005-03-05,2005,0,,ATL,PHI,97,98,1
2005-03-05,2005,0,,CHO,WAS,84,86,1
2005-03-05,2005,0,,LAC,DEN,89,105,1
2005-03-05,2005,0,,PHO,POR,129,116,1
2005-03-05,2005,0,,NJN,ORL,81,105,1
2005-03-05,2005,0,,MIL,CHI,95,87,1
2005-03-06,2005,0,,LAL,IND,103,94,1
2005-03-06,2005,0,,NYK,GSW,115,99,1
2005-03-06,2005,0,,CLE,MIA,82,102,1
2005-03-06,2005,0,,HOU,DAL,90,69,1
2005-03-06,2005,0,,SAC,DET,100,85,1
2005-03-06,2005,0,,SEA,PHO,99,110,1
2005-03-06,2005,0,,SAS,UTA,101,94,1
2005-03-06,2005,0,,NOP,TOR,84,95,1
2005-03-06,2005,0,,BOS,MIN,97,99,1
2005-03-07,2005,0,,DAL,TOR,113,105,1
2005-03-07,2005,0,,MIA,PHI,108,100,1
2005-03-07,2005,0,,LAC,MEM,102,105,1
2005-03-07,2005,0,,CHI,MIL,90,85,1
2005-03-07,2005,0,,DEN,POR,111,98,1
2005-03-08,2005,0,,CLE,ORL,111,92,1
2005-03-08,2005,0,,PHI,GSW,85,104,1
2005-03-08,2005,0,,SAS,NJN,90,74,1
2005-03-08,2005,0,,NYK,WAS,93,83,1
2005-03-08,2005,0,,LAL,LAC,101,110,1
2005-03-08,2005,0,,MIN,CHO,102,97,1
2005-03-08,2005,0,,MIL,ATL,105,101,1
2005-03-08,2005,0,,UTA,IND,83,89,1
2005-03-08,2005,0,,SEA,HOU,95,97,1
2005-03-08,2005,0,,SAC,MEM,85,82,1
2005-03-09,2005,0,,POR,CHI,84,97,1
2005-03-09,2005,0,,DET,GSW,92,88,1
2005-03-09,2005,0,,TOR,ORL,106,96,1
2005-03-09,2005,0,,PHO,SAS,107,101,1
2005-03-09,2005,0,,NOP,NJN,85,86,1
2005-03-09,2005,0,,BOS,ATL,95,91,1
2005-03-10,2005,0,,DAL,LAL,95,100,1
2005-03-10,2005,0,,MIA,MIN,107,90,1
2005-03-11,2005,0,,PHO,HOU,107,127,1
2005-03-11,2005,0,,MIL,DAL,110,112,1
2005-03-11,2005,0,,SEA,CHI,97,100,1
2005-03-11,2005,0,,TOR,ATL,112,116,1
2005-03-11,2005,0,,UTA,MEM,82,94,1
2005-03-11,2005,0,,SAC,LAC,113,112,1
2005-03-11,2005,0,,PHI,CHO,112,80,1
2005-03-11,2005,0,,IND,GSW,101,83,1
2005-03-11,2005,0,,BOS,DET,115,113,1
2005-03-11,2005,0,,ORL,MIN,96,101,1
2005-03-12,2005,0,,ATL,GSW,92,105,1
2005-03-12,2005,0,,POR,MEM,80,66,1
2005-03-12,2005,0,,SAS,DEN,87,90,1
2005-03-12,2005,0,,CHO,LAL,116,117,1
2005-03-12,2005,0,,NOP,MIL,111,107,1
2005-03-12,2005,0,,MIA,NJN,90,65,1
2005-03-13,2005,0,,CLE,IND,98,86,1
2005-03-13,2005,0,,NYK,SEA,80,90,1
2005-03-13,2005,0,,MIN,DAL,93,102,1
2005-03-13,2005,0,,DET,UTA,64,62,1
2005-03-13,2005,0,,LAC,CHI,83,78,1
2005-03-13,2005,0,,DEN,PHO,101,106,1
2005-03-13,2005,0,,ORL,NJN,82,98,1
2005-03-13,2005,0,,SAC,HOU,96,111,1
2005-03-13,2005,0,,TOR,PHI,128,110,1
2005-03-13,2005,0,,BOS,WAS,105,101,1
2005-03-14,2005,0,,GSW,HOU,94,97,1
2005-03-14,2005,0,,ATL,DET,108,114,1
2005-03-14,2005,0,,WAS,LAL,95,81,1
2005-03-14,2005,0,,MIA,MIL,110,71,1
2005-03-14,2005,0,,CHO,BOS,110,119,1
2005-03-14,2005,0,,SAS,NOP,112,89,1
2005-03-14,2005,0,,MEM,POR,104,83,1
2005-03-15,2005,0,,PHI,LAL,108,91,1
2005-03-15,2005,0,,SAC,ORL,105,94,1
2005-03-15,2005,0,,CLE,UTA,92,73,1
2005-03-15,2005,0,,DAL,MIN,91,100,1
2005-03-15,2005,0,,NYK,MIA,96,98,1
2005-03-15,2005,0,,CHI,SEA,93,99,1
2005-03-16,2005,0,,IND,UTA,103,84,1
2005-03-16,2005,0,,LAC,ORL,110,102,1
2005-03-16,2005,0,,HOU,POR,108,77,1
2005-03-16,2005,0,,BOS,TOR,110,109,1
2005-03-16,2005,0,,NOP,MEM,82,88,1
2005-03-16,2005,0,,DEN,CHO,120,101,1
2005-03-16,2005,0,,MIL,CLE,96,88,1
2005-03-16,2005,0,,ATL,WAS,93,122,1
2005-03-16,2005,0,,DET,SEA,102,95,1
2005-03-16,2005,0,,NJN,CHI,100,84,1
2005-03-16,2005,0,,SAS,MIN,89,73,1
2005-03-17,2005,0,,GSW,SAC,100,97,1
2005-03-17,2005,0,,DAL,POR,98,94,1
2005-03-17,2005,0,,MIA,LAL,102,89,1
2005-03-18,2005,0,,CHI,NOP,90,94,1
2005-03-18,2005,0,,SAS,CHO,93,76,1
2005-03-18,2005,0,,SEA,ORL,98,90,1
2005-03-18,2005,0,,MIL,WAS,99,90,1
2005-03-18,2005,0,,DET,TOR,103,92,1
2005-03-18,2005,0,,NJN,UTA,94,80,1
2005-03-18,2005,0,,IND,LAL,103,97,1
2005-03-18,2005,0,,HOU,BOS,92,103,1
2005-03-18,2005,0,,CLE,PHI,81,93,1
2005-03-18,2005,0,,ATL,NYK,92,106,1
2005-03-18,2005,0,,MEM,MIN,88,83,1
2005-03-18,2005,0,,PHO,GSW,100,110,1
2005-03-18,2005,0,,DEN,LAC,115,96,1
2005-03-19,2005,0,,MIA,NYK,97,82,1
2005-03-19,2005,0,,LAC,SAC,107,111,1
2005-03-19,2005,0,,DAL,CHO,104,93,1
2005-03-19,2005,0,,POR,ORL,92,97,1
2005-03-19,2005,0,,PHI,CHI,88,94,1
2005-03-19,2005,0,,NOP,BOS,100,113,1
2005-03-19,2005,0,,WAS,UTA,96,95,1
2005-03-20,2005,0,,MIN,HOU,94,86,1
2005-03-20,2005,0,,SAC,GSW,94,104,1
2005-03-20,2005,0,,IND,NJN,85,94,1
2005-03-20,2005,0,,DET,SAS,110,101,1
2005-03-20,2005,0,,MEM,PHO,91,97,1
2005-03-20,2005,0,,TOR,CLE,105,98,1
2005-03-20,2005,0,,DEN,MIL,114,103,1
2005-03-20,2005,0,,LAL,SEA,100,102,1
2005-03-21,2005,0,,NYK,SAS,88,75,1
2005-03-21,2005,0,,LAC,POR,96,89,1
2005-03-21,2005,0,,CHI,ATL,105,91,1
2005-03-21,2005,0,,CHO,ORL,102,97,1
2005-03-21,2005,0,,DAL,NOP,103,86,1
2005-03-22,2005,0,,ATL,PHO,94,105,1
2005-03-22,2005,0,,DEN,WAS,127,98,1
2005-03-22,2005,0,,HOU,MIA,84,82,1
2005-03-22,2005,0,,NJN,IND,98,91,1
2005-03-22,2005,0,,UTA,LAL,115,107,1
2005-03-22,2005,0,,SEA,MIL,92,84,1
2005-03-22,2005,0,,SAC,POR,112,93,1
2005-03-22,2005,0,,CLE,DET,91,76,1
2005-03-23,2005,0,,PHI,DET,107,84,1
2005-03-23,2005,0,,NYK,BOS,107,82,1
2005-03-23,2005,0,,LAC,MIL,116,108,1
2005-03-23,2005,0,,CHO,PHO,105,120,1
2005-03-23,2005,0,,TOR,CHI,85,94,1
2005-03-23,2005,0,,MIN,NOP,107,102,1
2005-03-23,2005,0,,GSW,DAL,97,109,1
2005-03-23,2005,0,,IND,SAS,100,93,1
2005-03-24,2005,0,,ORL,CHO,94,108,1
2005-03-24,2005,0,,UTA,WAS,84,85,1
2005-03-24,2005,0,,NJN,MEM,96,105,1
2005-03-24,2005,0,,HOU,CLE,99,80,1
2005-03-24,2005,0,,SAC,DAL,109,101,1
2005-03-24,2005,0,,POR,SEA,91,96,1
2005-03-24,2005,0,,DEN,LAL,117,96,1
2005-03-25,2005,0,,MIA,PHO,125,115,1
2005-03-25,2005,0,,DET,IND,81,94,1
2005-03-25,2005,0,,SAS,ATL,111,95,1
2005-03-25,2005,0,,LAC,WAS,98,94,1
2005-03-25,2005,0,,GSW,MIL,118,117,1
2005-03-25,2005,0,,BOS,CHI,86,94,1
2005-03-25,2005,0,,NOP,HOU,68,81,1
2005-03-25,2005,0,,SEA,NYK,109,101,1
2005-03-25,2005,0,,PHI,TOR,103,101,1
2005-03-26,2005,0,,CHO,MIA,94,92,1
2005-03-26,2005,0,,DEN,SAC,113,99,1
2005-03-26,2005,0,,DET,BOS,105,99,1
2005-03-26,2005,0,,CHI,IND,100,96,1
2005-03-26,2005,0,,MEM,NOP,85,96,1
2005-03-26,2005,0,,UTA,MIL,94,89,1
2005-03-26,2005,0,,POR,NYK,103,96,1
2005-03-26,2005,0,,ORL,PHO,116,118,1
2005-03-26,2005,0,,ATL,TOR,104,109,1
2005-03-26,2005,0,,DAL,CLE,117,86,1
2005-03-26,2005,0,,NJN,MIN,75,96,1
2005-03-27,2005,0,,LAL,PHI,89,96,1
2005-03-27,2005,0,,MIN,LAC,89,85,1
2005-03-27,2005,0,,SAS,HOU,83,70,1
2005-03-27,2005,0,,SEA,WAS,94,95,1
2005-03-28,2005,0,,MIL,IND,76,90,1
2005-03-28,2005,0,,NOP,CLE,108,109,1
2005-03-28,2005,0,,GSW,NYK,108,100,1
2005-03-28,2005,0,,SAC,PHI,118,109,1
2005-03-28,2005,0,,CHO,NJN,91,95,1
2005-03-28,2005,0,,DET,DAL,88,95,1
2005-03-28,2005,0,,CHI,MEM,94,86,1
2005-03-28,2005,0,,UTA,HOU,85,99,1
2005-03-28,2005,0,,POR,WAS,106,114,1
2005-03-28,2005,0,,PHO,DEN,123,114,1
2005-03-28,2005,0,,ORL,ATL,109,102,1
2005-03-29,2005,0,,LAL,NYK,117,107,1
2005-03-29,2005,0,,MEM,SEA,99,102,1
2005-03-29,2005,0,,CLE,LAC,94,84,1
2005-03-29,2005,0,,MIA,TOR,103,91,1
2005-03-30,2005,0,,SAS,SEA,89,76,1
2005-03-30,2005,0,,WAS,ATL,102,99,1
2005-03-30,2005,0,,BOS,DAL,100,112,1
2005-03-30,2005,0,,PHO,PHI,116,87,1
2005-03-30,2005,0,,NJN,LAC,95,78,1
2005-03-30,2005,0,,DET,SAC,99,82,1
2005-03-30,2005,0,,CHO,CHI,99,102,1
2005-03-30,2005,0,,UTA,DEN,98,109,1
2005-03-30,2005,0,,POR,HOU,84,100,1
2005-03-30,2005,0,,ORL,TOR,108,96,1
2005-03-30,2005,0,,MIL,GSW,109,113,1
2005-03-31,2005,0,,IND,MIA,114,108,1
2005-03-31,2005,0,,LAL,MIN,96,105,1
2005-03-31,2005,0,,CHI,CLE,102,90,1
2005-04-01,2005,0,,NYK,NJN,91,93,1
2005-04-01,2005,0,,DET,LAC,97,84,1
2005-04-01,2005,0,,CLE,SAC,109,128,1
2005-04-01,2005,0,,SEA,POR,89,87,1
2005-04-01,2005,0,,HOU,NOP,73,76,1
2005-04-01,2005,0,,ATL,BOS,100,116,1
2005-04-01,2005,0,,CHO,TOR,107,119,1
2005-04-01,2005,0,,PHO,MIN,107,98,1
2005-04-01,2005,0,,PHI,DAL,83,100,1
2005-04-01,2005,0,,ORL,WAS,102,111,1
2005-04-01,2005,0,,MIL,MEM,82,93,1
2005-04-01,2005,0,,DEN,SAS,102,84,1
2005-04-01,2005,0,,UTA,GSW,91,108,1
2005-04-02,2005,0,,POR,DEN,97,103,1
2005-04-02,2005,0,,NJN,ORL,102,103,1
2005-04-02,2005,0,,SAS,LAL,95,94,1
2005-04-02,2005,0,,CHI,CHO,112,97,1
2005-04-02,2005,0,,NOP,MIA,99,111,1
2005-04-03,2005,0,,HOU,PHO,78,91,1
2005-04-03,2005,0,,TOR,DET,103,113,1
2005-04-03,2005,0,,ATL,LAC,91,111,1
2005-04-03,2005,0,,CLE,DAL,100,80,1
2005-04-03,2005,0,,GSW,SEA,101,92,1
2005-04-03,2005,0,,MIL,NYK,106,102,1
2005-04-03,2005,0,,BOS,PHI,93,97,1
2005-04-03,2005,0,,SAC,MIN,100,112,1
2005-04-03,2005,0,,WAS,IND,76,79,1
2005-04-03,2005,0,,MEM,LAL,102,82,1
2005-04-05,2005,0,,CHO,LAC,102,104,1
2005-04-05,2005,0,,NYK,IND,79,97,1
2005-04-05,2005,0,,SAC,SEA,122,101,1
2005-04-05,2005,0,,MEM,DEN,91,94,1
2005-04-05,2005,0,,MIA,CHI,104,86,1
2005-04-05,2005,0,,GSW,HOU,122,117,1
2005-04-05,2005,0,,DAL,ORL,114,105,1
2005-04-05,2005,0,,ATL,NOP,86,96,1
2005-04-05,2005,0,,WAS,BOS,108,116,1
2005-04-05,2005,0,,UTA,POR,90,79,1
2005-04-05,2005,0,,PHO,LAL,125,99,1
2005-04-05,2005,0,,CLE,NJN,80,111,1
2005-04-06,2005,0,,DET,WAS,105,93,1
2005-04-06,2005,0,,SAS,LAC,91,82,1
2005-04-06,2005,0,,BOS,MIL,103,97,1
2005-04-06,2005,0,,POR,GSW,102,104,1
2005-04-06,2005,0,,TOR,MEM,74,104,1
2005-04-06,2005,0,,NOP,DEN,83,94,1
2005-04-06,2005,0,,ORL,CHI,101,102,1
2005-04-06,2005,0,,PHI,CHO,106,103,1
2005-04-06,2005,0,,MIN,UTA,111,86,1
2005-04-06,2005,0,,IND,CLE,98,77,1
2005-04-07,2005,0,,LAL,HOU,100,114,1
2005-04-07,2005,0,,DAL,SAS,104,68,1
2005-04-07,2005,0,,NJN,NYK,110,98,1
2005-04-08,2005,0,,PHI,CLE,103,98,1
2005-04-08,2005,0,,IND,WAS,93,83,1
2005-04-08,2005,0,,NOP,UTA,87,98,1
2005-04-08,2005,0,,MIN,DEN,104,107,1
2005-04-08,2005,0,,NYK,CHI,94,102,1
2005-04-08,2005,0,,SEA,LAL,94,117,1
2005-04-08,2005,0,,GSW,PHO,127,119,1
2005-04-08,2005,0,,MEM,MIA,97,81,1
2005-04-08,2005,0,,TOR,ATL,109,101,1
2005-04-08,2005,0,,POR,SAC,115,119,1
2005-04-08,2005,0,,ORL,DET,102,114,1
2005-04-08,2005,0,,MIL,CHO,93,75,1
2005-04-09,2005,0,,DAL,UTA,88,81,1
2005-04-09,2005,0,,PHO,HOU,97,98,1
2005-04-09,2005,0,,CHI,TOR,110,97,1
2005-04-09,2005,0,,ATL,MIN,105,98,1
2005-04-09,2005,0,,NJN,BOS,99,86,1
2005-04-09,2005,0,,CLE,MIL,98,81,1
2005-04-09,2005,0,,LAC,SAS,124,125,1
2005-04-09,2005,0,,DEN,SEA,121,105,1
2005-04-09,2005,0,,WAS,PHI,106,112,1
2005-04-10,2005,0,,MEM,CHO,102,95,1
2005-04-10,2005,0,,IND,NYK,112,113,1
2005-04-10,2005,0,,MIA,DET,72,80,1
2005-04-10,2005,0,,NOP,POR,81,90,1
2005-04-10,2005,0,,SAC,LAL,124,105,1
2005-04-10,2005,0,,GSW,SAS,134,136,1
2005-04-11,2005,0,,TOR,IND,90,94,1
2005-04-11,2005,0,,WAS,MIL,119,112,1
2005-04-11,2005,0,,ORL,CLE,106,114,1
2005-04-11,2005,0,,ATL,CHO,105,110,1
2005-04-11,2005,0,,CHI,DET,84,85,1
2005-04-11,2005,0,,DAL,MEM,110,89,1
2005-04-11,2005,0,,LAL,PHO,97,108,1
2005-04-11,2005,0,,DEN,GSW,122,106,1
2005-04-11,2005,0,,SEA,HOU,78,90,1
2005-04-12,2005,0,,PHO,NOP,99,85,1
2005-04-12,2005,0,,NYK,TOR,93,105,1
2005-04-12,2005,0,,PHI,BOS,98,105,1
2005-04-12,2005,0,,LAC,UTA,94,85,1
2005-04-12,2005,0,,SAS,POR,95,89,1
2005-04-13,2005,0,,CHO,ATL,105,84,1
2005-04-13,2005,0,,WAS,CHI,93,82,1
2005-04-13,2005,0,,DEN,NOP,116,102,1
2005-04-13,2005,0,,SEA,DAL,90,95,1
2005-04-13,2005,0,,DET,ORL,103,94,1
2005-04-13,2005,0,,MIN,GSW,116,100,1
2005-04-13,2005,0,,MIL,BOS,108,111,1
2005-04-13,2005,0,,HOU,MEM,100,92,1
2005-04-13,2005,0,,IND,NJN,90,86,1
2005-04-13,2005,0,,UTA,SAS,93,91,1
2005-04-14,2005,0,,POR,DAL,90,102,1
2005-04-14,2005,0,,CLE,NYK,89,95,1
2005-04-14,2005,0,,PHI,MIA,126,119,1
2005-04-15,2005,0,,CHI,ORL,117,77,1
2005-04-15,2005,0,,WAS,CLE,119,111,1
2005-04-15,2005,0,,SEA,NOP,97,72,1
2005-04-15,2005,0,,LAL,SAC,106,115,1
2005-04-15,2005,0,,UTA,MIN,84,100,1
2005-04-15,2005,0,,PHO,LAC,98,91,1
2005-04-15,2005,0,,DEN,MEM,111,102,1
2005-04-15,2005,0,,BOS,MIA,101,99,1
2005-04-15,2005,0,,GSW,POR,108,88,1
2005-04-15,2005,0,,DET,MIL,99,73,1
2005-04-15,2005,0,,TOR,NJN,90,101,1
2005-04-15,2005,0,,IND,PHI,86,90,1
2005-04-16,2005,0,,LAC,NOP,94,89,1
2005-04-16,2005,0,,SAS,MEM,97,75,1
2005-04-16,2005,0,,CHO,NYK,98,100,1
2005-04-16,2005,0,,MIL,ORL,113,103,1
2005-04-16,2005,0,,PHO,SAC,116,98,1
2005-04-16,2005,0,,ATL,CHI,105,114,1
2005-04-16,2005,0,,HOU,DEN,115,87,1
2005-04-17,2005,0,,LAL,DAL,112,114,1
2005-04-17,2005,0,,DET,CLE,90,87,1
2005-04-17,2005,0,,WAS,CHO,106,104,1
2005-04-17,2005,0,,MIN,SEA,94,109,1
2005-04-17,2005,0,,POR,UTA,100,82,1
2005-04-17,2005,0,,NJN,PHI,104,83,1
2005-04-17,2005,0,,TOR,BOS,98,103,1
2005-04-17,2005,0,,NYK,ATL,135,139,1
2005-04-17,2005,0,,MIA,IND,84,80,1
2005-04-18,2005,0,,PHO,DEN,128,114,1
2005-04-18,2005,0,,HOU,LAC,115,90,1
2005-04-18,2005,0,,GSW,LAL,126,99,1
2005-04-18,2005,0,,NOP,MIN,99,102,1
2005-04-18,2005,0,,ORL,IND,92,88,1
2005-04-18,2005,0,,PHI,MIL,122,106,1
2005-04-18,2005,0,,UTA,SAC,92,82,1
2005-04-18,2005,0,,MEM,SAS,94,92,1
2005-04-19,2005,0,,CLE,BOS,100,86,1
2005-04-19,2005,0,,DEN,POR,119,115,1
2005-04-19,2005,0,,NJN,WAS,109,101,1
2005-04-19,2005,0,,DAL,SEA,101,96,1
2005-04-19,2005,0,,CHI,NYK,92,91,1
2005-04-19,2005,0,,ATL,DET,68,95,1
2005-04-19,2005,0,,MIA,CHO,99,80,1
2005-04-19,2005,0,,MIL,TOR,109,127,1
2005-04-20,2005,0,,MIN,SAS,95,73,1
2005-04-20,2005,0,,NOP,LAC,75,86,1
2005-04-20,2005,0,,HOU,SEA,106,78,1
2005-04-20,2005,0,,TOR,CLE,95,104,1
2005-04-20,2005,0,,CHO,DET,97,86,1
2005-04-20,2005,0,,SAC,PHO,132,107,1
2005-04-20,2005,0,,NYK,WAS,113,105,1
2005-04-20,2005,0,,GSW,UTA,106,89,1
2005-04-20,2005,0,,MEM,DAL,88,108,1
2005-04-20,2005,0,,POR,LAL,106,103,1
2005-04-20,2005,0,,PHI,ATL,110,86,1
2005-04-20,2005,0,,ORL,MIA,93,98,1
2005-04-20,2005,0,,IND,CHI,85,83,1
2005-04-20,2005,0,,BOS,NJN,93,102,1
2005-11-01,2006,0,,SAS,DEN,102,91,1
2005-11-01,2006,0,,NOK,SAC,93,67,1
2005-11-01,2006,0,,PHO,DAL,108,111,1
2005-11-01,2006,0,,PHI,MIL,108,117,1
2005-11-02,2006,0,,SEA,LAC,93,101,1
2005-11-02,2006,0,,MEM,MIA,78,97,1
2005-11-02,2006,0,,BOS,NYK,114,100,1
2005-11-02,2006,0,,GSW,ATL,122,97,1
2005-11-02,2006,0,,HOU,SAC,98,89,1
2005-11-02,2006,0,,NJN,MIL,96,110,1
2005-11-02,2006,0,,TOR,WAS,96,99,1
2005-11-02,2006,0,,CLE,NOK,109,87,1
2005-11-02,2006,0,,MIN,POR,90,86,1
2005-11-02,2006,0,,ORL,IND,78,90,1
2005-11-02,2006,0,,DEN,LAL,97,99,1
2005-11-02,2006,0,,UTA,DAL,93,82,1
2005-11-02,2006,0,,DET,PHI,108,88,1
2005-11-02,2006,0,,CHI,CHO,109,105,1
2005-11-03,2006,0,,MIA,IND,102,105,1
2005-11-03,2006,0,,LAL,PHO,112,122,1
2005-11-04,2006,0,,ORL,MEM,85,94,1
2005-11-04,2006,0,,TOR,NJN,92,102,1
2005-11-04,2006,0,,BOS,DET,81,82,1
2005-11-04,2006,0,,GSW,UTA,85,91,1
2005-11-04,2006,0,,NYK,WAS,75,86,1
2005-11-04,2006,0,,SEA,MIN,107,102,1
2005-11-04,2006,0,,DEN,POR,107,68,1
2005-11-04,2006,0,,SAS,CLE,102,76,1
2005-11-04,2006,0,,PHI,CHO,93,110,1
2005-11-04,2006,0,,LAC,ATL,92,77,1
2005-11-05,2006,0,,CHO,BOS,107,105,1
2005-11-05,2006,0,,UTA,PHO,88,97,1
2005-11-05,2006,0,,DET,TOR,117,84,1
2005-11-05,2006,0,,MIL,MIA,105,100,1
2005-11-05,2006,0,,IND,PHI,109,111,1
2005-11-05,2006,0,,NJN,CHI,100,99,1
2005-11-05,2006,0,,LAC,MIN,100,99,1
2005-11-05,2006,0,,HOU,NOK,84,91,1
2005-11-05,2006,0,,DAL,SAS,103,84,1
2005-11-05,2006,0,,MEM,CLE,113,106,1
2005-11-05,2006,0,,WAS,ORL,87,79,1
2005-11-05,2006,0,,POR,ATL,94,93,1
2005-11-06,2006,0,,LAL,DEN,112,92,1
2005-11-06,2006,0,,PHO,SAC,117,118,1
2005-11-06,2006,0,,NYK,GSW,81,83,1
2005-11-07,2006,0,,MIA,NJN,90,89,1
2005-11-07,2006,0,,CHI,SAS,95,104,1
2005-11-07,2006,0,,TOR,CLE,93,105,1
2005-11-07,2006,0,,MIN,LAC,93,78,1
2005-11-07,2006,0,,CHO,UTA,91,95,1
2005-11-08,2006,0,,HOU,ORL,74,76,1
2005-11-08,2006,0,,MEM,SEA,94,69,1
2005-11-08,2006,0,,SAC,DET,88,102,1
2005-11-08,2006,0,,MIL,GSW,103,110,1
2005-11-08,2006,0,,ATL,LAL,97,103,1
2005-11-09,2006,0,,IND,MIA,95,90,1
2005-11-09,2006,0,,POR,NYK,95,83,1
2005-11-09,2006,0,,NOK,ORL,83,88,1
2005-11-09,2006,0,,CLE,SEA,112,85,1
2005-11-09,2006,0,,MIN,LAL,88,74,1
2005-11-09,2006,0,,PHI,DAL,112,97,1
2005-11-09,2006,0,,WAS,LAC,97,102,1
2005-11-09,2006,0,,BOS,MEM,99,98,1
2005-11-09,2006,0,,CHI,GSW,85,84,1
2005-11-09,2006,0,,NJN,UTA,91,83,1
2005-11-09,2006,0,,CHO,SAS,86,94,1
2005-11-09,2006,0,,DEN,SAC,107,91,1
2005-11-10,2006,0,,PHO,DET,104,111,1
2005-11-10,2006,0,,MIA,HOU,88,84,1
2005-11-10,2006,0,,ATL,LAC,95,102,1
2005-11-11,2006,0,,PHI,LAL,85,81,1
2005-11-11,2006,0,,CHO,DAL,88,98,1
2005-11-11,2006,0,,WAS,SEA,137,96,1
2005-11-11,2006,0,,POR,DET,81,84,1
2005-11-11,2006,0,,GSW,NYK,86,84,1
2005-11-11,2006,0,,CLE,MEM,89,70,1
2005-11-11,2006,0,,BOS,SAS,82,103,1
2005-11-11,2006,0,,TOR,UTA,84,99,1
2005-11-11,2006,0,,SAC,DEN,101,85,1
2005-11-11,2006,0,,IND,NJN,102,90,1
2005-11-12,2006,0,,ATL,MEM,84,85,1
2005-11-12,2006,0,,NJN,HOU,91,99,1
2005-11-12,2006,0,,MIL,IND,103,102,1
2005-11-12,2006,0,,MIA,CHO,108,99,1
2005-11-12,2006,0,,CHI,UTA,103,98,1
2005-11-12,2006,0,,WAS,SAS,110,95,1
2005-11-12,2006,0,,PHO,GSW,101,86,1
2005-11-12,2006,0,,NOK,DAL,103,109,1
2005-11-13,2006,0,,DEN,MIN,102,91,1
2005-11-13,2006,0,,SAC,NYK,95,105,1
2005-11-13,2006,0,,PHI,LAC,113,108,1
2005-11-13,2006,0,,ORL,CLE,100,108,1
2005-11-13,2006,0,,BOS,HOU,102,82,1
2005-11-13,2006,0,,TOR,SEA,121,126,1
2005-11-14,2006,0,,GSW,CHI,100,82,1
2005-11-14,2006,0,,MEM,LAL,85,73,1
2005-11-14,2006,0,,UTA,NYK,62,73,1
2005-11-15,2006,0,,SAS,ATL,103,79,1
2005-11-15,2006,0,,NJN,SEA,109,99,1
2005-11-15,2006,0,,MIA,NOK,109,102,1
2005-11-15,2006,0,,LAC,MIL,109,85,1
2005-11-15,2006,0,,DET,BOS,115,100,1
2005-11-15,2006,0,,DAL,DEN,83,80,1
2005-11-15,2006,0,,SAC,UTA,119,83,1
2005-11-15,2006,0,,PHI,TOR,104,92,1
2005-11-15,2006,0,,ORL,CHO,85,77,1
2005-11-15,2006,0,,MIN,HOU,89,94,1
2005-11-15,2006,0,,CLE,WAS,114,99,1
2005-11-16,2006,0,,CHO,IND,122,90,1
2005-11-16,2006,0,,GSW,MIL,87,90,1
2005-11-16,2006,0,,BOS,SEA,100,113,1
2005-11-16,2006,0,,TOR,PHI,115,121,1
2005-11-16,2006,0,,POR,CHI,96,93,1
2005-11-16,2006,0,,PHO,MEM,103,115,1
2005-11-16,2006,0,,LAL,NYK,97,92,1
2005-11-16,2006,0,,NOK,DEN,81,91,1
2005-11-17,2006,0,,SAS,HOU,86,80,1
2005-11-17,2006,0,,DAL,ATL,87,78,1
2005-11-17,2006,0,,MIN,WAS,109,98,1
2005-11-18,2006,0,,HOU,DET,70,78,1
2005-11-18,2006,0,,SEA,CHI,98,84,1
2005-11-18,2006,0,,MIA,PHI,106,96,1
2005-11-18,2006,0,,LAL,LAC,91,97,1
2005-11-18,2006,0,,BOS,TOR,100,93,1
2005-11-18,2006,0,,SAC,MIL,103,82,1
2005-11-18,2006,0,,POR,GSW,80,91,1
2005-11-18,2006,0,,PHO,UTA,102,94,1
2005-11-18,2006,0,,IND,CHO,93,85,1
2005-11-18,2006,0,,DEN,NYK,95,86,1
2005-11-18,2006,0,,CLE,ORL,102,84,1
2005-11-18,2006,0,,NOK,ATL,95,92,1
2005-11-19,2006,0,,SAS,PHO,97,91,1
2005-11-19,2006,0,,NJN,WAS,89,83,1
2005-11-19,2006,0,,DAL,DET,119,82,1
2005-11-19,2006,0,,UTA,MEM,72,80,1
2005-11-19,2006,0,,PHI,CLE,120,123,1
2005-11-19,2006,0,,ORL,NOK,95,98,1
2005-11-19,2006,0,,MIN,CHO,102,89,1
2005-11-20,2006,0,,IND,HOU,85,74,1
2005-11-20,2006,0,,DEN,MEM,99,83,1
2005-11-20,2006,0,,LAL,CHI,93,96,1
2005-11-20,2006,0,,SEA,SAC,106,104,1
2005-11-20,2006,0,,TOR,MIA,107,94,1
2005-11-20,2006,0,,LAC,GSW,113,101,1
2005-11-20,2006,0,,NYK,POR,103,92,1
2005-11-21,2006,0,,UTA,MIL,100,80,1
2005-11-21,2006,0,,GSW,NJN,100,97,1
2005-11-21,2006,0,,SAC,SAS,93,96,1
2005-11-21,2006,0,,PHI,NOK,103,91,1
2005-11-22,2006,0,,CLE,BOS,115,93,1
2005-11-22,2006,0,,WAS,DEN,105,108,1
2005-11-22,2006,0,,MEM,POR,87,95,1
2005-11-22,2006,0,,SEA,UTA,87,93,1
2005-11-22,2006,0,,PHO,TOR,90,82,1
2005-11-22,2006,0,,DAL,HOU,102,93,1
2005-11-23,2006,0,,DET,DEN,114,89,1
2005-11-23,2006,0,,SAC,NJN,114,105,1
2005-11-23,2006,0,,ORL,WAS,91,83,1
2005-11-23,2006,0,,MIL,PHI,108,97,1
2005-11-23,2006,0,,NOK,MIN,84,80,1
2005-11-23,2006,0,,LAC,TOR,103,100,1
2005-11-23,2006,0,,HOU,PHO,88,100,1
2005-11-23,2006,0,,CHO,NYK,108,95,1
2005-11-23,2006,0,,MIA,POR,100,79,1
2005-11-23,2006,0,,ATL,BOS,120,117,1
2005-11-23,2006,0,,GSW,SAS,89,113,1
2005-11-24,2006,0,,IND,CLE,98,76,1
2005-11-24,2006,0,,LAL,SEA,108,96,1
2005-11-25,2006,0,,IND,ATL,85,87,1
2005-11-25,2006,0,,SAC,TOR,106,104,1
2005-11-25,2006,0,,UTA,GSW,90,94,1
2005-11-25,2006,0,,MEM,HOU,86,81,1
2005-11-25,2006,0,,BOS,CHO,90,89,1
2005-11-25,2006,0,,SAS,CHI,99,106,1
2005-11-25,2006,0,,DET,WAS,114,120,1
2005-11-25,2006,0,,MIA,DAL,90,103,1
2005-11-25,2006,0,,PHO,NJN,92,81,1
2005-11-25,2006,0,,ORL,POR,104,89,1
2005-11-25,2006,0,,MIN,MIL,99,91,1
2005-11-25,2006,0,,DEN,LAC,105,95,1
2005-11-26,2006,0,,DAL,MEM,92,112,1
2005-11-26,2006,0,,NYK,PHI,105,102,1
2005-11-26,2006,0,,HOU,CHI,89,94,1
2005-11-26,2006,0,,ORL,MIA,80,77,1
2005-11-26,2006,0,,CLE,MIN,85,89,1
2005-11-26,2006,0,,MIL,DET,76,85,1
2005-11-26,2006,0,,SEA,NOK,99,105,1
2005-11-26,2006,0,,CHO,WAS,100,82,1
2005-11-26,2006,0,,GSW,TOR,117,91,1
2005-11-27,2006,0,,ATL,POR,75,77,1
2005-11-27,2006,0,,LAL,NJN,96,102,1
2005-11-27,2006,0,,LAC,IND,92,97,1
2005-11-28,2006,0,,MIA,NYK,107,94,1
2005-11-28,2006,0,,GSW,NOK,99,83,1
2005-11-28,2006,0,,BOS,ORL,83,87,1
2005-11-28,2006,0,,TOR,DAL,91,93,1
2005-11-28,2006,0,,DEN,NJN,92,101,1
2005-11-29,2006,0,,CHI,ORL,85,76,1
2005-11-29,2006,0,,SAC,CHO,110,92,1
2005-11-29,2006,0,,PHI,POR,107,83,1
2005-11-29,2006,0,,SAS,LAL,90,84,1
2005-11-29,2006,0,,MIN,LAC,84,93,1
2005-11-29,2006,0,,MIL,DAL,113,111,1
2005-11-29,2006,0,,UTA,IND,60,84,1
2005-11-29,2006,0,,HOU,ATL,100,85,1
2005-11-30,2006,0,,CLE,LAC,112,105,1
2005-11-30,2006,0,,ATL,MIA,74,96,1
2005-11-30,2006,0,,GSW,SAC,113,106,1
2005-11-30,2006,0,,DEN,NOK,95,102,1
2005-11-30,2006,0,,WAS,POR,96,89,1
2005-11-30,2006,0,,NYK,CHI,109,101,1
2005-11-30,2006,0,,NJN,DET,83,93,1
2005-11-30,2006,0,,PHO,IND,109,91,1
2005-11-30,2006,0,,BOS,PHI,110,103,1
2005-11-30,2006,0,,SEA,CHO,104,94,1
2005-11-30,2006,0,,TOR,MEM,66,92,1
2005-12-01,2006,0,,UTA,LAL,101,105,1
2005-12-01,2006,0,,DAL,SAS,90,92,1
2005-12-02,2006,0,,POR,IND,78,98,1
2005-12-02,2006,0,,ATL,TOR,101,102,1
2005-12-02,2006,0,,PHO,DEN,102,97,1
2005-12-02,2006,0,,SAC,MIA,87,98,1
2005-12-02,2006,0,,WAS,MIL,102,105,1
2005-12-02,2006,0,,BOS,CHI,102,106,1
2005-12-02,2006,0,,LAL,MIN,108,113,1
2005-12-02,2006,0,,SEA,CLE,115,108,1
2005-12-02,2006,0,,NOK,PHI,88,86,1
2005-12-02,2006,0,,GSW,CHO,107,100,1
2005-12-02,2006,0,,DET,NYK,106,98,1
2005-12-02,2006,0,,MEM,ORL,91,69,1
2005-12-03,2006,0,,DEN,MIA,101,99,1
2005-12-03,2006,0,,MIL,ORL,104,84,1
2005-12-03,2006,0,,LAC,CLE,102,90,1
2005-12-03,2006,0,,NJN,TOR,82,95,1
2005-12-03,2006,0,,HOU,MEM,75,90,1
2005-12-03,2006,0,,DAL,NOK,97,88,1
2005-12-03,2006,0,,CHI,DET,79,92,1
2005-12-03,2006,0,,SAS,PHI,100,91,1
2005-12-04,2006,0,,LAL,CHO,99,98,1
2005-12-04,2006,0,,SAC,MIN,77,85,1
2005-12-04,2006,0,,POR,UTA,93,98,1
2005-12-04,2006,0,,SEA,IND,107,102,1
2005-12-04,2006,0,,NYK,BOS,99,102,1
2005-12-04,2006,0,,PHO,ATL,112,94,1
2005-12-05,2006,0,,UTA,MIN,77,91,1
2005-12-05,2006,0,,LAC,MIA,99,89,1
2005-12-05,2006,0,,CHI,DAL,94,102,1
2005-12-05,2006,0,,ORL,SAS,85,110,1
2005-12-06,2006,0,,HOU,BOS,91,73,1
2005-12-06,2006,0,,WAS,TOR,119,111,1
2005-12-06,2006,0,,SAC,CLE,97,102,1
2005-12-06,2006,0,,PHO,POR,130,85,1
2005-12-06,2006,0,,MIL,LAL,92,111,1
2005-12-06,2006,0,,IND,DAL,75,84,1
2005-12-06,2006,0,,MEM,NOK,89,73,1
2005-12-06,2006,0,,SEA,NYK,101,104,1
2005-12-06,2006,0,,DEN,ATL,125,116,1
2005-12-07,2006,0,,GSW,PHO,110,118,1
2005-12-07,2006,0,,ORL,CHI,93,102,1
2005-12-07,2006,0,,POR,MIN,74,84,1
2005-12-07,2006,0,,SAS,MIA,98,84,1
2005-12-07,2006,0,,CHO,NJN,84,97,1
2005-12-07,2006,0,,LAC,NYK,84,79,1
2005-12-07,2006,0,,TOR,LAL,91,102,1
2005-12-07,2006,0,,UTA,ATL,95,83,1
2005-12-07,2006,0,,PHI,MIL,85,88,1
2005-12-07,2006,0,,NOK,BOS,87,101,1
2005-12-08,2006,0,,IND,WAS,111,87,1
2005-12-08,2006,0,,SAC,HOU,95,106,1
2005-12-09,2006,0,,MIA,DEN,92,100,1
2005-12-09,2006,0,,GSW,DET,103,106,1
2005-12-09,2006,0,,CLE,NJN,100,109,1
2005-12-09,2006,0,,MEM,DAL,83,90,1
2005-12-09,2006,0,,UTA,SEA,90,106,1
2005-12-09,2006,0,,POR,NOK,98,95,1
2005-12-09,2006,0,,SAS,BOS,101,89,1
2005-12-09,2006,0,,PHO,NYK,85,81,1
2005-12-09,2006,0,,CHI,LAL,80,93,1
2005-12-09,2006,0,,PHI,CHO,119,115,1
2005-12-10,2006,0,,SEA,SAC,104,123,1
2005-12-10,2006,0,,MIN,LAL,95,82,1
2005-12-10,2006,0,,NJN,PHI,95,107,1
2005-12-10,2006,0,,DAL,BOS,103,94,1
2005-12-10,2006,0,,IND,MEM,80,66,1
2005-12-10,2006,0,,CHO,TOR,103,111,1
2005-12-10,2006,0,,ATL,SAS,94,84,1
2005-12-10,2006,0,,MIL,CLE,111,106,1
2005-12-10,2006,0,,LAC,PHO,101,91,1
2005-12-10,2006,0,,WAS,CHI,111,118,1
2005-12-10,2006,0,,ORL,DEN,94,83,1
2005-12-11,2006,0,,LAC,DET,101,109,1
2005-12-11,2006,0,,SAC,NOK,110,100,1
2005-12-11,2006,0,,POR,HOU,86,100,1
2005-12-11,2006,0,,MIA,WAS,104,101,1
2005-12-12,2006,0,,PHI,MIN,90,89,1
2005-12-12,2006,0,,UTA,DET,92,78,1
2005-12-12,2006,0,,PHO,NOK,87,91,1
2005-12-12,2006,0,,DAL,LAL,106,109,1
2005-12-12,2006,0,,NYK,MIL,92,112,1
2005-12-13,2006,0,,CLE,ATL,94,100,1
2005-12-13,2006,0,,CHO,DEN,85,101,1
2005-12-13,2006,0,,SAS,LAC,95,87,1
2005-12-13,2006,0,,CHI,MIA,97,100,1
2005-12-13,2006,0,,SEA,GSW,107,110,1
2005-12-13,2006,0,,MIN,SAC,91,93,1
2005-12-13,2006,0,,WAS,NJN,94,74,1
2005-12-14,2006,0,,NJN,CHO,83,91,1
2005-12-14,2006,0,,MEM,LAL,79,94,1
2005-12-14,2006,0,,DAL,PHO,102,96,1
2005-12-14,2006,0,,PHI,ATL,106,101,1
2005-12-14,2006,0,,NOK,LAC,102,89,1
2005-12-14,2006,0,,NYK,ORL,90,105,1
2005-12-14,2006,0,,GSW,HOU,105,111,1
2005-12-14,2006,0,,DET,SAC,109,98,1
2005-12-14,2006,0,,BOS,IND,85,71,1
2005-12-14,2006,0,,TOR,CHI,94,105,1
2005-12-14,2006,0,,UTA,POR,82,77,1
2005-12-14,2006,0,,MIL,MIA,83,100,1
2005-12-15,2006,0,,CLE,DEN,94,85,1
2005-12-15,2006,0,,SEA,HOU,98,104,1
2005-12-15,2006,0,,MIN,SAS,88,90,1
2005-12-16,2006,0,,TOR,GSW,98,108,1
2005-12-16,2006,0,,NOK,PHO,88,101,1
2005-12-16,2006,0,,DAL,ORL,109,103,1
2005-12-16,2006,0,,DET,CHI,110,82,1
2005-12-16,2006,0,,IND,UTA,93,83,1
2005-12-16,2006,0,,POR,SEA,99,111,1
2005-12-16,2006,0,,BOS,MIL,96,100,1
2005-12-16,2006,0,,LAL,WAS,97,91,1
2005-12-16,2006,0,,NJN,DEN,115,106,1
2005-12-16,2006,0,,PHI,MIA,105,112,1
2005-12-16,2006,0,,ATL,NYK,122,111,1
2005-12-17,2006,0,,CHI,BOS,118,86,1
2005-12-17,2006,0,,MEM,PHO,91,87,1
2005-12-17,2006,0,,CLE,MIA,115,107,1
2005-12-17,2006,0,,NYK,IND,96,102,1
2005-12-17,2006,0,,SAS,SAC,90,89,1
2005-12-17,2006,0,,CHO,DET,78,103,1
2005-12-17,2006,0,,LAC,HOU,89,81,1
2005-12-17,2006,0,,MIL,UTA,80,88,1
2005-12-18,2006,0,,NOK,SAS,89,76,1
2005-12-18,2006,0,,ATL,DEN,110,107,1
2005-12-18,2006,0,,TOR,PHI,80,107,1
2005-12-18,2006,0,,NJN,GSW,118,90,1
2005-12-18,2006,0,,DAL,MIN,102,95,1
2005-12-18,2006,0,,LAL,HOU,74,76,1
2005-12-18,2006,0,,POR,WAS,97,92,1
2005-12-19,2006,0,,ORL,TOR,90,92,1
2005-12-19,2006,0,,CHO,SAC,106,103,1
2005-12-19,2006,0,,MEM,DET,104,106,1
2005-12-19,2006,0,,SEA,WAS,111,101,1
2005-12-19,2006,0,,BOS,GSW,109,98,1
2005-12-20,2006,0,,MIL,SAS,109,107,1
2005-12-20,2006,0,,NJN,LAC,99,85,1
2005-12-20,2006,0,,CLE,UTA,110,85,1
2005-12-20,2006,0,,MIA,ATL,111,92,1
2005-12-20,2006,0,,PHO,SEA,111,83,1
2005-12-20,2006,0,,CHI,CHO,92,105,1
2005-12-20,2006,0,,LAL,DAL,112,90,1
2005-12-20,2006,0,,DET,POR,93,89,1
2005-12-21,2006,0,,MIN,NOK,88,69,1
2005-12-21,2006,0,,ORL,NJN,85,96,1
2005-12-21,2006,0,,MEM,POR,89,79,1
2005-12-21,2006,0,,HOU,TOR,81,94,1
2005-12-21,2006,0,,NYK,SAS,96,109,1
2005-12-21,2006,0,,DEN,WAS,110,116,1
2005-12-21,2006,0,,IND,LAC,97,75,1
2005-12-21,2006,0,,PHI,GSW,111,100,1
2005-12-21,2006,0,,BOS,UTA,101,89,1
2005-12-22,2006,0,,SAC,DAL,95,105,1
2005-12-22,2006,0,,CHI,CLE,100,108,1
2005-12-23,2006,0,,PHO,WAS,111,112,1
2005-12-23,2006,0,,MIL,NOK,101,94,1
2005-12-23,2006,0,,ATL,PHI,111,108,1
2005-12-23,2006,0,,ORL,LAL,88,104,1
2005-12-23,2006,0,,MEM,CHI,95,77,1
2005-12-23,2006,0,,DEN,HOU,108,86,1
2005-12-23,2006,0,,CLE,IND,94,89,1
2005-12-23,2006,0,,SEA,DAL,98,101,1
2005-12-23,2006,0,,SAS,TOR,95,90,1
2005-12-23,2006,0,,DET,GSW,97,85,1
2005-12-23,2006,0,,NYK,UTA,98,90,1
2005-12-23,2006,0,,MIA,NJN,88,95,1
2005-12-23,2006,0,,MIN,POR,83,91,1
2005-12-23,2006,0,,CHO,LAC,88,97,1
2005-12-25,2006,0,,MIA,LAL,97,92,1
2005-12-25,2006,0,,DET,SAS,85,70,1
2005-12-26,2006,0,,WAS,LAL,94,91,1
2005-12-26,2006,0,,DAL,IND,102,80,1
2005-12-26,2006,0,,CLE,CHI,102,91,1
2005-12-26,2006,0,,MIN,PHO,89,103,1
2005-12-26,2006,0,,ORL,MIL,108,93,1
2005-12-26,2006,0,,SAC,POR,92,105,1
2005-12-26,2006,0,,UTA,MEM,105,102,1
2005-12-26,2006,0,,NYK,NJN,101,109,1
2005-12-26,2006,0,,GSW,DEN,112,118,1
2005-12-26,2006,0,,SEA,BOS,118,111,1
2005-12-27,2006,0,,DET,TOR,113,106,1
2005-12-27,2006,0,,MIA,MIL,109,98,1
2005-12-27,2006,0,,SAS,IND,99,86,1
2005-12-27,2006,0,,ATL,CHO,90,93,1
2005-12-27,2006,0,,DEN,PHI,106,108,1
2005-12-27,2006,0,,HOU,UTA,74,82,1
2005-12-27,2006,0,,LAC,SAC,93,110,1
2005-12-27,2006,0,,NJN,CLE,96,91,1
2005-12-28,2006,0,,CHO,CHI,93,80,1
2005-12-28,2006,0,,NOK,HOU,92,90,1
2005-12-28,2006,0,,POR,PHI,95,91,1
2005-12-28,2006,0,,WAS,PHO,99,104,1
2005-12-28,2006,0,,TOR,ATL,108,102,1
2005-12-28,2006,0,,LAL,MEM,99,100,1
2005-12-28,2006,0,,MIN,SEA,108,95,1
2005-12-28,2006,0,,GSW,BOS,111,109,1
2005-12-28,2006,0,,ORL,NYK,105,95,1
2005-12-29,2006,0,,SAS,NOK,111,84,1
2005-12-29,2006,0,,DEN,SEA,105,112,1
2005-12-29,2006,0,,DET,MIA,106,101,1
2005-12-30,2006,0,,IND,TOR,97,99,1
2005-12-30,2006,0,,NJN,ATL,99,91,1
2005-12-30,2006,0,,CHO,PHO,100,110,1
2005-12-30,2006,0,,MIL,NYK,113,108,1
2005-12-30,2006,0,,SAC,BOS,116,112,1
2005-12-30,2006,0,,ORL,MIN,107,87,1
2005-12-30,2006,0,,POR,MEM,90,93,1
2005-12-30,2006,0,,WAS,MIA,113,128,1
2005-12-30,2006,0,,DAL,GSW,109,111,1
2005-12-31,2006,0,,NOK,DAL,90,95,1
2005-12-31,2006,0,,UTA,PHI,108,102,1
2005-12-31,2006,0,,DEN,SAS,88,98,1
2005-12-31,2006,0,,CLE,DET,97,84,1
2005-12-31,2006,0,,CHI,PHO,98,107,1
2005-12-31,2006,0,,HOU,GSW,89,94,1
2005-12-31,2006,0,,SEA,MEM,96,100,1
2005-12-31,2006,0,,LAC,BOS,92,111,1
2006-01-01,2006,0,,MIA,MIN,97,70,1
2006-01-01,2006,0,,POR,LAC,94,100,1
2006-01-01,2006,0,,LAL,UTA,94,98,1
2006-01-02,2006,0,,CHI,MIL,92,93,1
2006-01-02,2006,0,,IND,SEA,115,96,1
2006-01-02,2006,0,,NYK,PHO,140,133,1
2006-01-02,2006,0,,DEN,BOS,120,110,1
2006-01-02,2006,0,,NOK,CHO,103,86,1
2006-01-03,2006,0,,WAS,HOU,111,123,1
2006-01-03,2006,0,,MEM,GSW,104,94,1
2006-01-03,2006,0,,UTA,LAL,90,80,1
2006-01-03,2006,0,,ATL,TOR,97,108,1
2006-01-03,2006,0,,DAL,POR,95,81,1
2006-01-03,2006,0,,SAC,PHI,98,111,1
2006-01-03,2006,0,,DET,ORL,108,99,1
2006-01-04,2006,0,,BOS,CHO,109,106,1
2006-01-04,2006,0,,DEN,IND,106,86,1
2006-01-04,2006,0,,PHO,PHI,105,85,1
2006-01-04,2006,0,,MIN,DAL,91,78,1
2006-01-04,2006,0,,MIL,CLE,84,91,1
2006-01-04,2006,0,,NOK,MIA,107,92,1
2006-01-04,2006,0,,TOR,ORL,121,97,1
2006-01-04,2006,0,,CHI,SEA,97,101,1
2006-01-04,2006,0,,SAS,POR,106,75,1
2006-01-05,2006,0,,GSW,IND,89,99,1
2006-01-05,2006,0,,CLE,HOU,81,90,1
2006-01-06,2006,0,,SAS,MIN,83,77,1
2006-01-06,2006,0,,TOR,HOU,112,92,1
2006-01-06,2006,0,,BOS,ATL,98,103,1
2006-01-06,2006,0,,DET,SEA,97,85,1
2006-01-06,2006,0,,NOK,POR,90,80,1
2006-01-06,2006,0,,NYK,WAS,113,92,1
2006-01-06,2006,0,,DEN,DAL,112,114,1
2006-01-06,2006,0,,NJN,ORL,113,106,1
2006-01-06,2006,0,,MIL,CHI,91,105,1
2006-01-06,2006,0,,LAL,PHI,119,93,1
2006-01-06,2006,0,,MEM,UTA,87,65,1
2006-01-06,2006,0,,SAC,LAC,118,114,1
2006-01-06,2006,0,,PHO,MIA,111,93,1
2006-01-07,2006,0,,DET,UTA,90,94,1
2006-01-07,2006,0,,WAS,BOS,103,102,1
2006-01-07,2006,0,,LAC,LAL,109,112,1
2006-01-07,2006,0,,CLE,MIL,96,88,1
2006-01-07,2006,0,,CHI,MEM,111,82,1
2006-01-07,2006,0,,PHO,SAS,91,86,1
2006-01-07,2006,0,,ORL,CHO,108,92,1
2006-01-07,2006,0,,ATL,NOK,101,93,1
2006-01-07,2006,0,,DAL,MIN,83,79,1
2006-01-08,2006,0,,SAC,IND,83,108,1
2006-01-08,2006,0,,HOU,DEN,90,92,1
2006-01-08,2006,0,,NYK,SEA,120,116,1
2006-01-08,2006,0,,TOR,NJN,104,105,1
2006-01-08,2006,0,,POR,MIA,89,118,1
2006-01-09,2006,0,,CHI,TOR,113,104,1
2006-01-09,2006,0,,BOS,DAL,102,104,1
2006-01-09,2006,0,,PHI,SEA,107,98,1
2006-01-09,2006,0,,WAS,UTA,89,97,1
2006-01-09,2006,0,,LAL,IND,96,90,1
2006-01-10,2006,0,,SAS,NJN,96,91,1
2006-01-10,2006,0,,ATL,BOS,94,98,1
2006-01-10,2006,0,,CLE,NYK,84,92,1
2006-01-10,2006,0,,DEN,PHO,139,137,1
2006-01-10,2006,0,,MEM,SAC,99,85,1
2006-01-10,2006,0,,LAC,ORL,90,73,1
2006-01-10,2006,0,,NOK,DET,86,96,1
2006-01-10,2006,0,,CHO,HOU,111,106,1
2006-01-10,2006,0,,MIL,MIN,95,92,1
2006-01-11,2006,0,,HOU,SAC,80,88,1
2006-01-11,2006,0,,WAS,ATL,103,72,1
2006-01-11,2006,0,,PHI,UTA,102,110,1
2006-01-11,2006,0,,TOR,CHO,95,86,1
2006-01-11,2006,0,,GSW,MIA,96,110,1
2006-01-11,2006,0,,NYK,DAL,117,115,1
2006-01-11,2006,0,,IND,MIL,112,88,1
2006-01-11,2006,0,,MIN,CHI,99,93,1
2006-01-11,2006,0,,POR,LAL,113,103,1
2006-01-11,2006,0,,SEA,ORL,113,104,1
2006-01-12,2006,0,,LAL,CLE,99,98,1
2006-01-12,2006,0,,PHO,GSW,112,99,1
2006-01-12,2006,0,,SAS,DET,68,83,1
2006-01-13,2006,0,,NYK,ATL,105,94,1
2006-01-13,2006,0,,IND,WAS,85,94,1
2006-01-13,2006,0,,POR,ORL,113,108,1
2006-01-13,2006,0,,MEM,NJN,81,69,1
2006-01-13,2006,0,,SEA,MIA,104,117,1
2006-01-13,2006,0,,CHO,MIL,102,103,1
2006-01-13,2006,0,,MIN,DEN,103,89,1
2006-01-13,2006,0,,NOK,SAC,90,76,1
2006-01-13,2006,0,,PHI,BOS,125,124,1
2006-01-14,2006,0,,SAS,MEM,80,79,1
2006-01-14,2006,0,,LAC,SEA,98,72,1
2006-01-14,2006,0,,GSW,LAL,104,110,1
2006-01-14,2006,0,,DET,CHO,114,91,1
2006-01-14,2006,0,,DAL,NJN,110,77,1
2006-01-14,2006,0,,UTA,MIA,94,100,1
2006-01-14,2006,0,,PHO,CLE,115,106,1
2006-01-14,2006,0,,ATL,WAS,106,114,1
2006-01-14,2006,0,,MIL,DEN,93,100,1
2006-01-14,2006,0,,HOU,NOK,80,86,1
2006-01-14,2006,0,,CHI,IND,89,91,1
2006-01-15,2006,0,,TOR,NYK,129,103,1
2006-01-15,2006,0,,POR,CLE,89,87,1
2006-01-15,2006,0,,SAC,ORL,104,100,1
2006-01-16,2006,0,,ATL,HOU,94,83,1
2006-01-16,2006,0,,LAC,UTA,102,93,1
2006-01-16,2006,0,,CHI,DEN,94,97,1
2006-01-16,2006,0,,LAL,MIA,100,92,1
2006-01-16,2006,0,,DAL,MIL,114,95,1
2006-01-16,2006,0,,MEM,SAS,83,93,1
2006-01-16,2006,0,,DET,BOS,94,84,1
2006-01-16,2006,0,,CHO,NOK,92,107,1
2006-01-16,2006,0,,WAS,PHI,104,76,1
2006-01-16,2006,0,,GSW,SEA,109,93,1
2006-01-16,2006,0,,NYK,MIN,90,96,1
2006-01-16,2006,0,,NJN,IND,97,92,1
2006-01-17,2006,0,,UTA,TOR,111,98,1
2006-01-17,2006,0,,SAC,PHO,119,90,1
2006-01-18,2006,0,,ATL,DET,89,117,1
2006-01-18,2006,0,,BOS,MIN,103,96,1
2006-01-18,2006,0,,HOU,DAL,76,103,1
2006-01-18,2006,0,,LAC,PHO,102,112,1
2006-01-18,2006,0,,POR,TOR,96,94,1
2006-01-18,2006,0,,SAS,MIL,95,92,1
2006-01-18,2006,0,,PHI,NJN,90,101,1
2006-01-18,2006,0,,IND,CHO,98,92,1
2006-01-18,2006,0,,DEN,CLE,90,89,1
2006-01-18,2006,0,,NOK,MEM,87,79,1
2006-01-18,2006,0,,CHI,NYK,106,104,1
2006-01-18,2006,0,,ORL,WAS,106,98,1
2006-01-19,2006,0,,NYK,DET,79,105,1
2006-01-19,2006,0,,SAC,LAL,118,109,1
2006-01-20,2006,0,,LAC,DAL,81,101,1
2006-01-20,2006,0,,MIA,SAS,94,101,1
2006-01-20,2006,0,,WAS,NOK,110,99,1
2006-01-20,2006,0,,CHO,ORL,93,104,1
2006-01-20,2006,0,,MIN,IND,90,85,1
2006-01-20,2006,0,,PHI,MEM,89,86,1
2006-01-20,2006,0,,BOS,NJN,99,96,1
2006-01-20,2006,0,,CHI,HOU,108,109,1
2006-01-20,2006,0,,GSW,CLE,99,79,1
2006-01-20,2006,0,,SEA,TOR,113,121,1
2006-01-20,2006,0,,DEN,UTA,113,83,1
2006-01-20,2006,0,,PHO,LAL,106,93,1
2006-01-20,2006,0,,ATL,MIL,102,118,1
2006-01-21,2006,0,,NYK,NOK,98,109,1
2006-01-21,2006,0,,IND,CHI,89,101,1
2006-01-21,2006,0,,MIL,CHO,101,91,1
2006-01-21,2006,0,,ORL,SAC,83,78,1
2006-01-21,2006,0,,NJN,BOS,103,83,1
2006-01-21,2006,0,,UTA,CLE,90,108,1
2006-01-22,2006,0,,MIA,SAC,119,99,1
2006-01-22,2006,0,,SAS,DEN,85,89,1
2006-01-22,2006,0,,MIN,PHI,84,86,1
2006-01-22,2006,0,,LAL,TOR,122,104,1
2006-01-22,2006,0,,POR,DAL,89,95,1
2006-01-22,2006,0,,PHO,SEA,149,152,1
2006-01-22,2006,0,,DET,HOU,99,97,1
2006-01-22,2006,0,,WAS,MEM,82,93,1
2006-01-22,2006,0,,LAC,GSW,105,92,1
2006-01-23,2006,0,,DEN,TOR,107,101,1
2006-01-23,2006,0,,GSW,LAC,93,96,1
2006-01-23,2006,0,,BOS,NOK,91,78,1
2006-01-23,2006,0,,UTA,NJN,89,78,1
2006-01-23,2006,0,,ATL,IND,104,94,1
2006-01-23,2006,0,,MIL,HOU,80,97,1
2006-01-24,2006,0,,MIA,MEM,94,82,1
2006-01-24,2006,0,,MIN,DET,83,107,1
2006-01-24,2006,0,,SAS,CHO,104,76,1
2006-01-24,2006,0,,PHI,SAC,109,103,1
2006-01-24,2006,0,,ORL,PHO,111,102,1
2006-01-24,2006,0,,CLE,IND,96,66,1
2006-01-25,2006,0,,BOS,WAS,87,89,1
2006-01-25,2006,0,,NOK,SAS,68,84,1
2006-01-25,2006,0,,UTA,SEA,94,113,1
2006-01-25,2006,0,,TOR,CHI,88,104,1
2006-01-25,2006,0,,DET,MIL,106,102,1
2006-01-25,2006,0,,HOU,CHO,102,78,1
2006-01-25,2006,0,,LAC,NJN,90,77,1
2006-01-25,2006,0,,NYK,SAC,102,106,1
2006-01-25,2006,0,,ATL,CLE,97,106,1
2006-01-25,2006,0,,MEM,MIN,107,87,1
2006-01-25,2006,0,,GSW,DAL,93,102,1
2006-01-25,2006,0,,POR,DEN,94,97,1
2006-01-26,2006,0,,PHI,ORL,115,119,1
2006-01-26,2006,0,,SEA,DAL,97,104,1
2006-01-26,2006,0,,MIA,PHO,98,107,1
2006-01-27,2006,0,,CHO,MIA,85,91,1
2006-01-27,2006,0,,NYK,ORL,97,94,1
2006-01-27,2006,0,,MIL,TOR,108,87,1
2006-01-27,2006,0,,HOU,MIN,92,96,1
2006-01-27,2006,0,,DEN,LAC,87,105,1
2006-01-27,2006,0,,CHI,WAS,90,79,1
2006-01-27,2006,0,,POR,NJN,88,83,1
2006-01-27,2006,0,,ATL,PHO,106,110,1
2006-01-27,2006,0,,IND,CLE,89,93,1
2006-01-27,2006,0,,DET,MEM,95,89,1
2006-01-27,2006,0,,BOS,SAC,84,74,1
2006-01-27,2006,0,,LAL,GSW,106,105,1
2006-01-28,2006,0,,GSW,POR,98,83,1
2006-01-28,2006,0,,SEA,NJN,113,104,1
2006-01-28,2006,0,,PHI,NYK,91,76,1
2006-01-28,2006,0,,LAC,DEN,112,79,1
2006-01-28,2006,0,,CHI,ATL,111,99,1
2006-01-28,2006,0,,WAS,CHO,107,97,1
2006-01-28,2006,0,,DAL,UTA,103,89,1
2006-01-28,2006,0,,SAS,MIN,102,88,1
2006-01-28,2006,0,,MEM,NOK,86,95,1
2006-01-29,2006,0,,CLE,PHO,113,106,1
2006-01-29,2006,0,,DET,LAL,102,93,1
2006-01-29,2006,0,,MIL,BOS,83,79,1
2006-01-29,2006,0,,HOU,MIA,95,101,1
2006-01-29,2006,0,,ORL,PHI,81,89,1
2006-01-29,2006,0,,TOR,SAC,124,123,1
2006-01-30,2006,0,,MIA,LAC,118,114,1
2006-01-30,2006,0,,MIN,BOS,110,85,1
2006-01-30,2006,0,,MEM,HOU,86,77,1
2006-01-30,2006,0,,NOK,MIL,94,93,1
2006-01-30,2006,0,,CHO,CLE,91,103,1
2006-01-30,2006,0,,ATL,NYK,120,101,1
2006-01-30,2006,0,,SEA,POR,111,116,1
2006-01-30,2006,0,,UTA,SAS,70,79,1
2006-01-31,2006,0,,PHI,PHO,99,123,1
2006-01-31,2006,0,,NJN,DET,91,84,1
2006-01-31,2006,0,,WAS,IND,84,79,1
2006-01-31,2006,0,,SAC,DEN,98,91,1
2006-01-31,2006,0,,NYK,LAL,97,130,1
2006-01-31,2006,0,,DAL,CHI,98,94,1
2006-02-01,2006,0,,TOR,WAS,117,112,1
2006-02-01,2006,0,,ORL,LAC,94,106,1
2006-02-01,2006,0,,CHO,ATL,92,102,1
2006-02-01,2006,0,,MEM,DAL,80,81,1
2006-02-01,2006,0,,HOU,MIL,86,84,1
2006-02-01,2006,0,,DET,MIN,90,74,1
2006-02-01,2006,0,,BOS,PHO,94,102,1
2006-02-01,2006,0,,UTA,DEN,103,90,1
2006-02-01,2006,0,,SEA,GSW,111,107,1
2006-02-01,2006,0,,POR,SAS,82,86,1
2006-02-01,2006,0,,IND,LAL,105,79,1
2006-02-01,2006,0,,CLE,NJN,91,85,1
2006-02-01,2006,0,,NOK,CHI,100,95,1
2006-02-02,2006,0,,GSW,SAS,86,89,1
2006-02-02,2006,0,,MIA,CLE,101,73,1
2006-02-03,2006,0,,BOS,LAC,81,98,1
2006-02-03,2006,0,,PHI,DET,80,87,1
2006-02-03,2006,0,,CHO,LAL,112,102,1
2006-02-03,2006,0,,POR,MIN,89,85,1
2006-02-03,2006,0,,HOU,SEA,100,77,1
2006-02-03,2006,0,,TOR,NYK,104,90,1
2006-02-03,2006,0,,UTA,SAC,89,79,1
2006-02-03,2006,0,,ATL,ORL,96,94,1
2006-02-04,2006,0,,NOK,LAL,106,90,1
2006-02-04,2006,0,,IND,DET,93,85,1
2006-02-04,2006,0,,GSW,MIN,109,77,1
2006-02-04,2006,0,,DAL,SEA,110,91,1
2006-02-04,2006,0,,CLE,PHI,95,100,1
2006-02-04,2006,0,,PHO,CHI,118,101,1
2006-02-04,2006,0,,ORL,BOS,100,91,1
2006-02-04,2006,0,,DEN,POR,105,104,1
2006-02-04,2006,0,,NJN,MIA,105,92,1
2006-02-04,2006,0,,WAS,ATL,98,85,1
2006-02-04,2006,0,,MIL,MEM,88,78,1
2006-02-05,2006,0,,TOR,LAC,113,115,1
2006-02-05,2006,0,,SAC,UTA,96,78,1
2006-02-05,2006,0,,NYK,HOU,89,93,1
2006-02-06,2006,0,,CHO,SEA,119,106,1
2006-02-06,2006,0,,NJN,NOK,99,91,1
2006-02-06,2006,0,,MIA,BOS,114,98,1
2006-02-06,2006,0,,GSW,DEN,122,114,1
2006-02-06,2006,0,,PHO,MIN,101,103,1
2006-02-06,2006,0,,WAS,ORL,94,82,1
2006-02-06,2006,0,,PHI,HOU,81,87,1
2006-02-06,2006,0,,UTA,CHI,109,107,1
2006-02-06,2006,0,,CLE,MIL,89,86,1
2006-02-07,2006,0,,DAL,LAL,102,87,1
2006-02-07,2006,0,,NYK,LAC,82,85,1
2006-02-07,2006,0,,SAC,MEM,104,96,1
2006-02-07,2006,0,,ATL,DET,99,98,1
2006-02-08,2006,0,,CHO,PHI,100,92,1
2006-02-08,2006,0,,HOU,LAL,78,89,1
2006-02-08,2006,0,,DET,LAC,97,87,1
2006-02-08,2006,0,,DEN,CHI,107,110,1
2006-02-08,2006,0,,TOR,SAS,118,125,1
2006-02-08,2006,0,,MIN,CLE,91,97,1
2006-02-08,2006,0,,MIL,ORL,94,89,1
2006-02-08,2006,0,,IND,POR,101,69,1
2006-02-08,2006,0,,NJN,NYK,96,83,1
2006-02-08,2006,0,,WAS,GSW,129,124,1
2006-02-08,2006,0,,PHO,MEM,108,102,1
2006-02-08,2006,0,,NOK,SEA,109,102,1
2006-02-09,2006,0,,DAL,MIA,112,76,1
2006-02-09,2006,0,,SAC,CHI,98,80,1
2006-02-10,2006,0,,NJN,SAS,73,83,1
2006-02-10,2006,0,,LAC,MEM,91,87,1
2006-02-10,2006,0,,WAS,CLE,101,89,1
2006-02-10,2006,0,,DEN,DAL,113,104,1
2006-02-10,2006,0,,CHO,TOR,73,88,1
2006-02-10,2006,0,,SEA,ATL,99,91,1
2006-02-10,2006,0,,PHO,SAC,112,104,1
2006-02-10,2006,0,,ORL,DET,73,84,1
2006-02-10,2006,0,,MIN,UTA,80,94,1
2006-02-10,2006,0,,BOS,POR,115,83,1
2006-02-10,2006,0,,IND,GSW,107,95,1
2006-02-10,2006,0,,NOK,NYK,111,100,1
2006-02-11,2006,0,,CLE,GSW,91,99,1
2006-02-11,2006,0,,MIL,CHO,99,93,1
2006-02-11,2006,0,,LAL,MEM,99,100,1
2006-02-11,2006,0,,HOU,UTA,102,88,1
2006-02-11,2006,0,,MIN,NOK,94,100,1
2006-02-12,2006,0,,IND,SAS,88,92,1
2006-02-12,2006,0,,NJN,MIL,94,79,1
2006-02-12,2006,0,,SAC,ATL,109,84,1
2006-02-12,2006,0,,LAC,CHI,91,97,1
2006-02-12,2006,0,,HOU,NYK,90,83,1
2006-02-12,2006,0,,TOR,POR,114,81,1
2006-02-12,2006,0,,MIA,DET,100,98,1
2006-02-12,2006,0,,BOS,ORL,102,94,1
2006-02-12,2006,0,,SEA,DEN,112,120,1
2006-02-12,2006,0,,WAS,PHI,107,97,1
2006-02-13,2006,0,,DAL,NYK,100,72,1
2006-02-13,2006,0,,MIN,TOR,94,98,1
2006-02-13,2006,0,,GSW,MEM,79,81,1
2006-02-13,2006,0,,LAL,UTA,94,88,1
2006-02-13,2006,0,,CHO,POR,83,91,1
2006-02-13,2006,0,,CLE,SAS,101,87,1
2006-02-13,2006,0,,NOK,WAS,97,96,1
2006-02-14,2006,0,,CHI,SAC,101,105,1
2006-02-14,2006,0,,MIL,SEA,106,91,1
2006-02-14,2006,0,,LAC,HOU,97,128,1
2006-02-14,2006,0,,DET,NJN,85,71,1
2006-02-14,2006,0,,MIA,ORL,107,93,1
2006-02-15,2006,0,,BOS,CLE,109,113,1
2006-02-15,2006,0,,NOK,POR,102,86,1
2006-02-15,2006,0,,DAL,WAS,103,97,1
2006-02-15,2006,0,,NYK,TOR,98,96,1
2006-02-15,2006,0,,DEN,PHO,101,116,1
2006-02-15,2006,0,,IND,MIL,88,77,1
2006-02-15,2006,0,,MIN,SEA,102,92,1
2006-02-15,2006,0,,MEM,SAC,84,78,1
2006-02-15,2006,0,,GSW,LAC,88,81,1
2006-02-15,2006,0,,LAL,ATL,110,114,1
2006-02-15,2006,0,,CHO,NJN,94,95,1
2006-02-15,2006,0,,PHI,SAS,103,100,1
2006-02-15,2006,0,,ORL,MIA,100,110,1
2006-02-16,2006,0,,PHO,HOU,109,75,1
2006-02-16,2006,0,,CHI,PHI,117,84,1
2006-02-21,2006,0,,IND,NOK,97,75,1
2006-02-21,2006,0,,MEM,TOR,94,88,1
2006-02-21,2006,0,,DAL,LAC,93,91,1
2006-02-21,2006,0,,LAL,POR,99,82,1
2006-02-21,2006,0,,DEN,CHO,100,84,1
2006-02-21,2006,0,,MIL,NJN,85,89,1
2006-02-21,2006,0,,SAS,SEA,103,78,1
2006-02-21,2006,0,,SAC,GSW,102,77,1
2006-02-21,2006,0,,UTA,BOS,83,103,1
2006-02-21,2006,0,,WAS,MIN,90,78,1
2006-02-21,2006,0,,DET,ATL,97,87,1
2006-02-21,2006,0,,CLE,ORL,105,92,1
2006-02-22,2006,0,,NOK,UTA,76,82,1
2006-02-22,2006,0,,PHO,BOS,103,94,1
2006-02-22,2006,0,,POR,CHO,106,110,1
2006-02-22,2006,0,,HOU,LAC,106,102,1
2006-02-22,2006,0,,NJN,ORL,96,93,1
2006-02-22,2006,0,,CHI,MIL,97,91,1
2006-02-22,2006,0,,ATL,SEA,109,114,1
2006-02-22,2006,0,,NYK,MIA,83,103,1
2006-02-22,2006,0,,PHI,CLE,116,107,1
2006-02-23,2006,0,,LAL,SAC,106,85,1
2006-02-23,2006,0,,DAL,MEM,97,87,1
2006-02-23,2006,0,,DET,IND,88,83,1
2006-02-24,2006,0,,ORL,SEA,102,89,1
2006-02-24,2006,0,,NYK,NJN,90,94,1
2006-02-24,2006,0,,MIL,PHI,111,116,1
2006-02-24,2006,0,,LAC,LAL,102,83,1
2006-02-24,2006,0,,CLE,WAS,94,102,1
2006-02-24,2006,0,,CHI,DET,87,95,1
2006-02-24,2006,0,,MEM,SAS,80,83,1
2006-02-24,2006,0,,MIN,DEN,101,102,1
2006-02-24,2006,0,,IND,ATL,112,117,1
2006-02-24,2006,0,,HOU,GSW,91,88,1
2006-02-24,2006,0,,POR,BOS,96,102,1
2006-02-25,2006,0,,ATL,MIL,89,99,1
2006-02-25,2006,0,,PHI,CHI,108,102,1
2006-02-25,2006,0,,PHO,CHO,136,121,1
2006-02-25,2006,0,,DAL,TOR,115,113,1
2006-02-25,2006,0,,WAS,NYK,110,89,1
2006-02-25,2006,0,,SAS,GSW,92,75,1
2006-02-25,2006,0,,MIA,SEA,115,106,1
2006-02-25,2006,0,,UTA,NOK,95,100,1
2006-02-26,2006,0,,LAL,BOS,111,112,1
2006-02-26,2006,0,,POR,NOK,75,88,1
2006-02-26,2006,0,,NJN,IND,91,101,1
2006-02-26,2006,0,,DET,CLE,90,78,1
2006-02-26,2006,0,,MIN,MEM,105,99,1
2006-02-26,2006,0,,ORL,HOU,84,89,1
2006-02-27,2006,0,,MIA,TOR,101,94,1
2006-02-27,2006,0,,MEM,WAS,108,98,1
2006-02-27,2006,0,,ATL,NJN,104,102,1
2006-02-27,2006,0,,DAL,PHI,104,92,1
2006-02-27,2006,0,,DEN,MIL,89,110,1
2006-02-27,2006,0,,CLE,DET,72,84,1
2006-02-27,2006,0,,HOU,PHO,94,111,1
2006-02-27,2006,0,,GSW,UTA,108,117,1
2006-02-27,2006,0,,SAC,POR,115,91,1
2006-02-27,2006,0,,SAS,NYK,121,93,1
2006-02-27,2006,0,,LAC,CHO,95,87,1
2006-02-28,2006,0,,SEA,NOK,114,104,1
2006-02-28,2006,0,,CHI,MIN,111,100,1
2006-02-28,2006,0,,LAL,ORL,102,87,1
2006-03-01,2006,0,,MEM,NYK,101,99,1
2006-03-01,2006,0,,UTA,CHO,89,104,1
2006-03-01,2006,0,,POR,LAL,99,93,1
2006-03-01,2006,0,,MIN,NJN,100,90,1
2006-03-01,2006,0,,DEN,DET,98,87,1
2006-03-01,2006,0,,WAS,IND,93,99,1
2006-03-01,2006,0,,BOS,MIA,96,103,1
2006-03-01,2006,0,,LAC,NOK,89,67,1
2006-03-01,2006,0,,GSW,ORL,98,94,1
2006-03-01,2006,0,,PHO,MIL,123,110,1
2006-03-01,2006,0,,CLE,SAC,90,97,1
2006-03-01,2006,0,,HOU,PHI,101,106,1
2006-03-01,2006,0,,TOR,ATL,111,113,1
2006-03-02,2006,0,,SAS,DAL,98,89,1
2006-03-02,2006,0,,CHI,CLE,91,92,1
2006-03-03,2006,0,,PHI,WAS,119,113,1
2006-03-03,2006,0,,HOU,DEN,89,78,1
2006-03-03,2006,0,,DAL,CHO,90,76,1
2006-03-03,2006,0,,BOS,IND,99,98,1
2006-03-03,2006,0,,ATL,SAC,93,102,1
2006-03-03,2006,0,,PHO,ORL,123,118,1
2006-03-03,2006,0,,UTA,LAC,105,103,1
2006-03-03,2006,0,,NYK,CHI,101,108,1
2006-03-03,2006,0,,SEA,DET,96,98,1
2006-03-03,2006,0,,GSW,LAL,94,106,1
2006-03-04,2006,0,,DEN,ORL,110,94,1
2006-03-04,2006,0,,SAS,POR,101,81,1
2006-03-04,2006,0,,MIL,NYK,98,103,1
2006-03-04,2006,0,,LAL,DET,105,94,1
2006-03-04,2006,0,,MIA,ATL,95,93,1
2006-03-04,2006,0,,NJN,TOR,105,100,1
2006-03-05,2006,0,,CLE,CHI,91,72,1
2006-03-05,2006,0,,HOU,POR,102,84,1
2006-03-05,2006,0,,LAC,MEM,86,102,1
2006-03-05,2006,0,,MIN,GSW,103,90,1
2006-03-05,2006,0,,DAL,PHO,107,115,1
2006-03-05,2006,0,,PHI,IND,93,94,1
2006-03-05,2006,0,,TOR,BOS,111,105,1
2006-03-05,2006,0,,SEA,UTA,113,81,1
2006-03-05,2006,0,,WAS,SAC,117,107,1
2006-03-06,2006,0,,LAL,SAS,96,103,1
2006-03-06,2006,0,,DEN,MEM,115,101,1
2006-03-06,2006,0,,UTA,ORL,90,85,1
2006-03-06,2006,0,,NJN,SAC,84,109,1
2006-03-06,2006,0,,NOK,PHO,88,101,1
2006-03-06,2006,0,,CHO,MIA,105,106,1
2006-03-07,2006,0,,CLE,TOR,106,99,1
2006-03-07,2006,0,,IND,NYK,92,107,1
2006-03-07,2006,0,,MIN,HOU,87,93,1
2006-03-07,2006,0,,WAS,BOS,115,116,1
2006-03-07,2006,0,,DAL,POR,93,87,1
2006-03-07,2006,0,,LAC,SAS,98,85,1
2006-03-07,2006,0,,CHI,NJN,95,87,1
2006-03-07,2006,0,,ATL,GSW,113,106,1
2006-03-08,2006,0,,DET,CHI,106,101,1
2006-03-08,2006,0,,MIL,SAC,116,123,1
2006-03-08,2006,0,,NOK,LAL,107,113,1
2006-03-08,2006,0,,TOR,CLE,97,98,1
2006-03-08,2006,0,,MIA,WAS,118,112,1
2006-03-08,2006,0,,CHO,GSW,104,101,1
2006-03-08,2006,0,,BOS,PHI,104,101,1
2006-03-08,2006,0,,HOU,IND,103,99,1
2006-03-08,2006,0,,UTA,MIN,96,93,1
2006-03-08,2006,0,,SEA,MEM,74,99,1
2006-03-09,2006,0,,PHO,SAS,93,117,1
2006-03-09,2006,0,,PHI,DEN,93,97,1
2006-03-09,2006,0,,POR,DAL,92,109,1
2006-03-10,2006,0,,ORL,CLE,102,73,1
2006-03-10,2006,0,,SEA,MIN,107,96,1
2006-03-10,2006,0,,TOR,DEN,97,108,1
2006-03-10,2006,0,,MIA,GSW,106,111,1
2006-03-10,2006,0,,CHI,LAC,96,107,1
2006-03-10,2006,0,,BOS,MIL,86,92,1
2006-03-10,2006,0,,NOK,IND,90,92,1
2006-03-10,2006,0,,SAS,LAL,92,100,1
2006-03-10,2006,0,,SAC,MEM,105,93,1
2006-03-11,2006,0,,UTA,DAL,87,90,1
2006-03-11,2006,0,,ATL,CHI,90,95,1
2006-03-11,2006,0,,ORL,GSW,103,92,1
2006-03-11,2006,0,,MIL,LAC,98,106,1
2006-03-11,2006,0,,WAS,DET,110,92,1
2006-03-11,2006,0,,PHO,MIN,110,102,1
2006-03-11,2006,0,,CHO,NYK,116,109,1
2006-03-12,2006,0,,MIA,CLE,98,92,1
2006-03-12,2006,0,,MEM,PHI,91,94,1
2006-03-12,2006,0,,POR,PHO,111,101,1
2006-03-12,2006,0,,BOS,DEN,106,101,1
2006-03-12,2006,0,,NOK,NJN,84,95,1
2006-03-12,2006,0,,DET,CHO,94,78,1
2006-03-12,2006,0,,TOR,IND,93,89,1
2006-03-12,2006,0,,LAL,SEA,113,120,1
2006-03-12,2006,0,,SAC,DAL,85,80,1
2006-03-12,2006,0,,SAS,HOU,88,81,1
2006-03-13,2006,0,,MIL,ATL,88,87,1
2006-03-13,2006,0,,IND,ORL,97,83,1
2006-03-13,2006,0,,LAC,MIN,95,87,1
2006-03-13,2006,0,,NYK,DEN,96,108,1
2006-03-13,2006,0,,HOU,NJN,77,90,1
2006-03-14,2006,0,,SEA,PHO,120,129,1
2006-03-14,2006,0,,SAS,NOK,96,81,1
2006-03-14,2006,0,,CHO,WAS,114,119,1
2006-03-14,2006,0,,MIA,UTA,121,83,1
2006-03-14,2006,0,,PHI,TOR,97,111,1
2006-03-14,2006,0,,SAC,LAL,114,98,1
2006-03-14,2006,0,,MEM,BOS,93,76,1
2006-03-14,2006,0,,CHI,POR,95,66,1
2006-03-14,2006,0,,DAL,CLE,91,87,1
2006-03-15,2006,0,,IND,DEN,99,101,1
2006-03-15,2006,0,,MIL,CHI,104,88,1
2006-03-15,2006,0,,PHO,LAC,126,95,1
2006-03-15,2006,0,,WAS,CHO,107,99,1
2006-03-15,2006,0,,TOR,DET,98,105,1
2006-03-15,2006,0,,NJN,POR,78,65,1
2006-03-15,2006,0,,HOU,DAL,81,95,1
2006-03-15,2006,0,,NYK,ATL,121,117,1
2006-03-15,2006,0,,ORL,UTA,114,108,1
2006-03-15,2006,0,,LAL,MIN,92,89,1
2006-03-16,2006,0,,GSW,MIN,105,97,1
2006-03-16,2006,0,,SEA,PHI,102,98,1
2006-03-16,2006,0,,MIA,BOS,107,104,1
2006-03-17,2006,0,,ORL,BOS,84,77,1
2006-03-17,2006,0,,CLE,POR,99,84,1
2006-03-17,2006,0,,TOR,MIL,97,96,1
2006-03-17,2006,0,,NJN,LAL,92,89,1
2006-03-17,2006,0,,MEM,DEN,116,102,1
2006-03-17,2006,0,,IND,SAC,98,93,1
2006-03-17,2006,0,,SAS,PHO,108,102,1
2006-03-17,2006,0,,ATL,UTA,101,111,1
2006-03-17,2006,0,,NYK,DET,105,103,1
2006-03-17,2006,0,,WAS,DAL,94,104,1
2006-03-17,2006,0,,LAC,PHI,99,89,1
2006-03-18,2006,0,,MIL,POR,97,93,1
2006-03-18,2006,0,,HOU,SAS,77,92,1
2006-03-18,2006,0,,CHO,DET,103,108,1
2006-03-18,2006,0,,NOK,DEN,94,109,1
2006-03-18,2006,0,,CHI,MIA,84,85,1
2006-03-19,2006,0,,ATL,ORL,108,107,1
2006-03-19,2006,0,,GSW,PHI,98,89,1
2006-03-19,2006,0,,CLE,LAL,96,95,1
2006-03-19,2006,0,,WAS,CHI,113,104,1
2006-03-19,2006,0,,MIN,SAC,95,89,1
2006-03-19,2006,0,,MEM,UTA,90,84,1
2006-03-19,2006,0,,NYK,MIA,100,111,1
2006-03-19,2006,0,,IND,BOS,88,103,1
2006-03-19,2006,0,,NJN,DAL,100,89,1
2006-03-20,2006,0,,DET,ATL,91,84,1
2006-03-20,2006,0,,HOU,LAC,91,99,1
2006-03-20,2006,0,,BOS,LAL,97,105,1
2006-03-20,2006,0,,POR,MIL,93,100,1
2006-03-21,2006,0,,NYK,TOR,109,114,1
2006-03-21,2006,0,,DAL,HOU,88,72,1
2006-03-21,2006,0,,WAS,NJN,100,112,1
2006-03-21,2006,0,,NOK,LAC,120,108,1
2006-03-21,2006,0,,SAC,SEA,105,96,1
2006-03-21,2006,0,,UTA,PHO,107,99,1
2006-03-21,2006,0,,SAS,GSW,107,96,1
2006-03-21,2006,0,,CHO,ORL,108,102,1
2006-03-21,2006,0,,MEM,IND,105,75,1
2006-03-21,2006,0,,MIN,MIA,100,96,1
2006-03-22,2006,0,,ORL,NYK,111,87,1
2006-03-22,2006,0,,DET,MIA,82,73,1
2006-03-22,2006,0,,BOS,TOR,110,96,1
2006-03-22,2006,0,,CLE,CHO,120,118,1
2006-03-22,2006,0,,IND,CHI,95,85,1
2006-03-22,2006,0,,PHI,ATL,115,106,1
2006-03-22,2006,0,,SEA,MIL,114,105,1
2006-03-22,2006,0,,LAL,SAC,87,80,1
2006-03-22,2006,0,,DEN,SAS,104,92,1
2006-03-23,2006,0,,MEM,LAC,95,85,1
2006-03-23,2006,0,,UTA,WAS,97,109,1
2006-03-23,2006,0,,PHO,POR,125,108,1
2006-03-23,2006,0,,NOK,HOU,92,93,1
2006-03-23,2006,0,,NJN,MIN,86,82,1
2006-03-23,2006,0,,DAL,GSW,121,122,1
2006-03-24,2006,0,,NYK,MEM,75,91,1
2006-03-24,2006,0,,MIA,CHO,114,93,1
2006-03-24,2006,0,,TOR,MIN,97,77,1
2006-03-24,2006,0,,PHI,ORL,86,102,1
2006-03-24,2006,0,,DEN,SEA,117,104,1
2006-03-24,2006,0,,IND,DET,72,75,1
2006-03-24,2006,0,,LAL,MIL,101,96,1
2006-03-24,2006,0,,CLE,BOS,94,82,1
2006-03-24,2006,0,,CHI,NOK,96,82,1
2006-03-24,2006,0,,POR,SAS,79,98,1
2006-03-25,2006,0,,ATL,DAL,83,98,1
2006-03-25,2006,0,,PHO,DEN,107,96,1
2006-03-25,2006,0,,LAC,WAS,116,101,1
2006-03-25,2006,0,,UTA,SAC,89,91,1
2006-03-26,2006,0,,DET,NJN,74,79,1
2006-03-26,2006,0,,ORL,ATL,108,101,1
2006-03-26,2006,0,,MIN,NYK,98,94,1
2006-03-26,2006,0,,BOS,CHI,97,101,1
2006-03-26,2006,0,,LAL,NOK,105,94,1
2006-03-26,2006,0,,SEA,SAS,106,102,1
2006-03-26,2006,0,,SAC,GSW,83,90,1
2006-03-26,2006,0,,POR,LAC,83,97,1
2006-03-26,2006,0,,MEM,CHO,102,95,1
2006-03-26,2006,0,,HOU,CLE,102,104,1
2006-03-26,2006,0,,MIL,TOR,125,116,1
2006-03-26,2006,0,,IND,PHI,92,79,1
2006-03-27,2006,0,,NJN,PHO,110,72,1
2006-03-27,2006,0,,MIA,IND,96,91,1
2006-03-27,2006,0,,UTA,NOK,104,80,1
2006-03-27,2006,0,,GSW,WAS,98,116,1
2006-03-28,2006,0,,DET,DAL,97,90,1
2006-03-28,2006,0,,CHO,ATL,125,117,1
2006-03-28,2006,0,,LAC,SAS,87,98,1
2006-03-28,2006,0,,CHI,ORL,93,97,1
2006-03-28,2006,0,,MEM,SEA,97,98,1
2006-03-28,2006,0,,SAC,WAS,84,97,1
2006-03-28,2006,0,,MIL,PHO,132,110,1
2006-03-29,2006,0,,HOU,SEA,115,87,1
2006-03-29,2006,0,,GSW,NOK,85,86,1
2006-03-29,2006,0,,TOR,MIA,94,98,1
2006-03-29,2006,0,,MIN,ORL,103,91,1
2006-03-29,2006,0,,CLE,DAL,107,94,1
2006-03-29,2006,0,,DEN,UTA,104,115,1
2006-03-29,2006,0,,NYK,BOS,98,123,1
2006-03-29,2006,0,,POR,SAC,90,106,1
2006-03-29,2006,0,,ATL,IND,94,93,1
2006-03-29,2006,0,,PHI,DET,91,101,1
2006-03-29,2006,0,,NJN,MEM,86,74,1
2006-03-30,2006,0,,IND,PHO,104,114,1
2006-03-30,2006,0,,LAL,SAS,85,96,1
2006-03-31,2006,0,,DET,MIL,112,105,1
2006-03-31,2006,0,,SEA,LAL,93,106,1
2006-03-31,2006,0,,NYK,PHI,112,117,1
2006-03-31,2006,0,,LAC,UTA,106,91,1
2006-03-31,2006,0,,GSW,SAC,93,96,1
2006-03-31,2006,0,,TOR,PHO,126,140,1
2006-03-31,2006,0,,ORL,DAL,108,99,1
2006-03-31,2006,0,,DEN,MIN,106,94,1
2006-03-31,2006,0,,ATL,NJN,88,91,1
2006-03-31,2006,0,,CHO,CHI,107,113,1
2006-03-31,2006,0,,HOU,WAS,105,103,1
2006-03-31,2006,0,,NOK,MEM,107,102,1
2006-04-01,2006,0,,POR,UTA,89,102,1
2006-04-01,2006,0,,SAS,WAS,106,99,1
2006-04-01,2006,0,,MIL,IND,96,89,1
2006-04-01,2006,0,,CHI,BOS,100,94,1
2006-04-01,2006,0,,CLE,MIA,106,99,1
2006-04-02,2006,0,,TOR,NOK,113,120,1
2006-04-02,2006,0,,CHO,CLE,97,101,1
2006-04-02,2006,0,,SEA,POR,122,83,1
2006-04-02,2006,0,,PHI,NYK,114,95,1
2006-04-02,2006,0,,NJN,MIA,90,78,1
2006-04-02,2006,0,,MEM,ATL,98,87,1
2006-04-02,2006,0,,DAL,DEN,103,79,1
2006-04-02,2006,0,,DET,PHO,109,102,1
2006-04-02,2006,0,,LAL,HOU,104,88,1
2006-04-02,2006,0,,SAC,LAC,106,96,1
2006-04-02,2006,0,,MIN,GSW,106,104,1
2006-04-04,2006,0,,SEA,HOU,104,87,1
2006-04-04,2006,0,,UTA,SAS,86,95,1
2006-04-04,2006,0,,NJN,ATL,96,94,1
2006-04-04,2006,0,,DAL,SAC,127,101,1
2006-04-04,2006,0,,CHO,MIN,97,92,1
2006-04-04,2006,0,,MIA,MIL,115,89,1
2006-04-04,2006,0,,LAC,DEN,111,109,1
2006-04-04,2006,0,,DET,NOK,101,93,1
2006-04-04,2006,0,,CHI,IND,102,96,1
2006-04-04,2006,0,,MEM,GSW,100,75,1
2006-04-04,2006,0,,TOR,BOS,120,124,1
2006-04-04,2006,0,,WAS,NYK,105,90,1
2006-04-04,2006,0,,CLE,PHI,124,91,1
2006-04-05,2006,0,,PHO,LAC,105,119,1
2006-04-05,2006,0,,NYK,CLE,96,94,1
2006-04-05,2006,0,,POR,HOU,76,75,1
2006-04-05,2006,0,,PHI,CHI,92,99,1
2006-04-05,2006,0,,ORL,MIL,108,105,1
2006-04-05,2006,0,,IND,TOR,111,103,1
2006-04-05,2006,0,,BOS,WAS,91,108,1
2006-04-05,2006,0,,ATL,MIN,101,99,1
2006-04-05,2006,0,,NOK,GSW,114,109,1
2006-04-05,2006,0,,SAS,SAC,87,97,1
2006-04-06,2006,0,,MIA,DET,82,95,1
2006-04-06,2006,0,,DEN,LAL,110,108,1
2006-04-06,2006,0,,NJN,CHO,113,102,1
2006-04-07,2006,0,,LAC,SAC,93,96,1
2006-04-07,2006,0,,GSW,HOU,93,100,1
2006-04-07,2006,0,,ATL,WAS,114,101,1
2006-04-07,2006,0,,PHO,LAL,107,96,1
2006-04-07,2006,0,,MEM,MIL,100,90,1
2006-04-07,2006,0,,SAS,DAL,86,92,1
2006-04-07,2006,0,,PHI,BOS,99,109,1
2006-04-07,2006,0,,ORL,DET,89,87,1
2006-04-07,2006,0,,MIN,UTA,95,103,1
2006-04-07,2006,0,,NOK,TOR,95,89,1
2006-04-07,2006,0,,NYK,IND,98,96,1
2006-04-07,2006,0,,POR,SEA,108,121,1
2006-04-08,2006,0,,CHI,PHI,75,89,1
2006-04-08,2006,0,,DAL,NOK,101,77,1
2006-04-08,2006,0,,WAS,MIA,86,99,1
2006-04-08,2006,0,,UTA,POR,110,93,1
2006-04-08,2006,0,,DEN,GSW,95,92,1
2006-04-08,2006,0,,NJN,CLE,102,108,1
2006-04-09,2006,0,,SEA,PHO,116,114,1
2006-04-09,2006,0,,SAS,MEM,83,81,1
2006-04-09,2006,0,,SAC,HOU,86,77,1
2006-04-09,2006,0,,BOS,NYK,86,101,1
2006-04-09,2006,0,,TOR,CHO,88,94,1
2006-04-09,2006,0,,MIN,ATL,84,83,1
2006-04-09,2006,0,,MIL,NJN,83,95,1
2006-04-09,2006,0,,LAL,LAC,100,83,1
2006-04-09,2006,0,,MIA,ORL,84,93,1
2006-04-09,2006,0,,DET,IND,98,73,1
2006-04-10,2006,0,,PHI,WAS,105,97,1
2006-04-10,2006,0,,NOK,CLE,101,103,1
2006-04-10,2006,0,,IND,NYK,101,82,1
2006-04-10,2006,0,,ORL,ATL,105,88,1
2006-04-10,2006,0,,POR,DEN,98,110,1
2006-04-10,2006,0,,UTA,HOU,85,83,1
2006-04-10,2006,0,,LAC,DAL,73,75,1
2006-04-11,2006,0,,MEM,MIN,92,76,1
2006-04-11,2006,0,,SAS,SEA,104,95,1
2006-04-11,2006,0,,CHI,NJN,104,101,1
2006-04-11,2006,0,,LAL,GSW,111,100,1
2006-04-11,2006,0,,SAC,PHO,110,123,1
2006-04-11,2006,0,,MIA,TOR,106,97,1
2006-04-12,2006,0,,HOU,MIN,79,82,1
2006-04-12,2006,0,,ORL,TOR,103,96,1
2006-04-12,2006,0,,IND,BOS,117,112,1
2006-04-12,2006,0,,DET,CLE,96,73,1
2006-04-12,2006,0,,CHO,MEM,88,96,1
2006-04-12,2006,0,,NJN,PHI,96,116,1
2006-04-12,2006,0,,LAC,POR,97,93,1
2006-04-12,2006,0,,GSW,DAL,114,102,1
2006-04-12,2006,0,,UTA,DEN,104,83,1
2006-04-12,2006,0,,MIL,WAS,100,97,1
2006-04-12,2006,0,,NOK,SEA,104,99,1
2006-04-12,2006,0,,ATL,CHI,90,96,1
2006-04-13,2006,0,,CLE,NYK,91,87,1
2006-04-13,2006,0,,SAS,ORL,80,92,1
2006-04-13,2006,0,,PHO,DAL,117,104,1
2006-04-14,2006,0,,MIA,PHI,104,85,1
2006-04-14,2006,0,,CHI,WAS,103,101,1
2006-04-14,2006,0,,NYK,MIL,80,97,1
2006-04-14,2006,0,,IND,MIN,89,77,1
2006-04-14,2006,0,,SEA,LAC,97,101,1
2006-04-14,2006,0,,LAL,POR,110,99,1
2006-04-14,2006,0,,GSW,PHO,110,102,1
2006-04-14,2006,0,,BOS,NJN,74,79,1
2006-04-14,2006,0,,TOR,DET,108,103,1
2006-04-14,2006,0,,NOK,UTA,104,105,1
2006-04-14,2006,0,,ATL,CHO,110,116,1
2006-04-15,2006,0,,HOU,MEM,81,93,1
2006-04-15,2006,0,,CHO,IND,92,91,1
2006-04-15,2006,0,,POR,GSW,81,86,1
2006-04-15,2006,0,,ORL,PHI,102,97,1
2006-04-15,2006,0,,DEN,SAC,82,100,1
2006-04-15,2006,0,,MIL,ATL,114,120,1
2006-04-16,2006,0,,LAL,PHO,109,89,1
2006-04-16,2006,0,,NJN,BOS,95,93,1
2006-04-16,2006,0,,LAC,SEA,98,114,1
2006-04-16,2006,0,,WAS,CLE,104,92,1
2006-04-16,2006,0,,DAL,UTA,111,95,1
2006-04-16,2006,0,,MIA,CHI,93,117,1
2006-04-16,2006,0,,MIN,SAS,90,103,1
2006-04-16,2006,0,,DET,NYK,103,97,1
2006-04-16,2006,0,,SAC,NOK,96,79,1
2006-04-17,2006,0,,MIL,DET,113,93,1
2006-04-17,2006,0,,PHO,NOK,115,78,1
2006-04-17,2006,0,,BOS,CLE,88,93,1
2006-04-17,2006,0,,GSW,POR,93,79,1
2006-04-17,2006,0,,NYK,CHO,91,98,1
2006-04-17,2006,0,,DEN,HOU,83,86,1
2006-04-17,2006,0,,ORL,CHI,112,116,1
2006-04-17,2006,0,,TOR,IND,95,120,1
2006-04-17,2006,0,,SAS,UTA,115,82,1
2006-04-18,2006,0,,WAS,MIL,116,103,1
2006-04-18,2006,0,,PHI,NJN,91,88,1
2006-04-18,2006,0,,SAC,SEA,111,105,1
2006-04-18,2006,0,,MEM,LAC,101,95,1
2006-04-18,2006,0,,ATL,MIA,103,100,1
2006-04-19,2006,0,,DAL,LAC,71,85,1
2006-04-19,2006,0,,CHO,PHI,96,86,1
2006-04-19,2006,0,,NJN,NYK,83,90,1
2006-04-19,2006,0,,LAL,NOK,115,95,1
2006-04-19,2006,0,,DET,WAS,80,96,1
2006-04-19,2006,0,,BOS,MIA,85,78,1
2006-04-19,2006,0,,UTA,GSW,105,102,1
2006-04-19,2006,0,,POR,PHO,96,106,1
2006-04-19,2006,0,,MIN,MEM,92,102,1
2006-04-19,2006,0,,HOU,SAS,87,89,1
2006-04-19,2006,0,,CLE,ATL,100,99,1
2006-04-19,2006,0,,IND,ORL,89,83,1
2006-04-19,2006,0,,CHI,TOR,127,106,1
2006-04-19,2006,0,,SEA,DEN,109,98,1
2006-10-31,2007,0,,MIA,CHI,66,108,1
2006-10-31,2007,0,,LAL,PHO,114,106,1
2006-11-01,2007,0,,CHO,IND,99,106,1
2006-11-01,2007,0,,UTA,HOU,107,97,1
2006-11-01,2007,0,,PHO,LAC,112,104,1
2006-11-01,2007,0,,CLE,WAS,97,94,1
2006-11-01,2007,0,,MIN,SAC,92,83,1
2006-11-01,2007,0,,DET,MIL,97,105,1
2006-11-01,2007,0,,NJN,TOR,102,92,1
2006-11-01,2007,0,,GSW,LAL,98,110,1
2006-11-01,2007,0,,BOS,NOK,87,91,1
2006-11-01,2007,0,,MEM,NYK,117,118,1
2006-11-01,2007,0,,SEA,POR,106,110,1
2006-11-01,2007,0,,PHI,ATL,88,75,1
2006-11-01,2007,0,,ORL,CHI,109,94,1
2006-11-02,2007,0,,DAL,SAS,91,97,1
2006-11-02,2007,0,,LAC,DEN,96,95,1
2006-11-03,2007,0,,TOR,MIL,109,92,1
2006-11-03,2007,0,,DEN,MIN,109,112,1
2006-11-03,2007,0,,GSW,POR,102,89,1
2006-11-03,2007,0,,CHI,SAC,88,89,1
2006-11-03,2007,0,,ATL,NYK,102,92,1
2006-11-03,2007,0,,IND,NOK,91,100,1
2006-11-03,2007,0,,ORL,PHI,103,105,1
2006-11-03,2007,0,,PHO,UTA,104,108,1
2006-11-03,2007,0,,SAS,CLE,81,88,1
2006-11-03,2007,0,,MEM,CHO,96,83,1
2006-11-03,2007,0,,BOS,DET,88,101,1
2006-11-03,2007,0,,LAL,SEA,118,112,1
2006-11-03,2007,0,,MIA,NJN,91,85,1
2006-11-04,2007,0,,NYK,IND,95,109,1
2006-11-04,2007,0,,CHO,CLE,92,88,1
2006-11-04,2007,0,,LAC,PHO,114,108,1
2006-11-04,2007,0,,DET,MEM,95,86,1
2006-11-04,2007,0,,WAS,BOS,124,117,1
2006-11-04,2007,0,,UTA,GSW,106,82,1
2006-11-04,2007,0,,MIL,SAC,104,91,1
2006-11-04,2007,0,,HOU,DAL,107,76,1
2006-11-04,2007,0,,POR,MIN,88,86,1
2006-11-05,2007,0,,ATL,ORL,95,82,1
2006-11-05,2007,0,,NOK,HOU,96,90,1
2006-11-05,2007,0,,PHI,MIA,107,98,1
2006-11-05,2007,0,,TOR,SAS,94,103,1
2006-11-05,2007,0,,SEA,LAL,117,101,1
2006-11-06,2007,0,,LAC,POR,102,89,1
2006-11-06,2007,0,,DAL,GSW,104,107,1
2006-11-06,2007,0,,UTA,DET,103,101,1
2006-11-06,2007,0,,SAC,MIN,93,81,1
2006-11-06,2007,0,,ORL,WAS,106,103,1
2006-11-06,2007,0,,NYK,SAS,93,105,1
2006-11-06,2007,0,,CHI,MIL,110,85,1
2006-11-07,2007,0,,LAL,MIN,95,88,1
2006-11-07,2007,0,,MIA,SEA,90,87,1
2006-11-07,2007,0,,NOK,GSW,97,93,1
2006-11-07,2007,0,,MEM,HOU,80,86,1
2006-11-07,2007,0,,IND,PHI,97,86,1
2006-11-07,2007,0,,CLE,ATL,95,104,1
2006-11-08,2007,0,,BOS,CHO,110,108,1
2006-11-08,2007,0,,SAS,PHO,111,106,1
2006-11-08,2007,0,,POR,LAL,101,90,1
2006-11-08,2007,0,,ORL,SEA,88,87,1
2006-11-08,2007,0,,NJN,UTA,96,89,1
2006-11-08,2007,0,,DEN,NYK,107,109,1
2006-11-08,2007,0,,LAC,DAL,103,85,1
2006-11-08,2007,0,,WAS,IND,117,91,1
2006-11-08,2007,0,,SAC,DET,99,86,1
2006-11-08,2007,0,,MIL,HOU,93,97,1
2006-11-08,2007,0,,TOR,PHI,106,104,1
2006-11-09,2007,0,,GSW,NOK,121,116,1
2006-11-09,2007,0,,PHO,DAL,112,119,1
2006-11-09,2007,0,,CLE,CHI,113,94,1
2006-11-10,2007,0,,POR,NOK,92,91,1
2006-11-10,2007,0,,NJN,MIA,106,113,1
2006-11-10,2007,0,,LAL,DET,83,97,1
2006-11-10,2007,0,,HOU,NYK,103,94,1
2006-11-10,2007,0,,BOS,UTA,100,107,1
2006-11-10,2007,0,,TOR,ATL,102,111,1
2006-11-10,2007,0,,WAS,MIL,116,111,1
2006-11-10,2007,0,,IND,ORL,93,83,1
2006-11-10,2007,0,,CHO,SEA,85,99,1
2006-11-10,2007,0,,PHI,DEN,101,108,1
2006-11-11,2007,0,,MIN,ORL,98,109,1
2006-11-11,2007,0,,MIL,UTA,111,113,1
2006-11-11,2007,0,,CHI,IND,89,80,1
2006-11-11,2007,0,,CLE,BOS,94,93,1
2006-11-11,2007,0,,GSW,DET,111,79,1
2006-11-11,2007,0,,SAS,NYK,100,92,1
2006-11-11,2007,0,,PHO,MEM,96,87,1
2006-11-11,2007,0,,ATL,SEA,112,113,1
2006-11-12,2007,0,,LAL,MEM,91,81,1
2006-11-12,2007,0,,LAC,NOK,92,76,1
2006-11-12,2007,0,,POR,DAL,96,103,1
2006-11-12,2007,0,,WAS,NJN,93,105,1
2006-11-12,2007,0,,CHO,DEN,101,108,1
2006-11-12,2007,0,,MIA,HOU,72,94,1
2006-11-12,2007,0,,SAC,TOR,107,92,1
2006-11-13,2007,0,,NJN,SEA,113,119,1
2006-11-13,2007,0,,BOS,ORL,89,92,1
2006-11-13,2007,0,,NYK,CLE,96,102,1
2006-11-14,2007,0,,HOU,SAS,84,92,1
2006-11-14,2007,0,,ATL,MIL,101,103,1
2006-11-14,2007,0,,NOK,CHO,94,85,1
2006-11-14,2007,0,,MIN,POR,101,89,1
2006-11-14,2007,0,,DAL,CHI,111,99,1
2006-11-14,2007,0,,GSW,TOR,110,99,1
2006-11-14,2007,0,,UTA,LAC,112,90,1
2006-11-14,2007,0,,MIA,DEN,105,112,1
2006-11-15,2007,0,,SAS,CHO,92,95,1
2006-11-15,2007,0,,NJN,MIL,100,87,1
2006-11-15,2007,0,,SEA,PHI,90,96,1
2006-11-15,2007,0,,DET,NOK,99,100,1
2006-11-15,2007,0,,NYK,WAS,102,82,1
2006-11-15,2007,0,,BOS,IND,114,88,1
2006-11-15,2007,0,,SAC,MEM,115,111,1
2006-11-15,2007,0,,CLE,POR,100,87,1
2006-11-15,2007,0,,ORL,DEN,108,99,1
2006-11-16,2007,0,,GSW,SAC,117,105,1
2006-11-16,2007,0,,HOU,CHI,101,100,1
2006-11-17,2007,0,,LAL,TOR,107,100,1
2006-11-17,2007,0,,DET,WAS,100,91,1
2006-11-17,2007,0,,IND,NJN,91,100,1
2006-11-17,2007,0,,SEA,UTA,109,118,1
2006-11-17,2007,0,,MIA,NYK,76,100,1
2006-11-17,2007,0,,CLE,MIN,92,76,1
2006-11-17,2007,0,,BOS,POR,118,90,1
2006-11-17,2007,0,,MEM,DAL,103,115,1
2006-11-17,2007,0,,SAS,CHI,100,83,1
2006-11-17,2007,0,,PHO,PHI,106,94,1
2006-11-18,2007,0,,MIL,IND,100,102,1
2006-11-18,2007,0,,NYK,BOS,118,122,1
2006-11-18,2007,0,,NJN,POR,68,86,1
2006-11-18,2007,0,,GSW,SEA,107,95,1
2006-11-18,2007,0,,DET,HOU,104,92,1
2006-11-18,2007,0,,DAL,MEM,89,84,1
2006-11-18,2007,0,,WAS,CLE,111,99,1
2006-11-18,2007,0,,ORL,CHO,97,83,1
2006-11-18,2007,0,,MIN,NOK,96,99,1
2006-11-18,2007,0,,DEN,TOR,117,109,1
2006-11-18,2007,0,,ATL,MIA,88,93,1
2006-11-18,2007,0,,UTA,PHO,120,117,1
2006-11-18,2007,0,,LAC,PHI,103,97,1
2006-11-19,2007,0,,SAC,SAS,99,108,1
2006-11-19,2007,0,,LAL,CHI,82,72,1
2006-11-20,2007,0,,SEA,NJN,99,87,1
2006-11-20,2007,0,,NYK,HOU,90,97,1
2006-11-20,2007,0,,GSW,PHO,110,113,1
2006-11-20,2007,0,,MEM,ORL,95,86,1
2006-11-20,2007,0,,UTA,TOR,101,96,1
2006-11-20,2007,0,,POR,SAS,98,107,1
2006-11-20,2007,0,,CHO,DAL,85,93,1
2006-11-21,2007,0,,NOK,MIA,101,86,1
2006-11-21,2007,0,,LAL,LAC,105,101,1
2006-11-21,2007,0,,DEN,CHI,113,109,1
2006-11-21,2007,0,,IND,MIL,93,88,1
2006-11-21,2007,0,,PHI,DET,87,97,1
2006-11-21,2007,0,,CLE,MEM,97,94,1
2006-11-21,2007,0,,DAL,WAS,107,80,1
2006-11-22,2007,0,,MIL,PHI,98,94,1
2006-11-22,2007,0,,SAC,UTA,101,110,1
2006-11-22,2007,0,,TOR,CLE,95,87,1
2006-11-22,2007,0,,CHO,BOS,92,83,1
2006-11-22,2007,0,,HOU,WAS,86,82,1
2006-11-22,2007,0,,LAC,SEA,85,95,1
2006-11-22,2007,0,,PHO,NOK,92,83,1
2006-11-22,2007,0,,ORL,IND,96,91,1
2006-11-22,2007,0,,MIN,NYK,107,89,1
2006-11-22,2007,0,,POR,NJN,100,97,1
2006-11-22,2007,0,,SAS,MIA,106,86,1
2006-11-22,2007,0,,DET,ATL,103,98,1
2006-11-22,2007,0,,GSW,DEN,112,115,1
2006-11-24,2007,0,,SEA,SAC,100,109,1
2006-11-24,2007,0,,NOK,MIN,79,86,1
2006-11-24,2007,0,,MEM,WAS,95,80,1
2006-11-24,2007,0,,DEN,GSW,140,129,1
2006-11-24,2007,0,,IND,CLE,97,87,1
2006-11-24,2007,0,,PHO,NJN,99,93,1
2006-11-24,2007,0,,ATL,TOR,97,93,1
2006-11-24,2007,0,,BOS,NYK,77,101,1
2006-11-24,2007,0,,MIA,ORL,104,107,1
2006-11-24,2007,0,,PHI,CHI,123,108,1
2006-11-24,2007,0,,DET,CHO,104,95,1
2006-11-24,2007,0,,UTA,LAL,114,108,1
2006-11-24,2007,0,,SAS,DAL,92,95,1
2006-11-25,2007,0,,WAS,DET,111,115,1
2006-11-25,2007,0,,SAC,POR,105,85,1
2006-11-25,2007,0,,ORL,ATL,98,79,1
2006-11-25,2007,0,,MIN,LAC,104,96,1
2006-11-25,2007,0,,MIL,BOS,98,111,1
2006-11-25,2007,0,,HOU,MEM,85,76,1
2006-11-25,2007,0,,GSW,UTA,91,78,1
2006-11-25,2007,0,,DAL,NOK,85,73,1
2006-11-25,2007,0,,CHO,MIA,93,102,1
2006-11-25,2007,0,,NYK,CHI,95,106,1
2006-11-25,2007,0,,CLE,PHI,108,95,1
2006-11-26,2007,0,,POR,PHO,101,119,1
2006-11-26,2007,0,,DEN,LAC,103,88,1
2006-11-26,2007,0,,LAL,NJN,99,93,1
2006-11-26,2007,0,,SEA,SAS,78,98,1
2006-11-26,2007,0,,TOR,IND,92,83,1
2006-11-27,2007,0,,MIA,PHI,103,91,1
2006-11-27,2007,0,,GSW,SAS,111,102,1
2006-11-27,2007,0,,UTA,ORL,75,88,1
2006-11-27,2007,0,,DAL,MIN,93,87,1
2006-11-28,2007,0,,DEN,MEM,96,108,1
2006-11-28,2007,0,,CHI,NYK,102,85,1
2006-11-28,2007,0,,NOK,TOR,77,94,1
2006-11-28,2007,0,,POR,IND,97,105,1
2006-11-28,2007,0,,NJN,CHO,92,96,1
2006-11-28,2007,0,,LAL,MIL,105,109,1
2006-11-28,2007,0,,HOU,MIN,82,75,1
2006-11-28,2007,0,,WAS,ATL,96,95,1
2006-11-28,2007,0,,SAC,LAC,93,80,1
2006-11-29,2007,0,,PHO,HOU,102,91,1
2006-11-29,2007,0,,LAC,MEM,105,90,1
2006-11-29,2007,0,,GSW,IND,106,108,1
2006-11-29,2007,0,,DAL,TOR,117,98,1
2006-11-29,2007,0,,UTA,SAS,83,75,1
2006-11-29,2007,0,,SEA,ORL,84,94,1
2006-11-29,2007,0,,ATL,CHO,99,90,1
2006-11-29,2007,0,,BOS,NJN,103,106,1
2006-11-29,2007,0,,CLE,NYK,98,101,1
2006-11-30,2007,0,,MIA,DET,85,87,1
2006-11-30,2007,0,,LAL,UTA,132,102,1
2006-12-01,2007,0,,PHO,MIL,122,116,1
2006-12-01,2007,0,,ATL,CLE,95,106,1
2006-12-01,2007,0,,SEA,IND,105,103,1
2006-12-01,2007,0,,DAL,SAC,109,90,1
2006-12-01,2007,0,,TOR,BOS,106,102,1
2006-12-01,2007,0,,POR,ORL,89,91,1
2006-12-01,2007,0,,MIN,DEN,92,106,1
2006-12-01,2007,0,,NOK,CHI,108,111,1
2006-12-01,2007,0,,WAS,CHO,121,109,1
2006-12-01,2007,0,,DET,NYK,108,100,1
2006-12-02,2007,0,,NYK,TOR,100,103,1
2006-12-02,2007,0,,CHI,WAS,112,94,1
2006-12-02,2007,0,,MEM,MIA,97,98,1
2006-12-02,2007,0,,SAS,SAC,100,98,1
2006-12-02,2007,0,,NJN,PHI,112,107,1
2006-12-02,2007,0,,LAC,LAL,88,97,1
2006-12-02,2007,0,,HOU,CLE,81,63,1
2006-12-02,2007,0,,GSW,MIL,110,115,1
2006-12-02,2007,0,,UTA,SEA,109,107,1
2006-12-02,2007,0,,DEN,IND,121,101,1
2006-12-03,2007,0,,POR,ATL,96,107,1
2006-12-03,2007,0,,CHO,DET,97,89,1
2006-12-03,2007,0,,PHI,MIN,84,95,1
2006-12-03,2007,0,,LAC,ORL,116,91,1
2006-12-04,2007,0,,LAL,IND,101,87,1
2006-12-04,2007,0,,SAS,GSW,129,89,1
2006-12-04,2007,0,,WAS,DAL,106,97,1
2006-12-04,2007,0,,SAC,ORL,89,92,1
2006-12-04,2007,0,,UTA,MIL,101,88,1
2006-12-04,2007,0,,CHI,BOS,100,82,1
2006-12-04,2007,0,,NYK,MEM,98,90,1
2006-12-05,2007,0,,NJN,DAL,75,92,1
2006-12-05,2007,0,,LAC,MIA,101,97,1
2006-12-05,2007,0,,HOU,GSW,118,90,1
2006-12-05,2007,0,,SEA,ATL,102,87,1
2006-12-05,2007,0,,PHO,SAC,127,102,1
2006-12-05,2007,0,,DET,POR,85,88,1
2006-12-06,2007,0,,IND,ORL,94,80,1
2006-12-06,2007,0,,BOS,MEM,96,98,1
2006-12-06,2007,0,,NYK,WAS,102,113,1
2006-12-06,2007,0,,MIL,POR,102,94,1
2006-12-06,2007,0,,CLE,TOR,95,91,1
2006-12-06,2007,0,,CHI,PHI,121,94,1
2006-12-06,2007,0,,LAL,NOK,89,105,1
2006-12-06,2007,0,,CHO,SAS,76,96,1
2006-12-06,2007,0,,MIN,HOU,90,84,1
2006-12-06,2007,0,,DEN,ATL,96,98,1
2006-12-07,2007,0,,SAC,MIA,91,93,1
2006-12-07,2007,0,,DAL,DET,82,92,1
2006-12-07,2007,0,,NJN,PHO,157,161,1
2006-12-08,2007,0,,MIL,MEM,100,94,1
2006-12-08,2007,0,,CHO,HOU,62,92,1
2006-12-08,2007,0,,DEN,MIA,123,107,1
2006-12-08,2007,0,,IND,POR,108,95,1
2006-12-08,2007,0,,MIN,UTA,110,103,1
2006-12-08,2007,0,,ORL,DET,83,87,1
2006-12-08,2007,0,,SAS,LAC,111,82,1
2006-12-08,2007,0,,BOS,PHO,111,116,1
2006-12-08,2007,0,,CHI,TOR,93,90,1
2006-12-08,2007,0,,LAL,ATL,106,95,1
2006-12-08,2007,0,,SEA,NOK,94,74,1
2006-12-08,2007,0,,PHI,WAS,98,113,1
2006-12-09,2007,0,,MEM,LAC,82,89,1
2006-12-09,2007,0,,CHI,MIN,81,91,1
2006-12-09,2007,0,,DAL,DEN,105,90,1
2006-12-09,2007,0,,GSW,NOK,101,80,1
2006-12-09,2007,0,,NJN,BOS,90,92,1
2006-12-09,2007,0,,ORL,PHI,86,84,1
2006-12-09,2007,0,,WAS,HOU,109,114,1
2006-12-09,2007,0,,NYK,MIL,115,107,1
2006-12-09,2007,0,,CLE,IND,107,75,1
2006-12-10,2007,0,,TOR,POR,83,93,1
2006-12-10,2007,0,,LAL,SAS,106,99,1
2006-12-10,2007,0,,CHO,PHO,84,114,1
2006-12-10,2007,0,,SAC,ATL,117,92,1
2006-12-10,2007,0,,SEA,GSW,117,115,1
2006-12-11,2007,0,,MIA,TOR,99,77,1
2006-12-11,2007,0,,NOK,CLE,95,89,1
2006-12-11,2007,0,,PHI,POR,79,81,1
2006-12-11,2007,0,,ORL,PHO,89,103,1
2006-12-11,2007,0,,CHI,IND,106,91,1
2006-12-11,2007,0,,LAC,SAS,81,103,1
2006-12-11,2007,0,,NJN,MEM,105,92,1
2006-12-11,2007,0,,NYK,BOS,90,97,1
2006-12-11,2007,0,,UTA,DAL,101,79,1
2006-12-12,2007,0,,GSW,SAC,126,113,1
2006-12-12,2007,0,,ATL,DEN,87,100,1
2006-12-12,2007,0,,HOU,LAL,94,102,1
2006-12-12,2007,0,,MIL,SEA,94,93,1
2006-12-13,2007,0,,MEM,POR,79,85,1
2006-12-13,2007,0,,SAS,MIN,95,82,1
2006-12-13,2007,0,,ORL,TOR,84,91,1
2006-12-13,2007,0,,PHI,BOS,81,101,1
2006-12-13,2007,0,,DAL,LAL,110,101,1
2006-12-13,2007,0,,NJN,MIL,108,95,1
2006-12-13,2007,0,,LAC,UTA,86,105,1
2006-12-13,2007,0,,CHI,SEA,99,84,1
2006-12-13,2007,0,,IND,DET,101,90,1
2006-12-13,2007,0,,CLE,CHO,104,101,1
2006-12-13,2007,0,,MIA,PHO,89,99,1
2006-12-13,2007,0,,NYK,ATL,94,82,1
2006-12-13,2007,0,,WAS,DEN,120,91,1
2006-12-14,2007,0,,CHO,ORL,99,89,1
2006-12-14,2007,0,,NOK,SAS,77,103,1
2006-12-14,2007,0,,GSW,HOU,109,107,1
2006-12-15,2007,0,,LAL,HOU,112,101,1
2006-12-15,2007,0,,CLE,SEA,106,84,1
2006-12-15,2007,0,,CHI,MIL,117,111,1
2006-12-15,2007,0,,TOR,NJN,90,78,1
2006-12-15,2007,0,,WAS,MIA,106,95,1
2006-12-15,2007,0,,UTA,SAC,97,98,1
2006-12-15,2007,0,,POR,LAC,109,99,1
2006-12-15,2007,0,,IND,NYK,112,96,1
2006-12-15,2007,0,,DAL,PHI,93,79,1
2006-12-15,2007,0,,PHO,GSW,105,101,1
2006-12-15,2007,0,,BOS,DEN,119,114,1
2006-12-15,2007,0,,MEM,ATL,88,97,1
2006-12-16,2007,0,,SAC,PHO,98,105,1
2006-12-16,2007,0,,NYK,DEN,100,123,1
2006-12-16,2007,0,,NJN,DET,82,90,1
2006-12-16,2007,0,,MIL,MIN,108,104,1
2006-12-16,2007,0,,MIA,MEM,98,90,1
2006-12-16,2007,0,,CHO,BOS,100,106,1
2006-12-16,2007,0,,SAS,PHI,103,98,1
2006-12-16,2007,0,,ORL,CLE,81,74,1
2006-12-16,2007,0,,NOK,DAL,79,90,1
2006-12-16,2007,0,,ATL,CHI,104,106,1
2006-12-17,2007,0,,DET,SEA,97,93,1
2006-12-17,2007,0,,IND,UTA,94,104,1
2006-12-17,2007,0,,TOR,GSW,120,115,1
2006-12-17,2007,0,,LAC,HOU,103,108,1
2006-12-17,2007,0,,LAL,WAS,141,147,1
2006-12-18,2007,0,,SAC,DAL,91,109,1
2006-12-18,2007,0,,NYK,UTA,97,96,1
2006-12-18,2007,0,,NJN,GSW,105,97,1
2006-12-18,2007,0,,MIA,NOK,101,99,1
2006-12-18,2007,0,,MEM,SEA,134,126,1
2006-12-18,2007,0,,DEN,WAS,117,108,1
2006-12-19,2007,0,,PHO,TOR,115,98,1
2006-12-19,2007,0,,CHI,LAL,94,89,1
2006-12-20,2007,0,,SEA,DAL,95,103,1
2006-12-20,2007,0,,NYK,CHO,111,109,1
2006-12-20,2007,0,,LAC,TOR,96,98,1
2006-12-20,2007,0,,POR,HOU,89,87,1
2006-12-20,2007,0,,PHI,IND,93,101,1
2006-12-20,2007,0,,MIN,LAL,94,111,1
2006-12-20,2007,0,,SAS,MEM,105,98,1
2006-12-20,2007,0,,ATL,UTA,106,112,1
2006-12-20,2007,0,,MIL,MIA,121,95,1
2006-12-20,2007,0,,BOS,GSW,95,96,1
2006-12-20,2007,0,,NJN,CLE,113,111,1
2006-12-20,2007,0,,ORL,NOK,86,83,1
2006-12-21,2007,0,,CLE,DET,71,87,1
2006-12-21,2007,0,,SAC,WAS,119,126,1
2006-12-22,2007,0,,DAL,LAC,115,83,1
2006-12-22,2007,0,,PHO,WAS,139,144,1
2006-12-22,2007,0,,NYK,CHI,103,92,1
2006-12-22,2007,0,,NJN,LAL,95,99,1
2006-12-22,2007,0,,CHO,UTA,101,89,1
2006-12-22,2007,0,,SAS,HOU,78,97,1
2006-12-22,2007,0,,POR,TOR,100,101,1
2006-12-22,2007,0,,ORL,GSW,108,117,1
2006-12-22,2007,0,,DEN,SAC,96,101,1
2006-12-22,2007,0,,BOS,PHI,83,98,1
2006-12-22,2007,0,,NOK,MEM,100,97,1
2006-12-22,2007,0,,ATL,IND,90,100,1
2006-12-22,2007,0,,MIN,MIL,107,113,1
2006-12-23,2007,0,,MIA,GSW,105,92,1
2006-12-23,2007,0,,MEM,UTA,97,100,1
2006-12-23,2007,0,,CLE,ORL,86,83,1
2006-12-23,2007,0,,PHI,NYK,98,77,1
2006-12-23,2007,0,,MIL,NJN,115,104,1
2006-12-23,2007,0,,HOU,LAC,93,98,1
2006-12-23,2007,0,,NOK,SAS,77,112,1
2006-12-23,2007,0,,DET,ATL,108,81,1
2006-12-23,2007,0,,IND,MIN,71,78,1
2006-12-23,2007,0,,SEA,TOR,110,97,1
2006-12-23,2007,0,,CHI,CHO,115,76,1
2006-12-25,2007,0,,MIA,LAL,101,85,1
2006-12-26,2007,0,,UTA,LAC,102,92,1
2006-12-26,2007,0,,SAS,MIL,107,114,1
2006-12-26,2007,0,,IND,HOU,81,76,1
2006-12-26,2007,0,,GSW,PHI,116,97,1
2006-12-26,2007,0,,DEN,BOS,116,105,1
2006-12-26,2007,0,,MIN,CHI,100,98,1
2006-12-26,2007,0,,PHO,POR,110,87,1
2006-12-26,2007,0,,SEA,NOK,102,94,1
2006-12-26,2007,0,,WAS,MEM,116,101,1
2006-12-26,2007,0,,DAL,CHO,97,84,1
2006-12-26,2007,0,,DET,NJN,92,91,1
2006-12-27,2007,0,,NJN,HOU,71,96,1
2006-12-27,2007,0,,LAC,BOS,100,77,1
2006-12-27,2007,0,,CHO,WAS,107,114,1
2006-12-27,2007,0,,MEM,MIL,96,112,1
2006-12-27,2007,0,,NYK,DET,151,145,1
2006-12-27,2007,0,,TOR,MIN,100,97,1
2006-12-27,2007,0,,POR,NOK,100,85,1
2006-12-27,2007,0,,ORL,LAL,93,106,1
2006-12-27,2007,0,,ATL,CLE,76,89,1
2006-12-27,2007,0,,CHI,MIA,109,103,1
2006-12-27,2007,0,,SAC,PHI,101,76,1
2006-12-28,2007,0,,SAS,UTA,106,83,1
2006-12-28,2007,0,,DEN,SEA,112,98,1
2006-12-28,2007,0,,DAL,PHO,101,99,1
2006-12-29,2007,0,,HOU,ATL,94,68,1
2006-12-29,2007,0,,DET,IND,92,93,1
2006-12-29,2007,0,,MIA,NJN,81,91,1
2006-12-29,2007,0,,CHO,LAL,133,124,1
2006-12-29,2007,0,,WAS,ORL,112,111,1
2006-12-29,2007,0,,POR,PHI,95,98,1
2006-12-29,2007,0,,PHO,NYK,108,86,1
2006-12-29,2007,0,,CLE,MIL,109,99,1
2006-12-29,2007,0,,GSW,BOS,110,100,1
2006-12-29,2007,0,,MIN,SEA,101,82,1
2006-12-29,2007,0,,LAC,SAC,102,93,1
2006-12-29,2007,0,,NOK,DEN,99,89,1
2006-12-29,2007,0,,TOR,CHI,97,107,1
2006-12-30,2007,0,,MIL,WAS,119,102,1
2006-12-30,2007,0,,MEM,TOR,110,104,1
2006-12-30,2007,0,,CHI,CLE,103,96,1
2006-12-30,2007,0,,DAL,NOK,94,80,1
2006-12-30,2007,0,,NJN,MIN,100,92,1
2006-12-30,2007,0,,IND,CHO,102,113,1
2006-12-30,2007,0,,ORL,MIA,97,68,1
2006-12-30,2007,0,,SAC,GSW,119,96,1
2006-12-30,2007,0,,UTA,POR,96,86,1
2006-12-31,2007,0,,SAS,ATL,95,81,1
2006-12-31,2007,0,,LAC,NYK,90,80,1
2006-12-31,2007,0,,HOU,MEM,111,109,1
2006-12-31,2007,0,,LAL,PHI,104,94,1
2006-12-31,2007,0,,DEN,DAL,85,89,1
2006-12-31,2007,0,,DET,PHO,101,108,1
2006-12-31,2007,0,,SEA,BOS,101,95,1
2007-01-01,2007,0,,CHO,MIN,96,102,1
2007-01-01,2007,0,,POR,BOS,81,89,1
2007-01-02,2007,0,,CLE,SAS,82,78,1
2007-01-02,2007,0,,SAC,NYK,112,100,1
2007-01-02,2007,0,,CHI,PHO,96,97,1
2007-01-02,2007,0,,ORL,LAC,91,86,1
2007-01-02,2007,0,,NOK,GSW,89,97,1
2007-01-02,2007,0,,DEN,PHI,97,108,1
2007-01-02,2007,0,,DAL,SEA,112,88,1
2007-01-03,2007,0,,UTA,PHI,98,87,1
2007-01-03,2007,0,,BOS,CLE,104,107,1
2007-01-03,2007,0,,MIA,LAC,95,110,1
2007-01-03,2007,0,,MEM,GSW,144,135,1
2007-01-03,2007,0,,HOU,SEA,103,96,1
2007-01-03,2007,0,,POR,NYK,81,99,1
2007-01-03,2007,0,,MIN,SAS,103,101,1
2007-01-03,2007,0,,WAS,MIL,108,105,1
2007-01-03,2007,0,,TOR,PHO,98,100,1
2007-01-04,2007,0,,NOK,DET,68,92,1
2007-01-04,2007,0,,DAL,IND,100,91,1
2007-01-04,2007,0,,SAC,LAL,128,132,1
2007-01-05,2007,0,,NJN,CHI,91,86,1
2007-01-05,2007,0,,MEM,BOS,119,128,1
2007-01-05,2007,0,,MIN,PHI,104,102,1
2007-01-05,2007,0,,PHO,MIA,108,80,1
2007-01-05,2007,0,,MIL,CLE,86,95,1
2007-01-05,2007,0,,LAL,DEN,123,104,1
2007-01-05,2007,0,,HOU,UTA,100,86,1
2007-01-05,2007,0,,TOR,ATL,105,92,1
2007-01-05,2007,0,,WAS,LAC,116,105,1
2007-01-05,2007,0,,SAS,DAL,85,90,1
2007-01-05,2007,0,,ORL,CHO,106,74,1
2007-01-05,2007,0,,SEA,NYK,93,111,1
2007-01-06,2007,0,,GSW,SEA,108,104,1
2007-01-06,2007,0,,CHI,DET,106,89,1
2007-01-06,2007,0,,SAC,POR,105,110,1
2007-01-06,2007,0,,DEN,UTA,84,96,1
2007-01-06,2007,0,,NOK,IND,93,100,1
2007-01-06,2007,0,,CLE,NJN,96,91,1
2007-01-06,2007,0,,ATL,LAC,86,74,1
2007-01-07,2007,0,,ORL,BOS,87,79,1
2007-01-07,2007,0,,MIN,HOU,103,99,1
2007-01-07,2007,0,,TOR,WAS,116,111,1
2007-01-07,2007,0,,LAL,DAL,101,98,1
2007-01-07,2007,0,,POR,MIA,90,93,1
2007-01-07,2007,0,,PHO,GSW,128,105,1
2007-01-07,2007,0,,MEM,SAS,96,110,1
2007-01-08,2007,0,,CHI,HOU,77,84,1
2007-01-08,2007,0,,NOK,LAC,90,100,1
2007-01-08,2007,0,,DEN,MIL,104,92,1
2007-01-09,2007,0,,SAS,POR,98,84,1
2007-01-09,2007,0,,IND,ATL,91,72,1
2007-01-09,2007,0,,PHO,SEA,113,102,1
2007-01-09,2007,0,,NJN,TOR,101,86,1
2007-01-09,2007,0,,MEM,LAL,128,118,1
2007-01-09,2007,0,,UTA,DAL,105,108,1
2007-01-09,2007,0,,SAC,CLE,98,108,1
2007-01-09,2007,0,,PHI,DET,89,98,1
2007-01-10,2007,0,,DEN,SAS,83,92,1
2007-01-10,2007,0,,NYK,PHI,106,99,1
2007-01-10,2007,0,,HOU,LAL,102,77,1
2007-01-10,2007,0,,GSW,ORL,76,91,1
2007-01-10,2007,0,,DET,CHO,96,103,1
2007-01-10,2007,0,,BOS,IND,84,97,1
2007-01-10,2007,0,,WAS,CHI,113,103,1
2007-01-10,2007,0,,SEA,MIA,103,107,1
2007-01-10,2007,0,,ATL,NOK,77,96,1
2007-01-10,2007,0,,MIN,LAC,91,92,1
2007-01-10,2007,0,,DAL,POR,99,74,1
2007-01-10,2007,0,,MIL,TOR,77,90,1
2007-01-11,2007,0,,PHO,CLE,109,90,1
2007-01-11,2007,0,,CHI,NJN,83,86,1
2007-01-12,2007,0,,IND,DAL,113,115,1
2007-01-12,2007,0,,SEA,UTA,122,114,1
2007-01-12,2007,0,,NYK,CHO,110,126,1
2007-01-12,2007,0,,LAL,ORL,109,106,1
2007-01-12,2007,0,,BOS,TOR,86,95,1
2007-01-12,2007,0,,ATL,DET,99,93,1
2007-01-12,2007,0,,MEM,MIN,110,116,1
2007-01-12,2007,0,,POR,SAC,95,87,1
2007-01-12,2007,0,,NOK,WAS,104,97,1
2007-01-12,2007,0,,GSW,MIA,96,118,1
2007-01-12,2007,0,,DEN,HOU,86,90,1
2007-01-12,2007,0,,PHI,MIL,110,97,1
2007-01-13,2007,0,,CHI,MEM,111,66,1
2007-01-13,2007,0,,DET,BOS,81,73,1
2007-01-13,2007,0,,PHO,ORL,107,101,1
2007-01-13,2007,0,,CHO,PHI,89,83,1
2007-01-13,2007,0,,LAC,CLE,92,104,1
2007-01-13,2007,0,,UTA,MIA,110,119,1
2007-01-13,2007,0,,SAS,WAS,93,80,1
2007-01-13,2007,0,,SAC,HOU,111,115,1
2007-01-13,2007,0,,MIN,NJN,109,98,1
2007-01-14,2007,0,,TOR,DAL,96,97,1
2007-01-14,2007,0,,POR,DEN,93,109,1
2007-01-15,2007,0,,NJN,IND,105,95,1
2007-01-15,2007,0,,DET,MIN,90,94,1
2007-01-15,2007,0,,PHI,TOR,86,104,1
2007-01-15,2007,0,,CHO,MIL,91,99,1
2007-01-15,2007,0,,WAS,UTA,114,111,1
2007-01-15,2007,0,,CHI,SAS,99,87,1
2007-01-15,2007,0,,NYK,SAC,102,97,1
2007-01-15,2007,0,,MEM,PHO,122,137,1
2007-01-15,2007,0,,ATL,BOS,100,96,1
2007-01-15,2007,0,,LAL,MIA,124,118,1
2007-01-15,2007,0,,GSW,LAC,108,93,1
2007-01-16,2007,0,,SEA,CLE,101,96,1
2007-01-16,2007,0,,DAL,HOU,109,96,1
2007-01-16,2007,0,,NOK,ORL,84,78,1
2007-01-17,2007,0,,MIN,ATL,88,105,1
2007-01-17,2007,0,,LAC,GSW,115,109,1
2007-01-17,2007,0,,HOU,PHO,91,100,1
2007-01-17,2007,0,,DET,UTA,99,100,1
2007-01-17,2007,0,,MEM,PHI,118,102,1
2007-01-17,2007,0,,POR,CLE,94,76,1
2007-01-17,2007,0,,MIL,CHI,90,99,1
2007-01-17,2007,0,,CHO,NJN,85,92,1
2007-01-17,2007,0,,TOR,SAC,101,85,1
2007-01-17,2007,0,,WAS,NYK,99,98,1
2007-01-17,2007,0,,SAS,LAL,96,100,1
2007-01-18,2007,0,,DAL,LAL,114,95,1
2007-01-18,2007,0,,MIA,IND,104,101,1
2007-01-19,2007,0,,ORL,WAS,93,114,1
2007-01-19,2007,0,,DEN,CLE,110,99,1
2007-01-19,2007,0,,BOS,SAC,91,96,1
2007-01-19,2007,0,,ATL,CHO,75,96,1
2007-01-19,2007,0,,TOR,UTA,94,102,1
2007-01-19,2007,0,,PHO,POR,106,101,1
2007-01-19,2007,0,,PHI,MIA,98,95,1
2007-01-19,2007,0,,MIN,DET,98,104,1
2007-01-19,2007,0,,SAS,NOK,99,86,1
2007-01-19,2007,0,,NYK,NJN,100,101,1
2007-01-19,2007,0,,SEA,MIL,99,72,1
2007-01-20,2007,0,,LAC,MEM,112,91,1
2007-01-20,2007,0,,WAS,BOS,115,110,1
2007-01-20,2007,0,,DET,SAC,91,74,1
2007-01-20,2007,0,,CHO,ATL,104,85,1
2007-01-20,2007,0,,NJN,ORL,101,94,1
2007-01-20,2007,0,,HOU,DEN,113,121,1
2007-01-20,2007,0,,NOK,LAL,113,103,1
2007-01-20,2007,0,,GSW,CLE,104,106,1
2007-01-20,2007,0,,CHI,UTA,85,95,1
2007-01-20,2007,0,,IND,NYK,106,108,1
2007-01-21,2007,0,,POR,MIL,99,95,1
2007-01-21,2007,0,,PHI,SAS,85,99,1
2007-01-21,2007,0,,PHO,MIN,131,102,1
2007-01-21,2007,0,,MIA,DAL,93,99,1
2007-01-22,2007,0,,UTA,MIN,106,91,1
2007-01-22,2007,0,,CLE,ORL,79,90,1
2007-01-22,2007,0,,MIA,NYK,101,83,1
2007-01-22,2007,0,,LAL,GSW,108,103,1
2007-01-22,2007,0,,BOS,SAS,89,93,1
2007-01-22,2007,0,,TOR,CHO,105,84,1
2007-01-22,2007,0,,SAC,NJN,88,87,1
2007-01-22,2007,0,,IND,CHI,98,91,1
2007-01-22,2007,0,,DEN,MEM,115,98,1
2007-01-23,2007,0,,PHI,NOK,102,96,1
2007-01-23,2007,0,,SEA,DEN,112,117,1
2007-01-23,2007,0,,LAC,MIL,115,96,1
2007-01-23,2007,0,,WAS,PHO,105,127,1
2007-01-23,2007,0,,ORL,DAL,95,111,1
2007-01-23,2007,0,,CHI,ATL,94,86,1
2007-01-24,2007,0,,BOS,ATL,76,82,1
2007-01-24,2007,0,,POR,MIN,101,98,1
2007-01-24,2007,0,,SAS,HOU,85,90,1
2007-01-24,2007,0,,NYK,PHO,107,112,1
2007-01-24,2007,0,,GSW,NJN,110,109,1
2007-01-24,2007,0,,CHO,DET,92,103,1
2007-01-24,2007,0,,TOR,NOK,90,88,1
2007-01-24,2007,0,,UTA,MEM,130,132,1
2007-01-24,2007,0,,SAC,MIL,114,106,1
2007-01-24,2007,0,,IND,MIA,96,94,1
2007-01-24,2007,0,,CLE,PHI,115,118,1
2007-01-25,2007,0,,LAC,NJN,102,101,1
2007-01-25,2007,0,,CHI,DAL,96,85,1
2007-01-26,2007,0,,LAL,CHO,97,106,1
2007-01-26,2007,0,,SAS,MEM,112,96,1
2007-01-26,2007,0,,PHI,CLE,97,105,1
2007-01-26,2007,0,,DET,WAS,96,99,1
2007-01-26,2007,0,,SEA,MIN,102,100,1
2007-01-26,2007,0,,NYK,MIA,116,96,1
2007-01-26,2007,0,,MIL,PHO,90,98,1
2007-01-26,2007,0,,HOU,POR,99,69,1
2007-01-26,2007,0,,TOR,BOS,96,90,1
2007-01-26,2007,0,,UTA,DEN,116,111,1
2007-01-26,2007,0,,ORL,ATL,90,93,1
2007-01-26,2007,0,,NOK,SAC,88,84,1
2007-01-27,2007,0,,GSW,CHO,131,105,1
2007-01-27,2007,0,,ATL,PHI,89,104,1
2007-01-27,2007,0,,DAL,SAC,106,104,1
2007-01-27,2007,0,,CHI,MIA,100,97,1
2007-01-27,2007,0,,IND,TOR,102,84,1
2007-01-27,2007,0,,DEN,NJN,102,112,1
2007-01-27,2007,0,,NOK,UTA,94,83,1
2007-01-27,2007,0,,LAC,MIN,87,101,1
2007-01-27,2007,0,,MEM,POR,132,135,1
2007-01-28,2007,0,,SEA,LAC,76,98,1
2007-01-28,2007,0,,BOS,WAS,91,105,1
2007-01-28,2007,0,,MIL,NYK,107,105,1
2007-01-28,2007,0,,DET,IND,95,87,1
2007-01-28,2007,0,,CLE,PHO,100,115,1
2007-01-28,2007,0,,LAL,SAS,94,96,1
2007-01-29,2007,0,,DEN,CHO,101,105,1
2007-01-29,2007,0,,HOU,PHI,105,84,1
2007-01-29,2007,0,,UTA,NJN,115,116,1
2007-01-29,2007,0,,MIN,PHO,121,112,1
2007-01-29,2007,0,,ATL,ORL,93,83,1
2007-01-29,2007,0,,MEM,SAC,124,117,1
2007-01-29,2007,0,,NOK,POR,103,91,1
2007-01-30,2007,0,,WAS,DET,104,99,1
2007-01-30,2007,0,,IND,BOS,103,96,1
2007-01-30,2007,0,,CLE,GSW,124,97,1
2007-01-30,2007,0,,DAL,SEA,122,102,1
2007-01-30,2007,0,,MIA,MIL,110,80,1
2007-01-30,2007,0,,NYK,LAL,99,94,1
2007-01-31,2007,0,,NJN,DET,89,113,1
2007-01-31,2007,0,,HOU,SEA,112,102,1
2007-01-31,2007,0,,BOS,LAL,98,111,1
2007-01-31,2007,0,,CHO,NYK,104,87,1
2007-01-31,2007,0,,MEM,DAL,94,95,1
2007-01-31,2007,0,,UTA,SAS,97,93,1
2007-01-31,2007,0,,POR,DEN,100,91,1
2007-01-31,2007,0,,ORL,MIL,98,73,1
2007-01-31,2007,0,,NOK,PHI,78,89,1
2007-01-31,2007,0,,ATL,GSW,115,94,1
2007-01-31,2007,0,,TOR,WAS,119,109,1
2007-01-31,2007,0,,LAC,CHI,110,98,1
2007-01-31,2007,0,,MIN,SAC,98,100,1
2007-02-01,2007,0,,PHO,SAS,103,87,1
2007-02-01,2007,0,,MIA,CLE,92,89,1
2007-02-02,2007,0,,DET,MIL,96,86,1
2007-02-02,2007,0,,SEA,CHI,101,107,1
2007-02-02,2007,0,,CLE,CHO,101,81,1
2007-02-02,2007,0,,ATL,TOR,91,103,1
2007-02-02,2007,0,,PHI,GSW,101,102,1
2007-02-02,2007,0,,IND,LAL,95,84,1
2007-02-02,2007,0,,DEN,POR,114,107,1
2007-02-02,2007,0,,BOS,LAC,89,100,1
2007-02-02,2007,0,,ORL,NJN,119,86,1
2007-02-02,2007,0,,NOK,MIN,90,83,1
2007-02-03,2007,0,,MEM,IND,110,116,1
2007-02-03,2007,0,,MIL,MIA,98,117,1
2007-02-03,2007,0,,ORL,NYK,86,94,1
2007-02-03,2007,0,,HOU,NOK,74,87,1
2007-02-03,2007,0,,DAL,MIN,94,93,1
2007-02-03,2007,0,,CHO,GSW,98,90,1
2007-02-03,2007,0,,WAS,LAL,102,118,1
2007-02-03,2007,0,,SAC,DEN,94,87,1
2007-02-03,2007,0,,POR,CHI,86,88,1
2007-02-03,2007,0,,PHO,UTA,105,108,1
2007-02-04,2007,0,,CLE,DET,78,90,1
2007-02-04,2007,0,,TOR,LAC,122,110,1
2007-02-04,2007,0,,NJN,ATL,99,101,1
2007-02-05,2007,0,,SAC,NOK,105,99,1
2007-02-05,2007,0,,HOU,MIN,105,77,1
2007-02-05,2007,0,,IND,GSW,98,113,1
2007-02-05,2007,0,,DEN,PHO,108,113,1
2007-02-05,2007,0,,ATL,LAL,83,90,1
2007-02-05,2007,0,,UTA,CHI,100,95,1
2007-02-05,2007,0,,PHI,NJN,100,98,1
2007-02-05,2007,0,,MIA,CHO,113,93,1
2007-02-05,2007,0,,WAS,SEA,118,108,1
2007-02-06,2007,0,,DET,BOS,109,102,1
2007-02-06,2007,0,,POR,PHO,102,109,1
2007-02-06,2007,0,,MEM,HOU,90,98,1
2007-02-06,2007,0,,NYK,LAC,102,90,1
2007-02-06,2007,0,,MIL,ORL,116,111,1
2007-02-07,2007,0,,DEN,NOK,112,114,1
2007-02-07,2007,0,,CLE,LAC,94,77,1
2007-02-07,2007,0,,ATL,NJN,85,87,1
2007-02-07,2007,0,,PHI,CHO,92,83,1
2007-02-07,2007,0,,WAS,SAS,83,110,1
2007-02-07,2007,0,,TOR,ORL,113,103,1
2007-02-07,2007,0,,BOS,MIA,79,91,1
2007-02-07,2007,0,,DAL,MEM,113,97,1
2007-02-07,2007,0,,IND,SEA,102,103,1
2007-02-07,2007,0,,MIN,GSW,121,93,1
2007-02-08,2007,0,,DET,LAL,93,78,1
2007-02-08,2007,0,,SAC,CHI,86,77,1
2007-02-08,2007,0,,NOK,MIL,109,101,1
2007-02-09,2007,0,,BOS,NJN,78,92,1
2007-02-09,2007,0,,CLE,MIA,103,79,1
2007-02-09,2007,0,,GSW,CHI,123,121,1
2007-02-09,2007,0,,CHO,POR,100,108,1
2007-02-09,2007,0,,MEM,MIN,105,97,1
2007-02-09,2007,0,,PHO,ATL,111,120,1
2007-02-09,2007,0,,PHI,LAC,89,90,1
2007-02-09,2007,0,,ORL,SAS,106,104,1
2007-02-09,2007,0,,IND,DEN,95,102,1
2007-02-09,2007,0,,TOR,LAL,96,92,1
2007-02-09,2007,0,,DAL,HOU,95,74,1
2007-02-10,2007,0,,NJN,ORL,93,78,1
2007-02-10,2007,0,,UTA,NYK,104,102,1
2007-02-10,2007,0,,MIL,DEN,102,109,1
2007-02-10,2007,0,,HOU,CHO,104,83,1
2007-02-10,2007,0,,DET,TOR,98,92,1
2007-02-10,2007,0,,SEA,SAC,93,114,1
2007-02-10,2007,0,,NOK,MEM,114,99,1
2007-02-11,2007,0,,SAC,SEA,103,114,1
2007-02-11,2007,0,,PHO,CHI,103,116,1
2007-02-11,2007,0,,GSW,ATL,105,106,1
2007-02-11,2007,0,,MIN,BOS,109,107,1
2007-02-11,2007,0,,CLE,LAL,99,90,1
2007-02-11,2007,0,,MIA,SAS,100,85,1
2007-02-11,2007,0,,PHI,DAL,89,106,1
2007-02-11,2007,0,,IND,LAC,94,80,1
2007-02-11,2007,0,,WAS,POR,73,94,1
2007-02-12,2007,0,,DET,LAC,92,74,1
2007-02-12,2007,0,,UTA,ATL,102,76,1
2007-02-12,2007,0,,DEN,GSW,123,111,1
2007-02-13,2007,0,,MIA,POR,104,85,1
2007-02-13,2007,0,,LAL,NYK,106,107,1
2007-02-13,2007,0,,HOU,SAC,109,104,1
2007-02-13,2007,0,,MEM,NOK,108,104,1
2007-02-13,2007,0,,MIL,DAL,93,99,1
2007-02-13,2007,0,,NJN,SAS,82,107,1
2007-02-13,2007,0,,CHI,TOR,111,112,1
2007-02-14,2007,0,,UTA,CLE,99,98,1
2007-02-14,2007,0,,PHI,WAS,85,92,1
2007-02-14,2007,0,,TOR,NJN,120,109,1
2007-02-14,2007,0,,DET,SAS,81,90,1
2007-02-14,2007,0,,CHO,CHI,100,85,1
2007-02-14,2007,0,,LAC,ATL,93,96,1
2007-02-14,2007,0,,GSW,NYK,120,101,1
2007-02-14,2007,0,,BOS,MIL,117,97,1
2007-02-14,2007,0,,SEA,PHO,114,90,1
2007-02-14,2007,0,,ORL,POR,103,91,1
2007-02-14,2007,0,,MIN,DEN,99,94,1
2007-02-14,2007,0,,IND,MEM,114,104,1
2007-02-14,2007,0,,NOK,SAC,110,93,1
2007-02-15,2007,0,,LAL,CLE,108,114,1
2007-02-15,2007,0,,HOU,DAL,77,80,1
2007-02-20,2007,0,,CHO,NOK,104,100,1
2007-02-20,2007,0,,WAS,MIN,112,100,1
2007-02-20,2007,0,,SEA,MEM,121,105,1
2007-02-20,2007,0,,SAC,BOS,104,101,1
2007-02-20,2007,0,,POR,UTA,103,100,1
2007-02-20,2007,0,,MIL,DET,83,84,1
2007-02-20,2007,0,,LAC,PHO,90,115,1
2007-02-20,2007,0,,NYK,ORL,100,94,1
2007-02-20,2007,0,,SAS,DEN,95,80,1
2007-02-20,2007,0,,CHI,ATL,106,81,1
2007-02-21,2007,0,,TOR,CLE,85,86,1
2007-02-21,2007,0,,ATL,SAS,96,103,1
2007-02-21,2007,0,,NJN,NOK,107,111,1
2007-02-21,2007,0,,HOU,MIA,112,102,1
2007-02-21,2007,0,,LAL,POR,108,112,1
2007-02-21,2007,0,,GSW,MEM,118,115,1
2007-02-21,2007,0,,DET,ORL,110,88,1
2007-02-21,2007,0,,PHO,BOS,118,108,1
2007-02-21,2007,0,,PHI,NYK,104,84,1
2007-02-21,2007,0,,MIN,CHO,95,100,1
2007-02-21,2007,0,,IND,MIL,136,129,1
2007-02-22,2007,0,,CLE,CHI,78,84,1
2007-02-22,2007,0,,DAL,MIA,112,100,1
2007-02-22,2007,0,,WAS,SAC,109,106,1
2007-02-23,2007,0,,NYK,MIL,95,93,1
2007-02-23,2007,0,,NJN,SAC,109,96,1
2007-02-23,2007,0,,LAL,BOS,122,96,1
2007-02-23,2007,0,,ATL,HOU,105,99,1
2007-02-23,2007,0,,TOR,IND,110,88,1
2007-02-23,2007,0,,POR,MEM,102,103,1
2007-02-23,2007,0,,ORL,DET,89,94,1
2007-02-23,2007,0,,CHI,WAS,105,90,1
2007-02-23,2007,0,,NOK,SEA,98,97,1
2007-02-23,2007,0,,MIN,PHO,104,116,1
2007-02-23,2007,0,,CHO,PHI,102,87,1
2007-02-23,2007,0,,DEN,UTA,104,114,1
2007-02-24,2007,0,,CHO,TOR,76,93,1
2007-02-24,2007,0,,UTA,BOS,105,87,1
2007-02-24,2007,0,,DAL,DEN,115,95,1
2007-02-24,2007,0,,MIL,PHI,109,90,1
2007-02-24,2007,0,,SAS,SEA,102,71,1
2007-02-24,2007,0,,LAC,GSW,103,90,1
2007-02-25,2007,0,,MIN,WAS,98,94,1
2007-02-25,2007,0,,IND,SAC,93,110,1
2007-02-25,2007,0,,ATL,PHO,106,115,1
2007-02-25,2007,0,,MIA,CLE,86,81,1
2007-02-25,2007,0,,DET,CHI,95,93,1
2007-02-25,2007,0,,GSW,LAL,85,102,1
2007-02-25,2007,0,,NJN,NYK,101,92,1
2007-02-25,2007,0,,ORL,HOU,93,97,1
2007-02-26,2007,0,,HOU,BOS,72,77,1
2007-02-26,2007,0,,SEA,POR,97,73,1
2007-02-26,2007,0,,NYK,MIA,99,93,1
2007-02-26,2007,0,,PHI,SAC,89,82,1
2007-02-26,2007,0,,SAS,TOR,107,91,1
2007-02-26,2007,0,,UTA,LAL,94,102,1
2007-02-26,2007,0,,MEM,DEN,107,111,1
2007-02-26,2007,0,,CHI,ORL,87,94,1
2007-02-26,2007,0,,DAL,ATL,110,87,1
2007-02-26,2007,0,,LAC,CHO,100,93,1
2007-02-27,2007,0,,IND,PHO,92,103,1
2007-02-27,2007,0,,MIL,GSW,122,101,1
2007-02-27,2007,0,,NJN,WAS,113,101,1
2007-02-27,2007,0,,CLE,NOK,97,89,1
2007-02-27,2007,0,,MIN,DAL,65,91,1
2007-02-28,2007,0,,NOK,ATL,107,100,1
2007-02-28,2007,0,,LAC,SEA,96,91,1
2007-02-28,2007,0,,WAS,MIA,83,92,1
2007-02-28,2007,0,,CHI,GSW,113,83,1
2007-02-28,2007,0,,MEM,UTA,88,104,1
2007-02-28,2007,0,,SAC,CHO,135,120,1
2007-02-28,2007,0,,PHI,PHO,99,94,1
2007-02-28,2007,0,,DEN,ORL,111,101,1
2007-02-28,2007,0,,BOS,NYK,102,94,1
2007-02-28,2007,0,,HOU,TOR,90,106,1
2007-03-01,2007,0,,DAL,CLE,95,92,1
2007-03-01,2007,0,,POR,CHO,127,90,1
2007-03-01,2007,0,,SEA,LAC,77,75,1
2007-03-02,2007,0,,PHI,MEM,117,112,1
2007-03-02,2007,0,,WAS,ATL,93,92,1
2007-03-02,2007,0,,NYK,GSW,106,97,1
2007-03-02,2007,0,,MIA,DET,85,82,1
2007-03-02,2007,0,,LAL,SAC,108,116,1
2007-03-02,2007,0,,CHI,NOK,104,93,1
2007-03-02,2007,0,,MIN,UTA,83,109,1
2007-03-02,2007,0,,TOR,MIL,81,94,1
2007-03-02,2007,0,,SAS,ORL,98,74,1
2007-03-02,2007,0,,PHO,IND,115,90,1
2007-03-02,2007,0,,DEN,HOU,97,108,1
2007-03-03,2007,0,,NJN,BOS,88,96,1
2007-03-03,2007,0,,DAL,ORL,103,98,1
2007-03-03,2007,0,,HOU,SAS,74,97,1
2007-03-03,2007,0,,CLE,TOR,120,97,1
2007-03-03,2007,0,,MEM,DET,89,92,1
2007-03-03,2007,0,,ATL,NYK,100,104,1
2007-03-03,2007,0,,POR,SAC,96,104,1
2007-03-03,2007,0,,LAC,IND,87,64,1
2007-03-04,2007,0,,PHI,NJN,99,86,1
2007-03-04,2007,0,,BOS,MIN,124,117,1
2007-03-04,2007,0,,NOK,UTA,94,108,1
2007-03-04,2007,0,,PHO,LAL,99,94,1
2007-03-04,2007,0,,SEA,CHO,96,89,1
2007-03-04,2007,0,,MIL,CHI,121,126,1
2007-03-04,2007,0,,WAS,GSW,107,106,1
2007-03-05,2007,0,,ORL,MIL,99,81,1
2007-03-05,2007,0,,MIA,ATL,88,81,1
2007-03-05,2007,0,,UTA,CHO,120,95,1
2007-03-05,2007,0,,DET,GSW,93,111,1
2007-03-05,2007,0,,LAC,SAS,74,88,1
2007-03-05,2007,0,,CLE,HOU,91,85,1
2007-03-06,2007,0,,SAC,IND,102,98,1
2007-03-06,2007,0,,NYK,SEA,99,100,1
2007-03-06,2007,0,,DAL,NJN,102,89,1
2007-03-06,2007,0,,WAS,TOR,129,109,1
2007-03-06,2007,0,,POR,SAS,94,99,1
2007-03-06,2007,0,,MIN,LAL,117,107,1
2007-03-06,2007,0,,DEN,NOK,106,91,1
2007-03-07,2007,0,,PHI,SEA,92,89,1
2007-03-07,2007,0,,ATL,WAS,100,97,1
2007-03-07,2007,0,,MIL,LAL,110,90,1
2007-03-07,2007,0,,MIA,CHI,103,70,1
2007-03-07,2007,0,,PHO,CHO,115,106,1
2007-03-07,2007,0,,TOR,MEM,94,87,1
2007-03-07,2007,0,,BOS,HOU,80,111,1
2007-03-07,2007,0,,DET,CLE,97,101,1
2007-03-07,2007,0,,GSW,DEN,110,96,1
2007-03-07,2007,0,,UTA,IND,94,72,1
2007-03-08,2007,0,,ORL,CHI,76,100,1
2007-03-08,2007,0,,SAC,SAS,93,100,1
2007-03-09,2007,0,,MIA,MIN,105,91,1
2007-03-09,2007,0,,DEN,DET,82,95,1
2007-03-09,2007,0,,PHI,LAL,108,92,1
2007-03-09,2007,0,,ATL,MEM,106,105,1
2007-03-09,2007,0,,BOS,SEA,118,103,1
2007-03-09,2007,0,,HOU,NJN,112,91,1
2007-03-09,2007,0,,GSW,LAC,99,89,1
2007-03-09,2007,0,,PHO,NOK,104,103,1
2007-03-10,2007,0,,SAS,NJN,93,77,1
2007-03-10,2007,0,,MIL,CLE,92,94,1
2007-03-10,2007,0,,IND,PHI,96,100,1
2007-03-10,2007,0,,UTA,NOK,96,86,1
2007-03-10,2007,0,,WAS,NYK,89,90,1
2007-03-10,2007,0,,CHO,MEM,107,115,1
2007-03-10,2007,0,,ATL,MIN,99,93,1
2007-03-11,2007,0,,TOR,SEA,120,119,1
2007-03-11,2007,0,,BOS,CHI,78,94,1
2007-03-11,2007,0,,LAL,DAL,72,108,1
2007-03-11,2007,0,,POR,GSW,106,87,1
2007-03-11,2007,0,,LAC,DET,80,98,1
2007-03-11,2007,0,,HOU,ORL,103,92,1
2007-03-11,2007,0,,SAC,DEN,101,113,1
2007-03-11,2007,0,,CLE,IND,99,88,1
2007-03-11,2007,0,,MIA,WAS,106,104,1
2007-03-12,2007,0,,MEM,NJN,102,113,1
2007-03-12,2007,0,,CHO,ORL,119,108,1
2007-03-12,2007,0,,GSW,DAL,117,100,1
2007-03-12,2007,0,,MIL,TOR,93,108,1
2007-03-12,2007,0,,PHO,HOU,103,82,1
2007-03-13,2007,0,,ATL,PHI,104,92,1
2007-03-13,2007,0,,CHI,BOS,95,87,1
2007-03-13,2007,0,,SAS,LAC,93,84,1
2007-03-13,2007,0,,MIN,IND,86,81,1
2007-03-13,2007,0,,DEN,POR,107,99,1
2007-03-13,2007,0,,NOK,NJN,108,112,1
2007-03-13,2007,0,,MIA,UTA,88,86,1
2007-03-13,2007,0,,SEA,DET,97,101,1
2007-03-13,2007,0,,CLE,SAC,124,100,1
2007-03-14,2007,0,,MEM,CLE,96,118,1
2007-03-14,2007,0,,ORL,UTA,101,90,1
2007-03-14,2007,0,,IND,WAS,96,112,1
2007-03-14,2007,0,,BOS,ATL,109,88,1
2007-03-14,2007,0,,CHO,SAC,111,108,1
2007-03-14,2007,0,,TOR,NYK,104,94,1
2007-03-14,2007,0,,POR,DET,75,87,1
2007-03-14,2007,0,,PHI,CHI,87,88,1
2007-03-14,2007,0,,DAL,PHO,127,129,1
2007-03-14,2007,0,,HOU,LAC,109,105,1
2007-03-15,2007,0,,DEN,LAL,113,86,1
2007-03-15,2007,0,,NJN,MIA,86,93,1
2007-03-15,2007,0,,MIL,SAS,101,90,1
2007-03-16,2007,0,,GSW,MIN,106,86,1
2007-03-16,2007,0,,PHI,UTA,89,88,1
2007-03-16,2007,0,,PHO,DET,83,105,1
2007-03-16,2007,0,,TOR,HOU,100,114,1
2007-03-16,2007,0,,CHO,LAC,93,102,1
2007-03-16,2007,0,,DAL,BOS,106,101,1
2007-03-16,2007,0,,LAL,POR,116,111,1
2007-03-16,2007,0,,MIA,SAC,103,97,1
2007-03-16,2007,0,,NYK,NOK,90,92,1
2007-03-17,2007,0,,SAS,BOS,85,91,1
2007-03-17,2007,0,,DEN,PHO,131,107,1
2007-03-17,2007,0,,MIL,CHO,97,91,1
2007-03-17,2007,0,,CLE,UTA,82,73,1
2007-03-17,2007,0,,WAS,NOK,125,103,1
2007-03-17,2007,0,,SEA,GSW,98,99,1
2007-03-17,2007,0,,ORL,SAC,83,95,1
2007-03-17,2007,0,,MEM,CHI,104,103,1
2007-03-17,2007,0,,IND,ATL,113,90,1
2007-03-18,2007,0,,MIA,ORL,83,97,1
2007-03-18,2007,0,,NYK,TOR,92,74,1
2007-03-18,2007,0,,POR,SEA,77,95,1
2007-03-18,2007,0,,PHI,HOU,74,124,1
2007-03-18,2007,0,,NJN,LAC,101,95,1
2007-03-18,2007,0,,LAL,MIN,109,102,1
2007-03-18,2007,0,,DET,DAL,88,92,1
2007-03-19,2007,0,,ATL,SAC,99,76,1
2007-03-19,2007,0,,NOK,BOS,106,88,1
2007-03-20,2007,0,,CHO,CLE,108,100,1
2007-03-20,2007,0,,PHO,MIN,108,90,1
2007-03-20,2007,0,,HOU,IND,86,76,1
2007-03-20,2007,0,,POR,WAS,100,98,1
2007-03-20,2007,0,,NYK,DAL,77,92,1
2007-03-20,2007,0,,DET,PHI,96,75,1
2007-03-20,2007,0,,CHI,LAC,89,103,1
2007-03-20,2007,0,,MEM,NOK,103,114,1
2007-03-20,2007,0,,UTA,GSW,104,100,1
2007-03-20,2007,0,,NJN,DEN,90,94,1
2007-03-21,2007,0,,MIL,LAC,103,104,1
2007-03-21,2007,0,,CLE,DAL,90,98,1
2007-03-21,2007,0,,BOS,CHO,84,92,1
2007-03-21,2007,0,,TOR,ORL,92,85,1
2007-03-21,2007,0,,SAS,IND,90,72,1
2007-03-21,2007,0,,ATL,MIA,83,91,1
2007-03-21,2007,0,,SEA,WAS,106,108,1
2007-03-21,2007,0,,SAC,MIN,89,95,1
2007-03-22,2007,0,,NYK,POR,86,92,1
2007-03-22,2007,0,,MEM,LAL,119,121,1
2007-03-22,2007,0,,HOU,DET,91,85,1
2007-03-22,2007,0,,CHI,DEN,109,108,1
2007-03-22,2007,0,,PHO,SAC,118,100,1
2007-03-23,2007,0,,NOK,LAL,105,111,1
2007-03-23,2007,0,,LAC,UTA,104,72,1
2007-03-23,2007,0,,GSW,WAS,135,128,1
2007-03-23,2007,0,,CLE,NYK,90,68,1
2007-03-23,2007,0,,ATL,POR,100,102,1
2007-03-23,2007,0,,TOR,DEN,121,94,1
2007-03-23,2007,0,,SAS,DET,90,89,1
2007-03-23,2007,0,,PHI,CHO,106,97,1
2007-03-23,2007,0,,IND,MIA,95,70,1
2007-03-23,2007,0,,ORL,NJN,90,82,1
2007-03-23,2007,0,,BOS,DAL,95,109,1
2007-03-23,2007,0,,SEA,MIN,85,82,1
2007-03-24,2007,0,,LAC,WAS,111,105,1
2007-03-24,2007,0,,CHO,NJN,107,113,1
2007-03-24,2007,0,,MIA,PHI,85,93,1
2007-03-24,2007,0,,UTA,MEM,118,108,1
2007-03-25,2007,0,,MIN,POR,94,93,1
2007-03-25,2007,0,,CLE,DEN,93,105,1
2007-03-25,2007,0,,NOK,HOU,106,94,1
2007-03-25,2007,0,,SEA,SAS,79,120,1
2007-03-25,2007,0,,IND,CHI,90,92,1
2007-03-25,2007,0,,SAC,PHO,107,100,1
2007-03-25,2007,0,,MIL,DET,95,121,1
2007-03-25,2007,0,,ATL,DAL,97,104,1
2007-03-25,2007,0,,LAL,GSW,115,113,1
2007-03-26,2007,0,,UTA,WAS,103,97,1
2007-03-26,2007,0,,GSW,SAS,89,126,1
2007-03-26,2007,0,,BOS,TOR,95,87,1
2007-03-26,2007,0,,NYK,ORL,89,94,1
2007-03-26,2007,0,,MIA,ATL,106,89,1
2007-03-26,2007,0,,HOU,MIL,106,87,1
2007-03-26,2007,0,,DET,DEN,113,109,1
2007-03-26,2007,0,,CHI,POR,100,89,1
2007-03-26,2007,0,,PHO,MEM,105,87,1
2007-03-27,2007,0,,MIN,SEA,106,114,1
2007-03-27,2007,0,,LAL,MEM,86,88,1
2007-03-27,2007,0,,IND,CLE,94,105,1
2007-03-27,2007,0,,NOK,DAL,89,105,1
2007-03-28,2007,0,,UTA,MIN,108,102,1
2007-03-28,2007,0,,BOS,ORL,105,96,1
2007-03-28,2007,0,,TOR,MIA,96,83,1
2007-03-28,2007,0,,NJN,IND,118,94,1
2007-03-28,2007,0,,NYK,CLE,97,93,1
2007-03-28,2007,0,,DAL,MIL,105,103,1
2007-03-28,2007,0,,CHO,ATL,101,87,1
2007-03-28,2007,0,,SAS,NOK,92,88,1
2007-03-28,2007,0,,LAC,HOU,87,92,1
2007-03-28,2007,0,,DEN,SEA,97,100,1
2007-03-28,2007,0,,WAS,PHI,111,108,1
2007-03-29,2007,0,,GSW,PHO,124,119,1
2007-03-29,2007,0,,POR,MEM,92,96,1
2007-03-29,2007,0,,CHI,DET,83,81,1
2007-03-30,2007,0,,LAL,HOU,104,107,1
2007-03-30,2007,0,,SAC,LAC,101,105,1
2007-03-30,2007,0,,PHO,DEN,125,108,1
2007-03-30,2007,0,,ORL,IND,95,87,1
2007-03-30,2007,0,,MIN,MIA,77,92,1
2007-03-30,2007,0,,PHI,BOS,88,82,1
2007-03-30,2007,0,,SAS,UTA,102,93,1
2007-03-30,2007,0,,WAS,TOR,118,123,1
2007-03-30,2007,0,,CHO,MIL,97,81,1
2007-03-30,2007,0,,DAL,NYK,105,103,1
2007-03-30,2007,0,,SEA,MEM,120,93,1
2007-03-30,2007,0,,DET,NJN,110,105,1
2007-03-31,2007,0,,CHI,CLE,108,112,1
2007-03-31,2007,0,,NJN,PHI,86,82,1
2007-03-31,2007,0,,NOK,NYK,103,94,1
2007-03-31,2007,0,,POR,LAC,86,99,1
2007-04-01,2007,0,,TOR,CHO,107,94,1
2007-04-01,2007,0,,HOU,UTA,83,86,1
2007-04-01,2007,0,,GSW,MEM,122,117,1
2007-04-01,2007,0,,SEA,DEN,103,114,1
2007-04-01,2007,0,,ORL,MIN,104,105,1
2007-04-01,2007,0,,BOS,CLE,98,96,1
2007-04-01,2007,0,,MIL,WAS,107,121,1
2007-04-01,2007,0,,ATL,CHI,97,105,1
2007-04-01,2007,0,,PHO,DAL,126,104,1
2007-04-01,2007,0,,DET,MIA,94,88,1
2007-04-01,2007,0,,IND,SAS,100,99,1
2007-04-01,2007,0,,LAL,SAC,126,103,1
2007-04-03,2007,0,,MIL,NOK,101,119,1
2007-04-03,2007,0,,LAL,DEN,105,111,1
2007-04-03,2007,0,,CHO,WAS,122,102,1
2007-04-03,2007,0,,MEM,PHO,111,116,1
2007-04-03,2007,0,,SAC,DAL,93,97,1
2007-04-03,2007,0,,MIN,CLE,88,101,1
2007-04-03,2007,0,,IND,DET,85,100,1
2007-04-03,2007,0,,SAS,SEA,110,91,1
2007-04-03,2007,0,,MIA,TOR,92,89,1
2007-04-04,2007,0,,HOU,GSW,99,110,1
2007-04-04,2007,0,,DEN,SAC,120,115,1
2007-04-04,2007,0,,MIL,BOS,98,89,1
2007-04-04,2007,0,,ORL,TOR,108,111,1
2007-04-04,2007,0,,NYK,PHI,90,92,1
2007-04-04,2007,0,,NJN,ATL,101,86,1
2007-04-04,2007,0,,LAC,LAL,90,82,1
2007-04-04,2007,0,,DET,CHI,88,106,1
2007-04-04,2007,0,,WAS,CHO,100,108,1
2007-04-04,2007,0,,POR,UTA,94,89,1
2007-04-04,2007,0,,NOK,SEA,101,92,1
2007-04-05,2007,0,,SAS,PHO,92,85,1
2007-04-05,2007,0,,CLE,MIA,90,94,1
2007-04-06,2007,0,,BOS,MIA,85,88,1
2007-04-06,2007,0,,WAS,CLE,94,99,1
2007-04-06,2007,0,,SEA,LAL,109,112,1
2007-04-06,2007,0,,NYK,MIN,94,99,1
2007-04-06,2007,0,,HOU,POR,78,85,1
2007-04-06,2007,0,,ATL,MIL,115,102,1
2007-04-06,2007,0,,CHO,IND,102,112,1
2007-04-06,2007,0,,SAC,UTA,107,103,1
2007-04-06,2007,0,,PHI,TOR,85,94,1
2007-04-06,2007,0,,NOK,PHO,95,103,1
2007-04-06,2007,0,,CHI,NJN,105,74,1
2007-04-06,2007,0,,MEM,GSW,104,116,1
2007-04-06,2007,0,,DEN,DAL,75,71,1
2007-04-07,2007,0,,IND,BOS,105,98,1
2007-04-07,2007,0,,NJN,WAS,120,114,1
2007-04-07,2007,0,,SAS,GSW,112,99,1
2007-04-07,2007,0,,MIN,NOK,94,96,1
2007-04-07,2007,0,,DAL,POR,86,74,1
2007-04-07,2007,0,,MIL,NYK,113,118,1
2007-04-07,2007,0,,LAC,DEN,93,96,1
2007-04-07,2007,0,,UTA,SEA,103,106,1
2007-04-07,2007,0,,ORL,MEM,116,89,1
2007-04-08,2007,0,,DET,CLE,87,82,1
2007-04-08,2007,0,,TOR,CHI,103,89,1
2007-04-08,2007,0,,MIA,CHO,103,111,1
2007-04-08,2007,0,,LAL,PHO,107,115,1
2007-04-08,2007,0,,SAC,HOU,106,112,1
2007-04-08,2007,0,,PHI,ATL,109,104,1
2007-04-09,2007,0,,MIN,TOR,100,111,1
2007-04-09,2007,0,,GSW,UTA,126,102,1
2007-04-09,2007,0,,DEN,LAL,115,111,1
2007-04-09,2007,0,,NYK,DET,83,91,1
2007-04-09,2007,0,,DAL,LAC,96,86,1
2007-04-09,2007,0,,SEA,HOU,90,95,1
2007-04-09,2007,0,,SAS,POR,112,96,1
2007-04-09,2007,0,,MIL,ORL,94,117,1
2007-04-10,2007,0,,CHI,NYK,98,69,1
2007-04-10,2007,0,,NOK,LAC,103,100,1
2007-04-10,2007,0,,PHI,IND,90,86,1
2007-04-10,2007,0,,WAS,NJN,92,96,1
2007-04-10,2007,0,,CHO,MIA,92,82,1
2007-04-10,2007,0,,MEM,SAC,100,112,1
2007-04-10,2007,0,,ATL,BOS,104,96,1
2007-04-11,2007,0,,SAS,SAC,109,100,1
2007-04-11,2007,0,,MIL,IND,98,104,1
2007-04-11,2007,0,,BOS,PHI,94,102,1
2007-04-11,2007,0,,MIA,WAS,85,82,1
2007-04-11,2007,0,,DET,ORL,104,99,1
2007-04-11,2007,0,,POR,HOU,95,99,1
2007-04-11,2007,0,,UTA,DEN,106,115,1
2007-04-11,2007,0,,MIN,DAL,88,105,1
2007-04-11,2007,0,,PHO,SEA,109,91,1
2007-04-12,2007,0,,LAL,LAC,110,118,1
2007-04-12,2007,0,,CLE,NJN,94,76,1
2007-04-13,2007,0,,NOK,DEN,105,107,1
2007-04-13,2007,0,,MIA,IND,100,96,1
2007-04-13,2007,0,,PHO,LAL,93,85,1
2007-04-13,2007,0,,LAC,POR,107,89,1
2007-04-13,2007,0,,DAL,UTA,89,104,1
2007-04-13,2007,0,,CHI,CHO,100,81,1
2007-04-13,2007,0,,ATL,WAS,85,98,1
2007-04-13,2007,0,,TOR,DET,87,84,1
2007-04-13,2007,0,,MIN,SAS,91,110,1
2007-04-13,2007,0,,SAC,GSW,108,125,1
2007-04-13,2007,0,,BOS,MIL,102,104,1
2007-04-13,2007,0,,NJN,NYK,100,86,1
2007-04-14,2007,0,,UTA,PHO,98,126,1
2007-04-14,2007,0,,MIL,CHO,92,113,1
2007-04-14,2007,0,,CLE,ATL,110,76,1
2007-04-14,2007,0,,MEM,DEN,133,118,1
2007-04-14,2007,0,,POR,SEA,108,102,1
2007-04-14,2007,0,,HOU,NOK,123,112,1
2007-04-14,2007,0,,PHI,ORL,87,104,1
2007-04-15,2007,0,,DET,PHI,91,102,1
2007-04-15,2007,0,,LAC,SAC,100,105,1
2007-04-15,2007,0,,DAL,SAS,91,86,1
2007-04-15,2007,0,,GSW,MIN,121,108,1
2007-04-15,2007,0,,IND,NJN,107,111,1
2007-04-15,2007,0,,LAL,SEA,109,98,1
2007-04-15,2007,0,,TOR,NYK,107,105,1
2007-04-15,2007,0,,ORL,BOS,88,86,1
2007-04-15,2007,0,,WAS,CHI,68,101,1
2007-04-16,2007,0,,UTA,POR,130,93,1
2007-04-16,2007,0,,NYK,NJN,95,104,1
2007-04-16,2007,0,,MIL,ATL,102,96,1
2007-04-16,2007,0,,MIA,BOS,89,91,1
2007-04-16,2007,0,,SAC,NOK,118,125,1
2007-04-16,2007,0,,HOU,PHO,120,117,1
2007-04-16,2007,0,,DEN,MIN,122,107,1
2007-04-16,2007,0,,MEM,SAS,101,91,1
2007-04-17,2007,0,,PHO,LAC,99,103,1
2007-04-17,2007,0,,ATL,IND,118,102,1
2007-04-17,2007,0,,GSW,DAL,111,82,1
2007-04-17,2007,0,,DET,TOR,100,84,1
2007-04-17,2007,0,,PHI,CLE,92,98,1
2007-04-17,2007,0,,WAS,ORL,89,95,1
2007-04-18,2007,0,,SAS,DEN,77,100,1
2007-04-18,2007,0,,CLE,MIL,109,96,1
2007-04-18,2007,0,,NJN,CHI,106,97,1
2007-04-18,2007,0,,LAC,NOK,83,86,1
2007-04-18,2007,0,,IND,WAS,95,98,1
2007-04-18,2007,0,,BOS,DET,89,91,1
2007-04-18,2007,0,,MIN,MEM,94,116,1
2007-04-18,2007,0,,CHO,NYK,93,94,1
2007-04-18,2007,0,,TOR,PHI,119,122,1
2007-04-18,2007,0,,SEA,DAL,75,106,1
2007-04-18,2007,0,,SAC,LAL,106,117,1
2007-04-18,2007,0,,POR,GSW,98,120,1
2007-04-18,2007,0,,ORL,MIA,94,68,1
2007-04-18,2007,0,,UTA,HOU,101,91,1
2007-10-30,2008,0,,SAS,POR,106,97,1
2007-10-30,2008,0,,LAL,HOU,93,95,1
2007-10-30,2008,0,,GSW,UTA,96,117,1
2007-10-31,2008,0,,CLE,DAL,74,92,1
2007-10-31,2008,0,,NJN,CHI,112,103,1
2007-10-31,2008,0,,MEM,SAS,101,104,1
2007-10-31,2008,0,,TOR,PHI,106,97,1
2007-10-31,2008,0,,IND,WAS,119,110,1
2007-10-31,2008,0,,NOP,SAC,104,90,1
2007-10-31,2008,0,,DEN,SEA,120,103,1
2007-10-31,2008,0,,ORL,MIL,102,83,1
2007-11-01,2008,0,,MIA,DET,80,91,1
2007-11-01,2008,0,,UTA,HOU,95,106,1
2007-11-01,2008,0,,SEA,PHO,99,106,1
2007-11-02,2008,0,,ATL,DAL,101,94,1
2007-11-02,2008,0,,BOS,WAS,103,83,1
2007-11-02,2008,0,,SAS,SAC,96,80,1
2007-11-02,2008,0,,PHO,LAL,98,119,1
2007-11-02,2008,0,,NJN,TOR,69,106,1
2007-11-02,2008,0,,CLE,NYK,110,106,1
2007-11-02,2008,0,,CHI,PHI,85,96,1
2007-11-02,2008,0,,ORL,DET,92,116,1
2007-11-02,2008,0,,MIN,DEN,91,99,1
2007-11-02,2008,0,,IND,MIA,87,85,1
2007-11-02,2008,0,,NOP,POR,113,93,1
2007-11-02,2008,0,,LAC,GSW,120,114,1
2007-11-02,2008,0,,CHO,MIL,102,99,1
2007-11-03,2008,0,,WAS,ORL,82,94,1
2007-11-03,2008,0,,MIL,CHI,78,72,1
2007-11-03,2008,0,,HOU,POR,89,80,1
2007-11-03,2008,0,,DAL,SAC,123,102,1
2007-11-03,2008,0,,UTA,GSW,133,110,1
2007-11-03,2008,0,,PHI,NJN,88,93,1
2007-11-03,2008,0,,MEM,IND,111,121,1
2007-11-04,2008,0,,LAL,UTA,119,109,1
2007-11-04,2008,0,,PHO,CLE,103,92,1
2007-11-04,2008,0,,NYK,MIN,97,93,1
2007-11-04,2008,0,,TOR,BOS,95,98,1
2007-11-04,2008,0,,DEN,NOP,88,93,1
2007-11-04,2008,0,,DET,ATL,92,91,1
2007-11-04,2008,0,,MIA,CHO,88,90,1
2007-11-04,2008,0,,LAC,SEA,115,101,1
2007-11-05,2008,0,,DAL,HOU,107,98,1
2007-11-06,2008,0,,NYK,DEN,119,112,1
2007-11-06,2008,0,,LAL,NOP,104,118,1
2007-11-06,2008,0,,HOU,SAS,89,81,1
2007-11-06,2008,0,,CHI,LAC,91,97,1
2007-11-06,2008,0,,MIN,ORL,103,111,1
2007-11-06,2008,0,,MIL,TOR,112,85,1
2007-11-06,2008,0,,CHO,PHO,83,115,1
2007-11-06,2008,0,,GSW,CLE,104,108,1
2007-11-06,2008,0,,SAC,SEA,104,98,1
2007-11-06,2008,0,,NJN,ATL,87,82,1
2007-11-07,2008,0,,POR,NOP,93,90,1
2007-11-07,2008,0,,PHI,CHO,94,63,1
2007-11-07,2008,0,,TOR,ORL,96,105,1
2007-11-07,2008,0,,BOS,DEN,119,93,1
2007-11-07,2008,0,,UTA,CLE,103,101,1
2007-11-07,2008,0,,SEA,MEM,98,105,1
2007-11-07,2008,0,,IND,LAC,89,104,1
2007-11-07,2008,0,,ATL,PHO,105,96,1
2007-11-07,2008,0,,SAS,MIA,88,78,1
2007-11-08,2008,0,,NJN,WAS,87,85,1
2007-11-08,2008,0,,CHI,DET,97,93,1
2007-11-08,2008,0,,GSW,DAL,115,120,1
2007-11-09,2008,0,,NYK,ORL,102,112,1
2007-11-09,2008,0,,BOS,ATL,106,83,1
2007-11-09,2008,0,,NOP,SAS,85,97,1
2007-11-09,2008,0,,PHI,TOR,103,105,1
2007-11-09,2008,0,,POR,MEM,110,98,1
2007-11-09,2008,0,,CHO,IND,96,87,1
2007-11-09,2008,0,,HOU,MIL,104,88,1
2007-11-09,2008,0,,LAL,MIN,107,93,1
2007-11-09,2008,0,,MIA,PHO,101,106,1
2007-11-09,2008,0,,SAC,CLE,91,93,1
2007-11-09,2008,0,,SEA,UTA,101,103,1
2007-11-09,2008,0,,DET,LAC,103,79,1
2007-11-09,2008,0,,WAS,DEN,92,118,1
2007-11-10,2008,0,,IND,DEN,106,113,1
2007-11-10,2008,0,,UTA,MEM,118,94,1
2007-11-10,2008,0,,SAC,MIN,100,93,1
2007-11-10,2008,0,,CHI,TOR,71,101,1
2007-11-10,2008,0,,ORL,PHO,96,106,1
2007-11-10,2008,0,,POR,DAL,91,82,1
2007-11-10,2008,0,,NJN,BOS,101,112,1
2007-11-11,2008,0,,LAC,CLE,95,103,1
2007-11-11,2008,0,,PHI,NOP,72,93,1
2007-11-11,2008,0,,ATL,WAS,90,101,1
2007-11-11,2008,0,,CHO,HOU,82,85,1
2007-11-11,2008,0,,SEA,DET,103,107,1
2007-11-11,2008,0,,NYK,MIA,72,75,1
2007-11-11,2008,0,,SAS,MIL,113,88,1
2007-11-12,2008,0,,UTA,SAC,117,93,1
2007-11-12,2008,0,,DEN,CLE,122,100,1
2007-11-12,2008,0,,NJN,NOP,82,84,1
2007-11-13,2008,0,,SAS,LAL,107,92,1
2007-11-13,2008,0,,MEM,HOU,105,99,1
2007-11-13,2008,0,,POR,DET,102,94,1
2007-11-13,2008,0,,ORL,SEA,103,76,1
2007-11-13,2008,0,,IND,BOS,86,101,1
2007-11-13,2008,0,,CHO,MIA,91,76,1
2007-11-13,2008,0,,PHO,NYK,113,102,1
2007-11-13,2008,0,,DAL,PHI,99,84,1
2007-11-14,2008,0,,HOU,LAL,90,93,1
2007-11-14,2008,0,,DEN,POR,110,93,1
2007-11-14,2008,0,,TOR,UTA,88,92,1
2007-11-14,2008,0,,MIA,SEA,95,104,1
2007-11-14,2008,0,,MIL,MEM,102,99,1
2007-11-14,2008,0,,GSW,DET,104,111,1
2007-11-14,2008,0,,BOS,NJN,91,69,1
2007-11-14,2008,0,,ATL,CHO,117,109,1
2007-11-14,2008,0,,LAC,NYK,84,81,1
2007-11-14,2008,0,,WAS,IND,103,90,1
2007-11-14,2008,0,,CLE,ORL,116,117,1
2007-11-14,2008,0,,MIN,SAC,108,103,1
2007-11-14,2008,0,,NOP,PHI,95,76,1
2007-11-15,2008,0,,DAL,SAS,105,92,1
2007-11-15,2008,0,,PHO,CHI,112,102,1
2007-11-16,2008,0,,GSW,LAC,122,105,1
2007-11-16,2008,0,,NJN,ORL,70,95,1
2007-11-16,2008,0,,CLE,UTA,99,94,1
2007-11-16,2008,0,,BOS,MIA,92,91,1
2007-11-16,2008,0,,MEM,NOP,118,120,1
2007-11-16,2008,0,,SAC,NYK,123,118,1
2007-11-16,2008,0,,TOR,IND,110,101,1
2007-11-16,2008,0,,SAS,HOU,90,84,1
2007-11-16,2008,0,,ATL,SEA,123,126,1
2007-11-16,2008,0,,LAL,DET,103,91,1
2007-11-16,2008,0,,PHI,POR,92,88,1
2007-11-16,2008,0,,MIN,WAS,89,105,1
2007-11-17,2008,0,,HOU,PHO,105,115,1
2007-11-17,2008,0,,IND,UTA,117,97,1
2007-11-17,2008,0,,NJN,MIA,87,91,1
2007-11-17,2008,0,,DAL,MEM,108,105,1
2007-11-17,2008,0,,LAC,CHI,73,92,1
2007-11-17,2008,0,,MIL,ATL,105,96,1
2007-11-17,2008,0,,CHO,SEA,100,84,1
2007-11-17,2008,0,,WAS,POR,109,90,1
2007-11-17,2008,0,,DEN,NYK,115,83,1
2007-11-17,2008,0,,MIN,NOP,82,100,1
2007-11-18,2008,0,,TOR,GSW,100,106,1
2007-11-18,2008,0,,LAL,CHI,106,78,1
2007-11-18,2008,0,,SAC,DET,105,95,1
2007-11-18,2008,0,,ORL,BOS,104,102,1
2007-11-19,2008,0,,MEM,SEA,125,108,1
2007-11-19,2008,0,,UTA,NJN,102,75,1
2007-11-19,2008,0,,NOP,ORL,88,95,1
2007-11-19,2008,0,,CHO,POR,101,92,1
2007-11-20,2008,0,,DAL,TOR,105,99,1
2007-11-20,2008,0,,WAS,PHI,116,101,1
2007-11-20,2008,0,,CLE,MIL,107,111,1
2007-11-20,2008,0,,SAC,PHO,98,100,1
2007-11-20,2008,0,,ATL,SAS,83,95,1
2007-11-20,2008,0,,DEN,CHI,112,91,1
2007-11-20,2008,0,,IND,LAL,114,134,1
2007-11-20,2008,0,,NYK,GSW,82,108,1
2007-11-21,2008,0,,CHO,WAS,111,114,1
2007-11-21,2008,0,,SAS,ORL,128,110,1
2007-11-21,2008,0,,MIL,LAL,110,103,1
2007-11-21,2008,0,,MEM,TOR,89,95,1
2007-11-21,2008,0,,POR,NJN,101,106,1
2007-11-21,2008,0,,PHO,SAC,127,111,1
2007-11-21,2008,0,,MIN,CLE,86,97,1
2007-11-21,2008,0,,NOP,IND,93,105,1
2007-11-21,2008,0,,HOU,DAL,94,100,1
2007-11-21,2008,0,,LAC,DEN,101,90,1
2007-11-21,2008,0,,MIA,ATL,79,82,1
2007-11-21,2008,0,,BOS,GSW,105,82,1
2007-11-21,2008,0,,DET,NYK,98,86,1
2007-11-23,2008,0,,ORL,CHO,105,92,1
2007-11-23,2008,0,,MIA,HOU,98,91,1
2007-11-23,2008,0,,DET,PHI,83,78,1
2007-11-23,2008,0,,DEN,MIN,99,93,1
2007-11-23,2008,0,,PHO,LAC,113,94,1
2007-11-23,2008,0,,BOS,LAL,107,94,1
2007-11-23,2008,0,,POR,SAC,87,84,1
2007-11-23,2008,0,,SEA,NJN,93,98,1
2007-11-23,2008,0,,IND,DAL,111,107,1
2007-11-23,2008,0,,SAS,MEM,101,88,1
2007-11-23,2008,0,,WAS,GSW,115,123,1
2007-11-23,2008,0,,UTA,NOP,99,71,1
2007-11-24,2008,0,,ORL,MIA,120,99,1
2007-11-24,2008,0,,MIN,ATL,87,94,1
2007-11-24,2008,0,,NYK,CHI,85,78,1
2007-11-24,2008,0,,CLE,TOR,111,108,1
2007-11-24,2008,0,,MEM,WAS,124,118,1
2007-11-24,2008,0,,MIL,DAL,97,95,1
2007-11-24,2008,0,,LAC,NOP,89,98,1
2007-11-24,2008,0,,CHO,BOS,95,96,1
2007-11-24,2008,0,,PHI,GSW,98,100,1
2007-11-24,2008,0,,HOU,DEN,109,81,1
2007-11-25,2008,0,,LAL,NJN,100,102,1
2007-11-25,2008,0,,IND,CLE,106,111,1
2007-11-25,2008,0,,TOR,CHI,93,78,1
2007-11-25,2008,0,,DET,UTA,93,103,1
2007-11-25,2008,0,,SEA,SAS,101,116,1
2007-11-26,2008,0,,DAL,WAS,98,110,1
2007-11-26,2008,0,,NYK,UTA,113,109,1
2007-11-26,2008,0,,LAC,HOU,71,88,1
2007-11-26,2008,0,,NOP,MIN,94,103,1
2007-11-26,2008,0,,POR,ORL,74,85,1
2007-11-26,2008,0,,SAC,SAS,112,99,1
2007-11-26,2008,0,,GSW,PHO,129,114,1
2007-11-27,2008,0,,LAL,SEA,106,99,1
2007-11-27,2008,0,,DEN,IND,110,112,1
2007-11-27,2008,0,,NJN,MEM,103,110,1
2007-11-27,2008,0,,CLE,BOS,109,104,1
2007-11-27,2008,0,,MIL,PHI,99,114,1
2007-11-27,2008,0,,CHI,ATL,90,78,1
2007-11-27,2008,0,,MIA,CHO,110,90,1
2007-11-28,2008,0,,POR,IND,89,95,1
2007-11-28,2008,0,,PHI,UTA,95,106,1
2007-11-28,2008,0,,TOR,MEM,103,91,1
2007-11-28,2008,0,,SEA,ORL,94,110,1
2007-11-28,2008,0,,DET,CLE,109,74,1
2007-11-28,2008,0,,SAS,WAS,109,94,1
2007-11-28,2008,0,,ATL,MIL,96,80,1
2007-11-28,2008,0,,PHO,HOU,94,100,1
2007-11-28,2008,0,,SAC,GSW,96,103,1
2007-11-28,2008,0,,DAL,MIN,109,103,1
2007-11-29,2008,0,,GSW,HOU,113,94,1
2007-11-29,2008,0,,LAL,DEN,127,99,1
2007-11-29,2008,0,,BOS,NYK,104,59,1
2007-11-30,2008,0,,ATL,NOP,86,92,1
2007-11-30,2008,0,,NYK,MIL,91,88,1
2007-11-30,2008,0,,PHO,ORL,110,106,1
2007-11-30,2008,0,,UTA,LAL,120,96,1
2007-11-30,2008,0,,DEN,LAC,123,107,1
2007-11-30,2008,0,,MIA,BOS,85,95,1
2007-11-30,2008,0,,SEA,IND,95,93,1
2007-11-30,2008,0,,DAL,POR,91,80,1
2007-11-30,2008,0,,TOR,CLE,91,82,1
2007-11-30,2008,0,,PHI,WAS,85,84,1
2007-11-30,2008,0,,MIN,SAS,91,106,1
2007-12-01,2008,0,,WAS,TOR,101,97,1
2007-12-01,2008,0,,NJN,PHI,94,92,1
2007-12-01,2008,0,,NOP,DAL,112,108,1
2007-12-01,2008,0,,MIL,DET,91,117,1
2007-12-01,2008,0,,SAC,HOU,107,99,1
2007-12-01,2008,0,,MEM,MIN,109,80,1
2007-12-01,2008,0,,CHI,CHO,111,95,1
2007-12-02,2008,0,,NYK,PHO,104,115,1
2007-12-02,2008,0,,SEA,GSW,96,109,1
2007-12-02,2008,0,,LAL,ORL,97,104,1
2007-12-02,2008,0,,BOS,CLE,80,70,1
2007-12-02,2008,0,,LAC,IND,95,101,1
2007-12-02,2008,0,,DEN,MIA,115,89,1
2007-12-02,2008,0,,DET,NJN,118,95,1
2007-12-02,2008,0,,SAS,POR,100,79,1
2007-12-03,2008,0,,PHI,ATL,79,88,1
2007-12-03,2008,0,,GSW,ORL,117,123,1
2007-12-03,2008,0,,CHI,DAL,98,103,1
2007-12-03,2008,0,,TOR,CHO,98,79,1
2007-12-03,2008,0,,MEM,POR,105,106,1
2007-12-03,2008,0,,UTA,MIA,110,101,1
2007-12-04,2008,0,,SAC,UTA,117,107,1
2007-12-04,2008,0,,CLE,NJN,79,100,1
2007-12-04,2008,0,,ATL,DET,95,106,1
2007-12-04,2008,0,,LAC,MIL,78,87,1
2007-12-04,2008,0,,IND,PHO,117,121,1
2007-12-04,2008,0,,MIN,LAL,95,116,1
2007-12-05,2008,0,,GSW,MIL,120,90,1
2007-12-05,2008,0,,SEA,LAC,95,88,1
2007-12-05,2008,0,,SAS,DAL,97,95,1
2007-12-05,2008,0,,NJN,NYK,93,100,1
2007-12-05,2008,0,,CHO,CHI,82,91,1
2007-12-05,2008,0,,TOR,PHO,123,136,1
2007-12-05,2008,0,,WAS,CLE,105,86,1
2007-12-05,2008,0,,DEN,LAL,107,111,1
2007-12-05,2008,0,,NOP,DET,76,91,1
2007-12-05,2008,0,,PHI,BOS,103,113,1
2007-12-05,2008,0,,HOU,MEM,105,92,1
2007-12-06,2008,0,,POR,MIA,112,106,1
2007-12-06,2008,0,,DAL,DEN,109,122,1
2007-12-06,2008,0,,ATL,MIN,90,89,1
2007-12-07,2008,0,,DET,CHI,91,98,1
2007-12-07,2008,0,,GSW,MIA,120,113,1
2007-12-07,2008,0,,PHI,NYK,101,90,1
2007-12-07,2008,0,,SAS,UTA,104,98,1
2007-12-07,2008,0,,SEA,MIL,104,98,1
2007-12-07,2008,0,,NJN,HOU,89,96,1
2007-12-07,2008,0,,BOS,TOR,112,84,1
2007-12-07,2008,0,,WAS,PHO,107,122,1
2007-12-07,2008,0,,SAC,LAC,87,97,1
2007-12-07,2008,0,,ORL,IND,109,115,1
2007-12-07,2008,0,,NOP,MEM,118,116,1
2007-12-08,2008,0,,MIN,PHO,100,93,1
2007-12-08,2008,0,,NYK,PHI,77,105,1
2007-12-08,2008,0,,CHI,BOS,81,92,1
2007-12-08,2008,0,,CHO,CLE,96,93,1
2007-12-08,2008,0,,ATL,MEM,86,78,1
2007-12-08,2008,0,,DAL,UTA,125,117,1
2007-12-08,2008,0,,DEN,SAC,101,97,1
2007-12-09,2008,0,,LAC,MIA,94,100,1
2007-12-09,2008,0,,TOR,HOU,93,80,1
2007-12-09,2008,0,,DET,CHO,104,85,1
2007-12-09,2008,0,,WAS,NJN,104,89,1
2007-12-09,2008,0,,LAL,GSW,123,113,1
2007-12-09,2008,0,,NOP,SEA,91,88,1
2007-12-09,2008,0,,POR,MIL,117,113,1
2007-12-10,2008,0,,PHI,HOU,100,88,1
2007-12-10,2008,0,,SAC,MIL,96,93,1
2007-12-10,2008,0,,ORL,ATL,87,98,1
2007-12-10,2008,0,,PHO,MIA,113,117,1
2007-12-10,2008,0,,NYK,DAL,89,99,1
2007-12-11,2008,0,,NJN,LAC,82,91,1
2007-12-11,2008,0,,UTA,POR,89,97,1
2007-12-11,2008,0,,GSW,SAS,96,84,1
2007-12-11,2008,0,,CHI,SEA,123,96,1
2007-12-11,2008,0,,MEM,DET,103,113,1
2007-12-11,2008,0,,WAS,MIN,102,88,1
2007-12-11,2008,0,,CLE,IND,118,105,1
2007-12-11,2008,0,,ATL,TOR,88,100,1
2007-12-12,2008,0,,BOS,SAC,90,78,1
2007-12-12,2008,0,,CHO,LAC,108,103,1
2007-12-12,2008,0,,NYK,SEA,110,117,1
2007-12-12,2008,0,,TOR,DAL,92,76,1
2007-12-12,2008,0,,POR,GSW,105,95,1
2007-12-12,2008,0,,HOU,DET,80,77,1
2007-12-12,2008,0,,PHO,UTA,103,98,1
2007-12-12,2008,0,,PHI,MIN,98,94,1
2007-12-12,2008,0,,IND,CHI,117,102,1
2007-12-12,2008,0,,MIL,ORL,100,86,1
2007-12-12,2008,0,,DEN,NOP,105,99,1
2007-12-13,2008,0,,LAL,SAS,102,97,1
2007-12-13,2008,0,,MIA,WAS,91,104,1
2007-12-14,2008,0,,CHI,NYK,101,96,1
2007-12-14,2008,0,,PHI,SAC,99,109,1
2007-12-14,2008,0,,MEM,LAC,91,98,1
2007-12-14,2008,0,,DAL,NOP,89,80,1
2007-12-14,2008,0,,BOS,MIL,104,82,1
2007-12-14,2008,0,,CHO,ORL,87,103,1
2007-12-14,2008,0,,POR,UTA,99,91,1
2007-12-14,2008,0,,MIN,SEA,88,99,1
2007-12-14,2008,0,,IND,TOR,93,104,1
2007-12-14,2008,0,,NJN,CLE,105,97,1
2007-12-14,2008,0,,DET,ATL,91,81,1
2007-12-14,2008,0,,GSW,LAL,108,106,1
2007-12-15,2008,0,,SAS,DEN,102,91,1
2007-12-15,2008,0,,MIA,IND,103,106,1
2007-12-15,2008,0,,HOU,DAL,83,96,1
2007-12-15,2008,0,,WAS,SAC,92,79,1
2007-12-15,2008,0,,CLE,PHI,86,92,1
2007-12-15,2008,0,,NYK,NJN,94,86,1
2007-12-15,2008,0,,UTA,SEA,96,75,1
2007-12-15,2008,0,,ORL,MEM,119,123,1
2007-12-15,2008,0,,NOP,PHO,101,98,1
2007-12-15,2008,0,,ATL,CHO,93,84,1
2007-12-15,2008,0,,MIL,MIN,95,92,1
2007-12-16,2008,0,,TOR,BOS,77,90,1
2007-12-16,2008,0,,DET,GSW,109,87,1
2007-12-16,2008,0,,LAL,LAC,113,92,1
2007-12-16,2008,0,,DEN,POR,105,116,1
2007-12-17,2008,0,,SAS,PHO,95,100,1
2007-12-17,2008,0,,NYK,IND,92,119,1
2007-12-17,2008,0,,MIA,MIN,91,87,1
2007-12-17,2008,0,,MEM,GSW,117,125,1
2007-12-17,2008,0,,CLE,MIL,104,99,1
2007-12-17,2008,0,,ATL,UTA,116,111,1
2007-12-17,2008,0,,POR,NOP,88,76,1
2007-12-17,2008,0,,DAL,ORL,111,108,1
2007-12-18,2008,0,,CHI,LAL,91,103,1
2007-12-18,2008,0,,LAC,TOR,77,80,1
2007-12-18,2008,0,,NJN,SAC,101,106,1
2007-12-19,2008,0,,MIL,SAC,89,102,1
2007-12-19,2008,0,,IND,PHI,102,85,1
2007-12-19,2008,0,,BOS,DET,85,87,1
2007-12-19,2008,0,,SEA,NOP,93,107,1
2007-12-19,2008,0,,WAS,CHI,84,95,1
2007-12-19,2008,0,,MEM,SAS,88,85,1
2007-12-19,2008,0,,CHO,UTA,98,92,1
2007-12-19,2008,0,,DAL,PHO,108,105,1
2007-12-19,2008,0,,NYK,CLE,108,90,1
2007-12-19,2008,0,,POR,TOR,101,96,1
2007-12-19,2008,0,,HOU,ORL,92,97,1
2007-12-19,2008,0,,MIN,GSW,98,111,1
2007-12-20,2008,0,,MIA,NJN,103,107,1
2007-12-20,2008,0,,CLE,LAL,94,90,1
2007-12-20,2008,0,,DEN,HOU,112,111,1
2007-12-21,2008,0,,BOS,CHI,107,82,1
2007-12-21,2008,0,,WAS,ATL,92,97,1
2007-12-21,2008,0,,POR,DEN,99,96,1
2007-12-21,2008,0,,SEA,TOR,123,115,1
2007-12-21,2008,0,,CHO,NYK,105,95,1
2007-12-21,2008,0,,ORL,UTA,94,113,1
2007-12-21,2008,0,,DET,MEM,94,67,1
2007-12-21,2008,0,,DAL,LAC,102,89,1
2007-12-21,2008,0,,MIN,IND,131,118,1
2007-12-21,2008,0,,PHI,LAL,101,106,1
2007-12-22,2008,0,,CHI,HOU,98,116,1
2007-12-22,2008,0,,PHO,TOR,122,103,1
2007-12-22,2008,0,,IND,WAS,93,85,1
2007-12-22,2008,0,,NOP,MIN,110,76,1
2007-12-22,2008,0,,NJN,GSW,100,95,1
2007-12-22,2008,0,,MIL,CHO,103,99,1
2007-12-22,2008,0,,SAS,LAC,99,90,1
2007-12-22,2008,0,,MEM,PHI,97,99,1
2007-12-22,2008,0,,MIA,UTA,104,102,1
2007-12-23,2008,0,,BOS,ORL,103,91,1
2007-12-23,2008,0,,SAC,DEN,105,106,1
2007-12-23,2008,0,,CLE,GSW,96,105,1
2007-12-23,2008,0,,DET,HOU,94,82,1
2007-12-23,2008,0,,NYK,LAL,90,95,1
2007-12-25,2008,0,,POR,SEA,89,79,1
2007-12-25,2008,0,,LAL,PHO,122,115,1
2007-12-25,2008,0,,CLE,MIA,96,82,1
2007-12-26,2008,0,,ATL,IND,107,95,1
2007-12-26,2008,0,,CHO,WAS,104,108,1
2007-12-26,2008,0,,NJN,DET,83,101,1
2007-12-26,2008,0,,SAS,CHI,94,79,1
2007-12-26,2008,0,,PHI,MIA,96,85,1
2007-12-26,2008,0,,UTA,DAL,99,90,1
2007-12-26,2008,0,,ORL,NYK,110,96,1
2007-12-26,2008,0,,DEN,MIL,125,105,1
2007-12-26,2008,0,,SAC,BOS,69,89,1
2007-12-26,2008,0,,GSW,MIN,105,101,1
2007-12-26,2008,0,,MEM,NOP,98,116,1
2007-12-27,2008,0,,DAL,CLE,81,88,1
2007-12-27,2008,0,,LAC,PHO,88,108,1
2007-12-27,2008,0,,SEA,BOS,96,104,1
2007-12-28,2008,0,,CHI,MIL,103,99,1
2007-12-28,2008,0,,DET,IND,114,101,1
2007-12-28,2008,0,,SAS,TOR,73,83,1
2007-12-28,2008,0,,MIA,ORL,114,121,1
2007-12-28,2008,0,,GSW,DEN,120,124,1
2007-12-28,2008,0,,CHO,NOP,85,99,1
2007-12-28,2008,0,,SAC,PHI,80,92,1
2007-12-28,2008,0,,POR,MIN,109,98,1
2007-12-28,2008,0,,PHO,LAC,94,88,1
2007-12-28,2008,0,,MEM,HOU,83,103,1
2007-12-28,2008,0,,NJN,WAS,109,106,1
2007-12-28,2008,0,,LAL,UTA,123,109,1
2007-12-29,2008,0,,WAS,MIA,96,74,1
2007-12-29,2008,0,,UTA,BOS,98,104,1
2007-12-29,2008,0,,SEA,MIN,109,90,1
2007-12-29,2008,0,,MIL,NJN,95,97,1
2007-12-29,2008,0,,ORL,CHO,104,95,1
2007-12-29,2008,0,,IND,DET,92,98,1
2007-12-29,2008,0,,HOU,TOR,91,79,1
2007-12-29,2008,0,,NOP,CLE,86,76,1
2007-12-29,2008,0,,DAL,ATL,97,84,1
2007-12-30,2008,0,,SAS,MEM,111,87,1
2007-12-30,2008,0,,POR,PHI,97,72,1
2007-12-30,2008,0,,LAL,BOS,91,110,1
2007-12-30,2008,0,,SAC,PHO,102,117,1
2007-12-30,2008,0,,DEN,GSW,95,105,1
2007-12-30,2008,0,,NYK,CHI,83,100,1
2007-12-31,2008,0,,SEA,PHI,90,98,1
2007-12-31,2008,0,,CHI,ORL,110,112,1
2007-12-31,2008,0,,NOP,TOR,92,97,1
2007-12-31,2008,0,,LAC,MIN,91,82,1
2007-12-31,2008,0,,HOU,GSW,95,112,1
2007-12-31,2008,0,,DET,MIL,114,69,1
2007-12-31,2008,0,,CHO,IND,107,103,1
2007-12-31,2008,0,,UTA,POR,111,101,1
2008-01-02,2008,0,,IND,MEM,72,90,1
2008-01-02,2008,0,,LAC,NOP,81,95,1
2008-01-02,2008,0,,DAL,GSW,121,99,1
2008-01-02,2008,0,,ORL,NJN,95,96,1
2008-01-02,2008,0,,BOS,HOU,97,93,1
2008-01-02,2008,0,,NYK,SAC,97,107,1
2008-01-02,2008,0,,MIA,MIL,98,103,1
2008-01-02,2008,0,,CHO,CHI,97,109,1
2008-01-02,2008,0,,WAS,DET,93,106,1
2008-01-02,2008,0,,UTA,PHI,110,107,1
2008-01-02,2008,0,,MIN,POR,79,90,1
2008-01-02,2008,0,,CLE,ATL,98,94,1
2008-01-03,2008,0,,DEN,SAS,80,77,1
2008-01-03,2008,0,,CHI,POR,109,115,1
2008-01-03,2008,0,,PHO,SEA,104,96,1
2008-01-04,2008,0,,LAL,PHI,124,93,1
2008-01-04,2008,0,,DAL,MIA,94,89,1
2008-01-04,2008,0,,BOS,MEM,100,96,1
2008-01-04,2008,0,,CLE,SAC,97,93,1
2008-01-04,2008,0,,GSW,NOP,104,116,1
2008-01-04,2008,0,,MIL,WAS,77,101,1
2008-01-04,2008,0,,NJN,CHO,102,96,1
2008-01-04,2008,0,,IND,ATL,113,91,1
2008-01-04,2008,0,,SAS,NYK,97,93,1
2008-01-04,2008,0,,TOR,DET,85,101,1
2008-01-04,2008,0,,MIN,DEN,107,118,1
2008-01-04,2008,0,,ORL,HOU,94,96,1
2008-01-05,2008,0,,POR,UTA,103,89,1
2008-01-05,2008,0,,CHI,SAC,94,93,1
2008-01-05,2008,0,,PHO,NOP,113,118,1
2008-01-05,2008,0,,HOU,NYK,103,91,1
2008-01-05,2008,0,,DET,BOS,85,92,1
2008-01-05,2008,0,,ATL,NJN,107,113,1
2008-01-06,2008,0,,CHO,MIL,89,93,1
2008-01-06,2008,0,,DEN,PHI,109,96,1
2008-01-06,2008,0,,MEM,MIA,101,94,1
2008-01-06,2008,0,,TOR,CLE,90,93,1
2008-01-06,2008,0,,WAS,SEA,108,86,1
2008-01-06,2008,0,,LAC,SAS,82,88,1
2008-01-06,2008,0,,LAL,IND,112,96,1
2008-01-06,2008,0,,MIN,DAL,78,101,1
2008-01-07,2008,0,,PHO,DEN,137,115,1
2008-01-07,2008,0,,GSW,SAS,130,121,1
2008-01-08,2008,0,,CHO,NJN,115,99,1
2008-01-08,2008,0,,MEM,LAL,101,117,1
2008-01-08,2008,0,,WAS,HOU,84,92,1
2008-01-08,2008,0,,SAC,ORL,104,100,1
2008-01-08,2008,0,,PHI,MIL,83,87,1
2008-01-08,2008,0,,MIN,MIA,101,91,1
2008-01-08,2008,0,,CLE,SEA,95,79,1
2008-01-08,2008,0,,UTA,IND,111,89,1
2008-01-08,2008,0,,CHI,NYK,100,105,1
2008-01-09,2008,0,,LAC,ORL,106,113,1
2008-01-09,2008,0,,NJN,SEA,99,88,1
2008-01-09,2008,0,,ATL,CLE,90,81,1
2008-01-09,2008,0,,MIL,MIA,98,92,1
2008-01-09,2008,0,,PHO,IND,129,122,1
2008-01-09,2008,0,,POR,GSW,109,91,1
2008-01-09,2008,0,,TOR,PHI,109,96,1
2008-01-09,2008,0,,NOP,LAL,80,109,1
2008-01-09,2008,0,,BOS,CHO,83,95,1
2008-01-09,2008,0,,DAL,DET,102,86,1
2008-01-09,2008,0,,NYK,HOU,92,101,1
2008-01-10,2008,0,,SAC,MEM,116,113,1
2008-01-10,2008,0,,UTA,PHO,108,86,1
2008-01-10,2008,0,,SAS,DET,80,90,1
2008-01-11,2008,0,,SEA,DAL,70,90,1
2008-01-11,2008,0,,NOP,MIA,114,88,1
2008-01-11,2008,0,,DEN,ORL,113,103,1
2008-01-11,2008,0,,NYK,TOR,90,99,1
2008-01-11,2008,0,,NJN,BOS,77,86,1
2008-01-11,2008,0,,LAL,MIL,110,105,1
2008-01-11,2008,0,,PHI,CHI,97,100,1
2008-01-11,2008,0,,HOU,MIN,113,82,1
2008-01-11,2008,0,,GSW,MEM,116,104,1
2008-01-11,2008,0,,CLE,CHO,113,106,1
2008-01-11,2008,0,,ATL,WAS,98,102,1
2008-01-12,2008,0,,CHO,DET,100,103,1
2008-01-12,2008,0,,UTA,ORL,119,115,1
2008-01-12,2008,0,,SAC,IND,105,111,1
2008-01-12,2008,0,,LAC,DAL,94,95,1
2008-01-12,2008,0,,PHO,MIL,122,114,1
2008-01-12,2008,0,,SAS,MIN,105,88,1
2008-01-12,2008,0,,WAS,BOS,85,78,1
2008-01-13,2008,0,,HOU,NOP,82,87,1
2008-01-13,2008,0,,GSW,IND,106,101,1
2008-01-13,2008,0,,NYK,DET,89,65,1
2008-01-13,2008,0,,LAL,MEM,100,99,1
2008-01-13,2008,0,,TOR,POR,116,109,1
2008-01-13,2008,0,,ATL,CHI,105,84,1
2008-01-14,2008,0,,CHO,DEN,119,116,1
2008-01-14,2008,0,,BOS,WAS,83,88,1
2008-01-14,2008,0,,NJN,POR,73,99,1
2008-01-14,2008,0,,SAS,PHI,89,82,1
2008-01-14,2008,0,,UTA,MIL,98,87,1
2008-01-14,2008,0,,SAC,DAL,122,120,1
2008-01-14,2008,0,,SEA,LAL,121,123,1
2008-01-15,2008,0,,NYK,WAS,105,93,1
2008-01-15,2008,0,,ATL,DEN,104,93,1
2008-01-15,2008,0,,HOU,PHI,107,111,1
2008-01-15,2008,0,,DET,TOR,103,89,1
2008-01-15,2008,0,,MEM,CLE,124,132,1
2008-01-15,2008,0,,ORL,CHI,102,88,1
2008-01-15,2008,0,,MIN,GSW,98,105,1
2008-01-15,2008,0,,LAC,PHO,97,90,1
2008-01-16,2008,0,,MIA,CHI,96,126,1
2008-01-16,2008,0,,IND,GSW,125,117,1
2008-01-16,2008,0,,CHO,ORL,99,93,1
2008-01-16,2008,0,,MIL,ATL,87,80,1
2008-01-16,2008,0,,NOP,SEA,123,92,1
2008-01-16,2008,0,,TOR,SAC,116,91,1
2008-01-16,2008,0,,BOS,POR,100,90,1
2008-01-16,2008,0,,NJN,NYK,105,111,1
2008-01-17,2008,0,,LAL,PHO,98,106,1
2008-01-17,2008,0,,DEN,UTA,120,109,1
2008-01-17,2008,0,,SAS,CLE,88,90,1
2008-01-18,2008,0,,UTA,LAC,106,88,1
2008-01-18,2008,0,,NOP,CHO,112,84,1
2008-01-18,2008,0,,MIA,POR,91,98,1
2008-01-18,2008,0,,PHO,MIN,115,95,1
2008-01-18,2008,0,,WAS,NYK,111,98,1
2008-01-18,2008,0,,TOR,ATL,89,78,1
2008-01-18,2008,0,,MEM,SEA,124,100,1
2008-01-18,2008,0,,BOS,PHI,116,89,1
2008-01-18,2008,0,,CHI,GSW,111,119,1
2008-01-18,2008,0,,DET,SAC,93,100,1
2008-01-19,2008,0,,HOU,SAS,83,81,1
2008-01-19,2008,0,,PHI,TOR,99,95,1
2008-01-19,2008,0,,ORL,POR,101,94,1
2008-01-19,2008,0,,DEN,MIN,111,108,1
2008-01-19,2008,0,,IND,SAC,104,110,1
2008-01-19,2008,0,,MIL,GSW,99,119,1
2008-01-19,2008,0,,CHI,DET,97,81,1
2008-01-19,2008,0,,DAL,SEA,111,96,1
2008-01-19,2008,0,,CHO,MEM,105,87,1
2008-01-19,2008,0,,MIA,NYK,84,88,1
2008-01-19,2008,0,,LAC,NJN,120,107,1
2008-01-20,2008,0,,PHO,NJN,116,92,1
2008-01-21,2008,0,,NYK,BOS,93,109,1
2008-01-21,2008,0,,ATL,POR,109,111,1
2008-01-21,2008,0,,NOP,MIL,106,92,1
2008-01-21,2008,0,,CHO,SAS,86,95,1
2008-01-21,2008,0,,LAL,DEN,116,99,1
2008-01-21,2008,0,,ORL,DET,102,100,1
2008-01-21,2008,0,,MEM,CHI,104,90,1
2008-01-21,2008,0,,MIA,CLE,90,97,1
2008-01-21,2008,0,,WAS,DAL,102,84,1
2008-01-21,2008,0,,GSW,MIN,108,109,1
2008-01-21,2008,0,,PHI,IND,103,110,1
2008-01-21,2008,0,,HOU,SEA,96,89,1
2008-01-21,2008,0,,LAC,UTA,93,109,1
2008-01-22,2008,0,,MIL,PHO,105,114,1
2008-01-22,2008,0,,SAC,NJN,128,94,1
2008-01-23,2008,0,,SAS,LAL,103,91,1
2008-01-23,2008,0,,CHI,IND,108,95,1
2008-01-23,2008,0,,BOS,TOR,112,114,1
2008-01-23,2008,0,,CHO,DAL,95,102,1
2008-01-23,2008,0,,SEA,HOU,107,109,1
2008-01-23,2008,0,,PHI,DET,78,86,1
2008-01-23,2008,0,,MIN,PHO,117,107,1
2008-01-23,2008,0,,DEN,ATL,107,100,1
2008-01-23,2008,0,,NOP,POR,96,81,1
2008-01-23,2008,0,,CLE,WAS,121,85,1
2008-01-23,2008,0,,MEM,ORL,85,112,1
2008-01-23,2008,0,,LAC,SAC,111,85,1
2008-01-24,2008,0,,GSW,NJN,121,119,1
2008-01-24,2008,0,,MIL,IND,104,92,1
2008-01-24,2008,0,,MIA,SAS,89,90,1
2008-01-25,2008,0,,NYK,PHI,89,81,1
2008-01-25,2008,0,,DET,ORL,101,93,1
2008-01-25,2008,0,,TOR,MIL,106,75,1
2008-01-25,2008,0,,SEA,ATL,90,99,1
2008-01-25,2008,0,,NOP,LAC,111,92,1
2008-01-25,2008,0,,CLE,PHO,108,110,1
2008-01-25,2008,0,,DEN,NJN,100,85,1
2008-01-25,2008,0,,POR,HOU,79,89,1
2008-01-25,2008,0,,UTA,SAC,127,113,1
2008-01-25,2008,0,,WAS,MEM,104,93,1
2008-01-25,2008,0,,BOS,MIN,87,86,1
2008-01-25,2008,0,,CHI,CHO,77,90,1
2008-01-25,2008,0,,DAL,LAL,112,105,1
2008-01-26,2008,0,,SAS,NOP,78,102,1
2008-01-26,2008,0,,MIA,IND,98,96,1
2008-01-26,2008,0,,CHO,PHI,96,103,1
2008-01-26,2008,0,,MEM,LAC,125,120,1
2008-01-27,2008,0,,GSW,NYK,106,104,1
2008-01-27,2008,0,,ORL,BOS,96,93,1
2008-01-27,2008,0,,HOU,UTA,89,97,1
2008-01-27,2008,0,,MIN,NJN,98,95,1
2008-01-27,2008,0,,DAL,DEN,90,85,1
2008-01-27,2008,0,,MIL,WAS,105,102,1
2008-01-27,2008,0,,LAL,CLE,95,98,1
2008-01-27,2008,0,,POR,ATL,94,93,1
2008-01-27,2008,0,,CHI,PHO,77,88,1
2008-01-27,2008,0,,SEA,SAC,101,103,1
2008-01-28,2008,0,,UTA,SAS,97,91,1
2008-01-28,2008,0,,MEM,DAL,84,103,1
2008-01-28,2008,0,,LAC,CHO,100,107,1
2008-01-28,2008,0,,NOP,DEN,117,93,1
2008-01-29,2008,0,,MIA,BOS,87,117,1
2008-01-29,2008,0,,IND,DET,104,110,1
2008-01-29,2008,0,,PHO,ATL,125,92,1
2008-01-29,2008,0,,WAS,TOR,108,104,1
2008-01-29,2008,0,,CHI,MIN,96,85,1
2008-01-29,2008,0,,HOU,GSW,111,107,1
2008-01-29,2008,0,,NJN,MIL,87,80,1
2008-01-29,2008,0,,SEA,SAS,88,85,1
2008-01-29,2008,0,,LAL,NYK,120,109,1
2008-01-30,2008,0,,LAC,ATL,95,88,1
2008-01-30,2008,0,,UTA,NYK,100,89,1
2008-01-30,2008,0,,SAC,CHO,105,91,1
2008-01-30,2008,0,,PHI,MIL,112,69,1
2008-01-30,2008,0,,MIN,CHI,83,67,1
2008-01-30,2008,0,,NOP,GSW,103,116,1
2008-01-30,2008,0,,ORL,MIA,107,91,1
2008-01-30,2008,0,,TOR,WAS,122,83,1
2008-01-30,2008,0,,MEM,DEN,102,106,1
2008-01-30,2008,0,,POR,CLE,83,84,1
2008-01-31,2008,0,,BOS,DAL,96,90,1
2008-01-31,2008,0,,PHO,SAS,81,84,1
2008-01-31,2008,0,,DET,LAL,90,89,1
2008-01-31,2008,0,,SEA,CLE,101,95,1
2008-02-01,2008,0,,PHI,ORL,106,108,1
2008-02-01,2008,0,,WAS,UTA,87,96,1
2008-02-01,2008,0,,MIA,NJN,85,94,1
2008-02-01,2008,0,,GSW,CHO,127,96,1
2008-02-01,2008,0,,TOR,LAL,101,121,1
2008-02-01,2008,0,,POR,NYK,94,88,1
2008-02-01,2008,0,,SAC,NOP,112,103,1
2008-02-01,2008,0,,IND,HOU,103,106,1
2008-02-01,2008,0,,MIN,LAC,104,83,1
2008-02-02,2008,0,,SAC,CHI,105,101,1
2008-02-02,2008,0,,DEN,CHO,117,101,1
2008-02-02,2008,0,,MIL,HOU,83,91,1
2008-02-02,2008,0,,CLE,LAC,98,84,1
2008-02-02,2008,0,,SEA,NYK,86,85,1
2008-02-02,2008,0,,ATL,NJN,104,92,1
2008-02-02,2008,0,,MEM,UTA,91,110,1
2008-02-02,2008,0,,IND,ORL,115,121,1
2008-02-03,2008,0,,WAS,LAL,91,103,1
2008-02-03,2008,0,,DET,DAL,90,67,1
2008-02-04,2008,0,,SEA,CHI,108,118,1
2008-02-04,2008,0,,NYK,LAC,94,103,1
2008-02-04,2008,0,,MIA,TOR,82,114,1
2008-02-04,2008,0,,ATL,PHI,96,91,1
2008-02-04,2008,0,,MIN,HOU,86,92,1
2008-02-04,2008,0,,PHO,CHO,118,104,1
2008-02-04,2008,0,,POR,DEN,103,105,1
2008-02-04,2008,0,,ORL,DAL,98,107,1
2008-02-04,2008,0,,UTA,NOP,110,88,1
2008-02-05,2008,0,,MEM,MIL,97,102,1
2008-02-05,2008,0,,CLE,BOS,114,113,1
2008-02-05,2008,0,,NJN,LAL,90,105,1
2008-02-05,2008,0,,IND,SAS,89,116,1
2008-02-05,2008,0,,PHI,WAS,101,96,1
2008-02-06,2008,0,,NYK,IND,100,103,1
2008-02-06,2008,0,,DET,MIA,100,95,1
2008-02-06,2008,0,,BOS,LAC,111,100,1
2008-02-06,2008,0,,DAL,MIL,107,96,1
2008-02-06,2008,0,,SAC,SEA,92,105,1
2008-02-06,2008,0,,POR,CHI,100,97,1
2008-02-06,2008,0,,PHO,NOP,130,132,1
2008-02-06,2008,0,,WAS,SAS,77,85,1
2008-02-06,2008,0,,ATL,LAL,98,95,1
2008-02-06,2008,0,,ORL,NJN,100,84,1
2008-02-06,2008,0,,DEN,UTA,115,118,1
2008-02-07,2008,0,,GSW,CHI,108,114,1
2008-02-07,2008,0,,PHI,MIA,101,84,1
2008-02-07,2008,0,,HOU,CLE,92,77,1
2008-02-08,2008,0,,ATL,CLE,95,100,1
2008-02-08,2008,0,,MIN,BOS,86,88,1
2008-02-08,2008,0,,ORL,LAL,113,117,1
2008-02-08,2008,0,,PHO,SEA,103,99,1
2008-02-08,2008,0,,SAC,UTA,117,104,1
2008-02-08,2008,0,,CHO,NJN,90,104,1
2008-02-08,2008,0,,DAL,MEM,92,81,1
2008-02-08,2008,0,,DET,POR,91,82,1
2008-02-08,2008,0,,DEN,WAS,111,100,1
2008-02-08,2008,0,,TOR,LAC,98,102,1
2008-02-08,2008,0,,NYK,SAS,93,99,1
2008-02-09,2008,0,,MIL,NYK,98,99,1
2008-02-09,2008,0,,IND,POR,101,93,1
2008-02-09,2008,0,,GSW,SAC,105,102,1
2008-02-09,2008,0,,HOU,ATL,108,89,1
2008-02-09,2008,0,,UTA,CHI,97,87,1
2008-02-09,2008,0,,NOP,MEM,112,99,1
2008-02-09,2008,0,,PHI,LAC,101,80,1
2008-02-10,2008,0,,MIA,LAL,94,104,1
2008-02-10,2008,0,,BOS,SAS,98,90,1
2008-02-10,2008,0,,DET,CHO,113,87,1
2008-02-10,2008,0,,CLE,DEN,83,113,1
2008-02-10,2008,0,,NJN,DAL,101,82,1
2008-02-10,2008,0,,MIN,TOR,82,105,1
2008-02-10,2008,0,,PHO,WAS,108,107,1
2008-02-11,2008,0,,GSW,WAS,120,117,1
2008-02-11,2008,0,,MIL,LAC,89,96,1
2008-02-11,2008,0,,PHI,DAL,84,76,1
2008-02-11,2008,0,,TOR,SAS,88,93,1
2008-02-11,2008,0,,CHO,LAL,97,106,1
2008-02-11,2008,0,,HOU,POR,95,83,1
2008-02-11,2008,0,,ORL,CLE,111,118,1
2008-02-12,2008,0,,MIA,DEN,113,114,1
2008-02-12,2008,0,,CHI,NOP,86,100,1
2008-02-12,2008,0,,IND,BOS,97,104,1
2008-02-12,2008,0,,ATL,DET,90,94,1
2008-02-12,2008,0,,MEM,SAC,107,94,1
2008-02-12,2008,0,,NJN,MIN,92,88,1
2008-02-13,2008,0,,HOU,SAC,89,87,1
2008-02-13,2008,0,,GSW,PHO,120,118,1
2008-02-13,2008,0,,CLE,SAS,105,112,1
2008-02-13,2008,0,,MIL,NOP,107,111,1
2008-02-13,2008,0,,ORL,DEN,109,98,1
2008-02-13,2008,0,,PHI,MEM,102,88,1
2008-02-13,2008,0,,SEA,UTA,93,112,1
2008-02-13,2008,0,,CHO,ATL,100,98,1
2008-02-13,2008,0,,BOS,NYK,111,103,1
2008-02-13,2008,0,,DAL,POR,96,76,1
2008-02-13,2008,0,,DET,IND,96,80,1
2008-02-13,2008,0,,LAC,WAS,89,91,1
2008-02-13,2008,0,,TOR,NJN,109,91,1
2008-02-13,2008,0,,MIN,LAL,92,117,1
2008-02-14,2008,0,,CHI,MIA,99,92,1
2008-02-14,2008,0,,PHO,DAL,109,97,1
2008-02-19,2008,0,,WAS,NYK,100,113,1
2008-02-19,2008,0,,SEA,MEM,108,101,1
2008-02-19,2008,0,,UTA,GSW,119,109,1
2008-02-19,2008,0,,SAS,CHO,85,65,1
2008-02-19,2008,0,,CLE,HOU,85,93,1
2008-02-19,2008,0,,MIN,PHI,104,88,1
2008-02-19,2008,0,,DEN,BOS,124,118,1
2008-02-19,2008,0,,LAL,ATL,122,93,1
2008-02-19,2008,0,,DET,ORL,85,103,1
2008-02-19,2008,0,,POR,SAC,94,105,1
2008-02-20,2008,0,,PHO,LAL,124,130,1
2008-02-20,2008,0,,NJN,CHI,110,102,1
2008-02-20,2008,0,,LAC,MEM,100,86,1
2008-02-20,2008,0,,GSW,BOS,119,117,1
2008-02-20,2008,0,,SAC,ATL,119,107,1
2008-02-20,2008,0,,TOR,ORL,127,110,1
2008-02-20,2008,0,,IND,CLE,97,106,1
2008-02-20,2008,0,,PHI,NYK,124,84,1
2008-02-20,2008,0,,MIL,DET,103,98,1
2008-02-20,2008,0,,NOP,DAL,104,93,1
2008-02-21,2008,0,,POR,SEA,92,88,1
2008-02-21,2008,0,,MIN,SAS,99,100,1
2008-02-21,2008,0,,HOU,MIA,112,100,1
2008-02-22,2008,0,,CHI,DEN,135,121,1
2008-02-22,2008,0,,CHO,SAC,115,116,1
2008-02-22,2008,0,,CLE,WAS,90,89,1
2008-02-22,2008,0,,DET,MIL,127,100,1
2008-02-22,2008,0,,LAC,UTA,114,104,1
2008-02-22,2008,0,,NYK,TOR,103,99,1
2008-02-22,2008,0,,SEA,POR,99,87,1
2008-02-22,2008,0,,GSW,ATL,110,117,1
2008-02-22,2008,0,,PHO,BOS,85,77,1
2008-02-22,2008,0,,IND,NJN,113,103,1
2008-02-22,2008,0,,ORL,PHI,115,99,1
2008-02-22,2008,0,,MEM,DAL,83,98,1
2008-02-22,2008,0,,NOP,HOU,80,100,1
2008-02-23,2008,0,,NJN,IND,102,91,1
2008-02-23,2008,0,,MIL,DEN,115,109,1
2008-02-23,2008,0,,WAS,CHO,110,95,1
2008-02-23,2008,0,,UTA,ATL,100,94,1
2008-02-23,2008,0,,MIA,PHI,96,101,1
2008-02-23,2008,0,,SAS,NOP,98,89,1
2008-02-23,2008,0,,LAC,LAL,95,113,1
2008-02-24,2008,0,,SEA,LAL,91,111,1
2008-02-24,2008,0,,HOU,CHI,110,97,1
2008-02-24,2008,0,,TOR,NYK,115,92,1
2008-02-24,2008,0,,CLE,MEM,109,89,1
2008-02-24,2008,0,,MIN,DAL,83,99,1
2008-02-24,2008,0,,POR,BOS,102,112,1
2008-02-24,2008,0,,PHO,DET,86,116,1
2008-02-24,2008,0,,ORL,SAC,112,93,1
2008-02-25,2008,0,,IND,TOR,98,102,1
2008-02-25,2008,0,,NOP,WAS,92,95,1
2008-02-25,2008,0,,LAC,BOS,76,104,1
2008-02-25,2008,0,,DEN,DET,93,98,1
2008-02-25,2008,0,,SAS,ATL,89,74,1
2008-02-25,2008,0,,DAL,CHI,102,94,1
2008-02-26,2008,0,,MIN,UTA,111,100,1
2008-02-26,2008,0,,GSW,SEA,105,99,1
2008-02-26,2008,0,,MEM,PHO,113,127,1
2008-02-26,2008,0,,LAL,POR,96,83,1
2008-02-26,2008,0,,MIA,SAC,107,86,1
2008-02-26,2008,0,,NJN,ORL,92,102,1
2008-02-26,2008,0,,MIL,CLE,105,102,1
2008-02-26,2008,0,,HOU,WAS,94,69,1
2008-02-27,2008,0,,ATL,SAC,123,117,1
2008-02-27,2008,0,,NOP,PHO,120,103,1
2008-02-27,2008,0,,LAC,POR,80,82,1
2008-02-27,2008,0,,BOS,CLE,92,87,1
2008-02-27,2008,0,,PHI,ORL,101,89,1
2008-02-27,2008,0,,IND,CHI,107,113,1
2008-02-27,2008,0,,UTA,DET,103,95,1
2008-02-27,2008,0,,NYK,CHO,113,89,1
2008-02-27,2008,0,,TOR,MIN,107,85,1
2008-02-27,2008,0,,SEA,DEN,96,138,1
2008-02-28,2008,0,,SAS,DAL,97,94,1
2008-02-28,2008,0,,LAL,MIA,106,88,1
2008-02-28,2008,0,,NJN,MIL,120,106,1
2008-02-29,2008,0,,GSW,PHI,119,97,1
2008-02-29,2008,0,,DEN,LAC,110,104,1
2008-02-29,2008,0,,POR,LAL,119,111,1
2008-02-29,2008,0,,CHI,WAS,91,97,1
2008-02-29,2008,0,,DAL,SAC,115,106,1
2008-02-29,2008,0,,SEA,MIA,93,103,1
2008-02-29,2008,0,,NOP,UTA,110,98,1
2008-02-29,2008,0,,TOR,IND,111,122,1
2008-02-29,2008,0,,ATL,NYK,99,93,1
2008-02-29,2008,0,,BOS,CHO,108,100,1
2008-02-29,2008,0,,CLE,MIN,92,84,1
2008-02-29,2008,0,,HOU,MEM,116,95,1
2008-03-01,2008,0,,MIL,SAS,94,96,1
2008-03-01,2008,0,,MEM,UTA,92,113,1
2008-03-01,2008,0,,ORL,NYK,118,92,1
2008-03-01,2008,0,,PHO,PHI,114,119,1
2008-03-01,2008,0,,LAC,DET,73,103,1
2008-03-02,2008,0,,MIN,SEA,108,111,1
2008-03-02,2008,0,,GSW,POR,110,104,1
2008-03-02,2008,0,,NJN,SAS,83,93,1
2008-03-02,2008,0,,SAC,MIA,120,109,1
2008-03-02,2008,0,,WAS,NOP,101,84,1
2008-03-02,2008,0,,BOS,ATL,98,88,1
2008-03-02,2008,0,,IND,MIL,128,106,1
2008-03-02,2008,0,,HOU,DEN,103,89,1
2008-03-02,2008,0,,CHO,TOR,110,98,1
2008-03-02,2008,0,,CLE,CHI,95,86,1
2008-03-02,2008,0,,LAL,DAL,108,104,1
2008-03-03,2008,0,,LAC,PHI,80,106,1
2008-03-03,2008,0,,UTA,DAL,116,110,1
2008-03-03,2008,0,,NYK,NOP,88,100,1
2008-03-04,2008,0,,DET,SEA,100,97,1
2008-03-04,2008,0,,SAS,NJN,81,70,1
2008-03-04,2008,0,,CHI,MEM,112,97,1
2008-03-04,2008,0,,ATL,GSW,118,135,1
2008-03-04,2008,0,,ORL,TOR,102,87,1
2008-03-04,2008,0,,POR,PHO,92,97,1
2008-03-04,2008,0,,SAC,LAL,105,117,1
2008-03-04,2008,0,,MIN,CHO,89,109,1
2008-03-05,2008,0,,MIL,SEA,118,106,1
2008-03-05,2008,0,,MEM,NJN,100,93,1
2008-03-05,2008,0,,CHO,GSW,118,109,1
2008-03-05,2008,0,,HOU,IND,117,99,1
2008-03-05,2008,0,,NOP,ATL,116,101,1
2008-03-05,2008,0,,DEN,PHO,126,113,1
2008-03-05,2008,0,,WAS,ORL,92,122,1
2008-03-05,2008,0,,UTA,MIN,105,76,1
2008-03-05,2008,0,,BOS,DET,90,78,1
2008-03-05,2008,0,,LAC,SAC,116,109,1
2008-03-05,2008,0,,MIA,TOR,83,108,1
2008-03-05,2008,0,,NYK,CLE,105,119,1
2008-03-06,2008,0,,CHI,CLE,107,96,1
2008-03-06,2008,0,,DAL,HOU,98,113,1
2008-03-06,2008,0,,SAS,IND,108,97,1
2008-03-07,2008,0,,TOR,WAS,106,110,1
2008-03-07,2008,0,,ATL,MIA,114,111,1
2008-03-07,2008,0,,SAC,MIN,103,111,1
2008-03-07,2008,0,,NYK,DET,97,101,1
2008-03-07,2008,0,,NOP,NJN,107,96,1
2008-03-07,2008,0,,PHI,SEA,117,83,1
2008-03-07,2008,0,,PHO,UTA,118,126,1
2008-03-07,2008,0,,DEN,SAS,109,96,1
2008-03-07,2008,0,,CHO,ATL,108,93,1
2008-03-07,2008,0,,LAL,LAC,119,82,1
2008-03-07,2008,0,,MIL,POR,101,103,1
2008-03-07,2008,0,,BOS,CHI,116,93,1
2008-03-07,2008,0,,MIA,GSW,99,134,1
2008-03-08,2008,0,,DAL,NJN,111,91,1
2008-03-08,2008,0,,WAS,CHO,97,100,1
2008-03-08,2008,0,,HOU,NOP,106,96,1
2008-03-08,2008,0,,NYK,POR,114,120,1
2008-03-08,2008,0,,LAC,MIN,96,99,1
2008-03-08,2008,0,,UTA,DEN,132,105,1
2008-03-08,2008,0,,ORL,GSW,95,104,1
2008-03-08,2008,0,,CLE,IND,103,95,1
2008-03-08,2008,0,,ATL,MIA,97,94,1
2008-03-08,2008,0,,MEM,BOS,89,119,1
2008-03-09,2008,0,,PHO,SAS,94,87,1
2008-03-09,2008,0,,DET,CHI,116,109,1
2008-03-09,2008,0,,LAL,SAC,113,114,1
2008-03-09,2008,0,,TOR,SEA,114,106,1
2008-03-09,2008,0,,MIL,PHI,97,119,1
2008-03-10,2008,0,,PHI,BOS,86,100,1
2008-03-10,2008,0,,ORL,ATL,123,112,1
2008-03-10,2008,0,,CLE,POR,88,80,1
2008-03-10,2008,0,,DAL,NYK,108,79,1
2008-03-10,2008,0,,MIA,LAC,98,99,1
2008-03-10,2008,0,,SAS,DEN,107,103,1
2008-03-10,2008,0,,HOU,NJN,91,73,1
2008-03-11,2008,0,,WAS,MIL,105,97,1
2008-03-11,2008,0,,CHI,UTA,108,96,1
2008-03-11,2008,0,,PHO,MEM,132,111,1
2008-03-11,2008,0,,LAL,TOR,117,108,1
2008-03-11,2008,0,,MIN,POR,96,103,1
2008-03-11,2008,0,,IND,SEA,114,107,1
2008-03-12,2008,0,,ATL,HOU,75,83,1
2008-03-12,2008,0,,BOS,SEA,111,82,1
2008-03-12,2008,0,,GSW,TOR,117,106,1
2008-03-12,2008,0,,MIA,NYK,88,91,1
2008-03-12,2008,0,,NJN,CLE,104,99,1
2008-03-12,2008,0,,NOP,SAS,100,75,1
2008-03-12,2008,0,,DAL,CHO,118,93,1
2008-03-12,2008,0,,ORL,LAC,110,88,1
2008-03-12,2008,0,,MIL,UTA,110,114,1
2008-03-12,2008,0,,DEN,MEM,108,86,1
2008-03-12,2008,0,,DET,PHI,82,83,1
2008-03-13,2008,0,,WAS,CLE,101,99,1
2008-03-13,2008,0,,PHO,GSW,123,115,1
2008-03-13,2008,0,,SAC,POR,96,85,1
2008-03-14,2008,0,,DAL,IND,116,97,1
2008-03-14,2008,0,,CHI,PHI,106,110,1
2008-03-14,2008,0,,BOS,UTA,92,110,1
2008-03-14,2008,0,,ATL,LAC,117,93,1
2008-03-14,2008,0,,NOP,LAL,108,98,1
2008-03-14,2008,0,,DET,SAS,84,80,1
2008-03-14,2008,0,,SEA,MIN,116,121,1
2008-03-14,2008,0,,HOU,CHO,89,80,1
2008-03-14,2008,0,,DEN,TOR,137,105,1
2008-03-14,2008,0,,MIA,ORL,94,103,1
2008-03-15,2008,0,,ORL,IND,122,111,1
2008-03-15,2008,0,,WAS,LAC,119,109,1
2008-03-15,2008,0,,NJN,UTA,117,115,1
2008-03-15,2008,0,,PHO,SAC,127,99,1
2008-03-15,2008,0,,POR,MIN,107,96,1
2008-03-15,2008,0,,PHI,SAS,103,96,1
2008-03-15,2008,0,,MIL,BOS,77,99,1
2008-03-15,2008,0,,GSW,MEM,110,107,1
2008-03-16,2008,0,,MIA,DAL,73,98,1
2008-03-16,2008,0,,SAC,TOR,106,100,1
2008-03-16,2008,0,,DEN,SEA,168,116,1
2008-03-16,2008,0,,CLE,CHO,98,91,1
2008-03-16,2008,0,,HOU,LAL,104,92,1
2008-03-16,2008,0,,DET,NOP,105,84,1
2008-03-16,2008,0,,NYK,ATL,98,109,1
2008-03-17,2008,0,,MEM,CHO,98,80,1
2008-03-17,2008,0,,UTA,TOR,96,79,1
2008-03-17,2008,0,,ORL,CLE,104,90,1
2008-03-17,2008,0,,NOP,CHI,108,97,1
2008-03-17,2008,0,,MIN,LAC,99,90,1
2008-03-17,2008,0,,IND,NYK,110,98,1
2008-03-17,2008,0,,WAS,ATL,96,105,1
2008-03-17,2008,0,,SAS,BOS,91,93,1
2008-03-18,2008,0,,HOU,BOS,74,94,1
2008-03-18,2008,0,,MIL,MIA,106,112,1
2008-03-18,2008,0,,POR,PHO,98,111,1
2008-03-18,2008,0,,DET,DEN,136,120,1
2008-03-18,2008,0,,CHI,NJN,112,96,1
2008-03-18,2008,0,,DAL,LAL,100,102,1
2008-03-18,2008,0,,SAC,GSW,122,105,1
2008-03-19,2008,0,,TOR,MIA,96,54,1
2008-03-19,2008,0,,NOP,HOU,90,69,1
2008-03-19,2008,0,,IND,CHO,102,95,1
2008-03-19,2008,0,,MIN,MEM,98,94,1
2008-03-19,2008,0,,ORL,WAS,86,87,1
2008-03-19,2008,0,,SEA,PHO,98,110,1
2008-03-19,2008,0,,LAC,GSW,100,116,1
2008-03-19,2008,0,,CLE,DET,89,73,1
2008-03-19,2008,0,,NJN,ATL,125,117,1
2008-03-19,2008,0,,PHI,DEN,115,113,1
2008-03-20,2008,0,,DAL,BOS,90,94,1
2008-03-20,2008,0,,UTA,LAL,95,106,1
2008-03-20,2008,0,,CHI,SAS,80,102,1
2008-03-21,2008,0,,LAL,SEA,130,105,1
2008-03-21,2008,0,,GSW,HOU,106,109,1
2008-03-21,2008,0,,POR,LAC,107,102,1
2008-03-21,2008,0,,ORL,PHI,113,95,1
2008-03-21,2008,0,,IND,MIN,124,113,1
2008-03-21,2008,0,,NYK,MEM,106,120,1
2008-03-21,2008,0,,MIA,WAS,86,103,1
2008-03-21,2008,0,,NJN,DEN,114,125,1
2008-03-21,2008,0,,CLE,TOR,90,83,1
2008-03-21,2008,0,,SAS,SAC,102,89,1
2008-03-22,2008,0,,ATL,ORL,98,90,1
2008-03-22,2008,0,,MIL,CLE,108,98,1
2008-03-22,2008,0,,CHO,MIA,94,82,1
2008-03-22,2008,0,,MEM,SAC,117,111,1
2008-03-22,2008,0,,PHO,HOU,122,113,1
2008-03-22,2008,0,,PHI,NJN,91,87,1
2008-03-22,2008,0,,MIN,NYK,114,93,1
2008-03-22,2008,0,,NOP,BOS,113,106,1
2008-03-22,2008,0,,CHI,IND,101,108,1
2008-03-22,2008,0,,LAC,POR,72,83,1
2008-03-22,2008,0,,UTA,SEA,115,101,1
2008-03-23,2008,0,,DAL,SAS,81,88,1
2008-03-23,2008,0,,WAS,DET,95,83,1
2008-03-23,2008,0,,LAL,GSW,111,115,1
2008-03-23,2008,0,,TOR,DEN,100,109,1
2008-03-24,2008,0,,NYK,NJN,91,106,1
2008-03-24,2008,0,,MIA,MIL,78,73,1
2008-03-24,2008,0,,HOU,SAC,108,100,1
2008-03-24,2008,0,,DET,PHO,110,105,1
2008-03-24,2008,0,,GSW,LAL,119,123,1
2008-03-24,2008,0,,MEM,DEN,106,120,1
2008-03-24,2008,0,,SEA,POR,97,84,1
2008-03-24,2008,0,,BOS,PHI,90,95,1
2008-03-25,2008,0,,DAL,LAC,103,90,1
2008-03-25,2008,0,,CHI,ATL,103,94,1
2008-03-25,2008,0,,UTA,CHO,128,106,1
2008-03-25,2008,0,,ORL,SAS,97,107,1
2008-03-25,2008,0,,IND,NOP,106,114,1
2008-03-25,2008,0,,POR,WAS,102,82,1
2008-03-26,2008,0,,LAL,CHO,95,108,1
2008-03-26,2008,0,,NYK,MIA,103,96,1
2008-03-26,2008,0,,NJN,IND,124,117,1
2008-03-26,2008,0,,TOR,DET,89,82,1
2008-03-26,2008,0,,SEA,WAS,99,104,1
2008-03-26,2008,0,,SAC,MEM,107,106,1
2008-03-26,2008,0,,PHI,CHI,121,99,1
2008-03-26,2008,0,,BOS,PHO,117,97,1
2008-03-26,2008,0,,CLE,NOP,99,100,1
2008-03-26,2008,0,,HOU,MIN,97,86,1
2008-03-26,2008,0,,SAS,LAC,97,88,1
2008-03-26,2008,0,,ATL,MIL,115,96,1
2008-03-27,2008,0,,GSW,POR,111,95,1
2008-03-27,2008,0,,DEN,DAL,118,105,1
2008-03-27,2008,0,,DET,MIA,85,69,1
2008-03-28,2008,0,,BOS,NOP,112,92,1
2008-03-28,2008,0,,SEA,CHO,93,96,1
2008-03-28,2008,0,,PHI,PHO,93,107,1
2008-03-28,2008,0,,UTA,LAC,121,101,1
2008-03-28,2008,0,,TOR,NYK,103,95,1
2008-03-28,2008,0,,ATL,CHI,106,103,1
2008-03-28,2008,0,,LAL,MEM,111,114,1
2008-03-28,2008,0,,SAC,WAS,108,114,1
2008-03-28,2008,0,,SAS,MIN,99,84,1
2008-03-28,2008,0,,IND,NJN,123,115,1
2008-03-28,2008,0,,MIL,ORL,86,103,1
2008-03-29,2008,0,,CHI,MIL,114,111,1
2008-03-29,2008,0,,DET,CLE,85,71,1
2008-03-29,2008,0,,NJN,PHO,104,110,1
2008-03-29,2008,0,,LAC,MEM,110,97,1
2008-03-29,2008,0,,DEN,GSW,119,112,1
2008-03-29,2008,0,,POR,CHO,85,93,1
2008-03-30,2008,0,,LAL,WAS,126,120,1
2008-03-30,2008,0,,BOS,MIA,88,62,1
2008-03-30,2008,0,,ATL,NYK,114,109,1
2008-03-30,2008,0,,CLE,PHI,91,88,1
2008-03-30,2008,0,,GSW,DAL,114,104,1
2008-03-30,2008,0,,SEA,SAC,107,120,1
2008-03-30,2008,0,,SAS,HOU,109,88,1
2008-03-30,2008,0,,MIN,UTA,110,103,1
2008-03-30,2008,0,,TOR,NOP,111,118,1
2008-03-31,2008,0,,MEM,ATL,99,116,1
2008-03-31,2008,0,,UTA,WAS,129,87,1
2008-03-31,2008,0,,PHO,DEN,132,117,1
2008-03-31,2008,0,,CHO,TOR,100,104,1
2008-03-31,2008,0,,LAC,DAL,86,93,1
2008-03-31,2008,0,,IND,MIA,105,85,1
2008-04-01,2008,0,,SAC,HOU,99,98,1
2008-04-01,2008,0,,ORL,NOP,97,98,1
2008-04-01,2008,0,,SAS,GSW,116,92,1
2008-04-01,2008,0,,MIN,DET,90,94,1
2008-04-01,2008,0,,MIL,NYK,119,115,1
2008-04-01,2008,0,,DEN,PHO,126,120,1
2008-04-01,2008,0,,NJN,PHI,99,108,1
2008-04-01,2008,0,,CHI,BOS,92,106,1
2008-04-02,2008,0,,BOS,IND,92,77,1
2008-04-02,2008,0,,UTA,MIN,117,100,1
2008-04-02,2008,0,,MIA,NOP,77,106,1
2008-04-02,2008,0,,DAL,GSW,111,86,1
2008-04-02,2008,0,,LAL,POR,104,91,1
2008-04-02,2008,0,,CHO,CLE,114,118,1
2008-04-02,2008,0,,MEM,NYK,130,114,1
2008-04-02,2008,0,,WAS,MIL,109,110,1
2008-04-02,2008,0,,SEA,LAC,84,102,1
2008-04-02,2008,0,,ATL,TOR,127,120,1
2008-04-03,2008,0,,POR,HOU,86,95,1
2008-04-03,2008,0,,SAC,LAC,110,98,1
2008-04-03,2008,0,,CLE,CHI,98,101,1
2008-04-04,2008,0,,NOP,NYK,118,110,1
2008-04-04,2008,0,,MEM,GSW,86,117,1
2008-04-04,2008,0,,SEA,HOU,66,79,1
2008-04-04,2008,0,,DET,NJN,106,87,1
2008-04-04,2008,0,,MIL,IND,101,105,1
2008-04-04,2008,0,,LAL,DAL,112,108,1
2008-04-04,2008,0,,ATL,PHI,104,109,1
2008-04-04,2008,0,,TOR,CHO,100,105,1
2008-04-04,2008,0,,UTA,SAS,90,64,1
2008-04-04,2008,0,,WAS,MIA,109,95,1
2008-04-04,2008,0,,PHO,MIN,117,88,1
2008-04-05,2008,0,,CLE,ORL,86,101,1
2008-04-05,2008,0,,CHI,WAS,87,99,1
2008-04-05,2008,0,,DEN,SAC,115,118,1
2008-04-05,2008,0,,PHI,ATL,85,92,1
2008-04-05,2008,0,,CHO,BOS,78,101,1
2008-04-05,2008,0,,NJN,TOR,99,90,1
2008-04-06,2008,0,,NOP,GSW,108,96,1
2008-04-06,2008,0,,MIA,DET,75,91,1
2008-04-06,2008,0,,IND,MIL,105,97,1
2008-04-06,2008,0,,NYK,ORL,100,90,1
2008-04-06,2008,0,,LAC,HOU,79,105,1
2008-04-06,2008,0,,SEA,DEN,151,147,1
2008-04-06,2008,0,,SAC,LAL,92,114,1
2008-04-06,2008,0,,MIN,MEM,101,113,1
2008-04-06,2008,0,,POR,SAS,65,72,1
2008-04-06,2008,0,,PHO,DAL,98,105,1
2008-04-08,2008,0,,LAC,DEN,99,117,1
2008-04-08,2008,0,,CHO,MIN,121,119,1
2008-04-08,2008,0,,DAL,SEA,99,83,1
2008-04-08,2008,0,,DET,NYK,94,98,1
2008-04-08,2008,0,,MIA,CHI,95,88,1
2008-04-08,2008,0,,POR,LAL,112,103,1
2008-04-08,2008,0,,NOP,UTA,66,77,1
2008-04-08,2008,0,,IND,ATL,112,98,1
2008-04-08,2008,0,,MIL,BOS,104,107,1
2008-04-08,2008,0,,MEM,PHO,113,127,1
2008-04-08,2008,0,,GSW,SAC,140,132,1
2008-04-09,2008,0,,CLE,NJN,104,83,1
2008-04-09,2008,0,,WAS,BOS,109,95,1
2008-04-09,2008,0,,PHI,DET,101,94,1
2008-04-09,2008,0,,ORL,CHI,115,83,1
2008-04-09,2008,0,,SAS,PHO,79,96,1
2008-04-09,2008,0,,HOU,SEA,103,80,1
2008-04-09,2008,0,,MIN,NOP,90,122,1
2008-04-09,2008,0,,NYK,CHO,109,107,1
2008-04-09,2008,0,,TOR,MIL,111,93,1
2008-04-10,2008,0,,LAC,LAL,78,106,1
2008-04-10,2008,0,,DAL,UTA,97,94,1
2008-04-10,2008,0,,GSW,DEN,105,114,1
2008-04-11,2008,0,,LAL,NOP,107,104,1
2008-04-11,2008,0,,SAC,POR,103,86,1
2008-04-11,2008,0,,CHI,CLE,100,95,1
2008-04-11,2008,0,,ORL,MIN,101,102,1
2008-04-11,2008,0,,PHI,IND,76,85,1
2008-04-11,2008,0,,DET,WAS,102,74,1
2008-04-11,2008,0,,SAS,SEA,95,74,1
2008-04-11,2008,0,,NYK,ATL,104,116,1
2008-04-11,2008,0,,MIA,MEM,91,96,1
2008-04-11,2008,0,,HOU,PHO,101,90,1
2008-04-11,2008,0,,BOS,MIL,102,86,1
2008-04-11,2008,0,,TOR,NJN,113,85,1
2008-04-12,2008,0,,UTA,DEN,124,97,1
2008-04-12,2008,0,,GSW,LAC,122,116,1
2008-04-12,2008,0,,ATL,BOS,89,99,1
2008-04-12,2008,0,,IND,CHO,103,107,1
2008-04-12,2008,0,,POR,DAL,108,105,1
2008-04-12,2008,0,,SAC,NOP,94,91,1
2008-04-12,2008,0,,WAS,PHI,109,93,1
2008-04-12,2008,0,,MEM,MIN,105,114,1
2008-04-12,2008,0,,MIL,NJN,98,111,1
2008-04-13,2008,0,,DEN,HOU,111,94,1
2008-04-13,2008,0,,CLE,MIA,84,76,1
2008-04-13,2008,0,,CHI,ORL,84,104,1
2008-04-13,2008,0,,LAL,SAS,106,85,1
2008-04-13,2008,0,,SEA,DAL,99,95,1
2008-04-13,2008,0,,DET,TOR,91,84,1
2008-04-14,2008,0,,WAS,IND,117,110,1
2008-04-14,2008,0,,UTA,HOU,105,96,1
2008-04-14,2008,0,,SAC,SAS,98,101,1
2008-04-14,2008,0,,PHI,CLE,90,91,1
2008-04-14,2008,0,,MIL,CHI,135,151,1
2008-04-14,2008,0,,PHO,GSW,122,116,1
2008-04-14,2008,0,,NYK,BOS,93,99,1
2008-04-14,2008,0,,TOR,MIA,91,75,1
2008-04-15,2008,0,,NOP,LAC,114,92,1
2008-04-15,2008,0,,ATL,ORL,105,121,1
2008-04-15,2008,0,,LAL,SAC,124,101,1
2008-04-15,2008,0,,NJN,CHO,112,108,1
2008-04-15,2008,0,,DET,MIN,115,103,1
2008-04-15,2008,0,,POR,MEM,113,91,1
2008-04-16,2008,0,,ORL,WAS,103,83,1
2008-04-16,2008,0,,DAL,NOP,111,98,1
2008-04-16,2008,0,,CLE,DET,74,84,1
2008-04-16,2008,0,,DEN,MEM,120,111,1
2008-04-16,2008,0,,IND,NYK,132,123,1
2008-04-16,2008,0,,BOS,NJN,105,94,1
2008-04-16,2008,0,,CHI,TOR,107,97,1
2008-04-16,2008,0,,GSW,SEA,121,126,1
2008-04-16,2008,0,,CHO,PHI,115,109,1
2008-04-16,2008,0,,HOU,LAC,93,75,1
2008-04-16,2008,0,,SAS,UTA,109,80,1
2008-04-16,2008,0,,MIA,ATL,113,99,1
2008-04-16,2008,0,,PHO,POR,100,91,1
2008-04-16,2008,0,,MIN,MIL,110,101,1
2008-10-28,2009,0,,LAL,POR,96,76,1
2008-10-28,2009,0,,CHI,MIL,108,95,1
2008-10-28,2009,0,,BOS,CLE,90,85,1
2008-10-29,2009,0,,ORL,ATL,85,99,1
2008-10-29,2009,0,,WAS,NJN,85,95,1
2008-10-29,2009,0,,NYK,MIA,120,115,1
2008-10-29,2009,0,,DET,IND,100,94,1
2008-10-29,2009,0,,SAS,PHO,98,103,1
2008-10-29,2009,0,,OKC,MIL,87,98,1
2008-10-29,2009,0,,HOU,MEM,82,71,1
2008-10-29,2009,0,,MIN,SAC,98,96,1
2008-10-29,2009,0,,LAC,LAL,79,117,1
2008-10-29,2009,0,,UTA,DEN,98,94,1
2008-10-29,2009,0,,PHI,TOR,84,95,1
2008-10-29,2009,0,,GSW,NOP,103,108,1
2008-10-30,2009,0,,PHO,NOP,95,108,1
2008-10-30,2009,0,,CLE,CHO,96,79,1
2008-10-30,2009,0,,DAL,HOU,102,112,1
2008-10-31,2009,0,,BOS,CHI,96,80,1
2008-10-31,2009,0,,PHI,NYK,116,87,1
2008-10-31,2009,0,,TOR,GSW,112,108,1
2008-10-31,2009,0,,MIA,SAC,103,77,1
2008-10-31,2009,0,,MEM,ORL,86,84,1
2008-10-31,2009,0,,LAC,DEN,103,113,1
2008-10-31,2009,0,,POR,SAS,100,99,1
2008-11-01,2009,0,,ORL,SAC,121,103,1
2008-11-01,2009,0,,ATL,PHI,95,88,1
2008-11-01,2009,0,,DET,WAS,117,109,1
2008-11-01,2009,0,,IND,BOS,95,79,1
2008-11-01,2009,0,,DEN,LAL,97,104,1
2008-11-01,2009,0,,MIL,TOR,87,91,1
2008-11-01,2009,0,,PHO,POR,107,96,1
2008-11-01,2009,0,,CHO,MIA,100,87,1
2008-11-01,2009,0,,CHI,MEM,96,86,1
2008-11-01,2009,0,,UTA,LAC,101,79,1
2008-11-01,2009,0,,HOU,OKC,89,77,1
2008-11-01,2009,0,,MIN,DAL,85,95,1
2008-11-01,2009,0,,NOP,CLE,104,92,1
2008-11-01,2009,0,,NJN,GSW,97,105,1
2008-11-02,2009,0,,NYK,MIL,86,94,1
2008-11-02,2009,0,,OKC,MIN,88,85,1
2008-11-03,2009,0,,LAC,UTA,73,89,1
2008-11-03,2009,0,,MEM,GSW,90,79,1
2008-11-03,2009,0,,PHI,SAC,125,91,1
2008-11-03,2009,0,,ORL,CHI,96,93,1
2008-11-03,2009,0,,CHO,DET,83,101,1
2008-11-03,2009,0,,DAL,CLE,81,100,1
2008-11-04,2009,0,,NJN,PHO,86,114,1
2008-11-04,2009,0,,HOU,BOS,99,103,1
2008-11-04,2009,0,,SAS,DAL,81,98,1
2008-11-05,2009,0,,NYK,CHO,101,98,1
2008-11-05,2009,0,,SAC,MEM,100,95,1
2008-11-05,2009,0,,UTA,POR,103,96,1
2008-11-05,2009,0,,OKC,BOS,83,96,1
2008-11-05,2009,0,,MIL,WAS,112,104,1
2008-11-05,2009,0,,CLE,CHI,107,93,1
2008-11-05,2009,0,,NOP,ATL,79,87,1
2008-11-05,2009,0,,MIA,PHI,106,83,1
2008-11-05,2009,0,,TOR,DET,93,100,1
2008-11-05,2009,0,,IND,PHO,103,113,1
2008-11-05,2009,0,,GSW,DEN,111,101,1
2008-11-05,2009,0,,MIN,SAS,125,129,1
2008-11-05,2009,0,,LAL,LAC,106,88,1
2008-11-06,2009,0,,POR,HOU,101,99,1
2008-11-06,2009,0,,ORL,PHI,98,88,1
2008-11-07,2009,0,,GSW,MEM,104,109,1
2008-11-07,2009,0,,LAC,HOU,83,92,1
2008-11-07,2009,0,,SAS,MIA,83,99,1
2008-11-07,2009,0,,DEN,DAL,108,105,1
2008-11-07,2009,0,,SAC,MIN,121,109,1
2008-11-07,2009,0,,CLE,IND,111,107,1
2008-11-07,2009,0,,WAS,NYK,108,114,1
2008-11-07,2009,0,,NJN,DET,103,96,1
2008-11-07,2009,0,,BOS,MIL,101,89,1
2008-11-07,2009,0,,ATL,TOR,110,92,1
2008-11-07,2009,0,,CHO,NOP,92,89,1
2008-11-07,2009,0,,UTA,OKC,104,97,1
2008-11-07,2009,0,,CHI,PHO,100,83,1
2008-11-08,2009,0,,NOP,MIA,100,89,1
2008-11-08,2009,0,,IND,NJN,98,80,1
2008-11-08,2009,0,,ORL,WAS,106,81,1
2008-11-08,2009,0,,POR,MIN,97,93,1
2008-11-08,2009,0,,MIL,PHO,96,104,1
2008-11-08,2009,0,,CHI,CLE,97,106,1
2008-11-09,2009,0,,DET,BOS,76,88,1
2008-11-09,2009,0,,DEN,MEM,100,90,1
2008-11-09,2009,0,,CHO,TOR,79,89,1
2008-11-09,2009,0,,NYK,UTA,107,99,1
2008-11-09,2009,0,,LAC,DAL,103,92,1
2008-11-09,2009,0,,OKC,ATL,85,89,1
2008-11-09,2009,0,,SAC,GSW,115,98,1
2008-11-09,2009,0,,LAL,HOU,111,82,1
2008-11-10,2009,0,,ORL,POR,99,106,1
2008-11-10,2009,0,,BOS,TOR,94,87,1
2008-11-10,2009,0,,MIA,NJN,99,94,1
2008-11-10,2009,0,,IND,OKC,107,99,1
2008-11-10,2009,0,,PHO,MEM,107,102,1
2008-11-11,2009,0,,SAS,NYK,92,80,1
2008-11-11,2009,0,,DAL,LAL,99,106,1
2008-11-11,2009,0,,CHO,DEN,80,88,1
2008-11-11,2009,0,,PHI,UTA,80,93,1
2008-11-11,2009,0,,CLE,MIL,99,93,1
2008-11-11,2009,0,,CHI,ATL,108,113,1
2008-11-11,2009,0,,SAC,DET,92,100,1
2008-11-11,2009,0,,GSW,MIN,113,110,1
2008-11-12,2009,0,,LAC,SAC,98,103,1
2008-11-12,2009,0,,MIA,POR,96,104,1
2008-11-12,2009,0,,NJN,IND,87,98,1
2008-11-12,2009,0,,MEM,NYK,103,132,1
2008-11-12,2009,0,,NOP,LAL,86,93,1
2008-11-12,2009,0,,OKC,ORL,92,109,1
2008-11-12,2009,0,,BOS,ATL,103,102,1
2008-11-12,2009,0,,MIL,SAS,82,78,1
2008-11-12,2009,0,,TOR,PHI,96,106,1
2008-11-12,2009,0,,PHO,HOU,82,94,1
2008-11-12,2009,0,,WAS,UTA,95,87,1
2008-11-13,2009,0,,CHI,DAL,98,91,1
2008-11-13,2009,0,,GSW,DET,102,107,1
2008-11-13,2009,0,,CLE,DEN,110,99,1
2008-11-14,2009,0,,BOS,DEN,85,94,1
2008-11-14,2009,0,,SAC,PHO,95,97,1
2008-11-14,2009,0,,MIA,WAS,97,77,1
2008-11-14,2009,0,,LAL,DET,95,106,1
2008-11-14,2009,0,,CHO,UTA,104,96,1
2008-11-14,2009,0,,NYK,OKC,116,106,1
2008-11-14,2009,0,,SAS,HOU,77,75,1
2008-11-14,2009,0,,NOP,POR,87,82,1
2008-11-14,2009,0,,NJN,ATL,115,108,1
2008-11-14,2009,0,,DAL,ORL,100,102,1
2008-11-14,2009,0,,MEM,MIL,96,101,1
2008-11-14,2009,0,,IND,PHI,92,94,1
2008-11-15,2009,0,,ATL,NJN,107,119,1
2008-11-15,2009,0,,PHI,OKC,110,85,1
2008-11-15,2009,0,,LAC,GSW,103,121,1
2008-11-15,2009,0,,CHI,IND,104,91,1
2008-11-15,2009,0,,CLE,UTA,105,93,1
2008-11-15,2009,0,,MIN,POR,83,88,1
2008-11-15,2009,0,,HOU,NOP,91,82,1
2008-11-15,2009,0,,MIL,BOS,97,102,1
2008-11-16,2009,0,,CHO,ORL,85,90,1
2008-11-16,2009,0,,NYK,DAL,114,124,1
2008-11-16,2009,0,,TOR,MIA,107,96,1
2008-11-16,2009,0,,DEN,MIN,90,84,1
2008-11-16,2009,0,,PHO,DET,104,86,1
2008-11-16,2009,0,,SAC,SAS,88,90,1
2008-11-17,2009,0,,LAC,SAS,83,86,1
2008-11-17,2009,0,,UTA,PHO,109,97,1
2008-11-17,2009,0,,OKC,HOU,89,100,1
2008-11-18,2009,0,,LAL,CHI,116,109,1
2008-11-18,2009,0,,MEM,SAC,109,94,1
2008-11-18,2009,0,,IND,ATL,113,96,1
2008-11-18,2009,0,,DEN,MIL,114,105,1
2008-11-18,2009,0,,NJN,CLE,82,106,1
2008-11-18,2009,0,,BOS,NYK,110,101,1
2008-11-18,2009,0,,WAS,MIA,87,94,1
2008-11-18,2009,0,,CHO,DAL,83,100,1
2008-11-18,2009,0,,ORL,TOR,103,90,1
2008-11-18,2009,0,,GSW,POR,111,106,1
2008-11-19,2009,0,,SAS,DEN,81,91,1
2008-11-19,2009,0,,NOP,SAC,96,105,1
2008-11-19,2009,0,,DET,CLE,96,89,1
2008-11-19,2009,0,,MIA,TOR,95,101,1
2008-11-19,2009,0,,POR,CHI,116,74,1
2008-11-19,2009,0,,UTA,MIL,105,94,1
2008-11-19,2009,0,,OKC,LAC,88,108,1
2008-11-19,2009,0,,MIN,PHI,102,96,1
2008-11-19,2009,0,,HOU,DAL,86,96,1
2008-11-19,2009,0,,ATL,WAS,91,87,1
2008-11-20,2009,0,,BOS,DET,98,80,1
2008-11-20,2009,0,,PHO,LAL,92,105,1
2008-11-21,2009,0,,OKC,NOP,80,105,1
2008-11-21,2009,0,,SAS,UTA,119,94,1
2008-11-21,2009,0,,MIL,NYK,104,87,1
2008-11-21,2009,0,,IND,ORL,98,100,1
2008-11-21,2009,0,,DAL,MEM,91,76,1
2008-11-21,2009,0,,GSW,CHI,110,115,1
2008-11-21,2009,0,,LAL,DEN,104,90,1
2008-11-21,2009,0,,MIN,BOS,78,95,1
2008-11-21,2009,0,,TOR,NJN,127,129,1
2008-11-21,2009,0,,PHI,LAC,89,88,1
2008-11-21,2009,0,,ATL,CHO,88,83,1
2008-11-21,2009,0,,SAC,POR,96,117,1
2008-11-21,2009,0,,WAS,HOU,91,103,1
2008-11-22,2009,0,,MEM,UTA,94,103,1
2008-11-22,2009,0,,CLE,ATL,110,96,1
2008-11-22,2009,0,,NYK,WAS,122,117,1
2008-11-22,2009,0,,CHO,MIL,74,79,1
2008-11-22,2009,0,,NOP,OKC,109,97,1
2008-11-22,2009,0,,NJN,LAC,112,95,1
2008-11-22,2009,0,,MIA,IND,109,100,1
2008-11-22,2009,0,,PHO,POR,102,92,1
2008-11-22,2009,0,,ORL,HOU,95,100,1
2008-11-23,2009,0,,DET,MIN,80,106,1
2008-11-23,2009,0,,DEN,CHI,114,101,1
2008-11-23,2009,0,,TOR,BOS,103,118,1
2008-11-23,2009,0,,LAL,SAC,118,108,1
2008-11-23,2009,0,,PHI,GSW,89,81,1
2008-11-24,2009,0,,LAC,NOP,87,99,1
2008-11-24,2009,0,,MEM,SAS,81,94,1
2008-11-24,2009,0,,UTA,CHI,100,101,1
2008-11-24,2009,0,,MIA,HOU,98,107,1
2008-11-24,2009,0,,CHO,PHI,93,84,1
2008-11-24,2009,0,,ORL,MIL,108,101,1
2008-11-24,2009,0,,POR,SAC,91,90,1
2008-11-25,2009,0,,OKC,PHO,98,99,1
2008-11-25,2009,0,,WAS,GSW,124,100,1
2008-11-25,2009,0,,NYK,CLE,101,119,1
2008-11-25,2009,0,,DAL,IND,109,106,1
2008-11-25,2009,0,,LAL,NJN,120,93,1
2008-11-26,2009,0,,CLE,OKC,117,82,1
2008-11-26,2009,0,,SAS,CHI,98,88,1
2008-11-26,2009,0,,HOU,IND,90,91,1
2008-11-26,2009,0,,MIN,PHO,102,110,1
2008-11-26,2009,0,,PHI,ORL,94,96,1
2008-11-26,2009,0,,SAC,NJN,114,116,1
2008-11-26,2009,0,,TOR,CHO,93,86,1
2008-11-26,2009,0,,ATL,MIL,102,96,1
2008-11-26,2009,0,,UTA,MEM,117,100,1
2008-11-26,2009,0,,DET,NYK,110,96,1
2008-11-26,2009,0,,LAC,DEN,105,106,1
2008-11-26,2009,0,,POR,MIA,106,68,1
2008-11-26,2009,0,,BOS,GSW,119,111,1
2008-11-27,2009,0,,WAS,ORL,90,105,1
2008-11-27,2009,0,,DEN,NOP,101,105,1
2008-11-28,2009,0,,TOR,ATL,93,88,1
2008-11-28,2009,0,,CLE,GSW,112,97,1
2008-11-28,2009,0,,LAL,DAL,114,107,1
2008-11-28,2009,0,,POR,NOP,101,86,1
2008-11-28,2009,0,,OKC,MIN,103,105,1
2008-11-28,2009,0,,PHO,MIA,92,107,1
2008-11-28,2009,0,,UTA,SAC,120,94,1
2008-11-28,2009,0,,BOS,PHI,102,78,1
2008-11-28,2009,0,,DET,MIL,107,97,1
2008-11-28,2009,0,,IND,CHO,108,115,1
2008-11-28,2009,0,,SAS,MEM,109,98,1
2008-11-29,2009,0,,MIL,CLE,85,97,1
2008-11-29,2009,0,,SAC,DAL,78,101,1
2008-11-29,2009,0,,MEM,OKC,103,111,1
2008-11-29,2009,0,,ORL,IND,110,96,1
2008-11-29,2009,0,,CHO,BOS,84,89,1
2008-11-29,2009,0,,MIN,DEN,97,106,1
2008-11-29,2009,0,,HOU,SAS,103,84,1
2008-11-29,2009,0,,UTA,NJN,88,105,1
2008-11-29,2009,0,,LAC,MIA,97,96,1
2008-11-29,2009,0,,WAS,ATL,98,102,1
2008-11-29,2009,0,,NYK,GSW,138,125,1
2008-11-30,2009,0,,LAL,TOR,112,99,1
2008-11-30,2009,0,,PHO,NJN,109,117,1
2008-11-30,2009,0,,DEN,HOU,104,94,1
2008-11-30,2009,0,,PHI,CHI,92,103,1
2008-11-30,2009,0,,DET,POR,85,96,1
2008-12-01,2009,0,,GSW,MIA,129,130,1
2008-12-01,2009,0,,BOS,ORL,107,88,1
2008-12-01,2009,0,,CHO,MIN,100,90,1
2008-12-02,2009,0,,CHI,PHI,95,103,1
2008-12-02,2009,0,,NJN,WAS,88,108,1
2008-12-02,2009,0,,NYK,POR,97,104,1
2008-12-02,2009,0,,DEN,TOR,132,93,1
2008-12-02,2009,0,,IND,LAL,118,117,1
2008-12-02,2009,0,,SAC,UTA,94,99,1
2008-12-02,2009,0,,SAS,DET,77,89,1
2008-12-02,2009,0,,DAL,LAC,100,98,1
2008-12-03,2009,0,,WAS,POR,92,98,1
2008-12-03,2009,0,,CLE,NYK,118,82,1
2008-12-03,2009,0,,ATL,MEM,105,95,1
2008-12-03,2009,0,,PHI,LAL,102,114,1
2008-12-03,2009,0,,NOP,PHO,104,91,1
2008-12-03,2009,0,,MIL,CHI,97,90,1
2008-12-03,2009,0,,ORL,MIN,100,89,1
2008-12-03,2009,0,,BOS,IND,114,96,1
2008-12-03,2009,0,,CHO,OKC,103,97,1
2008-12-03,2009,0,,HOU,LAC,103,96,1
2008-12-03,2009,0,,UTA,MIA,89,93,1
2008-12-04,2009,0,,DAL,PHO,112,97,1
2008-12-04,2009,0,,DEN,SAS,91,108,1
2008-12-05,2009,0,,UTA,TOR,114,87,1
2008-12-05,2009,0,,NJN,MIN,113,84,1
2008-12-05,2009,0,,CLE,IND,97,73,1
2008-12-05,2009,0,,WAS,LAL,104,106,1
2008-12-05,2009,0,,ORL,OKC,98,89,1
2008-12-05,2009,0,,MEM,LAC,93,81,1
2008-12-05,2009,0,,ATL,NYK,98,95,1
2008-12-05,2009,0,,BOS,POR,93,78,1
2008-12-05,2009,0,,DET,PHI,91,96,1
2008-12-05,2009,0,,HOU,GSW,131,112,1
2008-12-05,2009,0,,MIL,CHO,101,96,1
2008-12-06,2009,0,,CHO,CLE,74,94,1
2008-12-06,2009,0,,MIA,OKC,105,99,1
2008-12-06,2009,0,,PHI,NJN,84,95,1
2008-12-06,2009,0,,MIN,LAC,84,107,1
2008-12-06,2009,0,,CHI,WAS,117,110,1
2008-12-06,2009,0,,DAL,ATL,100,98,1
2008-12-06,2009,0,,NOP,MEM,106,87,1
2008-12-06,2009,0,,SAS,GSW,123,88,1
2008-12-06,2009,0,,SAC,DEN,85,118,1
2008-12-06,2009,0,,PHO,UTA,106,104,1
2008-12-07,2009,0,,LAL,MIL,105,92,1
2008-12-07,2009,0,,NYK,DET,104,92,1
2008-12-07,2009,0,,TOR,POR,97,98,1
2008-12-07,2009,0,,IND,BOS,117,122,1
2008-12-08,2009,0,,LAC,ORL,88,95,1
2008-12-08,2009,0,,MIA,CHO,100,96,1
2008-12-08,2009,0,,MEM,HOU,109,97,1
2008-12-08,2009,0,,OKC,GSW,102,112,1
2008-12-09,2009,0,,SAC,LAL,113,101,1
2008-12-09,2009,0,,WAS,DET,107,94,1
2008-12-09,2009,0,,PHO,MIL,125,110,1
2008-12-09,2009,0,,CLE,TOR,114,94,1
2008-12-09,2009,0,,MIN,UTA,96,99,1
2008-12-09,2009,0,,CHI,NYK,105,100,1
2008-12-09,2009,0,,DAL,SAS,126,133,1
2008-12-09,2009,0,,HOU,ATL,92,84,1
2008-12-09,2009,0,,POR,ORL,108,109,1
2008-12-10,2009,0,,OKC,MEM,102,108,1
2008-12-10,2009,0,,GSW,MIL,119,96,1
2008-12-10,2009,0,,LAL,PHO,115,110,1
2008-12-10,2009,0,,DEN,MIN,116,105,1
2008-12-10,2009,0,,NOP,CHO,105,89,1
2008-12-10,2009,0,,TOR,IND,101,88,1
2008-12-10,2009,0,,NJN,NYK,109,121,1
2008-12-10,2009,0,,PHI,CLE,93,101,1
2008-12-10,2009,0,,SAS,ATL,95,89,1
2008-12-11,2009,0,,WAS,BOS,88,122,1
2008-12-11,2009,0,,DAL,CHO,95,90,1
2008-12-11,2009,0,,UTA,POR,97,88,1
2008-12-12,2009,0,,LAL,SAC,112,103,1
2008-12-12,2009,0,,GSW,HOU,108,119,1
2008-12-12,2009,0,,DET,IND,114,110,1
2008-12-12,2009,0,,BOS,NOP,94,82,1
2008-12-12,2009,0,,CLE,PHI,88,72,1
2008-12-12,2009,0,,POR,LAC,112,120,1
2008-12-12,2009,0,,PHO,ORL,113,112,1
2008-12-12,2009,0,,MEM,CHI,103,96,1
2008-12-12,2009,0,,NJN,TOR,79,101,1
2008-12-12,2009,0,,MIN,SAS,86,98,1
2008-12-12,2009,0,,MIA,ATL,73,87,1
2008-12-13,2009,0,,DEN,GSW,123,105,1
2008-12-13,2009,0,,CHO,DET,86,90,1
2008-12-13,2009,0,,PHI,WAS,104,89,1
2008-12-13,2009,0,,CHI,NJN,113,104,1
2008-12-13,2009,0,,SAC,NYK,90,114,1
2008-12-13,2009,0,,LAC,HOU,95,82,1
2008-12-13,2009,0,,DAL,OKC,103,99,1
2008-12-13,2009,0,,MIL,IND,121,103,1
2008-12-13,2009,0,,UTA,ORL,94,103,1
2008-12-13,2009,0,,ATL,CLE,97,92,1
2008-12-14,2009,0,,TOR,NOP,91,99,1
2008-12-14,2009,0,,MEM,MIA,102,86,1
2008-12-14,2009,0,,SAS,OKC,109,104,1
2008-12-14,2009,0,,LAL,MIN,98,86,1
2008-12-15,2009,0,,WAS,IND,98,118,1
2008-12-15,2009,0,,PHO,NYK,111,103,1
2008-12-15,2009,0,,SAC,MIN,118,103,1
2008-12-15,2009,0,,GSW,ORL,98,109,1
2008-12-15,2009,0,,ATL,CHO,83,79,1
2008-12-15,2009,0,,TOR,NJN,87,94,1
2008-12-15,2009,0,,BOS,UTA,100,91,1
2008-12-15,2009,0,,MIA,MIL,83,98,1
2008-12-15,2009,0,,DAL,DEN,88,98,1
2008-12-16,2009,0,,MEM,NOP,84,91,1
2008-12-16,2009,0,,LAL,NYK,116,114,1
2008-12-16,2009,0,,HOU,DEN,108,96,1
2008-12-16,2009,0,,OKC,LAC,88,98,1
2008-12-16,2009,0,,CHO,CHI,110,101,1
2008-12-16,2009,0,,POR,SAC,109,77,1
2008-12-17,2009,0,,PHI,MIL,93,88,1
2008-12-17,2009,0,,IND,GSW,127,120,1
2008-12-17,2009,0,,MIN,CLE,70,93,1
2008-12-17,2009,0,,CHI,LAC,115,109,1
2008-12-17,2009,0,,TOR,DAL,86,96,1
2008-12-17,2009,0,,DET,WAS,88,74,1
2008-12-17,2009,0,,NJN,UTA,92,103,1
2008-12-17,2009,0,,NOP,SAS,90,83,1
2008-12-17,2009,0,,ATL,BOS,85,88,1
2008-12-18,2009,0,,POR,PHO,124,119,1
2008-12-18,2009,0,,ORL,SAS,90,78,1
2008-12-19,2009,0,,ATL,GSW,115,99,1
2008-12-19,2009,0,,DET,UTA,114,120,1
2008-12-19,2009,0,,HOU,SAC,107,96,1
2008-12-19,2009,0,,MEM,CHO,83,112,1
2008-12-19,2009,0,,DEN,CLE,88,105,1
2008-12-19,2009,0,,OKC,TOR,91,83,1
2008-12-19,2009,0,,MIA,LAL,89,87,1
2008-12-19,2009,0,,NYK,MIL,81,105,1
2008-12-19,2009,0,,NJN,DAL,121,97,1
2008-12-19,2009,0,,WAS,PHI,103,109,1
2008-12-19,2009,0,,BOS,CHI,126,108,1
2008-12-19,2009,0,,IND,LAC,109,117,1
2008-12-20,2009,0,,NJN,MIA,103,106,1
2008-12-20,2009,0,,PHO,DEN,108,101,1
2008-12-20,2009,0,,CHI,UTA,106,98,1
2008-12-20,2009,0,,SAS,TOR,107,97,1
2008-12-20,2009,0,,MIL,LAC,119,85,1
2008-12-20,2009,0,,MIN,HOU,102,109,1
2008-12-20,2009,0,,NOP,SAC,99,90,1
2008-12-20,2009,0,,PHI,IND,94,95,1
2008-12-20,2009,0,,CHO,GSW,103,110,1
2008-12-20,2009,0,,ORL,LAL,106,103,1
2008-12-21,2009,0,,WAS,DAL,86,97,1
2008-12-21,2009,0,,ATL,DET,85,78,1
2008-12-21,2009,0,,OKC,CLE,91,102,1
2008-12-21,2009,0,,BOS,NYK,124,105,1
2008-12-22,2009,0,,SAS,SAC,101,85,1
2008-12-22,2009,0,,LAC,TOR,75,97,1
2008-12-22,2009,0,,DEN,POR,97,89,1
2008-12-22,2009,0,,MEM,LAL,96,105,1
2008-12-22,2009,0,,NJN,HOU,91,114,1
2008-12-22,2009,0,,ORL,GSW,113,81,1
2008-12-23,2009,0,,DET,CHI,104,98,1
2008-12-23,2009,0,,MIA,GSW,96,88,1
2008-12-23,2009,0,,CHO,WAS,80,72,1
2008-12-23,2009,0,,IND,NJN,107,108,1
2008-12-23,2009,0,,DAL,MEM,100,82,1
2008-12-23,2009,0,,SAS,MIN,99,93,1
2008-12-23,2009,0,,MIL,UTA,94,86,1
2008-12-23,2009,0,,POR,DEN,101,92,1
2008-12-23,2009,0,,NOP,LAL,87,100,1
2008-12-23,2009,0,,CLE,HOU,99,90,1
2008-12-23,2009,0,,ATL,OKC,99,88,1
2008-12-23,2009,0,,BOS,PHI,110,91,1
2008-12-25,2009,0,,LAL,BOS,92,83,1
2008-12-25,2009,0,,POR,DAL,94,102,1
2008-12-25,2009,0,,PHO,SAS,90,91,1
2008-12-25,2009,0,,ORL,NOP,88,68,1
2008-12-25,2009,0,,CLE,WAS,93,89,1
2008-12-26,2009,0,,DET,OKC,90,88,1
2008-12-26,2009,0,,GSW,BOS,99,89,1
2008-12-26,2009,0,,DEN,PHI,105,101,1
2008-12-26,2009,0,,NJN,CHO,87,95,1
2008-12-26,2009,0,,SAC,TOR,101,107,1
2008-12-26,2009,0,,UTA,DAL,97,88,1
2008-12-26,2009,0,,MEM,IND,108,105,1
2008-12-26,2009,0,,NOP,HOU,88,79,1
2008-12-26,2009,0,,NYK,MIN,107,120,1
2008-12-26,2009,0,,MIA,CHI,90,77,1
2008-12-27,2009,0,,HOU,UTA,120,115,1
2008-12-27,2009,0,,WAS,OKC,104,95,1
2008-12-27,2009,0,,MIL,DET,76,87,1
2008-12-27,2009,0,,CHO,NJN,103,114,1
2008-12-27,2009,0,,POR,TOR,102,89,1
2008-12-27,2009,0,,MIN,ORL,94,118,1
2008-12-27,2009,0,,SAS,MEM,106,103,1
2008-12-27,2009,0,,ATL,CHI,129,117,1
2008-12-28,2009,0,,LAL,GSW,130,113,1
2008-12-28,2009,0,,NYK,DEN,110,117,1
2008-12-28,2009,0,,LAC,DAL,76,98,1
2008-12-28,2009,0,,IND,NOP,103,105,1
2008-12-28,2009,0,,SAC,BOS,63,108,1
2008-12-28,2009,0,,CLE,MIA,93,86,1
2008-12-29,2009,0,,MIN,MEM,108,98,1
2008-12-29,2009,0,,NJN,CHI,87,100,1
2008-12-29,2009,0,,UTA,PHI,112,95,1
2008-12-29,2009,0,,OKC,PHO,102,110,1
2008-12-29,2009,0,,HOU,WAS,87,89,1
2008-12-29,2009,0,,GSW,TOR,117,111,1
2008-12-29,2009,0,,ATL,DEN,109,91,1
2008-12-29,2009,0,,DET,ORL,88,82,1
2008-12-30,2009,0,,SAC,LAC,92,90,1
2008-12-30,2009,0,,POR,BOS,91,86,1
2008-12-30,2009,0,,CHO,NYK,89,93,1
2008-12-30,2009,0,,IND,ATL,104,110,1
2008-12-30,2009,0,,MIA,CLE,104,95,1
2008-12-30,2009,0,,NOP,WAS,97,85,1
2008-12-30,2009,0,,MEM,PHO,89,101,1
2008-12-30,2009,0,,DAL,MIN,107,100,1
2008-12-30,2009,0,,SAS,MIL,98,100,1
2008-12-31,2009,0,,LAC,PHI,92,100,1
2008-12-31,2009,0,,OKC,GSW,107,100,1
2008-12-31,2009,0,,CHI,ORL,94,113,1
2008-12-31,2009,0,,HOU,MIL,85,81,1
2008-12-31,2009,0,,DET,NJN,83,75,1
2008-12-31,2009,0,,TOR,DEN,107,114,1
2009-01-02,2009,0,,DAL,PHI,96,86,1
2009-01-02,2009,0,,NYK,IND,103,105,1
2009-01-02,2009,0,,POR,NOP,77,92,1
2009-01-02,2009,0,,LAL,UTA,113,100,1
2009-01-02,2009,0,,ORL,MIA,86,76,1
2009-01-02,2009,0,,TOR,HOU,94,73,1
2009-01-02,2009,0,,MEM,SAS,80,91,1
2009-01-02,2009,0,,MIL,CHO,103,75,1
2009-01-02,2009,0,,OKC,DEN,120,122,1
2009-01-02,2009,0,,MIN,GSW,115,108,1
2009-01-02,2009,0,,CLE,CHI,117,92,1
2009-01-02,2009,0,,NJN,ATL,93,91,1
2009-01-02,2009,0,,DET,SAC,98,92,1
2009-01-02,2009,0,,BOS,WAS,108,83,1
2009-01-02,2009,0,,PHO,LAC,106,98,1
2009-01-03,2009,0,,CHI,MIN,92,102,1
2009-01-03,2009,0,,ATL,HOU,103,100,1
2009-01-03,2009,0,,CHO,MIL,102,92,1
2009-01-03,2009,0,,MIA,NJN,101,96,1
2009-01-03,2009,0,,DEN,NOP,105,100,1
2009-01-03,2009,0,,SAS,PHI,108,106,1
2009-01-03,2009,0,,IND,SAC,122,117,1
2009-01-04,2009,0,,TOR,ORL,108,102,1
2009-01-04,2009,0,,LAC,DET,87,88,1
2009-01-04,2009,0,,LAL,POR,100,86,1
2009-01-04,2009,0,,NYK,BOS,100,88,1
2009-01-04,2009,0,,MEM,DAL,102,82,1
2009-01-04,2009,0,,WAS,CLE,80,77,1
2009-01-05,2009,0,,MIA,SAS,84,91,1
2009-01-05,2009,0,,UTA,GSW,119,114,1
2009-01-05,2009,0,,MIL,TOR,107,97,1
2009-01-05,2009,0,,NJN,SAC,98,90,1
2009-01-05,2009,0,,DEN,IND,135,115,1
2009-01-06,2009,0,,MEM,MIN,87,94,1
2009-01-06,2009,0,,CHO,BOS,114,106,1
2009-01-06,2009,0,,PHI,HOU,104,96,1
2009-01-06,2009,0,,ORL,WAS,89,80,1
2009-01-06,2009,0,,CHI,SAC,99,94,1
2009-01-06,2009,0,,OKC,NYK,107,99,1
2009-01-06,2009,0,,LAL,NOP,105,116,1
2009-01-06,2009,0,,DAL,LAC,107,102,1
2009-01-07,2009,0,,MIN,OKC,129,87,1
2009-01-07,2009,0,,MIL,PHI,105,110,1
2009-01-07,2009,0,,NJN,MEM,100,89,1
2009-01-07,2009,0,,CLE,CHO,111,81,1
2009-01-07,2009,0,,ATL,ORL,102,106,1
2009-01-07,2009,0,,DEN,MIA,108,97,1
2009-01-07,2009,0,,POR,DET,84,83,1
2009-01-07,2009,0,,UTA,NOP,116,90,1
2009-01-07,2009,0,,WAS,TOR,93,99,1
2009-01-07,2009,0,,BOS,HOU,85,89,1
2009-01-07,2009,0,,PHO,IND,110,113,1
2009-01-07,2009,0,,GSW,LAL,106,114,1
2009-01-08,2009,0,,SAS,LAC,106,84,1
2009-01-08,2009,0,,DAL,NYK,99,94,1
2009-01-09,2009,0,,NOP,LAC,107,80,1
2009-01-09,2009,0,,PHO,DAL,128,100,1
2009-01-09,2009,0,,LAL,IND,121,119,1
2009-01-09,2009,0,,SAC,MIA,115,119,1
2009-01-09,2009,0,,MIL,NJN,104,102,1
2009-01-09,2009,0,,CHI,WAS,98,86,1
2009-01-09,2009,0,,CLE,BOS,98,83,1
2009-01-09,2009,0,,TOR,MEM,103,82,1
2009-01-09,2009,0,,ORL,ATL,121,87,1
2009-01-09,2009,0,,OKC,HOU,96,98,1
2009-01-09,2009,0,,PHI,CHO,93,87,1
2009-01-09,2009,0,,DEN,DET,90,93,1
2009-01-10,2009,0,,CHI,OKC,98,109,1
2009-01-10,2009,0,,POR,GSW,113,100,1
2009-01-10,2009,0,,MIN,MIL,106,104,1
2009-01-10,2009,0,,UTA,DET,99,82,1
2009-01-10,2009,0,,WAS,CHO,89,92,1
2009-01-10,2009,0,,HOU,NYK,96,76,1
2009-01-11,2009,0,,LAL,MIA,108,105,1
2009-01-11,2009,0,,TOR,BOS,88,94,1
2009-01-11,2009,0,,SAC,DAL,102,95,1
2009-01-11,2009,0,,ATL,PHI,94,109,1
2009-01-11,2009,0,,LAC,PHO,103,109,1
2009-01-11,2009,0,,GSW,IND,120,117,1
2009-01-11,2009,0,,SAS,ORL,98,105,1
2009-01-12,2009,0,,CHI,POR,95,109,1
2009-01-12,2009,0,,UTA,IND,120,113,1
2009-01-12,2009,0,,NJN,OKC,103,99,1
2009-01-12,2009,0,,BOS,TOR,115,109,1
2009-01-12,2009,0,,NOP,NYK,95,101,1
2009-01-12,2009,0,,WAS,MIL,91,97,1
2009-01-13,2009,0,,HOU,LAL,100,105,1
2009-01-13,2009,0,,PHO,ATL,107,102,1
2009-01-13,2009,0,,DEN,DAL,99,97,1
2009-01-13,2009,0,,MEM,CLE,87,102,1
2009-01-13,2009,0,,DET,CHO,78,80,1
2009-01-13,2009,0,,SAC,ORL,107,139,1
2009-01-13,2009,0,,MIN,MIA,96,99,1
2009-01-14,2009,0,,NYK,WAS,128,122,1
2009-01-14,2009,0,,PHI,POR,100,79,1
2009-01-14,2009,0,,BOS,NJN,118,86,1
2009-01-14,2009,0,,LAC,ATL,80,97,1
2009-01-14,2009,0,,TOR,CHI,98,102,1
2009-01-14,2009,0,,MIL,MIA,99,102,1
2009-01-14,2009,0,,OKC,UTA,114,93,1
2009-01-14,2009,0,,DAL,NOP,97,104,1
2009-01-14,2009,0,,SAS,LAL,112,111,1
2009-01-14,2009,0,,GSW,SAC,133,135,1
2009-01-14,2009,0,,IND,DET,110,106,1
2009-01-15,2009,0,,CHI,CLE,102,93,1
2009-01-15,2009,0,,DEN,PHO,119,113,1
2009-01-15,2009,0,,NJN,POR,99,105,1
2009-01-16,2009,0,,PHI,SAS,109,87,1
2009-01-16,2009,0,,OKC,DET,89,79,1
2009-01-16,2009,0,,IND,TOR,111,104,1
2009-01-16,2009,0,,SAC,MIL,122,129,1
2009-01-16,2009,0,,MEM,UTA,91,101,1
2009-01-16,2009,0,,LAL,ORL,103,109,1
2009-01-16,2009,0,,GSW,ATL,119,114,1
2009-01-16,2009,0,,PHO,MIN,103,105,1
2009-01-16,2009,0,,WAS,NYK,96,89,1
2009-01-16,2009,0,,CLE,NOP,92,78,1
2009-01-17,2009,0,,CHO,POR,102,97,1
2009-01-17,2009,0,,LAC,MIL,101,92,1
2009-01-17,2009,0,,DEN,ORL,88,106,1
2009-01-17,2009,0,,DAL,UTA,115,108,1
2009-01-17,2009,0,,HOU,MIA,93,86,1
2009-01-17,2009,0,,CHI,SAS,87,92,1
2009-01-17,2009,0,,NYK,PHI,97,107,1
2009-01-17,2009,0,,NJN,BOS,85,105,1
2009-01-17,2009,0,,DET,NOP,85,91,1
2009-01-18,2009,0,,OKC,MIA,94,104,1
2009-01-18,2009,0,,TOR,PHO,113,117,1
2009-01-19,2009,0,,LAC,MIN,86,94,1
2009-01-19,2009,0,,ATL,TOR,87,84,1
2009-01-19,2009,0,,PHI,DAL,93,95,1
2009-01-19,2009,0,,GSW,WAS,119,98,1
2009-01-19,2009,0,,NOP,IND,103,100,1
2009-01-19,2009,0,,CHO,SAS,84,86,1
2009-01-19,2009,0,,HOU,DEN,115,113,1
2009-01-19,2009,0,,POR,MIL,102,85,1
2009-01-19,2009,0,,LAL,CLE,105,88,1
2009-01-19,2009,0,,BOS,PHO,104,87,1
2009-01-19,2009,0,,MEM,DET,79,87,1
2009-01-19,2009,0,,NYK,CHI,102,98,1
2009-01-20,2009,0,,CHI,ATL,102,105,1
2009-01-20,2009,0,,DEN,SAC,118,99,1
2009-01-20,2009,0,,SAS,IND,99,81,1
2009-01-20,2009,0,,UTA,MIN,112,107,1
2009-01-21,2009,0,,DET,TOR,95,76,1
2009-01-21,2009,0,,MIA,BOS,83,98,1
2009-01-21,2009,0,,HOU,UTA,108,99,1
2009-01-21,2009,0,,LAC,LAL,97,108,1
2009-01-21,2009,0,,SAC,WAS,107,110,1
2009-01-21,2009,0,,POR,CLE,98,104,1
2009-01-21,2009,0,,MIL,DAL,133,99,1
2009-01-21,2009,0,,NOP,NJN,102,92,1
2009-01-21,2009,0,,NYK,PHO,114,109,1
2009-01-21,2009,0,,CHO,MEM,101,86,1
2009-01-21,2009,0,,GSW,OKC,121,122,1
2009-01-22,2009,0,,LAL,WAS,117,97,1
2009-01-22,2009,0,,ORL,BOS,80,90,1
2009-01-23,2009,0,,GSW,CLE,105,106,1
2009-01-23,2009,0,,SAS,NJN,94,91,1
2009-01-23,2009,0,,CHI,TOR,94,114,1
2009-01-23,2009,0,,NYK,MEM,108,88,1
2009-01-23,2009,0,,CHO,PHO,98,76,1
2009-01-23,2009,0,,IND,HOU,107,102,1
2009-01-23,2009,0,,MIN,NOP,116,108,1
2009-01-23,2009,0,,LAC,OKC,107,104,1
2009-01-23,2009,0,,ATL,MIL,117,87,1
2009-01-23,2009,0,,DET,DAL,91,112,1
2009-01-24,2009,0,,PHI,NYK,116,110,1
2009-01-24,2009,0,,POR,WAS,100,87,1
2009-01-24,2009,0,,UTA,CLE,97,102,1
2009-01-24,2009,0,,MIL,SAC,106,104,1
2009-01-24,2009,0,,MEM,NJN,88,99,1
2009-01-24,2009,0,,MIA,ORL,103,97,1
2009-01-25,2009,0,,BOS,DAL,124,100,1
2009-01-25,2009,0,,GSW,LAC,107,92,1
2009-01-25,2009,0,,IND,CHO,98,93,1
2009-01-25,2009,0,,DET,HOU,105,108,1
2009-01-25,2009,0,,ATL,PHO,99,104,1
2009-01-25,2009,0,,LAL,SAS,99,85,1
2009-01-25,2009,0,,TOR,SAC,113,97,1
2009-01-25,2009,0,,DEN,UTA,117,97,1
2009-01-25,2009,0,,MIN,CHI,109,108,1
2009-01-26,2009,0,,MIA,ATL,95,79,1
2009-01-26,2009,0,,NYK,HOU,104,98,1
2009-01-26,2009,0,,OKC,NJN,94,85,1
2009-01-26,2009,0,,WAS,PHO,87,103,1
2009-01-26,2009,0,,LAC,POR,88,113,1
2009-01-26,2009,0,,MIL,MIN,83,90,1
2009-01-26,2009,0,,NOP,PHI,101,86,1
2009-01-27,2009,0,,UTA,SAS,100,106,1
2009-01-27,2009,0,,ORL,IND,135,111,1
2009-01-27,2009,0,,LAL,CHO,110,117,1
2009-01-27,2009,0,,CLE,SAC,117,110,1
2009-01-27,2009,0,,MEM,DEN,85,100,1
2009-01-28,2009,0,,MIA,WAS,93,71,1
2009-01-28,2009,0,,POR,CHO,88,74,1
2009-01-28,2009,0,,DAL,GSW,117,93,1
2009-01-28,2009,0,,HOU,PHI,93,95,1
2009-01-28,2009,0,,MIN,DET,89,98,1
2009-01-28,2009,0,,NYK,ATL,112,104,1
2009-01-28,2009,0,,BOS,SAC,119,100,1
2009-01-28,2009,0,,IND,MIL,107,99,1
2009-01-28,2009,0,,NOP,DEN,94,81,1
2009-01-28,2009,0,,LAC,CHI,75,95,1
2009-01-28,2009,0,,OKC,MEM,114,102,1
2009-01-28,2009,0,,NJN,TOR,106,107,1
2009-01-29,2009,0,,ORL,CLE,99,88,1
2009-01-29,2009,0,,PHO,SAS,104,114,1
2009-01-30,2009,0,,PHI,WAS,104,94,1
2009-01-30,2009,0,,DEN,CHO,110,99,1
2009-01-30,2009,0,,UTA,OKC,110,90,1
2009-01-30,2009,0,,NOP,GSW,87,91,1
2009-01-30,2009,0,,IND,MIA,114,103,1
2009-01-30,2009,0,,DET,BOS,78,86,1
2009-01-30,2009,0,,SAC,CHI,88,109,1
2009-01-30,2009,0,,TOR,MIL,85,96,1
2009-01-30,2009,0,,ATL,NJN,105,88,1
2009-01-30,2009,0,,MIN,LAL,119,132,1
2009-01-30,2009,0,,CLE,LAC,112,95,1
2009-01-31,2009,0,,POR,UTA,122,108,1
2009-01-31,2009,0,,MIL,ATL,110,107,1
2009-01-31,2009,0,,HOU,GSW,110,93,1
2009-01-31,2009,0,,MEM,LAL,98,115,1
2009-01-31,2009,0,,MIA,DAL,96,111,1
2009-01-31,2009,0,,IND,NYK,113,122,1
2009-01-31,2009,0,,WAS,LAC,106,94,1
2009-01-31,2009,0,,SAS,NOP,106,93,1
2009-01-31,2009,0,,PHO,CHI,111,122,1
2009-01-31,2009,0,,PHI,NJN,83,85,1
2009-02-01,2009,0,,SAC,OKC,122,118,1
2009-02-01,2009,0,,DET,CLE,80,90,1
2009-02-01,2009,0,,BOS,MIN,109,101,1
2009-02-01,2009,0,,TOR,ORL,90,113,1
2009-02-02,2009,0,,NOP,POR,89,97,1
2009-02-02,2009,0,,UTA,CHO,105,86,1
2009-02-02,2009,0,,MIA,LAC,119,95,1
2009-02-02,2009,0,,ORL,DAL,95,105,1
2009-02-02,2009,0,,WAS,MEM,97,113,1
2009-02-02,2009,0,,NYK,LAL,117,126,1
2009-02-02,2009,0,,PHO,SAC,129,81,1
2009-02-02,2009,0,,GSW,SAS,105,110,1
2009-02-03,2009,0,,NJN,MIL,99,85,1
2009-02-03,2009,0,,IND,MIN,111,116,1
2009-02-03,2009,0,,CLE,TOR,101,83,1
2009-02-03,2009,0,,PHI,BOS,99,100,1
2009-02-03,2009,0,,DEN,SAS,104,96,1
2009-02-03,2009,0,,HOU,CHI,107,100,1
2009-02-04,2009,0,,NYK,CLE,102,107,1
2009-02-04,2009,0,,GSW,PHO,124,112,1
2009-02-04,2009,0,,DAL,POR,104,99,1
2009-02-04,2009,0,,DET,MIA,93,90,1
2009-02-04,2009,0,,MEM,HOU,104,93,1
2009-02-04,2009,0,,NOP,CHI,93,107,1
2009-02-04,2009,0,,WAS,NJN,88,115,1
2009-02-04,2009,0,,ORL,LAC,125,96,1
2009-02-04,2009,0,,MIN,ATL,86,94,1
2009-02-04,2009,0,,OKC,DEN,113,114,1
2009-02-04,2009,0,,TOR,LAL,107,115,1
2009-02-05,2009,0,,PHI,IND,99,94,1
2009-02-05,2009,0,,BOS,LAL,109,110,1
2009-02-05,2009,0,,UTA,DAL,115,87,1
2009-02-06,2009,0,,NOP,TOR,101,92,1
2009-02-06,2009,0,,PHO,GSW,115,105,1
2009-02-06,2009,0,,SAC,UTA,107,111,1
2009-02-06,2009,0,,WAS,DEN,103,124,1
2009-02-06,2009,0,,OKC,POR,102,93,1
2009-02-06,2009,0,,NYK,BOS,100,110,1
2009-02-06,2009,0,,IND,ORL,107,102,1
2009-02-06,2009,0,,CHO,ATL,97,102,1
2009-02-06,2009,0,,MEM,LAC,105,126,1
2009-02-07,2009,0,,MIL,DET,121,126,1
2009-02-07,2009,0,,ATL,LAC,97,121,1
2009-02-07,2009,0,,PHI,MIA,94,84,1
2009-02-07,2009,0,,NJN,DEN,114,70,1
2009-02-07,2009,0,,MEM,TOR,78,70,1
2009-02-07,2009,0,,DAL,CHI,115,114,1
2009-02-07,2009,0,,HOU,MIN,107,90,1
2009-02-08,2009,0,,GSW,UTA,116,96,1
2009-02-08,2009,0,,DET,PHO,97,107,1
2009-02-08,2009,0,,CLE,LAL,91,101,1
2009-02-08,2009,0,,MIA,CHO,96,92,1
2009-02-08,2009,0,,POR,NYK,109,108,1
2009-02-08,2009,0,,NOP,MIN,101,97,1
2009-02-08,2009,0,,OKC,SAC,116,113,1
2009-02-08,2009,0,,BOS,SAS,99,105,1
2009-02-08,2009,0,,ORL,NJN,101,84,1
2009-02-08,2009,0,,WAS,IND,119,117,1
2009-02-09,2009,0,,PHI,PHO,108,91,1
2009-02-09,2009,0,,CHO,LAC,94,73,1
2009-02-09,2009,0,,MIL,HOU,124,112,1
2009-02-09,2009,0,,MEM,NOP,85,80,1
2009-02-10,2009,0,,IND,CLE,96,95,1
2009-02-10,2009,0,,MIN,TOR,102,110,1
2009-02-10,2009,0,,CHI,DET,107,102,1
2009-02-10,2009,0,,DAL,SAC,118,100,1
2009-02-10,2009,0,,LAL,OKC,105,98,1
2009-02-10,2009,0,,NJN,SAS,93,108,1
2009-02-10,2009,0,,GSW,NYK,144,127,1
2009-02-10,2009,0,,ATL,WAS,111,90,1
2009-02-10,2009,0,,MIA,DEN,82,99,1
2009-02-11,2009,0,,POR,OKC,106,92,1
2009-02-11,2009,0,,LAC,NYK,128,124,1
2009-02-11,2009,0,,UTA,LAL,113,109,1
2009-02-11,2009,0,,HOU,SAC,94,82,1
2009-02-11,2009,0,,MIL,IND,122,110,1
2009-02-11,2009,0,,DET,ATL,95,99,1
2009-02-11,2009,0,,CHO,WAS,101,89,1
2009-02-11,2009,0,,TOR,SAS,91,89,1
2009-02-11,2009,0,,PHI,MEM,91,87,1
2009-02-11,2009,0,,CLE,PHO,109,92,1
2009-02-11,2009,0,,ORL,DEN,73,82,1
2009-02-11,2009,0,,NOP,BOS,77,89,1
2009-02-12,2009,0,,CHI,MIA,93,95,1
2009-02-12,2009,0,,GSW,POR,105,98,1
2009-02-12,2009,0,,DAL,BOS,92,99,1
2009-02-17,2009,0,,LAL,ATL,96,83,1
2009-02-17,2009,0,,UTA,MEM,117,99,1
2009-02-17,2009,0,,PHO,LAC,140,100,1
2009-02-17,2009,0,,HOU,NJN,114,88,1
2009-02-17,2009,0,,DET,MIL,86,92,1
2009-02-17,2009,0,,WAS,MIN,111,103,1
2009-02-17,2009,0,,ORL,CHO,107,102,1
2009-02-17,2009,0,,IND,PHI,100,91,1
2009-02-17,2009,0,,OKC,NOP,98,100,1
2009-02-17,2009,0,,NYK,SAS,112,107,1
2009-02-18,2009,0,,POR,MEM,94,90,1
2009-02-18,2009,0,,MIL,CHI,104,113,1
2009-02-18,2009,0,,DAL,NJN,113,98,1
2009-02-18,2009,0,,PHI,DEN,89,101,1
2009-02-18,2009,0,,TOR,CLE,76,93,1
2009-02-18,2009,0,,CHO,IND,103,94,1
2009-02-18,2009,0,,NOP,ORL,117,85,1
2009-02-18,2009,0,,LAC,PHO,119,142,1
2009-02-18,2009,0,,SAC,ATL,100,105,1
2009-02-18,2009,0,,GSW,LAL,121,129,1
2009-02-18,2009,0,,MIA,MIN,104,111,1
2009-02-19,2009,0,,UTA,BOS,90,85,1
2009-02-19,2009,0,,DET,SAS,79,83,1
2009-02-20,2009,0,,NYK,TOR,127,97,1
2009-02-20,2009,0,,MEM,SAC,106,115,1
2009-02-20,2009,0,,NJN,WAS,96,107,1
2009-02-20,2009,0,,MIN,IND,105,112,1
2009-02-20,2009,0,,HOU,DAL,93,86,1
2009-02-20,2009,0,,CHO,ORL,80,92,1
2009-02-20,2009,0,,LAL,NOP,115,111,1
2009-02-20,2009,0,,CHI,DEN,116,99,1
2009-02-20,2009,0,,MIL,CLE,103,111,1
2009-02-20,2009,0,,POR,ATL,108,98,1
2009-02-20,2009,0,,PHO,OKC,140,118,1
2009-02-21,2009,0,,WAS,SAS,67,98,1
2009-02-21,2009,0,,MIA,PHI,97,91,1
2009-02-21,2009,0,,UTA,NOP,102,88,1
2009-02-21,2009,0,,DAL,SAC,116,95,1
2009-02-21,2009,0,,GSW,OKC,133,120,1
2009-02-22,2009,0,,CLE,DET,99,78,1
2009-02-22,2009,0,,HOU,CHO,99,78,1
2009-02-22,2009,0,,IND,CHI,98,91,1
2009-02-22,2009,0,,ORL,MIA,122,99,1
2009-02-22,2009,0,,PHO,BOS,108,128,1
2009-02-22,2009,0,,MIN,LAL,108,111,1
2009-02-22,2009,0,,MIL,DEN,120,117,1
2009-02-22,2009,0,,TOR,NYK,111,100,1
2009-02-22,2009,0,,POR,LAC,116,87,1
2009-02-23,2009,0,,NYK,IND,123,119,1
2009-02-23,2009,0,,UTA,ATL,108,89,1
2009-02-23,2009,0,,SAC,NOP,105,112,1
2009-02-23,2009,0,,LAC,GSW,118,105,1
2009-02-23,2009,0,,NJN,PHI,98,96,1
2009-02-23,2009,0,,DEN,BOS,76,114,1
2009-02-24,2009,0,,MIA,DET,103,91,1
2009-02-24,2009,0,,CHI,ORL,120,102,1
2009-02-24,2009,0,,PHO,CHO,112,102,1
2009-02-24,2009,0,,HOU,POR,98,94,1
2009-02-24,2009,0,,OKC,LAL,93,107,1
2009-02-24,2009,0,,CLE,MEM,94,79,1
2009-02-24,2009,0,,TOR,MIN,118,110,1
2009-02-24,2009,0,,SAS,DAL,93,76,1
2009-02-25,2009,0,,MIN,UTA,103,120,1
2009-02-25,2009,0,,NJN,CHI,111,99,1
2009-02-25,2009,0,,LAC,BOS,93,91,1
2009-02-25,2009,0,,NOP,DET,90,87,1
2009-02-25,2009,0,,SAC,CHO,91,98,1
2009-02-25,2009,0,,SAS,POR,99,84,1
2009-02-25,2009,0,,DAL,MIL,116,96,1
2009-02-25,2009,0,,DEN,ATL,110,109,1
2009-02-25,2009,0,,NYK,ORL,109,114,1
2009-02-25,2009,0,,IND,MEM,104,99,1
2009-02-25,2009,0,,WAS,PHI,98,106,1
2009-02-26,2009,0,,LAL,PHO,132,106,1
2009-02-26,2009,0,,HOU,CLE,93,74,1
2009-02-27,2009,0,,PHO,TOR,133,113,1
2009-02-27,2009,0,,MIN,POR,82,102,1
2009-02-27,2009,0,,NOP,MIL,95,94,1
2009-02-27,2009,0,,WAS,CHI,113,90,1
2009-02-27,2009,0,,BOS,IND,104,99,1
2009-02-27,2009,0,,NYK,PHI,103,108,1
2009-02-27,2009,0,,DAL,OKC,110,108,1
2009-02-27,2009,0,,DEN,LAL,90,79,1
2009-02-27,2009,0,,SAC,LAC,98,86,1
2009-02-27,2009,0,,SAS,CLE,86,97,1
2009-02-27,2009,0,,GSW,CHO,109,112,1
2009-02-27,2009,0,,ORL,DET,85,93,1
2009-02-27,2009,0,,ATL,MIA,91,83,1
2009-02-28,2009,0,,LAC,CHO,95,100,1
2009-02-28,2009,0,,UTA,SAC,102,89,1
2009-02-28,2009,0,,MIL,WAS,109,93,1
2009-02-28,2009,0,,CHI,HOU,105,102,1
2009-02-28,2009,0,,PHI,ORL,100,106,1
2009-02-28,2009,0,,MEM,OKC,92,99,1
2009-02-28,2009,0,,MIA,NYK,120,115,1
2009-03-01,2009,0,,MIN,HOU,94,105,1
2009-03-01,2009,0,,BOS,DET,95,105,1
2009-03-01,2009,0,,NJN,NOP,96,99,1
2009-03-01,2009,0,,DAL,TOR,109,98,1
2009-03-01,2009,0,,ATL,CLE,87,88,1
2009-03-01,2009,0,,IND,DEN,100,94,1
2009-03-01,2009,0,,GSW,UTA,104,112,1
2009-03-01,2009,0,,POR,SAS,102,84,1
2009-03-01,2009,0,,PHO,LAL,118,111,1
2009-03-02,2009,0,,WAS,ATL,89,98,1
2009-03-02,2009,0,,PHI,NOP,91,98,1
2009-03-02,2009,0,,MIA,CLE,100,107,1
2009-03-02,2009,0,,OKC,DAL,96,87,1
2009-03-02,2009,0,,LAC,SAS,78,106,1
2009-03-03,2009,0,,ORL,PHO,111,99,1
2009-03-03,2009,0,,MIL,NJN,95,99,1
2009-03-03,2009,0,,LAL,MEM,99,89,1
2009-03-03,2009,0,,HOU,TOR,107,97,1
2009-03-03,2009,0,,DET,DEN,100,95,1
2009-03-03,2009,0,,CHO,CHI,96,80,1
2009-03-03,2009,0,,MIN,GSW,94,118,1
2009-03-03,2009,0,,SAC,IND,109,117,1
2009-03-04,2009,0,,NYK,ATL,109,105,1
2009-03-04,2009,0,,NJN,BOS,111,115,1
2009-03-04,2009,0,,MIA,PHO,135,129,1
2009-03-04,2009,0,,OKC,WAS,88,83,1
2009-03-04,2009,0,,UTA,HOU,101,94,1
2009-03-04,2009,0,,CLE,MIL,91,73,1
2009-03-04,2009,0,,CHI,GSW,110,88,1
2009-03-04,2009,0,,LAC,MEM,95,118,1
2009-03-04,2009,0,,POR,IND,107,105,1
2009-03-04,2009,0,,DAL,SAS,107,102,1
2009-03-05,2009,0,,NOP,DAL,104,88,1
2009-03-05,2009,0,,DEN,POR,106,90,1
2009-03-06,2009,0,,CHO,ATL,98,91,1
2009-03-06,2009,0,,UTA,DEN,97,91,1
2009-03-06,2009,0,,LAL,MIN,110,90,1
2009-03-06,2009,0,,SAS,WAS,100,78,1
2009-03-06,2009,0,,HOU,PHO,116,112,1
2009-03-06,2009,0,,CHI,MIL,117,102,1
2009-03-06,2009,0,,BOS,CLE,105,94,1
2009-03-06,2009,0,,TOR,MIA,102,108,1
2009-03-06,2009,0,,ORL,NJN,105,102,1
2009-03-06,2009,0,,DET,GSW,108,91,1
2009-03-07,2009,0,,ATL,DET,87,83,1
2009-03-07,2009,0,,POR,MIN,95,93,1
2009-03-07,2009,0,,LAC,IND,105,106,1
2009-03-07,2009,0,,CLE,MIA,99,89,1
2009-03-07,2009,0,,MIL,GSW,127,120,1
2009-03-07,2009,0,,MEM,PHI,105,110,1
2009-03-07,2009,0,,NOP,OKC,108,90,1
2009-03-07,2009,0,,NYK,CHO,105,114,1
2009-03-07,2009,0,,DAL,WAS,119,103,1
2009-03-08,2009,0,,SAC,DEN,114,106,1
2009-03-08,2009,0,,HOU,MEM,93,83,1
2009-03-08,2009,0,,NJN,NYK,106,101,1
2009-03-08,2009,0,,TOR,UTA,101,109,1
2009-03-08,2009,0,,OKC,PHI,89,74,1
2009-03-08,2009,0,,BOS,ORL,79,86,1
2009-03-08,2009,0,,SAS,PHO,103,98,1
2009-03-09,2009,0,,ATL,NOP,89,79,1
2009-03-09,2009,0,,MIA,CHI,130,127,1
2009-03-09,2009,0,,MIN,WAS,99,110,1
2009-03-09,2009,0,,DEN,HOU,95,97,1
2009-03-09,2009,0,,POR,LAL,111,94,1
2009-03-09,2009,0,,DET,ORL,98,94,1
2009-03-10,2009,0,,SAC,OKC,98,99,1
2009-03-10,2009,0,,SAS,CHO,100,86,1
2009-03-10,2009,0,,MIL,NYK,112,120,1
2009-03-10,2009,0,,LAC,CLE,83,87,1
2009-03-10,2009,0,,IND,UTA,100,112,1
2009-03-10,2009,0,,PHO,DAL,117,122,1
2009-03-11,2009,0,,DEN,OKC,112,99,1
2009-03-11,2009,0,,POR,DAL,89,93,1
2009-03-11,2009,0,,GSW,NJN,116,112,1
2009-03-11,2009,0,,MIN,MEM,104,79,1
2009-03-11,2009,0,,ORL,CHI,107,79,1
2009-03-11,2009,0,,DET,NYK,111,116,1
2009-03-11,2009,0,,HOU,LAL,96,102,1
2009-03-11,2009,0,,PHI,TOR,115,106,1
2009-03-11,2009,0,,WAS,NOP,98,109,1
2009-03-11,2009,0,,MIA,BOS,107,99,1
2009-03-11,2009,0,,ATL,UTA,100,93,1
2009-03-12,2009,0,,PHO,CLE,111,119,1
2009-03-12,2009,0,,SAS,LAL,95,102,1
2009-03-13,2009,0,,MIL,NOP,86,95,1
2009-03-13,2009,0,,MIN,NYK,94,102,1
2009-03-13,2009,0,,SAC,CLE,123,126,1
2009-03-13,2009,0,,ATL,IND,101,87,1
2009-03-13,2009,0,,GSW,DAL,119,110,1
2009-03-13,2009,0,,POR,NJN,109,100,1
2009-03-13,2009,0,,CHO,HOU,86,91,1
2009-03-13,2009,0,,TOR,DET,95,99,1
2009-03-13,2009,0,,PHI,CHI,104,101,1
2009-03-13,2009,0,,WAS,ORL,103,112,1
2009-03-13,2009,0,,BOS,MEM,102,92,1
2009-03-14,2009,0,,DEN,LAC,107,94,1
2009-03-14,2009,0,,HOU,SAS,85,88,1
2009-03-14,2009,0,,MIA,UTA,140,129,1
2009-03-14,2009,0,,MIN,CHO,108,100,1
2009-03-14,2009,0,,CHI,NOP,97,79,1
2009-03-14,2009,0,,PHO,OKC,106,95,1
2009-03-15,2009,0,,MIL,BOS,86,77,1
2009-03-15,2009,0,,TOR,IND,110,87,1
2009-03-15,2009,0,,LAL,DAL,107,100,1
2009-03-15,2009,0,,ORL,UTA,105,87,1
2009-03-15,2009,0,,PHI,MIA,85,77,1
2009-03-15,2009,0,,DET,MEM,84,89,1
2009-03-15,2009,0,,ATL,POR,98,80,1
2009-03-15,2009,0,,LAC,NJN,107,105,1
2009-03-15,2009,0,,GSW,PHO,130,154,1
2009-03-15,2009,0,,WAS,SAC,106,104,1
2009-03-15,2009,0,,CLE,NYK,98,93,1
2009-03-16,2009,0,,NOP,HOU,84,95,1
2009-03-16,2009,0,,OKC,SAS,78,76,1
2009-03-16,2009,0,,DEN,NJN,121,96,1
2009-03-16,2009,0,,CHO,TOR,112,86,1
2009-03-16,2009,0,,MEM,POR,92,103,1
2009-03-17,2009,0,,SAS,MIN,93,86,1
2009-03-17,2009,0,,ATL,SAC,119,97,1
2009-03-17,2009,0,,DAL,DET,103,101,1
2009-03-17,2009,0,,UTA,WAS,103,88,1
2009-03-17,2009,0,,LAL,PHI,93,94,1
2009-03-17,2009,0,,GSW,LAC,127,120,1
2009-03-17,2009,0,,CHI,BOS,127,121,1
2009-03-17,2009,0,,CLE,ORL,97,93,1
2009-03-18,2009,0,,NYK,NJN,89,115,1
2009-03-18,2009,0,,OKC,CHI,96,103,1
2009-03-18,2009,0,,MIL,ORL,80,106,1
2009-03-18,2009,0,,NOP,MIN,94,93,1
2009-03-18,2009,0,,CHO,SAC,104,88,1
2009-03-18,2009,0,,LAC,WAS,123,108,1
2009-03-18,2009,0,,PHO,PHI,126,116,1
2009-03-18,2009,0,,MEM,DEN,109,111,1
2009-03-18,2009,0,,IND,POR,85,95,1
2009-03-18,2009,0,,BOS,MIA,112,108,1
2009-03-18,2009,0,,HOU,DET,106,101,1
2009-03-19,2009,0,,ATL,DAL,95,87,1
2009-03-19,2009,0,,LAL,GSW,114,106,1
2009-03-19,2009,0,,CLE,POR,97,92,1
2009-03-20,2009,0,,NOP,MEM,96,84,1
2009-03-20,2009,0,,IND,DAL,92,94,1
2009-03-20,2009,0,,SAS,BOS,77,80,1
2009-03-20,2009,0,,HOU,MIN,107,88,1
2009-03-20,2009,0,,NYK,SAC,94,121,1
2009-03-20,2009,0,,OKC,UTA,94,101,1
2009-03-20,2009,0,,GSW,PHI,119,111,1
2009-03-20,2009,0,,DEN,WAS,116,105,1
2009-03-20,2009,0,,DET,LAC,108,90,1
2009-03-20,2009,0,,NJN,MIA,96,88,1
2009-03-20,2009,0,,TOR,CHO,89,102,1
2009-03-21,2009,0,,MEM,BOS,87,105,1
2009-03-21,2009,0,,CLE,ATL,102,96,1
2009-03-21,2009,0,,PHO,WAS,128,96,1
2009-03-21,2009,0,,CHI,LAL,109,117,1
2009-03-21,2009,0,,ORL,NYK,110,103,1
2009-03-21,2009,0,,MIL,POR,84,96,1
2009-03-21,2009,0,,CHO,IND,83,108,1
2009-03-22,2009,0,,DET,MIA,96,101,1
2009-03-22,2009,0,,NJN,CLE,88,96,1
2009-03-22,2009,0,,MIN,OKC,90,97,1
2009-03-22,2009,0,,NOP,GSW,99,89,1
2009-03-22,2009,0,,TOR,LAC,100,76,1
2009-03-22,2009,0,,SAC,PHI,100,112,1
2009-03-22,2009,0,,SAS,HOU,85,87,1
2009-03-23,2009,0,,WAS,CHI,99,101,1
2009-03-23,2009,0,,POR,PHI,108,114,1
2009-03-23,2009,0,,PHO,DEN,118,115,1
2009-03-23,2009,0,,NYK,ORL,102,106,1
2009-03-23,2009,0,,MIA,MEM,94,82,1
2009-03-23,2009,0,,BOS,LAC,90,77,1
2009-03-23,2009,0,,ATL,MIN,109,97,1
2009-03-24,2009,0,,CHI,DET,99,91,1
2009-03-24,2009,0,,SAS,GSW,107,106,1
2009-03-24,2009,0,,UTA,HOU,99,86,1
2009-03-24,2009,0,,OKC,LAL,89,107,1
2009-03-25,2009,0,,NYK,LAC,135,140,1
2009-03-25,2009,0,,ORL,BOS,84,82,1
2009-03-25,2009,0,,NOP,DEN,88,101,1
2009-03-25,2009,0,,TOR,MIL,115,106,1
2009-03-25,2009,0,,WAS,CHO,95,93,1
2009-03-25,2009,0,,PHI,MIN,96,88,1
2009-03-25,2009,0,,CLE,NJN,98,87,1
2009-03-25,2009,0,,ATL,SAS,92,102,1
2009-03-25,2009,0,,IND,MIA,90,88,1
2009-03-25,2009,0,,DAL,GSW,128,106,1
2009-03-25,2009,0,,PHO,UTA,118,114,1
2009-03-26,2009,0,,POR,PHO,129,109,1
2009-03-26,2009,0,,CHI,MIA,106,87,1
2009-03-26,2009,0,,DET,LAL,77,92,1
2009-03-27,2009,0,,ORL,MIL,110,94,1
2009-03-27,2009,0,,NJN,LAL,95,103,1
2009-03-27,2009,0,,SAC,MEM,95,113,1
2009-03-27,2009,0,,PHI,CHO,95,100,1
2009-03-27,2009,0,,TOR,OKC,112,96,1
2009-03-27,2009,0,,ATL,BOS,93,99,1
2009-03-27,2009,0,,CLE,MIN,107,85,1
2009-03-27,2009,0,,NYK,NOP,103,93,1
2009-03-27,2009,0,,DAL,DEN,101,103,1
2009-03-27,2009,0,,SAS,LAC,111,98,1
2009-03-28,2009,0,,MIA,MIL,102,85,1
2009-03-28,2009,0,,UTA,PHO,104,99,1
2009-03-28,2009,0,,POR,MEM,86,66,1
2009-03-28,2009,0,,CHO,NYK,96,85,1
2009-03-28,2009,0,,CHI,IND,112,106,1
2009-03-28,2009,0,,HOU,LAC,110,93,1
2009-03-28,2009,0,,WAS,DET,96,98,1
2009-03-28,2009,0,,DEN,GSW,129,116,1
2009-03-29,2009,0,,DET,PHI,101,97,1
2009-03-29,2009,0,,NOP,SAS,90,86,1
2009-03-29,2009,0,,SAC,PHO,126,118,1
2009-03-29,2009,0,,CLE,DAL,102,74,1
2009-03-29,2009,0,,ATL,LAL,86,76,1
2009-03-29,2009,0,,MIN,NJN,108,99,1
2009-03-29,2009,0,,TOR,CHI,134,129,1
2009-03-29,2009,0,,BOS,OKC,103,84,1
2009-03-29,2009,0,,IND,WAS,124,115,1
2009-03-30,2009,0,,UTA,NYK,112,104,1
2009-03-30,2009,0,,NJN,MIL,78,107,1
2009-03-30,2009,0,,GSW,MEM,109,114,1
2009-03-30,2009,0,,MIA,ORL,95,101,1
2009-03-31,2009,0,,IND,CHI,107,105,1
2009-03-31,2009,0,,CHO,LAL,94,84,1
2009-03-31,2009,0,,CLE,DET,79,73,1
2009-03-31,2009,0,,POR,UTA,125,104,1
2009-03-31,2009,0,,MIN,DAL,88,108,1
2009-03-31,2009,0,,SAS,OKC,95,96,1
2009-03-31,2009,0,,DEN,NYK,111,104,1
2009-03-31,2009,0,,SAC,NOP,110,111,1
2009-03-31,2009,0,,PHI,ATL,98,85,1
2009-04-01,2009,0,,NJN,DET,111,98,1
2009-04-01,2009,0,,DAL,MIA,98,96,1
2009-04-01,2009,0,,PHO,HOU,114,109,1
2009-04-01,2009,0,,GSW,SAC,143,141,1
2009-04-01,2009,0,,LAC,NOP,98,104,1
2009-04-01,2009,0,,MIL,LAL,98,104,1
2009-04-01,2009,0,,BOS,CHO,111,109,1
2009-04-01,2009,0,,MEM,WAS,112,107,1
2009-04-01,2009,0,,ORL,TOR,95,99,1
2009-04-02,2009,0,,PHI,MIL,105,95,1
2009-04-02,2009,0,,DEN,UTA,114,104,1
2009-04-02,2009,0,,WAS,CLE,109,101,1
2009-04-03,2009,0,,CHO,MIA,92,97,1
2009-04-03,2009,0,,MEM,DAL,107,102,1
2009-04-03,2009,0,,PHO,SAC,139,111,1
2009-04-03,2009,0,,GSW,NOP,111,103,1
2009-04-03,2009,0,,LAL,HOU,93,81,1
2009-04-03,2009,0,,UTA,MIN,102,103,1
2009-04-03,2009,0,,OKC,POR,72,107,1
2009-04-03,2009,0,,ORL,CLE,116,87,1
2009-04-03,2009,0,,BOS,ATL,104,92,1
2009-04-03,2009,0,,IND,SAS,121,126,1
2009-04-04,2009,0,,PHI,DET,95,90,1
2009-04-04,2009,0,,DEN,LAC,120,104,1
2009-04-04,2009,0,,MIL,MEM,102,107,1
2009-04-04,2009,0,,ATL,ORL,82,88,1
2009-04-04,2009,0,,CHI,NJN,103,94,1
2009-04-04,2009,0,,NYK,TOR,95,102,1
2009-04-04,2009,0,,WAS,MIA,104,118,1
2009-04-05,2009,0,,SAC,GSW,100,105,1
2009-04-05,2009,0,,LAL,LAC,88,85,1
2009-04-05,2009,0,,MIN,DEN,87,110,1
2009-04-05,2009,0,,DAL,PHO,140,116,1
2009-04-05,2009,0,,NJN,PHI,96,67,1
2009-04-05,2009,0,,OKC,IND,99,117,1
2009-04-05,2009,0,,HOU,POR,102,88,1
2009-04-05,2009,0,,NOP,UTA,94,108,1
2009-04-05,2009,0,,TOR,NYK,103,112,1
2009-04-05,2009,0,,DET,CHO,104,97,1
2009-04-05,2009,0,,CLE,SAS,101,81,1
2009-04-07,2009,0,,TOR,ATL,110,118,1
2009-04-07,2009,0,,MEM,POR,93,96,1
2009-04-07,2009,0,,HOU,ORL,93,83,1
2009-04-07,2009,0,,SAC,LAL,104,122,1
2009-04-07,2009,0,,LAC,MIN,77,87,1
2009-04-07,2009,0,,CHO,PHI,101,98,1
2009-04-07,2009,0,,MIA,NOP,87,93,1
2009-04-07,2009,0,,OKC,SAS,89,99,1
2009-04-07,2009,0,,CHI,NYK,110,103,1
2009-04-08,2009,0,,GSW,MIN,97,105,1
2009-04-08,2009,0,,ORL,MEM,81,78,1
2009-04-08,2009,0,,MIL,ATL,105,113,1
2009-04-08,2009,0,,IND,TOR,130,101,1
2009-04-08,2009,0,,BOS,NJN,106,104,1
2009-04-08,2009,0,,NOP,PHO,100,105,1
2009-04-08,2009,0,,DAL,UTA,130,101,1
2009-04-08,2009,0,,DEN,OKC,122,112,1
2009-04-08,2009,0,,CLE,WAS,98,86,1
2009-04-08,2009,0,,NYK,DET,86,113,1
2009-04-08,2009,0,,SAS,POR,83,95,1
2009-04-09,2009,0,,SAC,HOU,98,115,1
2009-04-09,2009,0,,CHI,PHI,113,99,1
2009-04-09,2009,0,,LAL,DEN,116,102,1
2009-04-10,2009,0,,TOR,WAS,98,100,1
2009-04-10,2009,0,,PHI,CLE,92,102,1
2009-04-10,2009,0,,POR,LAL,106,98,1
2009-04-10,2009,0,,OKC,CHO,84,81,1
2009-04-10,2009,0,,DAL,NOP,100,92,1
2009-04-10,2009,0,,SAS,UTA,105,99,1
2009-04-10,2009,0,,ATL,IND,122,118,1
2009-04-10,2009,0,,BOS,MIA,105,98,1
2009-04-10,2009,0,,DET,NJN,100,93,1
2009-04-10,2009,0,,GSW,HOU,109,113,1
2009-04-10,2009,0,,LAC,SAC,109,78,1
2009-04-10,2009,0,,ORL,NYK,95,105,1
2009-04-10,2009,0,,MEM,PHO,106,89,1
2009-04-11,2009,0,,NJN,ORL,103,93,1
2009-04-11,2009,0,,IND,DET,106,102,1
2009-04-11,2009,0,,LAC,POR,72,87,1
2009-04-11,2009,0,,MIL,OKC,115,98,1
2009-04-11,2009,0,,CHI,CHO,113,106,1
2009-04-11,2009,0,,UTA,GSW,108,118,1
2009-04-11,2009,0,,MIN,PHO,97,110,1
2009-04-12,2009,0,,LAL,MEM,92,75,1
2009-04-12,2009,0,,SAC,SAS,92,95,1
2009-04-12,2009,0,,TOR,PHI,111,104,1
2009-04-12,2009,0,,MIA,NYK,122,105,1
2009-04-12,2009,0,,NOP,DAL,102,92,1
2009-04-12,2009,0,,CLE,BOS,107,76,1
2009-04-13,2009,0,,WAS,TOR,96,97,1
2009-04-13,2009,0,,NJN,CHO,91,87,1
2009-04-13,2009,0,,DEN,SAC,118,98,1
2009-04-13,2009,0,,GSW,SAS,72,101,1
2009-04-13,2009,0,,PHO,MEM,119,110,1
2009-04-13,2009,0,,UTA,LAC,106,85,1
2009-04-13,2009,0,,HOU,NOP,86,66,1
2009-04-13,2009,0,,DAL,MIN,96,94,1
2009-04-13,2009,0,,MIL,ORL,98,80,1
2009-04-13,2009,0,,DET,CHI,88,91,1
2009-04-13,2009,0,,IND,CLE,109,117,1
2009-04-13,2009,0,,POR,OKC,113,83,1
2009-04-14,2009,0,,ATL,MIA,81,79,1
2009-04-14,2009,0,,LAL,UTA,125,112,1
2009-04-14,2009,0,,PHI,BOS,98,100,1
2009-04-15,2009,0,,MIN,SAC,90,97,1
2009-04-15,2009,0,,SAS,NOP,105,98,1
2009-04-15,2009,0,,MEM,ATL,98,90,1
2009-04-15,2009,0,,LAC,OKC,85,126,1
2009-04-15,2009,0,,POR,DEN,104,76,1
2009-04-15,2009,0,,BOS,WAS,115,107,1
2009-04-15,2009,0,,IND,MIL,115,108,1
2009-04-15,2009,0,,ORL,CHO,98,73,1
2009-04-15,2009,0,,CLE,PHI,110,111,1
2009-04-15,2009,0,,PHO,GSW,117,113,1
2009-04-15,2009,0,,NYK,NJN,102,73,1
2009-04-15,2009,0,,CHI,TOR,98,109,1
2009-04-15,2009,0,,DAL,HOU,95,84,1
2009-04-15,2009,0,,MIA,DET,102,96,1
2009-10-27,2010,0,,POR,HOU,96,87,1
2009-10-27,2010,0,,LAL,LAC,99,92,1
2009-10-27,2010,0,,DAL,WAS,91,102,1
2009-10-27,2010,0,,CLE,BOS,89,95,1
2009-10-28,2010,0,,DEN,UTA,114,105,1
2009-10-28,2010,0,,GSW,HOU,107,108,1
2009-10-28,2010,0,,ATL,IND,120,109,1
2009-10-28,2010,0,,ORL,PHI,120,106,1
2009-10-28,2010,0,,MEM,DET,74,96,1
2009-10-28,2010,0,,OKC,SAC,102,89,1
2009-10-28,2010,0,,SAS,NOP,113,96,1
2009-10-28,2010,0,,MIN,NJN,95,93,1
2009-10-28,2010,0,,TOR,CLE,101,91,1
2009-10-28,2010,0,,BOS,CHO,92,59,1
2009-10-28,2010,0,,MIA,NYK,115,93,1
2009-10-28,2010,0,,LAC,PHO,107,109,1
2009-10-29,2010,0,,POR,DEN,94,97,1
2009-10-29,2010,0,,CHI,SAS,92,85,1
2009-10-30,2010,0,,LAL,DAL,80,94,1
2009-10-30,2010,0,,NJN,ORL,85,95,1
2009-10-30,2010,0,,CHO,NYK,102,100,1
2009-10-30,2010,0,,BOS,CHI,118,90,1
2009-10-30,2010,0,,NOP,SAC,97,92,1
2009-10-30,2010,0,,DET,OKC,83,91,1
2009-10-30,2010,0,,MIN,CLE,87,104,1
2009-10-30,2010,0,,MEM,TOR,115,107,1
2009-10-30,2010,0,,UTA,LAC,111,98,1
2009-10-30,2010,0,,PHO,GSW,123,101,1
2009-10-30,2010,0,,ATL,WAS,100,89,1
2009-10-30,2010,0,,PHI,MIL,99,86,1
2009-10-30,2010,0,,IND,MIA,83,96,1
2009-10-31,2010,0,,MIL,DET,96,85,1
2009-10-31,2010,0,,NYK,PHI,127,141,1
2009-10-31,2010,0,,HOU,POR,111,107,1
2009-10-31,2010,0,,WAS,NJN,123,104,1
2009-10-31,2010,0,,SAS,SAC,113,94,1
2009-10-31,2010,0,,LAC,DAL,84,93,1
2009-10-31,2010,0,,CLE,CHO,90,79,1
2009-11-01,2010,0,,MIA,CHI,95,87,1
2009-11-01,2010,0,,OKC,POR,74,83,1
2009-11-01,2010,0,,PHO,MIN,120,112,1
2009-11-01,2010,0,,TOR,ORL,116,125,1
2009-11-01,2010,0,,BOS,NOP,97,87,1
2009-11-01,2010,0,,LAL,ATL,118,110,1
2009-11-01,2010,0,,DEN,MEM,133,123,1
2009-11-02,2010,0,,UTA,HOU,96,113,1
2009-11-02,2010,0,,NYK,NOP,117,111,1
2009-11-02,2010,0,,CHO,NJN,79,68,1
2009-11-02,2010,0,,LAC,MIN,93,90,1
2009-11-02,2010,0,,SAC,MEM,127,116,1
2009-11-03,2010,0,,OKC,LAL,98,101,1
2009-11-03,2010,0,,CHI,MIL,83,81,1
2009-11-03,2010,0,,MIA,PHO,96,104,1
2009-11-03,2010,0,,DET,ORL,85,80,1
2009-11-03,2010,0,,IND,DEN,93,111,1
2009-11-03,2010,0,,DAL,UTA,96,85,1
2009-11-03,2010,0,,PHI,BOS,74,105,1
2009-11-03,2010,0,,CLE,WAS,102,90,1
2009-11-03,2010,0,,POR,ATL,91,97,1
2009-11-04,2010,0,,HOU,LAL,102,103,1
2009-11-04,2010,0,,MIN,BOS,90,92,1
2009-11-04,2010,0,,GSW,MEM,113,105,1
2009-11-04,2010,0,,NOP,DAL,114,107,1
2009-11-04,2010,0,,NJN,DEN,94,122,1
2009-11-04,2010,0,,SAC,ATL,105,113,1
2009-11-04,2010,0,,NYK,IND,89,101,1
2009-11-04,2010,0,,TOR,DET,110,99,1
2009-11-04,2010,0,,WAS,MIA,89,93,1
2009-11-04,2010,0,,ORL,PHO,122,100,1
2009-11-05,2010,0,,UTA,SAS,113,99,1
2009-11-05,2010,0,,CLE,CHI,85,86,1
2009-11-06,2010,0,,PHI,NJN,97,94,1
2009-11-06,2010,0,,NYK,CLE,91,100,1
2009-11-06,2010,0,,BOS,PHO,103,110,1
2009-11-06,2010,0,,CHO,ATL,103,83,1
2009-11-06,2010,0,,HOU,OKC,105,94,1
2009-11-06,2010,0,,GSW,LAC,90,118,1
2009-11-06,2010,0,,POR,SAS,96,84,1
2009-11-06,2010,0,,ORL,DET,110,103,1
2009-11-06,2010,0,,IND,WAS,102,86,1
2009-11-06,2010,0,,MIA,DEN,96,88,1
2009-11-06,2010,0,,NOP,TOR,90,107,1
2009-11-06,2010,0,,LAL,MEM,114,98,1
2009-11-06,2010,0,,MIN,MIL,72,87,1
2009-11-07,2010,0,,CHI,CHO,93,90,1
2009-11-07,2010,0,,ATL,DEN,125,100,1
2009-11-07,2010,0,,NJN,BOS,76,86,1
2009-11-07,2010,0,,MIL,NYK,102,87,1
2009-11-07,2010,0,,UTA,SAC,99,104,1
2009-11-07,2010,0,,LAC,MEM,113,110,1
2009-11-07,2010,0,,DAL,TOR,129,101,1
2009-11-08,2010,0,,WAS,PHO,90,102,1
2009-11-08,2010,0,,LAL,NOP,104,88,1
2009-11-08,2010,0,,DET,PHI,88,81,1
2009-11-08,2010,0,,SAC,GSW,120,107,1
2009-11-08,2010,0,,POR,MIN,116,93,1
2009-11-08,2010,0,,OKC,ORL,102,74,1
2009-11-09,2010,0,,PHI,PHO,115,119,1
2009-11-09,2010,0,,NYK,UTA,93,95,1
2009-11-09,2010,0,,SAS,TOR,131,124,1
2009-11-09,2010,0,,GSW,MIN,146,105,1
2009-11-09,2010,0,,LAC,NOP,84,112,1
2009-11-10,2010,0,,MEM,POR,79,93,1
2009-11-10,2010,0,,SAC,OKC,101,98,1
2009-11-10,2010,0,,MIA,WAS,90,76,1
2009-11-10,2010,0,,CHO,ORL,81,93,1
2009-11-10,2010,0,,CHI,DEN,89,90,1
2009-11-10,2010,0,,DAL,HOU,121,103,1
2009-11-11,2010,0,,NYK,ATL,101,114,1
2009-11-11,2010,0,,DET,CHO,98,75,1
2009-11-11,2010,0,,MIN,POR,84,107,1
2009-11-11,2010,0,,PHO,NOP,124,104,1
2009-11-11,2010,0,,SAS,DAL,92,83,1
2009-11-11,2010,0,,HOU,MEM,104,79,1
2009-11-11,2010,0,,ORL,CLE,93,102,1
2009-11-11,2010,0,,MIL,DEN,108,102,1
2009-11-11,2010,0,,NJN,PHI,79,82,1
2009-11-11,2010,0,,BOS,UTA,105,86,1
2009-11-11,2010,0,,TOR,CHI,99,89,1
2009-11-11,2010,0,,IND,GSW,108,94,1
2009-11-11,2010,0,,LAC,OKC,79,83,1
2009-11-12,2010,0,,MIA,CLE,104,111,1
2009-11-12,2010,0,,LAL,PHO,121,102,1
2009-11-13,2010,0,,LAC,TOR,89,104,1
2009-11-13,2010,0,,SAC,HOU,109,100,1
2009-11-13,2010,0,,DEN,LAL,105,79,1
2009-11-13,2010,0,,PHI,UTA,90,112,1
2009-11-13,2010,0,,NYK,GSW,107,121,1
2009-11-13,2010,0,,NOP,POR,78,86,1
2009-11-13,2010,0,,MIN,DAL,77,89,1
2009-11-13,2010,0,,BOS,ATL,86,97,1
2009-11-13,2010,0,,ORL,NJN,88,72,1
2009-11-14,2010,0,,ATL,NOP,121,98,1
2009-11-14,2010,0,,CHO,POR,74,80,1
2009-11-14,2010,0,,SAS,OKC,98,101,1
2009-11-14,2010,0,,MEM,MIN,97,87,1
2009-11-14,2010,0,,CHI,PHI,94,88,1
2009-11-14,2010,0,,WAS,DET,103,106,1
2009-11-14,2010,0,,CLE,UTA,107,103,1
2009-11-14,2010,0,,MIA,NJN,81,80,1
2009-11-14,2010,0,,MIL,GSW,129,125,1
2009-11-14,2010,0,,IND,BOS,113,104,1
2009-11-15,2010,0,,LAL,HOU,91,101,1
2009-11-15,2010,0,,PHO,TOR,101,100,1
2009-11-15,2010,0,,DET,DAL,90,95,1
2009-11-15,2010,0,,OKC,LAC,93,101,1
2009-11-16,2010,0,,MIL,DAL,113,115,1
2009-11-16,2010,0,,ATL,POR,99,95,1
2009-11-16,2010,0,,ORL,CHO,97,91,1
2009-11-17,2010,0,,HOU,PHO,105,111,1
2009-11-17,2010,0,,SAC,CHI,87,101,1
2009-11-17,2010,0,,LAL,DET,106,93,1
2009-11-17,2010,0,,CLE,GSW,114,108,1
2009-11-17,2010,0,,DEN,TOR,130,112,1
2009-11-17,2010,0,,MIA,OKC,87,100,1
2009-11-17,2010,0,,NJN,IND,83,91,1
2009-11-17,2010,0,,NOP,LAC,110,102,1
2009-11-18,2010,0,,ORL,OKC,108,94,1
2009-11-18,2010,0,,MIL,NJN,99,85,1
2009-11-18,2010,0,,POR,DET,87,81,1
2009-11-18,2010,0,,DAL,SAS,99,94,1
2009-11-18,2010,0,,MEM,LAC,106,91,1
2009-11-18,2010,0,,MIN,HOU,84,97,1
2009-11-18,2010,0,,BOS,GSW,109,95,1
2009-11-18,2010,0,,WAS,CLE,108,91,1
2009-11-18,2010,0,,IND,NYK,103,110,1
2009-11-18,2010,0,,PHI,CHO,86,84,1
2009-11-18,2010,0,,UTA,TOR,104,91,1
2009-11-18,2010,0,,ATL,MIA,105,90,1
2009-11-19,2010,0,,NOP,PHO,110,103,1
2009-11-19,2010,0,,SAS,UTA,83,90,1
2009-11-19,2010,0,,LAL,CHI,108,93,1
2009-11-20,2010,0,,LAC,DEN,106,99,1
2009-11-20,2010,0,,ATL,HOU,105,103,1
2009-11-20,2010,0,,DAL,SAC,104,102,1
2009-11-20,2010,0,,BOS,ORL,78,83,1
2009-11-20,2010,0,,IND,CLE,95,105,1
2009-11-20,2010,0,,PHI,MEM,97,102,1
2009-11-20,2010,0,,TOR,MIA,120,113,1
2009-11-20,2010,0,,OKC,WAS,127,108,1
2009-11-20,2010,0,,MIL,CHO,95,88,1
2009-11-20,2010,0,,GSW,POR,108,94,1
2009-11-21,2010,0,,UTA,DET,100,97,1
2009-11-21,2010,0,,POR,MIN,106,78,1
2009-11-21,2010,0,,CLE,PHI,97,91,1
2009-11-21,2010,0,,DEN,CHI,112,93,1
2009-11-21,2010,0,,NJN,NYK,91,98,1
2009-11-21,2010,0,,SAS,WAS,106,84,1
2009-11-21,2010,0,,NOP,ATL,96,88,1
2009-11-21,2010,0,,MEM,MIL,98,103,1
2009-11-21,2010,0,,HOU,SAC,113,106,1
2009-11-22,2010,0,,CHO,IND,104,88,1
2009-11-22,2010,0,,PHO,DET,117,91,1
2009-11-22,2010,0,,LAL,OKC,101,85,1
2009-11-22,2010,0,,NYK,BOS,105,107,1
2009-11-22,2010,0,,TOR,ORL,96,104,1
2009-11-22,2010,0,,MIA,NOP,102,101,1
2009-11-23,2010,0,,POR,CHI,122,98,1
2009-11-23,2010,0,,SAS,MIL,112,98,1
2009-11-23,2010,0,,LAC,MIN,91,87,1
2009-11-23,2010,0,,MEM,SAC,116,105,1
2009-11-24,2010,0,,TOR,IND,123,112,1
2009-11-24,2010,0,,DAL,GSW,103,111,1
2009-11-24,2010,0,,LAL,NYK,100,90,1
2009-11-24,2010,0,,DEN,NJN,101,87,1
2009-11-24,2010,0,,UTA,OKC,94,104,1
2009-11-24,2010,0,,WAS,PHI,108,107,1
2009-11-25,2010,0,,POR,NJN,93,83,1
2009-11-25,2010,0,,BOS,PHI,113,110,1
2009-11-25,2010,0,,IND,LAC,86,73,1
2009-11-25,2010,0,,SAC,NYK,111,97,1
2009-11-25,2010,0,,SAS,GSW,118,104,1
2009-11-25,2010,0,,HOU,DAL,99,130,1
2009-11-25,2010,0,,MIN,DEN,111,124,1
2009-11-25,2010,0,,NOP,MIL,102,99,1
2009-11-25,2010,0,,ORL,MIA,98,99,1
2009-11-25,2010,0,,CHO,TOR,116,81,1
2009-11-25,2010,0,,PHO,MEM,126,111,1
2009-11-25,2010,0,,DET,CLE,88,98,1
2009-11-26,2010,0,,UTA,CHI,105,86,1
2009-11-26,2010,0,,ATL,ORL,76,93,1
2009-11-27,2010,0,,POR,MEM,96,106,1
2009-11-27,2010,0,,PHI,ATL,86,100,1
2009-11-27,2010,0,,DEN,NYK,128,125,1
2009-11-27,2010,0,,MIA,WAS,84,94,1
2009-11-27,2010,0,,BOS,TOR,116,103,1
2009-11-27,2010,0,,DET,LAC,96,104,1
2009-11-27,2010,0,,IND,DAL,92,113,1
2009-11-27,2010,0,,MIN,PHO,95,120,1
2009-11-27,2010,0,,HOU,SAS,84,92,1
2009-11-27,2010,0,,CHO,CLE,94,87,1
2009-11-27,2010,0,,SAC,NJN,109,96,1
2009-11-27,2010,0,,OKC,MIL,108,90,1
2009-11-28,2010,0,,CLE,DAL,111,95,1
2009-11-28,2010,0,,MIL,ORL,98,100,1
2009-11-28,2010,0,,WAS,CHO,76,92,1
2009-11-28,2010,0,,UTA,POR,108,92,1
2009-11-28,2010,0,,GSW,LAL,97,130,1
2009-11-29,2010,0,,LAC,MEM,98,88,1
2009-11-29,2010,0,,TOR,PHO,94,113,1
2009-11-29,2010,0,,DET,ATL,94,88,1
2009-11-29,2010,0,,DEN,MIN,100,106,1
2009-11-29,2010,0,,SAC,NOP,112,96,1
2009-11-29,2010,0,,SAS,PHI,97,89,1
2009-11-29,2010,0,,MIA,BOS,85,92,1
2009-11-29,2010,0,,NYK,ORL,102,114,1
2009-11-29,2010,0,,OKC,HOU,91,100,1
2009-11-29,2010,0,,LAL,NJN,106,87,1
2009-11-30,2010,0,,MIL,CHI,99,97,1
2009-11-30,2010,0,,GSW,IND,126,107,1
2009-11-30,2010,0,,UTA,MEM,120,93,1
2009-11-30,2010,0,,DAL,PHI,104,102,1
2009-12-01,2010,0,,TOR,WAS,102,106,1
2009-12-01,2010,0,,CHO,BOS,90,108,1
2009-12-01,2010,0,,DEN,GSW,135,107,1
2009-12-01,2010,0,,POR,MIA,100,107,1
2009-12-01,2010,0,,NYK,PHO,126,99,1
2009-12-01,2010,0,,LAL,NOP,110,99,1
2009-12-02,2010,0,,WAS,MIL,104,102,1
2009-12-02,2010,0,,ORL,NYK,118,104,1
2009-12-02,2010,0,,ATL,TOR,146,115,1
2009-12-02,2010,0,,NJN,DAL,101,117,1
2009-12-02,2010,0,,CLE,PHO,107,90,1
2009-12-02,2010,0,,LAC,HOU,85,102,1
2009-12-02,2010,0,,SAC,IND,110,105,1
2009-12-02,2010,0,,OKC,PHI,117,106,1
2009-12-02,2010,0,,MIN,MEM,95,97,1
2009-12-02,2010,0,,CHI,DET,92,85,1
2009-12-03,2010,0,,GSW,HOU,109,111,1
2009-12-03,2010,0,,SAS,BOS,83,90,1
2009-12-03,2010,0,,DEN,MIA,114,96,1
2009-12-04,2010,0,,ATL,NYK,107,114,1
2009-12-04,2010,0,,MEM,DAL,98,82,1
2009-12-04,2010,0,,OKC,BOS,87,105,1
2009-12-04,2010,0,,NOP,MIN,98,89,1
2009-12-04,2010,0,,NJN,CHO,97,91,1
2009-12-04,2010,0,,LAL,MIA,108,107,1
2009-12-04,2010,0,,DET,MIL,105,96,1
2009-12-04,2010,0,,CLE,CHI,101,87,1
2009-12-04,2010,0,,UTA,IND,96,87,1
2009-12-04,2010,0,,WAS,TOR,107,109,1
2009-12-05,2010,0,,POR,HOU,90,89,1
2009-12-05,2010,0,,CHO,PHI,106,105,1
2009-12-05,2010,0,,GSW,ORL,118,126,1
2009-12-05,2010,0,,MIN,UTA,108,101,1
2009-12-05,2010,0,,LAC,IND,88,72,1
2009-12-05,2010,0,,PHO,SAC,115,107,1
2009-12-05,2010,0,,DAL,ATL,75,80,1
2009-12-05,2010,0,,SAS,DEN,99,106,1
2009-12-05,2010,0,,CHI,TOR,78,110,1
2009-12-06,2010,0,,SAC,MIA,102,115,1
2009-12-06,2010,0,,NYK,NJN,106,97,1
2009-12-06,2010,0,,DET,WAS,98,94,1
2009-12-06,2010,0,,MIL,CLE,86,101,1
2009-12-06,2010,0,,LAL,PHO,108,88,1
2009-12-07,2010,0,,NYK,POR,93,84,1
2009-12-07,2010,0,,PHI,DEN,83,93,1
2009-12-07,2010,0,,UTA,SAS,104,101,1
2009-12-07,2010,0,,OKC,GSW,104,88,1
2009-12-08,2010,0,,CHO,DEN,107,95,1
2009-12-08,2010,0,,DAL,PHO,102,101,1
2009-12-08,2010,0,,CHI,NJN,101,103,1
2009-12-08,2010,0,,NOP,SAC,96,94,1
2009-12-08,2010,0,,TOR,MIN,94,88,1
2009-12-08,2010,0,,MEM,CLE,111,109,1
2009-12-08,2010,0,,BOS,MIL,98,89,1
2009-12-08,2010,0,,LAC,ORL,86,97,1
2009-12-09,2010,0,,NJN,GSW,89,105,1
2009-12-09,2010,0,,IND,POR,91,102,1
2009-12-09,2010,0,,MIN,NOP,96,97,1
2009-12-09,2010,0,,ATL,CHI,118,83,1
2009-12-09,2010,0,,MIL,TOR,117,95,1
2009-12-09,2010,0,,PHI,DET,86,90,1
2009-12-09,2010,0,,LAL,UTA,101,77,1
2009-12-09,2010,0,,SAS,SAC,118,106,1
2009-12-09,2010,0,,HOU,CLE,95,85,1
2009-12-10,2010,0,,WAS,BOS,102,104,1
2009-12-10,2010,0,,UTA,ORL,120,111,1
2009-12-10,2010,0,,DET,DEN,101,99,1
2009-12-11,2010,0,,LAL,MIN,104,92,1
2009-12-11,2010,0,,PHI,HOU,91,96,1
2009-12-11,2010,0,,CHI,GSW,96,91,1
2009-12-11,2010,0,,SAS,CHO,104,85,1
2009-12-11,2010,0,,MEM,OKC,94,102,1
2009-12-11,2010,0,,CLE,POR,104,99,1
2009-12-11,2010,0,,MIA,DAL,93,106,1
2009-12-11,2010,0,,TOR,ATL,89,111,1
2009-12-11,2010,0,,IND,NJN,107,91,1
2009-12-11,2010,0,,NOP,NYK,96,113,1
2009-12-11,2010,0,,PHO,ORL,106,103,1
2009-12-12,2010,0,,UTA,LAL,102,94,1
2009-12-12,2010,0,,DEN,PHO,105,99,1
2009-12-12,2010,0,,DAL,CHO,98,97,1
2009-12-12,2010,0,,CHI,BOS,80,106,1
2009-12-12,2010,0,,MIL,POR,108,101,1
2009-12-12,2010,0,,DET,GSW,104,95,1
2009-12-12,2010,0,,WAS,IND,113,114,1
2009-12-12,2010,0,,SAC,MIN,120,100,1
2009-12-13,2010,0,,MIA,MEM,90,118,1
2009-12-13,2010,0,,ATL,NJN,130,107,1
2009-12-13,2010,0,,TOR,HOU,101,88,1
2009-12-13,2010,0,,OKC,CLE,89,102,1
2009-12-13,2010,0,,LAC,SAS,90,115,1
2009-12-14,2010,0,,UTA,MIN,108,110,1
2009-12-14,2010,0,,DAL,NOP,94,90,1
2009-12-14,2010,0,,LAC,WAS,97,95,1
2009-12-14,2010,0,,DEN,OKC,102,93,1
2009-12-14,2010,0,,ORL,IND,106,98,1
2009-12-14,2010,0,,MEM,BOS,105,110,1
2009-12-14,2010,0,,PHI,GSW,117,101,1
2009-12-15,2010,0,,HOU,DET,107,96,1
2009-12-15,2010,0,,PHO,SAS,116,104,1
2009-12-15,2010,0,,CHI,LAL,87,96,1
2009-12-15,2010,0,,CHO,NYK,94,87,1
2009-12-15,2010,0,,MIA,TOR,115,95,1
2009-12-15,2010,0,,CLE,NJN,99,89,1
2009-12-15,2010,0,,POR,SAC,95,88,1
2009-12-16,2010,0,,ORL,TOR,118,99,1
2009-12-16,2010,0,,IND,CHO,101,98,1
2009-12-16,2010,0,,OKC,DAL,86,100,1
2009-12-16,2010,0,,PHI,CLE,101,108,1
2009-12-16,2010,0,,SAC,WAS,112,109,1
2009-12-16,2010,0,,GSW,SAS,91,103,1
2009-12-16,2010,0,,DEN,HOU,111,101,1
2009-12-16,2010,0,,MIL,LAL,106,107,1
2009-12-16,2010,0,,NOP,DET,95,87,1
2009-12-16,2010,0,,NJN,UTA,92,108,1
2009-12-16,2010,0,,MIN,LAC,95,120,1
2009-12-16,2010,0,,ATL,MEM,110,97,1
2009-12-17,2010,0,,MIA,ORL,104,86,1
2009-12-17,2010,0,,POR,PHO,105,102,1
2009-12-17,2010,0,,CHI,NYK,98,89,1
2009-12-18,2010,0,,MEM,IND,107,94,1
2009-12-18,2010,0,,NYK,LAC,95,91,1
2009-12-18,2010,0,,BOS,PHI,97,98,1
2009-12-18,2010,0,,OKC,DET,109,98,1
2009-12-18,2010,0,,CLE,MIL,85,82,1
2009-12-18,2010,0,,ATL,UTA,96,83,1
2009-12-18,2010,0,,NOP,DEN,98,92,1
2009-12-18,2010,0,,MIN,SAC,112,96,1
2009-12-18,2010,0,,TOR,NJN,118,95,1
2009-12-18,2010,0,,GSW,WAS,109,118,1
2009-12-18,2010,0,,DAL,HOU,108,116,1
2009-12-19,2010,0,,SAS,IND,100,99,1
2009-12-19,2010,0,,ORL,POR,92,83,1
2009-12-19,2010,0,,MIL,SAC,95,96,1
2009-12-19,2010,0,,PHO,WAS,121,95,1
2009-12-19,2010,0,,CHO,UTA,102,110,1
2009-12-19,2010,0,,NJN,LAL,84,103,1
2009-12-19,2010,0,,PHI,LAC,107,112,1
2009-12-19,2010,0,,HOU,OKC,95,90,1
2009-12-19,2010,0,,CHI,ATL,101,98,1
2009-12-20,2010,0,,TOR,NOP,98,92,1
2009-12-20,2010,0,,NYK,CHO,98,94,1
2009-12-20,2010,0,,MEM,DEN,102,96,1
2009-12-20,2010,0,,DET,LAL,81,93,1
2009-12-20,2010,0,,DAL,CLE,102,95,1
2009-12-20,2010,0,,MIA,POR,95,102,1
2009-12-20,2010,0,,BOS,MIN,122,104,1
2009-12-21,2010,0,,IND,MIL,81,84,1
2009-12-21,2010,0,,SAS,LAC,103,87,1
2009-12-21,2010,0,,PHO,CLE,91,109,1
2009-12-21,2010,0,,CHI,SAC,98,102,1
2009-12-21,2010,0,,ORL,UTA,104,99,1
2009-12-22,2010,0,,LAL,OKC,111,108,1
2009-12-22,2010,0,,CHO,DET,88,76,1
2009-12-22,2010,0,,MIN,ATL,87,112,1
2009-12-22,2010,0,,MEM,GSW,121,108,1
2009-12-22,2010,0,,WAS,PHI,105,98,1
2009-12-22,2010,0,,BOS,IND,103,94,1
2009-12-22,2010,0,,NYK,CHI,88,81,1
2009-12-22,2010,0,,DAL,POR,81,85,1
2009-12-22,2010,0,,HOU,LAC,108,99,1
2009-12-23,2010,0,,PHO,OKC,113,117,1
2009-12-23,2010,0,,SAS,POR,94,98,1
2009-12-23,2010,0,,NOP,GSW,108,102,1
2009-12-23,2010,0,,MIA,UTA,80,70,1
2009-12-23,2010,0,,DET,TOR,64,94,1
2009-12-23,2010,0,,NJN,MIN,99,103,1
2009-12-23,2010,0,,MIL,WAS,97,109,1
2009-12-23,2010,0,,DEN,ATL,124,104,1
2009-12-23,2010,0,,SAC,CLE,104,117,1
2009-12-23,2010,0,,ORL,HOU,102,87,1
2009-12-25,2010,0,,POR,DEN,107,96,1
2009-12-25,2010,0,,NYK,MIA,87,93,1
2009-12-25,2010,0,,LAL,CLE,87,102,1
2009-12-25,2010,0,,PHO,LAC,124,93,1
2009-12-25,2010,0,,ORL,BOS,77,86,1
2009-12-26,2010,0,,GSW,PHO,132,127,1
2009-12-26,2010,0,,MIN,WAS,101,89,1
2009-12-26,2010,0,,DAL,MEM,106,101,1
2009-12-26,2010,0,,SAC,LAL,103,112,1
2009-12-26,2010,0,,UTA,PHI,97,76,1
2009-12-26,2010,0,,MIL,SAS,97,112,1
2009-12-26,2010,0,,CHI,NOP,96,85,1
2009-12-26,2010,0,,NJN,HOU,93,98,1
2009-12-26,2010,0,,IND,ATL,98,110,1
2009-12-26,2010,0,,OKC,CHO,98,91,1
2009-12-27,2010,0,,NYK,SAS,88,95,1
2009-12-27,2010,0,,DEN,DAL,96,104,1
2009-12-27,2010,0,,TOR,DET,102,95,1
2009-12-27,2010,0,,LAC,BOS,92,90,1
2009-12-27,2010,0,,CLE,HOU,108,83,1
2009-12-27,2010,0,,MIA,IND,114,80,1
2009-12-28,2010,0,,CHO,MIL,94,84,1
2009-12-28,2010,0,,SAC,DEN,106,101,1
2009-12-28,2010,0,,MEM,WAS,116,111,1
2009-12-28,2010,0,,NJN,OKC,89,105,1
2009-12-28,2010,0,,PHO,LAL,118,103,1
2009-12-28,2010,0,,POR,PHI,93,104,1
2009-12-28,2010,0,,GSW,BOS,103,99,1
2009-12-29,2010,0,,LAL,GSW,124,118,1
2009-12-29,2010,0,,ATL,CLE,84,95,1
2009-12-29,2010,0,,WAS,OKC,98,110,1
2009-12-29,2010,0,,CHI,IND,104,95,1
2009-12-29,2010,0,,HOU,NOP,108,100,1
2009-12-29,2010,0,,DET,NYK,87,104,1
2009-12-29,2010,0,,SAS,MIN,117,99,1
2009-12-30,2010,0,,NOP,MIA,95,91,1
2009-12-30,2010,0,,PHO,BOS,116,98,1
2009-12-30,2010,0,,CLE,ATL,106,101,1
2009-12-30,2010,0,,ORL,MIL,117,92,1
2009-12-30,2010,0,,NJN,NYK,104,95,1
2009-12-30,2010,0,,MIN,UTA,103,107,1
2009-12-30,2010,0,,POR,LAC,103,99,1
2009-12-30,2010,0,,SAC,PHI,106,116,1
2009-12-30,2010,0,,TOR,CHO,107,103,1
2009-12-30,2010,0,,IND,MEM,110,121,1
2009-12-31,2010,0,,LAC,PHI,104,88,1
2009-12-31,2010,0,,HOU,DAL,97,94,1
2009-12-31,2010,0,,OKC,UTA,87,86,1
2009-12-31,2010,0,,DET,CHI,87,98,1
2009-12-31,2010,0,,SAS,MIA,108,78,1
2010-01-01,2010,0,,LAL,SAC,109,108,1
2010-01-01,2010,0,,ATL,NYK,108,112,1
2010-01-01,2010,0,,MIN,ORL,94,106,1
2010-01-02,2010,0,,BOS,TOR,103,96,1
2010-01-02,2010,0,,PHO,MEM,103,128,1
2010-01-02,2010,0,,NOP,HOU,99,95,1
2010-01-02,2010,0,,MIA,CHO,97,107,1
2010-01-02,2010,0,,MIL,OKC,103,97,1
2010-01-02,2010,0,,SAC,DAL,91,99,1
2010-01-02,2010,0,,UTA,DEN,95,105,1
2010-01-02,2010,0,,POR,GSW,105,89,1
2010-01-02,2010,0,,NJN,CLE,86,94,1
2010-01-02,2010,0,,IND,MIN,122,111,1
2010-01-02,2010,0,,CHI,ORL,101,93,1
2010-01-02,2010,0,,WAS,SAS,86,97,1
2010-01-03,2010,0,,CLE,CHO,88,91,1
2010-01-03,2010,0,,TOR,SAS,91,86,1
2010-01-03,2010,0,,DEN,PHI,105,108,1
2010-01-03,2010,0,,NYK,IND,132,89,1
2010-01-03,2010,0,,LAL,DAL,131,96,1
2010-01-04,2010,0,,CHI,OKC,85,98,1
2010-01-04,2010,0,,LAC,POR,105,95,1
2010-01-04,2010,0,,MIA,ATL,92,75,1
2010-01-04,2010,0,,UTA,NOP,87,91,1
2010-01-05,2010,0,,POR,MEM,105,109,1
2010-01-05,2010,0,,NJN,MIL,76,98,1
2010-01-05,2010,0,,SAC,PHO,109,113,1
2010-01-05,2010,0,,PHI,WAS,97,104,1
2010-01-05,2010,0,,CHO,CHI,113,108,1
2010-01-05,2010,0,,DAL,DET,98,93,1
2010-01-05,2010,0,,DEN,GSW,123,122,1
2010-01-05,2010,0,,LAL,HOU,88,79,1
2010-01-05,2010,0,,IND,ORL,97,90,1
2010-01-06,2010,0,,CLE,WAS,121,98,1
2010-01-06,2010,0,,ORL,TOR,103,108,1
2010-01-06,2010,0,,OKC,NOP,92,97,1
2010-01-06,2010,0,,SAS,DET,112,92,1
2010-01-06,2010,0,,PHO,HOU,118,110,1
2010-01-06,2010,0,,LAC,LAL,102,91,1
2010-01-06,2010,0,,MIA,BOS,106,112,1
2010-01-06,2010,0,,MIN,GSW,101,107,1
2010-01-06,2010,0,,UTA,MEM,117,94,1
2010-01-06,2010,0,,ATL,NJN,119,89,1
2010-01-07,2010,0,,NYK,CHO,97,93,1
2010-01-08,2010,0,,NOP,NJN,103,99,1
2010-01-08,2010,0,,WAS,ORL,104,97,1
2010-01-08,2010,0,,GSW,SAC,108,101,1
2010-01-08,2010,0,,DEN,CLE,99,97,1
2010-01-08,2010,0,,PHO,MIA,105,109,1
2010-01-08,2010,0,,MEM,UTA,91,89,1
2010-01-08,2010,0,,MIN,IND,116,109,1
2010-01-08,2010,0,,SAS,DAL,103,112,1
2010-01-08,2010,0,,ATL,BOS,93,85,1
2010-01-08,2010,0,,PHI,TOR,106,108,1
2010-01-08,2010,0,,MIL,CHI,96,93,1
2010-01-08,2010,0,,POR,LAL,107,98,1
2010-01-09,2010,0,,CHI,MIN,110,96,1
2010-01-09,2010,0,,CHO,MEM,89,87,1
2010-01-09,2010,0,,SAC,DEN,102,100,1
2010-01-09,2010,0,,ORL,ATL,113,81,1
2010-01-09,2010,0,,DET,PHI,94,104,1
2010-01-09,2010,0,,HOU,NYK,105,96,1
2010-01-09,2010,0,,DAL,UTA,93,111,1
2010-01-09,2010,0,,OKC,IND,108,102,1
2010-01-10,2010,0,,POR,CLE,94,106,1
2010-01-10,2010,0,,LAC,MIA,94,84,1
2010-01-10,2010,0,,LAL,MIL,95,77,1
2010-01-10,2010,0,,SAS,NJN,97,85,1
2010-01-10,2010,0,,TOR,BOS,107,114,1
2010-01-10,2010,0,,WAS,NOP,110,115,1
2010-01-11,2010,0,,IND,TOR,105,101,1
2010-01-11,2010,0,,PHO,MIL,105,101,1
2010-01-11,2010,0,,UTA,MIA,118,89,1
2010-01-11,2010,0,,GSW,CLE,114,117,1
2010-01-11,2010,0,,OKC,NYK,106,88,1
2010-01-11,2010,0,,CHI,DET,120,87,1
2010-01-11,2010,0,,PHI,NOP,96,92,1
2010-01-11,2010,0,,BOS,ATL,96,102,1
2010-01-11,2010,0,,DEN,MIN,105,94,1
2010-01-12,2010,0,,SAS,LAL,105,85,1
2010-01-12,2010,0,,MEM,LAC,104,102,1
2010-01-12,2010,0,,CHO,HOU,102,94,1
2010-01-12,2010,0,,WAS,DET,90,99,1
2010-01-12,2010,0,,SAC,ORL,88,109,1
2010-01-13,2010,0,,OKC,SAS,108,109,1
2010-01-13,2010,0,,PHI,NYK,92,93,1
2010-01-13,2010,0,,ATL,WAS,94,82,1
2010-01-13,2010,0,,DEN,ORL,115,97,1
2010-01-13,2010,0,,HOU,MIN,120,114,1
2010-01-13,2010,0,,DAL,LAL,95,100,1
2010-01-13,2010,0,,NOP,LAC,108,94,1
2010-01-13,2010,0,,NJN,BOS,87,111,1
2010-01-13,2010,0,,IND,PHO,122,114,1
2010-01-13,2010,0,,POR,MIL,120,108,1
2010-01-13,2010,0,,GSW,MIA,102,115,1
2010-01-14,2010,0,,UTA,CLE,97,96,1
2010-01-14,2010,0,,BOS,CHI,83,96,1
2010-01-15,2010,0,,HOU,MIA,106,115,1
2010-01-15,2010,0,,GSW,MIL,104,113,1
2010-01-15,2010,0,,POR,ORL,102,87,1
2010-01-15,2010,0,,NJN,IND,105,121,1
2010-01-15,2010,0,,CHO,SAS,92,76,1
2010-01-15,2010,0,,PHI,SAC,98,86,1
2010-01-15,2010,0,,ATL,PHO,102,101,1
2010-01-15,2010,0,,NYK,TOR,104,112,1
2010-01-15,2010,0,,CHI,WAS,121,119,1
2010-01-15,2010,0,,LAL,LAC,126,86,1
2010-01-15,2010,0,,MEM,MIN,135,110,1
2010-01-15,2010,0,,DET,NOP,110,104,1
2010-01-15,2010,0,,DAL,OKC,99,98,1
2010-01-16,2010,0,,WAS,SAC,96,86,1
2010-01-16,2010,0,,CHO,PHO,125,99,1
2010-01-16,2010,0,,DET,NYK,94,90,1
2010-01-16,2010,0,,MEM,SAS,92,86,1
2010-01-16,2010,0,,UTA,MIL,112,95,1
2010-01-16,2010,0,,LAC,CLE,101,102,1
2010-01-16,2010,0,,OKC,MIA,98,80,1
2010-01-16,2010,0,,IND,NOP,96,101,1
2010-01-17,2010,0,,TOR,DAL,110,88,1
2010-01-17,2010,0,,DEN,UTA,119,112,1
2010-01-18,2010,0,,WAS,POR,97,92,1
2010-01-18,2010,0,,LAC,NJN,106,95,1
2010-01-18,2010,0,,ATL,OKC,91,94,1
2010-01-18,2010,0,,NYK,DET,99,91,1
2010-01-18,2010,0,,LAL,ORL,98,92,1
2010-01-18,2010,0,,BOS,DAL,90,99,1
2010-01-18,2010,0,,MEM,PHO,125,118,1
2010-01-18,2010,0,,GSW,CHI,114,97,1
2010-01-18,2010,0,,MIN,PHI,108,103,1
2010-01-18,2010,0,,NOP,SAS,90,97,1
2010-01-18,2010,0,,HOU,MIL,101,98,1
2010-01-18,2010,0,,CHO,SAC,105,103,1
2010-01-19,2010,0,,CLE,TOR,108,100,1
2010-01-19,2010,0,,MIA,IND,113,83,1
2010-01-20,2010,0,,LAC,CHI,104,97,1
2010-01-20,2010,0,,GSW,DEN,118,123,1
2010-01-20,2010,0,,ORL,IND,109,98,1
2010-01-20,2010,0,,PHI,POR,90,98,1
2010-01-20,2010,0,,NOP,MEM,113,111,1
2010-01-20,2010,0,,CHO,MIA,104,65,1
2010-01-20,2010,0,,DET,BOS,92,86,1
2010-01-20,2010,0,,MIL,TOR,113,107,1
2010-01-20,2010,0,,MIN,OKC,92,94,1
2010-01-20,2010,0,,PHO,NJN,118,94,1
2010-01-20,2010,0,,SAS,UTA,98,105,1
2010-01-20,2010,0,,WAS,DAL,93,94,1
2010-01-20,2010,0,,ATL,SAC,108,97,1
2010-01-21,2010,0,,DEN,LAC,105,85,1
2010-01-21,2010,0,,CLE,LAL,93,87,1
2010-01-22,2010,0,,BOS,POR,98,95,1
2010-01-22,2010,0,,WAS,MIA,88,112,1
2010-01-22,2010,0,,PHI,DAL,92,81,1
2010-01-22,2010,0,,ORL,SAC,100,84,1
2010-01-22,2010,0,,MIN,NOP,94,96,1
2010-01-22,2010,0,,TOR,MIL,101,96,1
2010-01-22,2010,0,,PHO,CHI,104,115,1
2010-01-22,2010,0,,GSW,NJN,111,79,1
2010-01-22,2010,0,,SAS,HOU,109,116,1
2010-01-22,2010,0,,MEM,OKC,86,84,1
2010-01-22,2010,0,,NYK,LAL,105,115,1
2010-01-22,2010,0,,DET,IND,93,105,1
2010-01-22,2010,0,,ATL,CHO,103,89,1
2010-01-23,2010,0,,CLE,OKC,100,99,1
2010-01-23,2010,0,,MIL,MIN,127,94,1
2010-01-23,2010,0,,MIA,SAC,115,84,1
2010-01-23,2010,0,,HOU,CHI,97,104,1
2010-01-23,2010,0,,DET,POR,93,97,1
2010-01-23,2010,0,,CHO,ORL,95,106,1
2010-01-23,2010,0,,PHO,GSW,112,103,1
2010-01-23,2010,0,,DEN,NOP,116,110,1
2010-01-23,2010,0,,UTA,NJN,116,83,1
2010-01-23,2010,0,,IND,PHI,97,107,1
2010-01-24,2010,0,,NYK,DAL,78,128,1
2010-01-24,2010,0,,TOR,LAL,106,105,1
2010-01-24,2010,0,,WAS,LAC,78,92,1
2010-01-25,2010,0,,MEM,ORL,99,94,1
2010-01-25,2010,0,,BOS,LAC,95,89,1
2010-01-25,2010,0,,POR,NOP,97,98,1
2010-01-25,2010,0,,UTA,PHO,124,115,1
2010-01-25,2010,0,,DEN,CHO,104,93,1
2010-01-25,2010,0,,SAS,CHI,93,98,1
2010-01-25,2010,0,,HOU,ATL,95,102,1
2010-01-25,2010,0,,MIA,CLE,91,92,1
2010-01-25,2010,0,,PHI,IND,98,109,1
2010-01-26,2010,0,,NYK,MIN,132,105,1
2010-01-26,2010,0,,DAL,MIL,108,107,1
2010-01-26,2010,0,,PHO,CHO,109,114,1
2010-01-26,2010,0,,WAS,LAL,103,115,1
2010-01-26,2010,0,,SAC,GSW,99,96,1
2010-01-27,2010,0,,SAS,ATL,105,90,1
2010-01-27,2010,0,,DET,MEM,93,99,1
2010-01-27,2010,0,,POR,UTA,95,106,1
2010-01-27,2010,0,,GSW,NOP,110,123,1
2010-01-27,2010,0,,CLE,MIN,109,95,1
2010-01-27,2010,0,,IND,LAL,96,118,1
2010-01-27,2010,0,,TOR,MIA,111,103,1
2010-01-27,2010,0,,MIL,PHI,91,88,1
2010-01-27,2010,0,,OKC,CHI,86,96,1
2010-01-27,2010,0,,HOU,DEN,92,97,1
2010-01-27,2010,0,,NJN,LAC,103,87,1
2010-01-28,2010,0,,NYK,TOR,104,106,1
2010-01-28,2010,0,,ORL,BOS,96,94,1
2010-01-28,2010,0,,PHO,DAL,112,106,1
2010-01-29,2010,0,,UTA,SAC,101,94,1
2010-01-29,2010,0,,GSW,CHO,110,121,1
2010-01-29,2010,0,,DET,MIA,65,92,1
2010-01-29,2010,0,,HOU,POR,104,100,1
2010-01-29,2010,0,,NOP,CHI,106,108,1
2010-01-29,2010,0,,OKC,DEN,101,84,1
2010-01-29,2010,0,,ATL,BOS,100,91,1
2010-01-29,2010,0,,SAS,MEM,104,97,1
2010-01-29,2010,0,,NJN,WAS,79,81,1
2010-01-29,2010,0,,IND,CLE,73,94,1
2010-01-29,2010,0,,MIN,LAC,111,97,1
2010-01-29,2010,0,,PHI,LAL,91,99,1
2010-01-30,2010,0,,DAL,POR,112,114,1
2010-01-30,2010,0,,ORL,ATL,104,86,1
2010-01-30,2010,0,,MEM,NOP,102,109,1
2010-01-30,2010,0,,MIL,MIA,95,84,1
2010-01-30,2010,0,,SAC,CHO,96,103,1
2010-01-30,2010,0,,WAS,NYK,106,96,1
2010-01-31,2010,0,,DET,ORL,86,91,1
2010-01-31,2010,0,,TOR,IND,117,102,1
2010-01-31,2010,0,,BOS,LAL,89,90,1
2010-01-31,2010,0,,SAS,DEN,89,103,1
2010-01-31,2010,0,,HOU,PHO,111,115,1
2010-01-31,2010,0,,NJN,PHI,79,83,1
2010-01-31,2010,0,,CLE,LAC,114,89,1
2010-01-31,2010,0,,MIN,NYK,112,91,1
2010-01-31,2010,0,,OKC,GSW,112,104,1
2010-02-01,2010,0,,MIA,MIL,81,97,1
2010-02-01,2010,0,,DEN,SAC,112,109,1
2010-02-01,2010,0,,POR,CHO,98,79,1
2010-02-01,2010,0,,UTA,DAL,104,92,1
2010-02-01,2010,0,,MEM,LAL,95,93,1
2010-02-01,2010,0,,WAS,BOS,88,99,1
2010-02-01,2010,0,,NOP,PHO,100,109,1
2010-02-02,2010,0,,NJN,DET,93,97,1
2010-02-02,2010,0,,IND,TOR,130,115,1
2010-02-02,2010,0,,CLE,MEM,105,89,1
2010-02-02,2010,0,,ORL,MIL,99,82,1
2010-02-02,2010,0,,CHI,LAC,82,90,1
2010-02-02,2010,0,,OKC,ATL,106,99,1
2010-02-02,2010,0,,HOU,GSW,119,97,1
2010-02-03,2010,0,,DEN,PHO,97,109,1
2010-02-03,2010,0,,TOR,NJN,108,99,1
2010-02-03,2010,0,,NYK,WAS,107,85,1
2010-02-03,2010,0,,NOP,OKC,99,103,1
2010-02-03,2010,0,,DAL,GSW,110,101,1
2010-02-03,2010,0,,SAC,SAS,113,115,1
2010-02-03,2010,0,,LAL,CHO,99,97,1
2010-02-03,2010,0,,BOS,MIA,107,102,1
2010-02-03,2010,0,,ATL,LAC,103,97,1
2010-02-03,2010,0,,PHI,CHI,106,103,1
2010-02-03,2010,0,,UTA,POR,118,105,1
2010-02-04,2010,0,,CLE,MIA,102,86,1
2010-02-04,2010,0,,POR,SAS,96,93,1
2010-02-05,2010,0,,IND,DET,107,83,1
2010-02-05,2010,0,,ATL,CHI,91,81,1
2010-02-05,2010,0,,NOP,PHI,94,101,1
2010-02-05,2010,0,,DAL,MIN,108,117,1
2010-02-05,2010,0,,ORL,WAS,91,92,1
2010-02-05,2010,0,,SAC,PHO,102,114,1
2010-02-05,2010,0,,NYK,MIL,107,114,1
2010-02-05,2010,0,,MEM,HOU,83,101,1
2010-02-05,2010,0,,LAL,DEN,113,126,1
2010-02-05,2010,0,,BOS,NJN,96,87,1
2010-02-06,2010,0,,LAC,SAS,81,98,1
2010-02-06,2010,0,,HOU,PHI,95,102,1
2010-02-06,2010,0,,CHO,NOP,99,104,1
2010-02-06,2010,0,,CLE,NYK,113,106,1
2010-02-06,2010,0,,DET,NJN,99,92,1
2010-02-06,2010,0,,CHI,MIA,95,91,1
2010-02-06,2010,0,,MIN,MEM,109,102,1
2010-02-06,2010,0,,MIL,IND,93,81,1
2010-02-06,2010,0,,UTA,DEN,116,106,1
2010-02-06,2010,0,,POR,LAL,82,99,1
2010-02-06,2010,0,,GSW,OKC,95,104,1
2010-02-07,2010,0,,BOS,ORL,89,96,1
2010-02-07,2010,0,,TOR,SAC,115,104,1
2010-02-08,2010,0,,GSW,DAL,117,127,1
2010-02-08,2010,0,,LAL,SAS,101,89,1
2010-02-08,2010,0,,ORL,NOP,123,117,1
2010-02-09,2010,0,,POR,OKC,77,89,1
2010-02-09,2010,0,,MEM,ATL,94,108,1
2010-02-09,2010,0,,MIA,HOU,99,66,1
2010-02-09,2010,0,,CHO,WAS,94,92,1
2010-02-09,2010,0,,IND,CHI,101,109,1
2010-02-09,2010,0,,NYK,SAC,114,118,1
2010-02-09,2010,0,,PHI,MIN,119,97,1
2010-02-09,2010,0,,DEN,DAL,127,91,1
2010-02-09,2010,0,,LAC,UTA,99,109,1
2010-02-09,2010,0,,CLE,NJN,104,97,1
2010-02-09,2010,0,,MIL,DET,81,93,1
2010-02-10,2010,0,,DET,SAC,97,103,1
2010-02-10,2010,0,,TOR,PHI,104,93,1
2010-02-10,2010,0,,ATL,MIA,76,94,1
2010-02-10,2010,0,,NJN,MIL,77,97,1
2010-02-10,2010,0,,GSW,LAC,132,102,1
2010-02-10,2010,0,,PHO,POR,101,108,1
2010-02-10,2010,0,,MIN,CHO,92,93,1
2010-02-10,2010,0,,CHI,ORL,87,107,1
2010-02-10,2010,0,,UTA,LAL,81,96,1
2010-02-10,2010,0,,NOP,BOS,93,85,1
2010-02-11,2010,0,,CLE,ORL,115,106,1
2010-02-11,2010,0,,DEN,SAS,92,111,1
2010-02-16,2010,0,,MEM,PHO,95,109,1
2010-02-16,2010,0,,CHI,NYK,118,85,1
2010-02-16,2010,0,,DET,MIN,108,85,1
2010-02-16,2010,0,,LAL,GSW,104,94,1
2010-02-16,2010,0,,HOU,UTA,95,104,1
2010-02-16,2010,0,,SAC,BOS,92,95,1
2010-02-16,2010,0,,OKC,DAL,99,86,1
2010-02-16,2010,0,,CHO,NJN,94,103,1
2010-02-16,2010,0,,PHI,MIA,78,105,1
2010-02-16,2010,0,,POR,LAC,109,87,1
2010-02-17,2010,0,,GSW,SAC,130,98,1
2010-02-17,2010,0,,TOR,MEM,102,109,1
2010-02-17,2010,0,,LAC,ATL,92,110,1
2010-02-17,2010,0,,NYK,CHI,109,115,1
2010-02-17,2010,0,,ORL,DET,116,91,1
2010-02-17,2010,0,,DAL,PHO,107,97,1
2010-02-17,2010,0,,MIL,HOU,99,127,1
2010-02-17,2010,0,,NOP,UTA,90,98,1
2010-02-17,2010,0,,NJN,MIA,84,87,1
2010-02-17,2010,0,,WAS,MIN,108,99,1
2010-02-17,2010,0,,IND,SAS,87,90,1
2010-02-18,2010,0,,LAL,BOS,86,87,1
2010-02-18,2010,0,,CLE,DEN,116,118,1
2010-02-19,2010,0,,NOP,IND,107,101,1
2010-02-19,2010,0,,MEM,MIA,87,100,1
2010-02-19,2010,0,,CHO,CLE,110,93,1
2010-02-19,2010,0,,WAS,DEN,107,97,1
2010-02-19,2010,0,,POR,BOS,76,96,1
2010-02-19,2010,0,,PHI,SAS,106,94,1
2010-02-19,2010,0,,DET,MIL,85,91,1
2010-02-19,2010,0,,GSW,UTA,89,100,1
2010-02-19,2010,0,,PHO,ATL,88,80,1
2010-02-19,2010,0,,ORL,DAL,85,95,1
2010-02-19,2010,0,,MIN,CHI,94,100,1
2010-02-19,2010,0,,NJN,TOR,89,106,1
2010-02-20,2010,0,,LAC,SAC,99,89,1
2010-02-20,2010,0,,DAL,MIA,97,91,1
2010-02-20,2010,0,,CHI,PHI,122,90,1
2010-02-20,2010,0,,TOR,WAS,109,104,1
2010-02-20,2010,0,,HOU,IND,115,125,1
2010-02-20,2010,0,,NYK,OKC,118,121,1
2010-02-20,2010,0,,MIL,CHO,93,88,1
2010-02-21,2010,0,,ORL,CLE,101,95,1
2010-02-21,2010,0,,MIN,OKC,107,109,1
2010-02-21,2010,0,,DEN,BOS,114,105,1
2010-02-21,2010,0,,PHO,SAC,104,88,1
2010-02-21,2010,0,,GSW,ATL,108,104,1
2010-02-21,2010,0,,NOP,HOU,102,94,1
2010-02-21,2010,0,,NJN,MEM,94,104,1
2010-02-21,2010,0,,DET,SAS,109,101,1
2010-02-21,2010,0,,POR,UTA,89,93,1
2010-02-22,2010,0,,LAC,CHO,98,94,1
2010-02-22,2010,0,,WAS,CHI,101,95,1
2010-02-22,2010,0,,DAL,IND,91,82,1
2010-02-22,2010,0,,NYK,MIL,67,83,1
2010-02-22,2010,0,,UTA,ATL,100,105,1
2010-02-23,2010,0,,NJN,POR,93,102,1
2010-02-23,2010,0,,GSW,PHI,102,110,1
2010-02-23,2010,0,,SAC,DET,89,101,1
2010-02-23,2010,0,,MEM,LAL,98,99,1
2010-02-23,2010,0,,MIA,MIN,88,91,1
2010-02-23,2010,0,,BOS,NYK,110,106,1
2010-02-23,2010,0,,CLE,NOP,105,95,1
2010-02-23,2010,0,,OKC,PHO,102,104,1
2010-02-24,2010,0,,WAS,MEM,94,99,1
2010-02-24,2010,0,,SAS,OKC,95,87,1
2010-02-24,2010,0,,PHO,PHI,106,95,1
2010-02-24,2010,0,,TOR,POR,87,101,1
2010-02-24,2010,0,,MIL,NOP,115,95,1
2010-02-24,2010,0,,ATL,MIN,98,92,1
2010-02-24,2010,0,,LAC,DET,97,91,1
2010-02-24,2010,0,,UTA,CHO,102,93,1
2010-02-24,2010,0,,DAL,LAL,101,96,1
2010-02-24,2010,0,,HOU,ORL,92,110,1
2010-02-24,2010,0,,CHI,IND,120,110,1
2010-02-25,2010,0,,BOS,CLE,88,108,1
2010-02-25,2010,0,,GSW,DEN,112,127,1
2010-02-25,2010,0,,IND,MIL,110,112,1
2010-02-26,2010,0,,LAL,PHI,99,90,1
2010-02-26,2010,0,,MEM,CHO,89,93,1
2010-02-26,2010,0,,NOP,ORL,100,93,1
2010-02-26,2010,0,,DEN,DET,107,102,1
2010-02-26,2010,0,,HOU,SAS,109,104,1
2010-02-26,2010,0,,OKC,MIN,109,92,1
2010-02-26,2010,0,,CHI,POR,115,111,1
2010-02-26,2010,0,,ATL,DAL,103,111,1
2010-02-26,2010,0,,SAC,UTA,103,99,1
2010-02-26,2010,0,,WAS,NYK,116,118,1
2010-02-26,2010,0,,TOR,CLE,118,126,1
2010-02-26,2010,0,,PHO,LAC,125,112,1
2010-02-27,2010,0,,UTA,HOU,133,110,1
2010-02-27,2010,0,,IND,CHI,100,90,1
2010-02-27,2010,0,,BOS,NJN,96,104,1
2010-02-27,2010,0,,GSW,DET,95,88,1
2010-02-27,2010,0,,MIA,MIL,71,94,1
2010-02-27,2010,0,,MIN,POR,91,110,1
2010-02-27,2010,0,,NYK,MEM,109,120,1
2010-02-28,2010,0,,SAC,LAC,97,92,1
2010-02-28,2010,0,,OKC,TOR,119,99,1
2010-02-28,2010,0,,SAS,PHO,113,110,1
2010-02-28,2010,0,,DAL,NOP,108,100,1
2010-02-28,2010,0,,LAL,DEN,95,89,1
2010-02-28,2010,0,,NJN,WAS,85,89,1
2010-02-28,2010,0,,ORL,MIA,96,80,1
2010-02-28,2010,0,,ATL,MIL,106,102,1
2010-03-01,2010,0,,CHI,ATL,92,116,1
2010-03-01,2010,0,,LAC,UTA,108,104,1
2010-03-01,2010,0,,CHO,DAL,84,89,1
2010-03-01,2010,0,,PHI,ORL,105,126,1
2010-03-01,2010,0,,NOP,SAS,92,106,1
2010-03-01,2010,0,,MEM,POR,93,103,1
2010-03-01,2010,0,,HOU,TOR,116,92,1
2010-03-01,2010,0,,PHO,DEN,101,85,1
2010-03-01,2010,0,,CLE,NYK,124,93,1
2010-03-02,2010,0,,LAL,IND,122,99,1
2010-03-02,2010,0,,DET,BOS,100,105,1
2010-03-02,2010,0,,OKC,SAC,113,107,1
2010-03-02,2010,0,,MIA,GSW,110,106,1
2010-03-03,2010,0,,HOU,SAC,81,84,1
2010-03-03,2010,0,,NOP,MEM,100,104,1
2010-03-03,2010,0,,BOS,CHO,104,80,1
2010-03-03,2010,0,,ATL,PHI,112,93,1
2010-03-03,2010,0,,ORL,GSW,117,90,1
2010-03-03,2010,0,,DEN,OKC,119,90,1
2010-03-03,2010,0,,POR,IND,102,79,1
2010-03-03,2010,0,,NYK,DET,128,104,1
2010-03-03,2010,0,,NJN,CLE,92,111,1
2010-03-03,2010,0,,LAC,PHO,101,127,1
2010-03-03,2010,0,,DAL,MIN,112,109,1
2010-03-03,2010,0,,MIL,WAS,100,87,1
2010-03-04,2010,0,,CHI,MEM,96,105,1
2010-03-04,2010,0,,MIA,LAL,114,111,1
2010-03-04,2010,0,,PHO,UTA,108,116,1
2010-03-05,2010,0,,WAS,MIL,74,102,1
2010-03-05,2010,0,,NJN,ORL,87,97,1
2010-03-05,2010,0,,PHI,BOS,86,96,1
2010-03-05,2010,0,,CLE,DET,99,92,1
2010-03-05,2010,0,,LAC,OKC,87,104,1
2010-03-05,2010,0,,SAS,NOP,102,91,1
2010-03-05,2010,0,,DEN,IND,122,114,1
2010-03-05,2010,0,,DAL,SAC,108,100,1
2010-03-05,2010,0,,CHO,LAL,98,83,1
2010-03-05,2010,0,,TOR,NYK,102,96,1
2010-03-05,2010,0,,ATL,GSW,127,122,1
2010-03-06,2010,0,,MEM,SAS,92,102,1
2010-03-06,2010,0,,MIA,ATL,100,94,1
2010-03-06,2010,0,,PHO,IND,113,105,1
2010-03-06,2010,0,,CHO,GSW,101,90,1
2010-03-06,2010,0,,UTA,LAC,107,85,1
2010-03-06,2010,0,,MIL,CLE,92,85,1
2010-03-06,2010,0,,CHI,DAL,116,122,1
2010-03-06,2010,0,,NYK,NJN,93,113,1
2010-03-06,2010,0,,MIN,HOU,98,112,1
2010-03-07,2010,0,,ORL,LAL,96,94,1
2010-03-07,2010,0,,SAC,OKC,102,108,1
2010-03-07,2010,0,,BOS,WAS,86,83,1
2010-03-07,2010,0,,DET,HOU,110,107,1
2010-03-07,2010,0,,TOR,PHI,101,114,1
2010-03-07,2010,0,,DEN,POR,118,106,1
2010-03-08,2010,0,,MIN,DAL,112,125,1
2010-03-08,2010,0,,NYK,ATL,99,98,1
2010-03-08,2010,0,,CLE,SAS,97,95,1
2010-03-08,2010,0,,MEM,NJN,107,101,1
2010-03-08,2010,0,,NOP,GSW,135,131,1
2010-03-09,2010,0,,CHI,UTA,108,132,1
2010-03-09,2010,0,,MIL,BOS,86,84,1
2010-03-09,2010,0,,WAS,HOU,88,96,1
2010-03-09,2010,0,,ORL,LAC,113,87,1
2010-03-09,2010,0,,IND,PHI,107,96,1
2010-03-09,2010,0,,CHO,MIA,83,78,1
2010-03-09,2010,0,,LAL,TOR,109,107,1
2010-03-09,2010,0,,POR,SAC,88,81,1
2010-03-10,2010,0,,SAC,TOR,113,90,1
2010-03-10,2010,0,,DAL,NJN,96,87,1
2010-03-10,2010,0,,OKC,NOP,98,83,1
2010-03-10,2010,0,,SAS,NYK,97,87,1
2010-03-10,2010,0,,DET,UTA,104,115,1
2010-03-10,2010,0,,BOS,MEM,91,111,1
2010-03-10,2010,0,,PHI,CHO,87,102,1
2010-03-10,2010,0,,MIN,DEN,102,110,1
2010-03-10,2010,0,,MIA,LAC,108,97,1
2010-03-11,2010,0,,WAS,ATL,99,105,1
2010-03-11,2010,0,,ORL,CHI,111,82,1
2010-03-11,2010,0,,GSW,POR,105,110,1
2010-03-12,2010,0,,OKC,NJN,104,102,1
2010-03-12,2010,0,,NOP,DEN,95,102,1
2010-03-12,2010,0,,PHI,CLE,95,100,1
2010-03-12,2010,0,,CHO,LAC,106,98,1
2010-03-12,2010,0,,SAC,POR,94,110,1
2010-03-12,2010,0,,PHO,LAL,96,102,1
2010-03-12,2010,0,,MIA,CHI,108,95,1
2010-03-12,2010,0,,MIL,UTA,95,87,1
2010-03-12,2010,0,,MEM,NYK,119,112,1
2010-03-12,2010,0,,MIN,SAS,85,103,1
2010-03-12,2010,0,,BOS,IND,122,103,1
2010-03-12,2010,0,,DET,WAS,101,87,1
2010-03-13,2010,0,,HOU,NJN,116,108,1
2010-03-13,2010,0,,SAS,LAC,118,88,1
2010-03-13,2010,0,,WAS,ORL,95,109,1
2010-03-13,2010,0,,MEM,DEN,108,125,1
2010-03-13,2010,0,,DAL,NYK,94,128,1
2010-03-13,2010,0,,GSW,TOR,124,112,1
2010-03-13,2010,0,,ATL,DET,112,99,1
2010-03-14,2010,0,,POR,TOR,109,98,1
2010-03-14,2010,0,,MIA,PHI,104,91,1
2010-03-14,2010,0,,ORL,CHO,89,96,1
2010-03-14,2010,0,,OKC,UTA,119,111,1
2010-03-14,2010,0,,PHO,NOP,120,106,1
2010-03-14,2010,0,,CLE,BOS,104,93,1
2010-03-14,2010,0,,SAC,MIN,114,100,1
2010-03-14,2010,0,,MIL,IND,98,94,1
2010-03-15,2010,0,,HOU,DEN,125,123,1
2010-03-15,2010,0,,PHI,NYK,84,94,1
2010-03-15,2010,0,,BOS,DET,119,93,1
2010-03-15,2010,0,,LAC,NOP,100,108,1
2010-03-15,2010,0,,GSW,LAL,121,124,1
2010-03-15,2010,0,,UTA,WAS,112,89,1
2010-03-16,2010,0,,PHO,MIN,152,114,1
2010-03-16,2010,0,,NJN,ATL,84,108,1
2010-03-16,2010,0,,SAC,LAL,99,106,1
2010-03-16,2010,0,,IND,CHO,99,94,1
2010-03-16,2010,0,,MIA,SAS,76,88,1
2010-03-16,2010,0,,DET,CLE,101,113,1
2010-03-16,2010,0,,DEN,WAS,97,87,1
2010-03-16,2010,0,,MEM,CHI,104,97,1
2010-03-17,2010,0,,HOU,MEM,107,94,1
2010-03-17,2010,0,,CHO,OKC,100,92,1
2010-03-17,2010,0,,BOS,NYK,109,97,1
2010-03-17,2010,0,,TOR,ATL,106,105,1
2010-03-17,2010,0,,ORL,SAS,110,84,1
2010-03-17,2010,0,,CLE,IND,99,94,1
2010-03-17,2010,0,,DAL,CHI,113,106,1
2010-03-17,2010,0,,UTA,MIN,122,100,1
2010-03-17,2010,0,,PHI,NJN,108,97,1
2010-03-17,2010,0,,GSW,NOP,131,121,1
2010-03-17,2010,0,,LAC,MIL,101,93,1
2010-03-18,2010,0,,MIA,ORL,102,108,1
2010-03-18,2010,0,,DEN,NOP,93,80,1
2010-03-19,2010,0,,POR,WAS,76,74,1
2010-03-19,2010,0,,SAS,GSW,147,116,1
2010-03-19,2010,0,,ATL,CHO,93,92,1
2010-03-19,2010,0,,LAL,MIN,104,96,1
2010-03-19,2010,0,,SAC,MIL,108,114,1
2010-03-19,2010,0,,PHO,UTA,110,100,1
2010-03-19,2010,0,,HOU,BOS,87,94,1
2010-03-19,2010,0,,CHI,CLE,85,92,1
2010-03-19,2010,0,,NYK,PHI,92,88,1
2010-03-19,2010,0,,TOR,OKC,89,115,1
2010-03-19,2010,0,,IND,DET,106,102,1
2010-03-20,2010,0,,UTA,NOP,106,86,1
2010-03-20,2010,0,,DEN,MIL,97,102,1
2010-03-20,2010,0,,MEM,GSW,123,107,1
2010-03-20,2010,0,,DAL,BOS,93,102,1
2010-03-20,2010,0,,NJN,TOR,90,100,1
2010-03-20,2010,0,,MIA,CHO,77,71,1
2010-03-20,2010,0,,PHI,CHI,84,98,1
2010-03-21,2010,0,,PHO,POR,93,87,1
2010-03-21,2010,0,,NYK,HOU,112,116,1
2010-03-21,2010,0,,IND,OKC,121,101,1
2010-03-21,2010,0,,ATL,SAS,119,114,1
2010-03-21,2010,0,,CLE,DET,104,79,1
2010-03-21,2010,0,,LAC,SAC,89,102,1
2010-03-21,2010,0,,LAL,WAS,99,92,1
2010-03-22,2010,0,,OKC,SAS,96,99,1
2010-03-22,2010,0,,NJN,MIA,89,99,1
2010-03-22,2010,0,,GSW,PHO,131,133,1
2010-03-22,2010,0,,SAC,MEM,85,102,1
2010-03-22,2010,0,,UTA,BOS,110,97,1
2010-03-22,2010,0,,MIN,TOR,100,106,1
2010-03-22,2010,0,,MIL,ATL,98,95,1
2010-03-22,2010,0,,CHI,HOU,98,88,1
2010-03-22,2010,0,,NOP,DAL,115,99,1
2010-03-22,2010,0,,PHI,ORL,93,109,1
2010-03-23,2010,0,,DET,IND,83,98,1
2010-03-23,2010,0,,NYK,DEN,109,104,1
2010-03-23,2010,0,,DAL,LAC,106,96,1
2010-03-23,2010,0,,WAS,CHO,86,95,1
2010-03-24,2010,0,,MIL,PHI,86,101,1
2010-03-24,2010,0,,NOP,CLE,92,105,1
2010-03-24,2010,0,,SAS,LAL,83,92,1
2010-03-24,2010,0,,GSW,MEM,128,110,1
2010-03-24,2010,0,,TOR,UTA,87,113,1
2010-03-24,2010,0,,OKC,HOU,122,104,1
2010-03-24,2010,0,,CHO,MIN,108,95,1
2010-03-24,2010,0,,NJN,SAC,93,79,1
2010-03-24,2010,0,,BOS,DEN,113,99,1
2010-03-24,2010,0,,IND,WAS,99,82,1
2010-03-24,2010,0,,ATL,ORL,86,84,1
2010-03-25,2010,0,,POR,DAL,101,89,1
2010-03-25,2010,0,,HOU,LAC,93,99,1
2010-03-25,2010,0,,CHI,MIA,74,103,1
2010-03-26,2010,0,,CHO,WAS,107,96,1
2010-03-26,2010,0,,TOR,DEN,96,97,1
2010-03-26,2010,0,,PHI,ATL,105,98,1
2010-03-26,2010,0,,IND,UTA,122,106,1
2010-03-26,2010,0,,PHO,NYK,132,96,1
2010-03-26,2010,0,,ORL,MIN,106,97,1
2010-03-26,2010,0,,BOS,SAC,94,86,1
2010-03-26,2010,0,,OKC,LAL,91,75,1
2010-03-26,2010,0,,NJN,DET,118,110,1
2010-03-26,2010,0,,SAS,CLE,102,97,1
2010-03-26,2010,0,,MIL,MIA,74,87,1
2010-03-27,2010,0,,HOU,LAL,101,109,1
2010-03-27,2010,0,,GSW,DAL,90,111,1
2010-03-27,2010,0,,CHI,NJN,106,83,1
2010-03-27,2010,0,,NOP,POR,101,112,1
2010-03-27,2010,0,,WAS,UTA,87,103,1
2010-03-28,2010,0,,DET,CHI,103,110,1
2010-03-28,2010,0,,MIA,TOR,97,94,1
2010-03-28,2010,0,,ORL,DEN,103,97,1
2010-03-28,2010,0,,LAC,GSW,103,121,1
2010-03-28,2010,0,,MIN,PHO,105,111,1
2010-03-28,2010,0,,BOS,SAS,73,94,1
2010-03-28,2010,0,,OKC,POR,87,92,1
2010-03-28,2010,0,,CLE,SAC,97,90,1
2010-03-28,2010,0,,ATL,IND,94,84,1
2010-03-28,2010,0,,MIL,MEM,108,103,1
2010-03-29,2010,0,,DAL,DEN,109,93,1
2010-03-29,2010,0,,UTA,NYK,103,98,1
2010-03-29,2010,0,,NJN,SAS,90,84,1
2010-03-29,2010,0,,NOP,LAL,108,100,1
2010-03-29,2010,0,,CHO,TOR,101,103,1
2010-03-30,2010,0,,PHI,OKC,93,111,1
2010-03-30,2010,0,,IND,SAC,102,95,1
2010-03-30,2010,0,,MIL,LAC,107,89,1
2010-03-30,2010,0,,HOU,WAS,98,94,1
2010-03-30,2010,0,,CHI,PHO,105,111,1
2010-03-31,2010,0,,NJN,PHO,105,116,1
2010-03-31,2010,0,,SAS,HOU,119,102,1
2010-03-31,2010,0,,TOR,LAC,114,92,1
2010-03-31,2010,0,,CLE,MIL,101,98,1
2010-03-31,2010,0,,MEM,DAL,102,106,1
2010-03-31,2010,0,,ATL,LAL,109,92,1
2010-03-31,2010,0,,CHO,PHI,103,84,1
2010-03-31,2010,0,,POR,NYK,118,90,1
2010-03-31,2010,0,,DET,MIA,81,98,1
2010-03-31,2010,0,,MIN,SAC,108,99,1
2010-03-31,2010,0,,BOS,OKC,104,109,1
2010-03-31,2010,0,,NOP,WAS,91,96,1
2010-03-31,2010,0,,UTA,GSW,128,104,1
2010-04-01,2010,0,,DEN,POR,109,92,1
2010-04-01,2010,0,,DAL,ORL,82,97,1
2010-04-02,2010,0,,CLE,ATL,93,88,1
2010-04-02,2010,0,,GSW,NYK,128,117,1
2010-04-02,2010,0,,DET,PHO,94,109,1
2010-04-02,2010,0,,BOS,HOU,114,119,1
2010-04-02,2010,0,,LAL,UTA,106,92,1
2010-04-02,2010,0,,MEM,NOP,107,96,1
2010-04-02,2010,0,,IND,MIA,96,105,1
2010-04-02,2010,0,,SAS,ORL,112,100,1
2010-04-02,2010,0,,CHO,MIL,87,86,1
2010-04-02,2010,0,,WAS,CHI,87,95,1
2010-04-03,2010,0,,DEN,LAC,98,90,1
2010-04-03,2010,0,,ATL,DET,91,85,1
2010-04-03,2010,0,,DAL,OKC,116,121,1
2010-04-03,2010,0,,CHI,CHO,96,88,1
2010-04-03,2010,0,,MIL,PHO,107,98,1
2010-04-03,2010,0,,SAC,POR,87,98,1
2010-04-03,2010,0,,PHI,TOR,123,128,1
2010-04-03,2010,0,,NJN,NOP,115,87,1
2010-04-03,2010,0,,MIN,MIA,84,97,1
2010-04-04,2010,0,,ORL,MEM,107,92,1
2010-04-04,2010,0,,TOR,GSW,112,113,1
2010-04-04,2010,0,,LAC,NYK,107,113,1
2010-04-04,2010,0,,IND,HOU,133,102,1
2010-04-04,2010,0,,LAL,SAS,81,100,1
2010-04-04,2010,0,,WAS,NJN,109,99,1
2010-04-04,2010,0,,BOS,CLE,117,113,1
2010-04-04,2010,0,,OKC,MIN,116,108,1
2010-04-06,2010,0,,CHI,MIL,74,79,1
2010-04-06,2010,0,,WAS,GSW,112,94,1
2010-04-06,2010,0,,NYK,BOS,104,101,1
2010-04-06,2010,0,,CHO,ATL,109,100,1
2010-04-06,2010,0,,PHI,DET,103,124,1
2010-04-06,2010,0,,CLE,TOR,113,101,1
2010-04-06,2010,0,,UTA,OKC,140,139,1
2010-04-06,2010,0,,MEM,HOU,103,113,1
2010-04-06,2010,0,,SAC,SAS,86,95,1
2010-04-07,2010,0,,IND,NYK,113,105,1
2010-04-07,2010,0,,TOR,BOS,104,115,1
2010-04-07,2010,0,,DET,ATL,90,88,1
2010-04-07,2010,0,,HOU,UTA,113,96,1
2010-04-07,2010,0,,MIL,NJN,108,89,1
2010-04-07,2010,0,,MIN,GSW,107,116,1
2010-04-07,2010,0,,OKC,DEN,94,98,1
2010-04-07,2010,0,,LAC,POR,85,93,1
2010-04-07,2010,0,,PHO,SAS,112,101,1
2010-04-07,2010,0,,NOP,CHO,103,104,1
2010-04-07,2010,0,,DAL,MEM,110,84,1
2010-04-07,2010,0,,MIA,PHI,99,95,1
2010-04-07,2010,0,,ORL,WAS,121,94,1
2010-04-08,2010,0,,DEN,LAL,98,96,1
2010-04-08,2010,0,,SAC,LAC,116,94,1
2010-04-08,2010,0,,CHI,CLE,109,108,1
2010-04-09,2010,0,,ORL,NYK,118,103,1
2010-04-09,2010,0,,ATL,TOR,107,101,1
2010-04-09,2010,0,,BOS,WAS,96,106,1
2010-04-09,2010,0,,CLE,IND,113,116,1
2010-04-09,2010,0,,MIN,LAL,88,97,1
2010-04-09,2010,0,,NJN,CHI,127,116,1
2010-04-09,2010,0,,OKC,PHO,96,91,1
2010-04-09,2010,0,,MIA,DET,99,106,1
2010-04-09,2010,0,,PHI,MIL,90,95,1
2010-04-09,2010,0,,SAS,MEM,99,107,1
2010-04-09,2010,0,,HOU,CHO,97,90,1
2010-04-09,2010,0,,NOP,UTA,103,114,1
2010-04-09,2010,0,,POR,DAL,77,83,1
2010-04-10,2010,0,,WAS,ATL,95,105,1
2010-04-10,2010,0,,SAC,DAL,108,126,1
2010-04-10,2010,0,,IND,NJN,115,102,1
2010-04-10,2010,0,,MEM,PHI,101,120,1
2010-04-10,2010,0,,CHO,DET,99,95,1
2010-04-10,2010,0,,DEN,SAS,85,104,1
2010-04-10,2010,0,,LAC,GSW,107,104,1
2010-04-10,2010,0,,MIL,BOS,90,105,1
2010-04-11,2010,0,,CLE,ORL,92,98,1
2010-04-11,2010,0,,TOR,CHI,88,104,1
2010-04-11,2010,0,,PHO,HOU,116,106,1
2010-04-11,2010,0,,GSW,OKC,120,117,1
2010-04-11,2010,0,,NOP,MIN,114,86,1
2010-04-11,2010,0,,LAL,POR,88,91,1
2010-04-11,2010,0,,NYK,MIA,98,111,1
2010-04-12,2010,0,,LAC,DAL,94,117,1
2010-04-12,2010,0,,NYK,WAS,114,103,1
2010-04-12,2010,0,,IND,ORL,98,118,1
2010-04-12,2010,0,,DET,TOR,97,111,1
2010-04-12,2010,0,,DEN,MEM,123,101,1
2010-04-12,2010,0,,POR,OKC,103,95,1
2010-04-12,2010,0,,SAC,HOU,107,117,1
2010-04-12,2010,0,,MIL,ATL,96,104,1
2010-04-12,2010,0,,PHI,MIA,105,107,1
2010-04-12,2010,0,,NJN,CHO,95,105,1
2010-04-12,2010,0,,SAS,MIN,133,111,1
2010-04-13,2010,0,,CHI,BOS,101,93,1
2010-04-13,2010,0,,GSW,UTA,94,103,1
2010-04-13,2010,0,,LAL,SAC,106,100,1
2010-04-13,2010,0,,PHO,DEN,123,101,1
2010-04-14,2010,0,,DAL,SAS,96,89,1
2010-04-14,2010,0,,MIA,NJN,94,86,1
2010-04-14,2010,0,,LAC,LAL,107,91,1
2010-04-14,2010,0,,UTA,PHO,86,100,1
2010-04-14,2010,0,,ORL,PHI,125,111,1
2010-04-14,2010,0,,OKC,MEM,114,105,1
2010-04-14,2010,0,,MIN,DET,98,103,1
2010-04-14,2010,0,,HOU,NOP,115,123,1
2010-04-14,2010,0,,CHO,CHI,89,98,1
2010-04-14,2010,0,,BOS,MIL,95,106,1
2010-04-14,2010,0,,TOR,NYK,131,113,1
2010-04-14,2010,0,,POR,GSW,116,122,1
2010-04-14,2010,0,,WAS,IND,98,97,1
2010-04-14,2010,0,,ATL,CLE,99,83,1
2010-10-26,2011,0,,POR,PHO,106,92,1
2010-10-26,2011,0,,BOS,MIA,88,80,1
2010-10-26,2011,0,,LAL,HOU,112,110,1
2010-10-27,2011,0,,NJN,DET,101,98,1
2010-10-27,2011,0,,TOR,NYK,93,98,1
2010-10-27,2011,0,,DAL,CHO,101,86,1
2010-10-27,2011,0,,MEM,ATL,104,119,1
2010-10-27,2011,0,,LAC,POR,88,98,1
2010-10-27,2011,0,,GSW,HOU,132,128,1
2010-10-27,2011,0,,DEN,UTA,110,88,1
2010-10-27,2011,0,,PHI,MIA,87,97,1
2010-10-27,2011,0,,MIN,SAC,116,117,1
2010-10-27,2011,0,,NOP,MIL,95,91,1
2010-10-27,2011,0,,CLE,BOS,95,87,1
2010-10-27,2011,0,,SAS,IND,122,109,1
2010-10-27,2011,0,,OKC,CHI,106,95,1
2010-10-28,2011,0,,UTA,PHO,94,110,1
2010-10-28,2011,0,,ORL,WAS,112,83,1
2010-10-29,2011,0,,DAL,MEM,90,91,1
2010-10-29,2011,0,,CHO,IND,101,104,1
2010-10-29,2011,0,,PHO,LAL,106,114,1
2010-10-29,2011,0,,GSW,LAC,109,91,1
2010-10-29,2011,0,,MIN,MIL,96,85,1
2010-10-29,2011,0,,DET,OKC,104,105,1
2010-10-29,2011,0,,NOP,DEN,101,95,1
2010-10-29,2011,0,,BOS,NYK,105,101,1
2010-10-29,2011,0,,TOR,CLE,101,81,1
2010-10-29,2011,0,,PHI,ATL,101,104,1
2010-10-29,2011,0,,NJN,SAC,106,100,1
2010-10-29,2011,0,,MIA,ORL,96,70,1
2010-10-30,2011,0,,MIL,CHO,98,88,1
2010-10-30,2011,0,,HOU,DEN,94,107,1
2010-10-30,2011,0,,MEM,MIN,109,89,1
2010-10-30,2011,0,,NYK,POR,95,100,1
2010-10-30,2011,0,,CLE,SAC,104,107,1
2010-10-30,2011,0,,IND,PHI,99,86,1
2010-10-30,2011,0,,SAS,NOP,90,99,1
2010-10-30,2011,0,,ATL,WAS,99,95,1
2010-10-30,2011,0,,CHI,DET,101,91,1
2010-10-31,2011,0,,OKC,UTA,99,120,1
2010-10-31,2011,0,,NJN,MIA,78,101,1
2010-10-31,2011,0,,LAL,GSW,107,83,1
2010-10-31,2011,0,,LAC,DAL,83,99,1
2010-11-01,2011,0,,LAC,SAS,88,97,1
2010-11-01,2011,0,,SAC,TOR,111,108,1
2010-11-01,2011,0,,CHI,POR,110,98,1
2010-11-02,2011,0,,MIA,MIN,129,97,1
2010-11-02,2011,0,,WAS,PHI,116,115,1
2010-11-02,2011,0,,CLE,ATL,88,100,1
2010-11-02,2011,0,,LAL,MEM,124,105,1
2010-11-02,2011,0,,DET,BOS,86,109,1
2010-11-02,2011,0,,MIL,POR,76,90,1
2010-11-03,2011,0,,GSW,MEM,115,109,1
2010-11-03,2011,0,,HOU,NOP,99,107,1
2010-11-03,2011,0,,LAC,OKC,107,92,1
2010-11-03,2011,0,,PHO,SAS,110,112,1
2010-11-03,2011,0,,BOS,MIL,105,102,1
2010-11-03,2011,0,,NJN,CHO,83,85,1
2010-11-03,2011,0,,DEN,DAL,101,102,1
2010-11-03,2011,0,,ATL,DET,94,85,1
2010-11-03,2011,0,,UTA,TOR,125,108,1
2010-11-03,2011,0,,PHI,IND,101,75,1
2010-11-03,2011,0,,SAC,LAL,100,112,1
2010-11-03,2011,0,,ORL,MIN,128,86,1
2010-11-04,2011,0,,POR,OKC,106,107,1
2010-11-04,2011,0,,CHI,NYK,112,120,1
2010-11-05,2011,0,,GSW,UTA,85,78,1
2010-11-05,2011,0,,IND,MIL,90,94,1
2010-11-05,2011,0,,NYK,WAS,112,91,1
2010-11-05,2011,0,,DEN,LAC,111,104,1
2010-11-05,2011,0,,PHO,MEM,123,118,1
2010-11-05,2011,0,,MIN,ATL,103,113,1
2010-11-05,2011,0,,BOS,CHI,110,105,1
2010-11-05,2011,0,,DET,CHO,97,90,1
2010-11-05,2011,0,,PHI,CLE,116,123,1
2010-11-05,2011,0,,ORL,NJN,105,90,1
2010-11-05,2011,0,,NOP,MIA,96,93,1
2010-11-05,2011,0,,LAL,TOR,108,103,1
2010-11-06,2011,0,,SAS,HOU,124,121,1
2010-11-06,2011,0,,MIA,NJN,101,89,1
2010-11-06,2011,0,,CHO,ORL,88,91,1
2010-11-06,2011,0,,SAC,MEM,91,100,1
2010-11-06,2011,0,,POR,TOR,97,84,1
2010-11-06,2011,0,,UTA,LAC,109,107,1
2010-11-06,2011,0,,MIL,NOP,81,87,1
2010-11-06,2011,0,,DAL,DEN,92,103,1
2010-11-06,2011,0,,WAS,CLE,102,107,1
2010-11-07,2011,0,,NYK,PHI,96,106,1
2010-11-07,2011,0,,OKC,BOS,83,92,1
2010-11-07,2011,0,,HOU,MIN,120,94,1
2010-11-07,2011,0,,DET,GSW,102,97,1
2010-11-07,2011,0,,ATL,PHO,114,118,1
2010-11-07,2011,0,,LAL,POR,121,96,1
2010-11-08,2011,0,,CHI,DEN,94,92,1
2010-11-08,2011,0,,ORL,ATL,93,89,1
2010-11-08,2011,0,,CHO,SAS,91,95,1
2010-11-08,2011,0,,TOR,GSW,102,109,1
2010-11-08,2011,0,,DAL,BOS,89,87,1
2010-11-08,2011,0,,MEM,PHO,109,99,1
2010-11-09,2011,0,,NOP,LAC,101,82,1
2010-11-09,2011,0,,IND,DEN,144,113,1
2010-11-09,2011,0,,NJN,CLE,91,93,1
2010-11-09,2011,0,,MIA,UTA,114,116,1
2010-11-09,2011,0,,POR,DET,100,78,1
2010-11-09,2011,0,,LAL,MIN,99,94,1
2010-11-09,2011,0,,MIL,NYK,107,80,1
2010-11-10,2011,0,,ORL,UTA,94,104,1
2010-11-10,2011,0,,MEM,DAL,91,106,1
2010-11-10,2011,0,,CLE,NJN,87,95,1
2010-11-10,2011,0,,SAS,LAC,107,95,1
2010-11-10,2011,0,,SAC,MIN,89,98,1
2010-11-10,2011,0,,ATL,MIL,91,108,1
2010-11-10,2011,0,,TOR,CHO,96,101,1
2010-11-10,2011,0,,NYK,GSW,117,122,1
2010-11-10,2011,0,,OKC,PHI,109,103,1
2010-11-10,2011,0,,WAS,HOU,98,91,1
2010-11-11,2011,0,,MIA,BOS,107,112,1
2010-11-11,2011,0,,DEN,LAL,118,112,1
2010-11-11,2011,0,,CHI,GSW,120,90,1
2010-11-12,2011,0,,IND,HOU,99,102,1
2010-11-12,2011,0,,OKC,POR,110,108,1
2010-11-12,2011,0,,LAC,DET,107,113,1
2010-11-12,2011,0,,DAL,PHI,99,90,1
2010-11-12,2011,0,,PHO,SAC,103,89,1
2010-11-12,2011,0,,ATL,UTA,86,90,1
2010-11-12,2011,0,,MIN,NYK,112,103,1
2010-11-12,2011,0,,ORL,TOR,106,110,1
2010-11-12,2011,0,,WAS,CHO,85,93,1
2010-11-13,2011,0,,MIL,GSW,79,72,1
2010-11-13,2011,0,,NOP,POR,107,87,1
2010-11-13,2011,0,,SAS,PHI,116,93,1
2010-11-13,2011,0,,NJN,ORL,90,91,1
2010-11-13,2011,0,,CHO,UTA,95,96,1
2010-11-13,2011,0,,CHI,WAS,103,96,1
2010-11-13,2011,0,,MIA,TOR,109,100,1
2010-11-13,2011,0,,CLE,IND,85,99,1
2010-11-13,2011,0,,MEM,BOS,110,116,1
2010-11-14,2011,0,,OKC,SAS,104,117,1
2010-11-14,2011,0,,LAL,PHO,116,121,1
2010-11-14,2011,0,,SAC,DET,94,100,1
2010-11-14,2011,0,,ATL,MIN,111,105,1
2010-11-14,2011,0,,NYK,HOU,96,104,1
2010-11-15,2011,0,,DAL,NOP,98,95,1
2010-11-15,2011,0,,LAC,NJN,96,110,1
2010-11-15,2011,0,,ORL,MEM,89,72,1
2010-11-15,2011,0,,GSW,DET,101,97,1
2010-11-15,2011,0,,CHO,MIN,113,110,1
2010-11-15,2011,0,,PHO,DEN,100,94,1
2010-11-15,2011,0,,UTA,OKC,108,115,1
2010-11-16,2011,0,,DEN,NYK,120,118,1
2010-11-16,2011,0,,CLE,PHI,101,93,1
2010-11-16,2011,0,,IND,ATL,92,102,1
2010-11-16,2011,0,,MIL,LAL,107,118,1
2010-11-16,2011,0,,MEM,POR,99,100,1
2010-11-16,2011,0,,HOU,CHI,92,95,1
2010-11-16,2011,0,,WAS,TOR,109,94,1
2010-11-17,2011,0,,NOP,DAL,99,97,1
2010-11-17,2011,0,,SAC,NYK,106,113,1
2010-11-17,2011,0,,SAS,CHI,103,94,1
2010-11-17,2011,0,,DET,LAL,90,103,1
2010-11-17,2011,0,,BOS,WAS,114,83,1
2010-11-17,2011,0,,MIN,LAC,113,111,1
2010-11-17,2011,0,,OKC,HOU,116,99,1
2010-11-17,2011,0,,UTA,NJN,98,88,1
2010-11-17,2011,0,,PHI,TOR,86,94,1
2010-11-17,2011,0,,MIA,PHO,123,96,1
2010-11-18,2011,0,,POR,DEN,86,83,1
2010-11-18,2011,0,,IND,LAC,107,80,1
2010-11-18,2011,0,,ORL,PHO,105,89,1
2010-11-19,2011,0,,NOP,CLE,108,101,1
2010-11-19,2011,0,,GSW,NYK,119,125,1
2010-11-19,2011,0,,SAC,NJN,86,81,1
2010-11-19,2011,0,,WAS,MEM,89,86,1
2010-11-19,2011,0,,BOS,OKC,84,89,1
2010-11-19,2011,0,,DAL,CHI,83,88,1
2010-11-19,2011,0,,UTA,SAS,82,94,1
2010-11-19,2011,0,,MIN,LAL,95,112,1
2010-11-19,2011,0,,MIA,CHO,95,87,1
2010-11-19,2011,0,,TOR,HOU,106,96,1
2010-11-19,2011,0,,PHI,MIL,90,79,1
2010-11-20,2011,0,,DEN,NJN,107,103,1
2010-11-20,2011,0,,IND,ORL,86,90,1
2010-11-20,2011,0,,CHO,PHO,123,105,1
2010-11-20,2011,0,,ATL,DAL,93,98,1
2010-11-20,2011,0,,SAS,CLE,116,92,1
2010-11-20,2011,0,,LAC,NYK,115,124,1
2010-11-20,2011,0,,POR,UTA,94,103,1
2010-11-20,2011,0,,MIL,OKC,81,82,1
2010-11-20,2011,0,,MEM,MIA,97,95,1
2010-11-21,2011,0,,LAL,GSW,117,89,1
2010-11-21,2011,0,,DET,WAS,115,110,1
2010-11-21,2011,0,,TOR,BOS,102,101,1
2010-11-21,2011,0,,SAC,NOP,71,75,1
2010-11-22,2011,0,,MIA,IND,77,93,1
2010-11-22,2011,0,,UTA,SAC,94,83,1
2010-11-22,2011,0,,SAS,ORL,106,97,1
2010-11-22,2011,0,,ATL,BOS,76,99,1
2010-11-22,2011,0,,GSW,DEN,89,106,1
2010-11-22,2011,0,,OKC,MIN,117,107,1
2010-11-22,2011,0,,HOU,PHO,116,123,1
2010-11-22,2011,0,,LAC,NOP,99,95,1
2010-11-23,2011,0,,WAS,PHI,116,114,1
2010-11-23,2011,0,,LAL,CHI,98,91,1
2010-11-23,2011,0,,IND,CLE,100,89,1
2010-11-23,2011,0,,DAL,DET,88,84,1
2010-11-23,2011,0,,NYK,CHO,110,107,1
2010-11-23,2011,0,,NJN,ATL,107,101,1
2010-11-24,2011,0,,MIN,SAS,109,113,1
2010-11-24,2011,0,,CLE,MIL,83,81,1
2010-11-24,2011,0,,TOR,PHI,106,90,1
2010-11-24,2011,0,,UTA,NOP,105,87,1
2010-11-24,2011,0,,PHO,CHI,115,123,1
2010-11-24,2011,0,,HOU,GSW,111,101,1
2010-11-24,2011,0,,MEM,DET,105,84,1
2010-11-24,2011,0,,ORL,MIA,104,95,1
2010-11-24,2011,0,,CHO,NYK,95,99,1
2010-11-24,2011,0,,BOS,NJN,89,83,1
2010-11-24,2011,0,,OKC,DAL,103,111,1
2010-11-25,2011,0,,ATL,WAS,116,96,1
2010-11-25,2011,0,,LAC,SAC,100,82,1
2010-11-26,2011,0,,UTA,LAL,102,96,1
2010-11-26,2011,0,,ORL,CLE,111,100,1
2010-11-26,2011,0,,MIA,PHI,99,90,1
2010-11-26,2011,0,,IND,OKC,106,110,1
2010-11-26,2011,0,,DEN,CHI,98,97,1
2010-11-26,2011,0,,MEM,GSW,116,111,1
2010-11-26,2011,0,,POR,NOP,78,97,1
2010-11-26,2011,0,,CHO,HOU,99,89,1
2010-11-26,2011,0,,BOS,TOR,110,101,1
2010-11-26,2011,0,,DET,MIL,103,89,1
2010-11-26,2011,0,,SAS,DAL,94,103,1
2010-11-26,2011,0,,PHO,LAC,116,108,1
2010-11-27,2011,0,,MIN,GSW,94,104,1
2010-11-27,2011,0,,PHI,NJN,102,86,1
2010-11-27,2011,0,,CLE,MEM,92,86,1
2010-11-27,2011,0,,SAC,CHI,85,96,1
2010-11-27,2011,0,,MIL,CHO,104,101,1
2010-11-27,2011,0,,DAL,MIA,106,95,1
2010-11-27,2011,0,,WAS,ORL,99,100,1
2010-11-27,2011,0,,NYK,ATL,90,99,1
2010-11-28,2011,0,,DEN,PHO,138,133,1
2010-11-28,2011,0,,TOR,ATL,78,96,1
2010-11-28,2011,0,,DET,NYK,116,125,1
2010-11-28,2011,0,,HOU,OKC,99,98,1
2010-11-28,2011,0,,LAL,IND,92,95,1
2010-11-28,2011,0,,NJN,POR,98,96,1
2010-11-28,2011,0,,LAC,UTA,97,109,1
2010-11-28,2011,0,,NOP,SAS,95,109,1
2010-11-29,2011,0,,OKC,NOP,95,89,1
2010-11-29,2011,0,,DAL,HOU,101,91,1
2010-11-29,2011,0,,MIA,WAS,105,94,1
2010-11-29,2011,0,,UTA,MIL,109,88,1
2010-11-30,2011,0,,GSW,SAS,98,118,1
2010-11-30,2011,0,,PHI,POR,88,79,1
2010-11-30,2011,0,,ORL,DET,90,79,1
2010-11-30,2011,0,,MEM,LAL,98,96,1
2010-11-30,2011,0,,NYK,NJN,111,100,1
2010-11-30,2011,0,,CLE,BOS,87,106,1
2010-11-30,2011,0,,SAC,IND,98,107,1
2010-12-01,2011,0,,DAL,MIN,100,86,1
2010-12-01,2011,0,,MIA,DET,97,72,1
2010-12-01,2011,0,,ATL,MEM,112,109,1
2010-12-01,2011,0,,CHI,ORL,78,107,1
2010-12-01,2011,0,,DEN,MIL,105,94,1
2010-12-01,2011,0,,LAC,SAS,90,85,1
2010-12-01,2011,0,,NJN,OKC,120,123,1
2010-12-01,2011,0,,TOR,WAS,127,108,1
2010-12-01,2011,0,,BOS,POR,99,95,1
2010-12-01,2011,0,,NOP,CHO,89,73,1
2010-12-01,2011,0,,HOU,LAL,109,99,1
2010-12-01,2011,0,,UTA,IND,110,88,1
2010-12-02,2011,0,,GSW,PHO,101,107,1
2010-12-02,2011,0,,CLE,MIA,90,118,1
2010-12-03,2011,0,,DET,ORL,91,104,1
2010-12-03,2011,0,,NOP,NYK,92,100,1
2010-12-03,2011,0,,MEM,HOU,111,127,1
2010-12-03,2011,0,,DEN,LAC,109,104,1
2010-12-03,2011,0,,PHO,IND,105,97,1
2010-12-03,2011,0,,LAL,SAC,113,80,1
2010-12-03,2011,0,,ATL,PHI,93,88,1
2010-12-03,2011,0,,WAS,POR,83,79,1
2010-12-03,2011,0,,BOS,CHI,104,92,1
2010-12-03,2011,0,,TOR,OKC,111,99,1
2010-12-03,2011,0,,SAS,MIN,107,101,1
2010-12-03,2011,0,,UTA,DAL,81,93,1
2010-12-03,2011,0,,CHO,NJN,91,84,1
2010-12-04,2011,0,,SAC,DAL,103,105,1
2010-12-04,2011,0,,PHI,CHO,109,91,1
2010-12-04,2011,0,,MIN,CLE,129,95,1
2010-12-04,2011,0,,MIL,ORL,96,85,1
2010-12-04,2011,0,,CHI,HOU,119,116,1
2010-12-04,2011,0,,MIA,ATL,89,77,1
2010-12-05,2011,0,,OKC,GSW,114,109,1
2010-12-05,2011,0,,NJN,BOS,75,100,1
2010-12-05,2011,0,,DEN,MEM,108,107,1
2010-12-05,2011,0,,TOR,NYK,99,116,1
2010-12-05,2011,0,,DET,CLE,102,92,1
2010-12-05,2011,0,,PHO,WAS,125,108,1
2010-12-05,2011,0,,POR,LAC,100,91,1
2010-12-05,2011,0,,SAS,NOP,109,84,1
2010-12-06,2011,0,,LAC,SAC,98,91,1
2010-12-06,2011,0,,NYK,MIN,121,114,1
2010-12-06,2011,0,,UTA,MEM,94,85,1
2010-12-06,2011,0,,IND,TOR,124,100,1
2010-12-06,2011,0,,MIL,MIA,78,88,1
2010-12-06,2011,0,,CHI,OKC,99,90,1
2010-12-06,2011,0,,ORL,ATL,74,80,1
2010-12-07,2011,0,,CHO,DEN,100,98,1
2010-12-07,2011,0,,HOU,DET,97,83,1
2010-12-07,2011,0,,POR,PHO,106,99,1
2010-12-07,2011,0,,LAL,WAS,115,108,1
2010-12-07,2011,0,,ATL,NJN,116,101,1
2010-12-07,2011,0,,PHI,CLE,117,97,1
2010-12-07,2011,0,,DAL,GSW,105,100,1
2010-12-08,2011,0,,MIN,OKC,103,111,1
2010-12-08,2011,0,,LAC,LAL,86,87,1
2010-12-08,2011,0,,NOP,DET,93,74,1
2010-12-08,2011,0,,CLE,CHI,83,88,1
2010-12-08,2011,0,,BOS,DEN,105,89,1
2010-12-08,2011,0,,NYK,TOR,113,110,1
2010-12-08,2011,0,,SAS,GSW,111,94,1
2010-12-08,2011,0,,MIL,IND,97,95,1
2010-12-08,2011,0,,PHO,MEM,98,104,1
2010-12-08,2011,0,,UTA,MIA,98,111,1
2010-12-08,2011,0,,SAC,WAS,116,91,1
2010-12-09,2011,0,,DAL,NJN,102,89,1
2010-12-09,2011,0,,PHI,BOS,101,102,1
2010-12-09,2011,0,,POR,ORL,97,83,1
2010-12-10,2011,0,,IND,CHO,100,92,1
2010-12-10,2011,0,,MIN,DET,109,99,1
2010-12-10,2011,0,,GSW,MIA,84,106,1
2010-12-10,2011,0,,CHI,LAL,88,84,1
2010-12-10,2011,0,,PHO,POR,94,101,1
2010-12-10,2011,0,,SAS,ATL,108,92,1
2010-12-10,2011,0,,NOP,OKC,92,97,1
2010-12-10,2011,0,,TOR,DEN,116,123,1
2010-12-10,2011,0,,WAS,NYK,95,101,1
2010-12-10,2011,0,,MIL,HOU,97,91,1
2010-12-10,2011,0,,UTA,ORL,117,105,1
2010-12-11,2011,0,,SAC,MIA,83,104,1
2010-12-11,2011,0,,HOU,CLE,110,95,1
2010-12-11,2011,0,,DAL,UTA,103,97,1
2010-12-11,2011,0,,CHI,MIN,113,82,1
2010-12-11,2011,0,,CHO,BOS,62,93,1
2010-12-11,2011,0,,LAC,MEM,83,84,1
2010-12-11,2011,0,,DET,TOR,116,120,1
2010-12-11,2011,0,,ATL,IND,97,83,1
2010-12-12,2011,0,,LAC,ORL,85,94,1
2010-12-12,2011,0,,OKC,CLE,106,77,1
2010-12-12,2011,0,,NJN,LAL,92,99,1
2010-12-12,2011,0,,SAS,POR,95,78,1
2010-12-12,2011,0,,PHI,NOP,88,70,1
2010-12-12,2011,0,,NYK,DEN,129,125,1
2010-12-13,2011,0,,DAL,MIL,99,103,1
2010-12-13,2011,0,,CHI,IND,92,73,1
2010-12-13,2011,0,,MEM,POR,86,73,1
2010-12-13,2011,0,,MIA,NOP,96,84,1
2010-12-13,2011,0,,UTA,GSW,108,95,1
2010-12-14,2011,0,,HOU,SAC,118,105,1
2010-12-14,2011,0,,DEN,ORL,111,94,1
2010-12-14,2011,0,,WAS,LAL,89,103,1
2010-12-14,2011,0,,NJN,PHI,77,82,1
2010-12-14,2011,0,,CHO,TOR,97,91,1
2010-12-14,2011,0,,GSW,MIN,108,99,1
2010-12-14,2011,0,,DET,ATL,103,80,1
2010-12-15,2011,0,,IND,LAL,94,109,1
2010-12-15,2011,0,,PHI,LAC,105,91,1
2010-12-15,2011,0,,NOP,SAC,94,91,1
2010-12-15,2011,0,,OKC,HOU,117,105,1
2010-12-15,2011,0,,MEM,CHO,113,80,1
2010-12-15,2011,0,,PHO,MIN,128,122,1
2010-12-15,2011,0,,TOR,CHI,93,110,1
2010-12-15,2011,0,,NYK,BOS,116,118,1
2010-12-15,2011,0,,DAL,POR,103,98,1
2010-12-15,2011,0,,MIA,CLE,101,95,1
2010-12-15,2011,0,,SAS,MIL,92,90,1
2010-12-16,2011,0,,DEN,SAS,112,113,1
2010-12-16,2011,0,,NJN,WAS,97,89,1
2010-12-16,2011,0,,BOS,ATL,102,90,1
2010-12-17,2011,0,,PHI,LAL,81,93,1
2010-12-17,2011,0,,DET,LAC,88,109,1
2010-12-17,2011,0,,NYK,MIA,91,113,1
2010-12-17,2011,0,,DAL,PHO,106,91,1
2010-12-17,2011,0,,HOU,MEM,103,87,1
2010-12-17,2011,0,,OKC,SAC,102,87,1
2010-12-17,2011,0,,NOP,UTA,100,71,1
2010-12-17,2011,0,,TOR,NJN,98,92,1
2010-12-17,2011,0,,IND,CLE,108,99,1
2010-12-17,2011,0,,ATL,CHO,90,85,1
2010-12-17,2011,0,,POR,MIN,107,102,1
2010-12-18,2011,0,,CLE,NYK,109,102,1
2010-12-18,2011,0,,POR,GSW,96,95,1
2010-12-18,2011,0,,DEN,MIN,115,113,1
2010-12-18,2011,0,,ORL,PHI,89,97,1
2010-12-18,2011,0,,WAS,MIA,94,95,1
2010-12-18,2011,0,,CHI,LAC,99,100,1
2010-12-18,2011,0,,MIL,UTA,86,95,1
2010-12-18,2011,0,,SAS,MEM,112,106,1
2010-12-19,2011,0,,BOS,IND,99,88,1
2010-12-19,2011,0,,NJN,ATL,89,82,1
2010-12-19,2011,0,,DET,NOP,111,108,1
2010-12-19,2011,0,,SAC,HOU,93,102,1
2010-12-19,2011,0,,TOR,LAL,110,120,1
2010-12-19,2011,0,,OKC,PHO,110,113,1
2010-12-20,2011,0,,SAS,PHO,118,110,1
2010-12-20,2011,0,,MIA,DAL,96,98,1
2010-12-20,2011,0,,WAS,CHO,108,75,1
2010-12-20,2011,0,,GSW,HOU,112,121,1
2010-12-20,2011,0,,POR,MIL,106,80,1
2010-12-20,2011,0,,LAC,MIN,113,90,1
2010-12-20,2011,0,,CLE,UTA,90,101,1
2010-12-20,2011,0,,ATL,ORL,91,81,1
2010-12-20,2011,0,,IND,NOP,94,93,1
2010-12-21,2011,0,,ORL,DAL,99,105,1
2010-12-21,2011,0,,SAC,GSW,109,117,1
2010-12-21,2011,0,,MEM,NJN,94,101,1
2010-12-21,2011,0,,CHI,PHI,121,76,1
2010-12-21,2011,0,,CHO,OKC,81,99,1
2010-12-21,2011,0,,LAL,MIL,79,98,1
2010-12-22,2011,0,,ATL,CLE,98,84,1
2010-12-22,2011,0,,NOP,NJN,105,91,1
2010-12-22,2011,0,,WAS,CHI,80,87,1
2010-12-22,2011,0,,LAC,HOU,92,97,1
2010-12-22,2011,0,,SAS,DEN,109,103,1
2010-12-22,2011,0,,TOR,DET,93,115,1
2010-12-22,2011,0,,MIN,UTA,107,112,1
2010-12-22,2011,0,,NYK,OKC,112,98,1
2010-12-22,2011,0,,BOS,PHI,84,80,1
2010-12-23,2011,0,,PHO,MIA,83,95,1
2010-12-23,2011,0,,ORL,SAS,123,101,1
2010-12-23,2011,0,,SAC,MIL,79,84,1
2010-12-25,2011,0,,ORL,BOS,86,78,1
2010-12-25,2011,0,,NYK,CHI,103,95,1
2010-12-25,2011,0,,GSW,POR,109,102,1
2010-12-25,2011,0,,OKC,DEN,114,106,1
2010-12-25,2011,0,,LAL,MIA,80,96,1
2010-12-26,2011,0,,DET,CHI,92,95,1
2010-12-26,2011,0,,DEN,PHI,89,95,1
2010-12-26,2011,0,,IND,MEM,90,104,1
2010-12-26,2011,0,,SAS,WAS,94,80,1
2010-12-26,2011,0,,LAC,PHO,108,103,1
2010-12-26,2011,0,,CLE,MIN,97,98,1
2010-12-26,2011,0,,NOP,ATL,93,86,1
2010-12-27,2011,0,,HOU,WAS,100,93,1
2010-12-27,2011,0,,NJN,ORL,88,104,1
2010-12-27,2011,0,,GSW,PHI,110,95,1
2010-12-27,2011,0,,SAC,LAC,99,100,1
2010-12-27,2011,0,,MEM,TOR,96,85,1
2010-12-27,2011,0,,OKC,DAL,93,103,1
2010-12-27,2011,0,,CHO,DET,105,100,1
2010-12-27,2011,0,,MIL,ATL,80,95,1
2010-12-27,2011,0,,UTA,POR,91,96,1
2010-12-27,2011,0,,MIN,NOP,113,98,1
2010-12-28,2011,0,,DAL,TOR,76,84,1
2010-12-28,2011,0,,DEN,POR,95,77,1
2010-12-28,2011,0,,CLE,ORL,95,110,1
2010-12-28,2011,0,,IND,BOS,83,95,1
2010-12-28,2011,0,,MIA,NYK,106,98,1
2010-12-28,2011,0,,CHI,MIL,90,77,1
2010-12-28,2011,0,,SAS,LAL,97,82,1
2010-12-29,2011,0,,LAC,UTA,95,103,1
2010-12-29,2011,0,,SAC,MEM,100,98,1
2010-12-29,2011,0,,OKC,NJN,114,93,1
2010-12-29,2011,0,,CHO,CLE,101,92,1
2010-12-29,2011,0,,DET,BOS,104,92,1
2010-12-29,2011,0,,NOP,LAL,88,103,1
2010-12-29,2011,0,,PHO,PHI,110,123,1
2010-12-29,2011,0,,WAS,IND,104,90,1
2010-12-29,2011,0,,MIN,DEN,113,119,1
2010-12-29,2011,0,,ATL,GSW,103,93,1
2010-12-29,2011,0,,HOU,MIA,119,125,1
2010-12-30,2011,0,,POR,UTA,100,89,1
2010-12-30,2011,0,,ORL,NYK,112,103,1
2010-12-30,2011,0,,DAL,SAS,93,99,1
2010-12-31,2011,0,,CHI,NJN,90,81,1
2010-12-31,2011,0,,IND,WAS,95,86,1
2010-12-31,2011,0,,OKC,ATL,103,94,1
2010-12-31,2011,0,,PHO,DET,92,75,1
2010-12-31,2011,0,,CHO,GSW,95,96,1
2010-12-31,2011,0,,LAL,PHI,102,98,1
2010-12-31,2011,0,,HOU,TOR,114,105,1
2010-12-31,2011,0,,BOS,NOP,81,83,1
2011-01-01,2011,0,,UTA,MEM,98,92,1
2011-01-01,2011,0,,WAS,NOP,81,92,1
2011-01-01,2011,0,,MIA,GSW,114,107,1
2011-01-01,2011,0,,CHI,CLE,100,91,1
2011-01-01,2011,0,,SAS,OKC,101,74,1
2011-01-01,2011,0,,MIL,DAL,99,87,1
2011-01-01,2011,0,,DEN,SAC,104,86,1
2011-01-01,2011,0,,MIN,NJN,103,88,1
2011-01-02,2011,0,,POR,HOU,100,85,1
2011-01-02,2011,0,,LAL,MEM,85,104,1
2011-01-02,2011,0,,SAC,PHO,94,89,1
2011-01-02,2011,0,,CLE,DAL,95,104,1
2011-01-02,2011,0,,TOR,BOS,79,93,1
2011-01-02,2011,0,,LAC,ATL,98,107,1
2011-01-02,2011,0,,NYK,IND,98,92,1
2011-01-03,2011,0,,BOS,MIN,96,93,1
2011-01-03,2011,0,,CHO,MIA,82,96,1
2011-01-03,2011,0,,UTA,DET,102,97,1
2011-01-03,2011,0,,ORL,GSW,110,90,1
2011-01-03,2011,0,,DEN,HOU,113,106,1
2011-01-03,2011,0,,NOP,PHI,84,77,1
2011-01-04,2011,0,,NYK,SAS,128,115,1
2011-01-04,2011,0,,CHI,TOR,111,91,1
2011-01-04,2011,0,,MEM,OKC,110,105,1
2011-01-04,2011,0,,LAL,DET,108,83,1
2011-01-04,2011,0,,SAC,ATL,102,108,1
2011-01-04,2011,0,,DAL,POR,84,81,1
2011-01-04,2011,0,,MIA,MIL,101,89,1
2011-01-05,2011,0,,PHI,WAS,109,97,1
2011-01-05,2011,0,,NJN,CHI,96,94,1
2011-01-05,2011,0,,BOS,SAS,105,103,1
2011-01-05,2011,0,,MIN,CHO,105,108,1
2011-01-05,2011,0,,NOP,GSW,103,110,1
2011-01-05,2011,0,,CLE,TOR,105,120,1
2011-01-05,2011,0,,PHO,LAL,95,99,1
2011-01-05,2011,0,,LAC,DEN,106,93,1
2011-01-05,2011,0,,UTA,ATL,87,110,1
2011-01-05,2011,0,,HOU,POR,100,103,1
2011-01-05,2011,0,,ORL,MIL,97,87,1
2011-01-06,2011,0,,SAC,DEN,122,102,1
2011-01-06,2011,0,,DAL,OKC,95,99,1
2011-01-07,2011,0,,PHO,NYK,96,121,1
2011-01-07,2011,0,,BOS,TOR,122,102,1
2011-01-07,2011,0,,PHI,CHI,105,99,1
2011-01-07,2011,0,,IND,SAS,87,90,1
2011-01-07,2011,0,,WAS,NJN,97,77,1
2011-01-07,2011,0,,ORL,HOU,110,95,1
2011-01-07,2011,0,,LAL,NOP,101,97,1
2011-01-07,2011,0,,MEM,UTA,110,99,1
2011-01-07,2011,0,,MIL,MIA,95,101,1
2011-01-07,2011,0,,MIN,POR,98,108,1
2011-01-07,2011,0,,GSW,CLE,116,98,1
2011-01-08,2011,0,,CHO,WAS,104,89,1
2011-01-08,2011,0,,CHI,BOS,90,79,1
2011-01-08,2011,0,,HOU,UTA,99,103,1
2011-01-08,2011,0,,DAL,ORL,107,117,1
2011-01-08,2011,0,,OKC,MEM,109,100,1
2011-01-08,2011,0,,NJN,MIL,92,115,1
2011-01-08,2011,0,,DET,PHI,112,109,1
2011-01-08,2011,0,,ATL,IND,108,93,1
2011-01-09,2011,0,,TOR,SAC,118,112,1
2011-01-09,2011,0,,SAS,MIN,94,91,1
2011-01-09,2011,0,,POR,MIA,100,107,1
2011-01-09,2011,0,,LAC,GSW,105,91,1
2011-01-09,2011,0,,PHO,CLE,108,100,1
2011-01-09,2011,0,,DEN,NOP,87,96,1
2011-01-09,2011,0,,LAL,NYK,109,87,1
2011-01-10,2011,0,,CHO,MEM,96,82,1
2011-01-10,2011,0,,CHI,DET,95,82,1
2011-01-10,2011,0,,BOS,HOU,102,108,1
2011-01-11,2011,0,,PHI,IND,103,111,1
2011-01-11,2011,0,,MIN,SAS,96,107,1
2011-01-11,2011,0,,DEN,PHO,132,98,1
2011-01-11,2011,0,,WAS,SAC,136,133,1
2011-01-11,2011,0,,POR,NYK,86,100,1
2011-01-11,2011,0,,LAL,CLE,112,57,1
2011-01-12,2011,0,,UTA,NYK,131,125,1
2011-01-12,2011,0,,HOU,OKC,112,118,1
2011-01-12,2011,0,,MIL,SAS,84,91,1
2011-01-12,2011,0,,NOP,ORL,92,89,1
2011-01-12,2011,0,,CHO,CHI,96,91,1
2011-01-12,2011,0,,TOR,ATL,101,104,1
2011-01-12,2011,0,,IND,DAL,102,89,1
2011-01-12,2011,0,,LAC,MIA,111,105,1
2011-01-12,2011,0,,GSW,LAL,110,115,1
2011-01-12,2011,0,,BOS,SAC,119,95,1
2011-01-12,2011,0,,PHO,NJN,118,109,1
2011-01-12,2011,0,,DET,MEM,99,107,1
2011-01-13,2011,0,,MIN,WAS,109,97,1
2011-01-13,2011,0,,DEN,MIA,130,102,1
2011-01-13,2011,0,,OKC,ORL,125,124,1
2011-01-14,2011,0,,TOR,DET,95,101,1
2011-01-14,2011,0,,SAS,DAL,101,89,1
2011-01-14,2011,0,,PHO,POR,115,111,1
2011-01-14,2011,0,,LAL,NJN,100,88,1
2011-01-14,2011,0,,UTA,CLE,121,99,1
2011-01-14,2011,0,,HOU,NOP,105,110,1
2011-01-14,2011,0,,NYK,SAC,83,93,1
2011-01-14,2011,0,,IND,CHI,86,99,1
2011-01-14,2011,0,,PHI,MIL,95,94,1
2011-01-14,2011,0,,GSW,LAC,122,112,1
2011-01-14,2011,0,,BOS,CHO,99,94,1
2011-01-15,2011,0,,WAS,TOR,98,95,1
2011-01-15,2011,0,,CHO,NOP,81,88,1
2011-01-15,2011,0,,POR,NJN,96,89,1
2011-01-15,2011,0,,MEM,DAL,89,70,1
2011-01-15,2011,0,,MIN,ORL,99,108,1
2011-01-15,2011,0,,CHI,MIA,99,96,1
2011-01-15,2011,0,,DET,SAC,110,106,1
2011-01-15,2011,0,,ATL,HOU,106,112,1
2011-01-15,2011,0,,DEN,CLE,127,99,1
2011-01-16,2011,0,,LAC,LAL,99,92,1
2011-01-16,2011,0,,SAS,DEN,110,97,1
2011-01-17,2011,0,,PHI,CHO,96,92,1
2011-01-17,2011,0,,GSW,NJN,109,100,1
2011-01-17,2011,0,,DET,DAL,103,89,1
2011-01-17,2011,0,,HOU,MIL,93,84,1
2011-01-17,2011,0,,NOP,TOR,85,81,1
2011-01-17,2011,0,,MEM,CHI,84,96,1
2011-01-17,2011,0,,LAL,OKC,101,94,1
2011-01-17,2011,0,,POR,MIN,113,102,1
2011-01-17,2011,0,,ATL,SAC,100,98,1
2011-01-17,2011,0,,BOS,ORL,109,106,1
2011-01-17,2011,0,,WAS,UTA,108,101,1
2011-01-17,2011,0,,NYK,PHO,121,129,1
2011-01-17,2011,0,,LAC,IND,114,107,1
2011-01-18,2011,0,,MIA,ATL,89,93,1
2011-01-18,2011,0,,CHI,CHO,82,83,1
2011-01-19,2011,0,,CLE,PHO,98,106,1
2011-01-19,2011,0,,MIL,WAS,100,87,1
2011-01-19,2011,0,,NJN,UTA,103,95,1
2011-01-19,2011,0,,LAC,MIN,126,111,1
2011-01-19,2011,0,,SAC,POR,90,94,1
2011-01-19,2011,0,,DEN,OKC,112,107,1
2011-01-19,2011,0,,DAL,LAL,109,100,1
2011-01-19,2011,0,,HOU,NYK,104,89,1
2011-01-19,2011,0,,BOS,DET,86,82,1
2011-01-19,2011,0,,ORL,PHI,99,98,1
2011-01-19,2011,0,,NOP,MEM,103,102,1
2011-01-19,2011,0,,GSW,IND,110,108,1
2011-01-19,2011,0,,SAS,TOR,104,95,1
2011-01-20,2011,0,,POR,LAC,108,93,1
2011-01-20,2011,0,,CHO,PHI,100,97,1
2011-01-20,2011,0,,CHI,DAL,82,77,1
2011-01-21,2011,0,,WAS,PHO,91,109,1
2011-01-21,2011,0,,GSW,SAC,119,112,1
2011-01-21,2011,0,,CLE,MIL,88,102,1
2011-01-21,2011,0,,NJN,DET,89,74,1
2011-01-21,2011,0,,ATL,NOP,59,100,1
2011-01-21,2011,0,,ORL,TOR,112,72,1
2011-01-21,2011,0,,MEM,HOU,115,110,1
2011-01-21,2011,0,,DEN,LAL,97,107,1
2011-01-21,2011,0,,SAS,NYK,101,92,1
2011-01-21,2011,0,,BOS,UTA,110,86,1
2011-01-22,2011,0,,PHI,UTA,96,85,1
2011-01-22,2011,0,,OKC,NYK,101,98,1
2011-01-22,2011,0,,MIL,MEM,81,94,1
2011-01-22,2011,0,,CHO,ATL,87,103,1
2011-01-22,2011,0,,MIA,TOR,120,103,1
2011-01-22,2011,0,,HOU,ORL,104,118,1
2011-01-22,2011,0,,LAC,GSW,113,109,1
2011-01-22,2011,0,,DET,PHO,75,74,1
2011-01-22,2011,0,,NJN,DAL,86,87,1
2011-01-22,2011,0,,POR,IND,97,92,1
2011-01-22,2011,0,,CHI,CLE,92,79,1
2011-01-22,2011,0,,NOP,SAS,96,72,1
2011-01-22,2011,0,,WAS,BOS,85,83,1
2011-01-23,2011,0,,DEN,IND,121,107,1
2011-01-24,2011,0,,POR,SAC,81,96,1
2011-01-24,2011,0,,NOP,OKC,91,89,1
2011-01-24,2011,0,,CHI,MIL,92,83,1
2011-01-24,2011,0,,MIN,HOU,125,129,1
2011-01-24,2011,0,,TOR,MEM,98,100,1
2011-01-24,2011,0,,GSW,SAS,102,113,1
2011-01-24,2011,0,,ORL,DET,96,103,1
2011-01-24,2011,0,,NJN,CLE,103,101,1
2011-01-24,2011,0,,PHI,PHO,105,95,1
2011-01-24,2011,0,,NYK,WAS,115,106,1
2011-01-25,2011,0,,WAS,DEN,109,120,1
2011-01-25,2011,0,,BOS,CLE,112,95,1
2011-01-25,2011,0,,DAL,LAC,112,105,1
2011-01-25,2011,0,,LAL,UTA,120,91,1
2011-01-25,2011,0,,SAC,CHO,89,94,1
2011-01-26,2011,0,,IND,ORL,96,111,1
2011-01-26,2011,0,,HOU,LAC,96,83,1
2011-01-26,2011,0,,TOR,PHI,94,107,1
2011-01-26,2011,0,,GSW,NOP,103,112,1
2011-01-26,2011,0,,UTA,SAS,105,112,1
2011-01-26,2011,0,,MIN,OKC,117,118,1
2011-01-26,2011,0,,MIL,ATL,98,90,1
2011-01-26,2011,0,,DET,DEN,100,109,1
2011-01-26,2011,0,,NJN,MEM,93,88,1
2011-01-26,2011,0,,PHO,CHO,107,114,1
2011-01-27,2011,0,,DAL,HOU,111,106,1
2011-01-27,2011,0,,NYK,MIA,93,88,1
2011-01-27,2011,0,,POR,BOS,78,88,1
2011-01-28,2011,0,,MIA,DET,88,87,1
2011-01-28,2011,0,,TOR,MIL,110,116,1
2011-01-28,2011,0,,ATL,NYK,111,102,1
2011-01-28,2011,0,,CLE,DEN,103,117,1
2011-01-28,2011,0,,CHI,ORL,99,90,1
2011-01-28,2011,0,,PHI,MEM,94,99,1
2011-01-28,2011,0,,LAL,SAC,95,100,1
2011-01-28,2011,0,,GSW,CHO,113,121,1
2011-01-28,2011,0,,UTA,MIN,108,100,1
2011-01-28,2011,0,,OKC,WAS,124,117,1
2011-01-28,2011,0,,PHO,BOS,88,71,1
2011-01-28,2011,0,,IND,NJN,124,92,1
2011-01-29,2011,0,,LAC,CHO,103,88,1
2011-01-29,2011,0,,MIL,NJN,91,81,1
2011-01-29,2011,0,,MEM,WAS,107,93,1
2011-01-29,2011,0,,SAC,NOP,102,96,1
2011-01-29,2011,0,,SAS,HOU,108,95,1
2011-01-29,2011,0,,DAL,ATL,102,91,1
2011-01-29,2011,0,,MIN,TOR,103,87,1
2011-01-29,2011,0,,CHI,IND,110,89,1
2011-01-30,2011,0,,PHO,NOP,104,102,1
2011-01-30,2011,0,,LAL,BOS,96,109,1
2011-01-30,2011,0,,OKC,MIA,103,108,1
2011-01-30,2011,0,,GSW,UTA,96,81,1
2011-01-30,2011,0,,PHI,DEN,110,99,1
2011-01-30,2011,0,,ORL,CLE,103,87,1
2011-01-30,2011,0,,NYK,DET,124,106,1
2011-01-31,2011,0,,NJN,DEN,115,99,1
2011-01-31,2011,0,,MIA,CLE,117,90,1
2011-01-31,2011,0,,MEM,ORL,100,97,1
2011-01-31,2011,0,,UTA,CHO,83,78,1
2011-01-31,2011,0,,LAC,MIL,105,98,1
2011-01-31,2011,0,,DAL,WAS,102,92,1
2011-01-31,2011,0,,IND,TOR,104,93,1
2011-02-01,2011,0,,POR,SAS,99,86,1
2011-02-01,2011,0,,LAL,HOU,114,106,1
2011-02-01,2011,0,,SAC,BOS,90,95,1
2011-02-01,2011,0,,NOP,WAS,97,89,1
2011-02-02,2011,0,,PHO,MIL,92,77,1
2011-02-02,2011,0,,MIN,MEM,84,102,1
2011-02-02,2011,0,,DET,CHO,87,97,1
2011-02-02,2011,0,,NJN,PHI,92,106,1
2011-02-02,2011,0,,CLE,IND,112,117,1
2011-02-02,2011,0,,LAC,CHI,88,106,1
2011-02-02,2011,0,,ATL,TOR,100,87,1
2011-02-02,2011,0,,UTA,HOU,96,97,1
2011-02-02,2011,0,,NYK,DAL,97,113,1
2011-02-02,2011,0,,OKC,NOP,104,93,1
2011-02-02,2011,0,,DEN,POR,109,90,1
2011-02-03,2011,0,,ORL,MIA,100,104,1
2011-02-03,2011,0,,LAL,SAS,88,89,1
2011-02-03,2011,0,,GSW,MIL,100,94,1
2011-02-04,2011,0,,PHI,NYK,100,98,1
2011-02-04,2011,0,,WAS,ORL,92,110,1
2011-02-04,2011,0,,CHO,MIA,97,109,1
2011-02-04,2011,0,,ATL,LAC,101,100,1
2011-02-04,2011,0,,BOS,DAL,97,101,1
2011-02-04,2011,0,,PHO,OKC,107,111,1
2011-02-04,2011,0,,SAC,SAS,100,113,1
2011-02-04,2011,0,,DEN,UTA,106,113,1
2011-02-04,2011,0,,IND,POR,100,87,1
2011-02-04,2011,0,,DET,NJN,92,82,1
2011-02-04,2011,0,,MEM,CLE,112,105,1
2011-02-04,2011,0,,TOR,MIN,111,100,1
2011-02-05,2011,0,,CHO,DAL,92,101,1
2011-02-05,2011,0,,MIL,DET,78,89,1
2011-02-05,2011,0,,UTA,OKC,105,121,1
2011-02-05,2011,0,,GSW,CHI,101,90,1
2011-02-05,2011,0,,CLE,POR,105,111,1
2011-02-05,2011,0,,MIN,DEN,100,113,1
2011-02-05,2011,0,,WAS,ATL,92,99,1
2011-02-05,2011,0,,NOP,LAL,95,101,1
2011-02-05,2011,0,,HOU,MEM,95,93,1
2011-02-06,2011,0,,NJN,IND,86,105,1
2011-02-06,2011,0,,BOS,ORL,91,80,1
2011-02-06,2011,0,,NYK,PHI,117,103,1
2011-02-06,2011,0,,MIA,LAC,97,79,1
2011-02-07,2011,0,,DAL,CLE,99,96,1
2011-02-07,2011,0,,SAC,UTA,104,107,1
2011-02-07,2011,0,,GSW,PHO,92,104,1
2011-02-07,2011,0,,NOP,MIN,92,104,1
2011-02-07,2011,0,,DEN,HOU,103,108,1
2011-02-07,2011,0,,CHO,BOS,94,89,1
2011-02-07,2011,0,,MEM,LAL,84,93,1
2011-02-07,2011,0,,POR,CHI,109,103,1
2011-02-08,2011,0,,OKC,MEM,101,105,1
2011-02-08,2011,0,,HOU,MIN,108,112,1
2011-02-08,2011,0,,DET,SAS,89,100,1
2011-02-08,2011,0,,ORL,LAC,101,85,1
2011-02-08,2011,0,,MIL,TOR,92,74,1
2011-02-08,2011,0,,MIA,IND,117,112,1
2011-02-08,2011,0,,ATL,PHI,83,117,1
2011-02-09,2011,0,,IND,CHO,104,103,1
2011-02-09,2011,0,,CLE,DET,94,103,1
2011-02-09,2011,0,,SAC,DAL,100,102,1
2011-02-09,2011,0,,PHI,ORL,95,99,1
2011-02-09,2011,0,,NYK,LAC,108,116,1
2011-02-09,2011,0,,NJN,NOP,103,101,1
2011-02-09,2011,0,,GSW,DEN,116,114,1
2011-02-09,2011,0,,UTA,CHI,86,91,1
2011-02-09,2011,0,,TOR,SAS,100,111,1
2011-02-09,2011,0,,WAS,MIL,100,85,1
2011-02-10,2011,0,,DEN,DAL,121,120,1
2011-02-10,2011,0,,BOS,LAL,86,92,1
2011-02-10,2011,0,,PHO,GSW,112,88,1
2011-02-11,2011,0,,ORL,NOP,93,99,1
2011-02-11,2011,0,,TOR,POR,96,102,1
2011-02-11,2011,0,,CHO,NJN,89,94,1
2011-02-11,2011,0,,CLE,LAC,126,119,1
2011-02-11,2011,0,,NYK,LAL,96,113,1
2011-02-11,2011,0,,PHI,SAS,77,71,1
2011-02-11,2011,0,,MEM,MIL,89,86,1
2011-02-11,2011,0,,DET,MIA,92,106,1
2011-02-11,2011,0,,UTA,PHO,83,95,1
2011-02-11,2011,0,,IND,MIN,116,105,1
2011-02-12,2011,0,,MIL,IND,97,103,1
2011-02-12,2011,0,,HOU,DAL,102,106,1
2011-02-12,2011,0,,MIN,PHI,87,107,1
2011-02-12,2011,0,,SAC,OKC,97,99,1
2011-02-12,2011,0,,WAS,SAS,94,118,1
2011-02-12,2011,0,,NJN,NYK,95,105,1
2011-02-12,2011,0,,ATL,CHO,86,88,1
2011-02-12,2011,0,,NOP,CHI,88,97,1
2011-02-13,2011,0,,ORL,LAL,89,75,1
2011-02-13,2011,0,,GSW,OKC,100,94,1
2011-02-13,2011,0,,CLE,WAS,100,115,1
2011-02-13,2011,0,,DET,POR,100,105,1
2011-02-13,2011,0,,TOR,LAC,98,93,1
2011-02-13,2011,0,,PHO,SAC,108,113,1
2011-02-13,2011,0,,MEM,DEN,116,108,1
2011-02-13,2011,0,,BOS,MIA,85,82,1
2011-02-14,2011,0,,MIL,LAC,102,78,1
2011-02-14,2011,0,,NJN,SAS,85,102,1
2011-02-14,2011,0,,CHO,LAL,109,89,1
2011-02-14,2011,0,,DET,ATL,79,94,1
2011-02-14,2011,0,,HOU,DEN,121,102,1
2011-02-14,2011,0,,MIN,POR,81,95,1
2011-02-15,2011,0,,OKC,SAC,126,96,1
2011-02-15,2011,0,,PHO,UTA,102,101,1
2011-02-15,2011,0,,GSW,NOP,102,89,1
2011-02-15,2011,0,,CHI,CHO,106,94,1
2011-02-15,2011,0,,MEM,PHI,102,91,1
2011-02-15,2011,0,,IND,MIA,103,110,1
2011-02-16,2011,0,,MIL,DEN,87,94,1
2011-02-16,2011,0,,ORL,WAS,101,76,1
2011-02-16,2011,0,,TOR,MIA,95,103,1
2011-02-16,2011,0,,BOS,NJN,94,80,1
2011-02-16,2011,0,,NYK,ATL,102,90,1
2011-02-16,2011,0,,MIN,LAC,90,98,1
2011-02-16,2011,0,,HOU,PHI,105,114,1
2011-02-16,2011,0,,UTA,GSW,100,107,1
2011-02-16,2011,0,,POR,NOP,103,96,1
2011-02-16,2011,0,,DAL,SAC,116,100,1
2011-02-16,2011,0,,DET,IND,115,109,1
2011-02-16,2011,0,,CLE,LAL,104,99,1
2011-02-17,2011,0,,PHO,DAL,106,112,1
2011-02-17,2011,0,,CHI,SAS,109,99,1
2011-02-22,2011,0,,DEN,MEM,120,107,1
2011-02-22,2011,0,,LAL,ATL,104,80,1
2011-02-22,2011,0,,MIA,SAC,117,97,1
2011-02-22,2011,0,,DET,HOU,100,108,1
2011-02-22,2011,0,,CHO,TOR,114,101,1
2011-02-22,2011,0,,GSW,BOS,93,115,1
2011-02-22,2011,0,,OKC,LAC,111,88,1
2011-02-22,2011,0,,WAS,IND,96,113,1
2011-02-22,2011,0,,MIL,MIN,94,88,1
2011-02-23,2011,0,,TOR,CHI,118,113,1
2011-02-23,2011,0,,IND,DET,102,101,1
2011-02-23,2011,0,,ORL,SAC,105,111,1
2011-02-23,2011,0,,PHI,WAS,117,94,1
2011-02-23,2011,0,,NYK,MIL,114,108,1
2011-02-23,2011,0,,DAL,UTA,118,99,1
2011-02-23,2011,0,,CLE,HOU,119,124,1
2011-02-23,2011,0,,SAS,OKC,109,105,1
2011-02-23,2011,0,,POR,LAL,101,106,1
2011-02-23,2011,0,,MIN,MEM,95,104,1
2011-02-23,2011,0,,NOP,LAC,98,87,1
2011-02-23,2011,0,,PHO,ATL,105,97,1
2011-02-24,2011,0,,DEN,BOS,89,75,1
2011-02-24,2011,0,,CHI,MIA,93,89,1
2011-02-25,2011,0,,IND,UTA,84,95,1
2011-02-25,2011,0,,CLE,NYK,115,109,1
2011-02-25,2011,0,,MIN,NOP,81,95,1
2011-02-25,2011,0,,POR,DEN,107,106,1
2011-02-25,2011,0,,GSW,ATL,79,95,1
2011-02-25,2011,0,,LAL,LAC,108,95,1
2011-02-25,2011,0,,MIA,WAS,121,113,1
2011-02-25,2011,0,,ORL,OKC,111,88,1
2011-02-25,2011,0,,SAS,NJN,106,96,1
2011-02-25,2011,0,,TOR,PHO,92,110,1
2011-02-25,2011,0,,PHI,DET,110,94,1
2011-02-25,2011,0,,CHO,SAC,110,98,1
2011-02-26,2011,0,,DET,UTA,120,116,1
2011-02-26,2011,0,,WAS,DAL,99,105,1
2011-02-26,2011,0,,HOU,NJN,123,108,1
2011-02-26,2011,0,,MIL,CHI,75,83,1
2011-02-26,2011,0,,LAC,BOS,92,99,1
2011-02-26,2011,0,,MEM,SAC,120,92,1
2011-02-27,2011,0,,OKC,LAL,87,90,1
2011-02-27,2011,0,,CLE,PHI,91,95,1
2011-02-27,2011,0,,MIN,GSW,126,123,1
2011-02-27,2011,0,,TOR,DAL,96,114,1
2011-02-27,2011,0,,NOP,HOU,89,91,1
2011-02-27,2011,0,,MIA,NYK,86,91,1
2011-02-27,2011,0,,POR,ATL,83,90,1
2011-02-27,2011,0,,ORL,CHO,100,86,1
2011-02-27,2011,0,,IND,PHO,108,110,1
2011-02-27,2011,0,,SAS,MEM,95,88,1
2011-02-28,2011,0,,UTA,BOS,102,107,1
2011-02-28,2011,0,,WAS,CHI,77,105,1
2011-02-28,2011,0,,DEN,ATL,100,90,1
2011-02-28,2011,0,,NJN,PHO,103,104,1
2011-02-28,2011,0,,SAC,LAC,105,99,1
2011-03-01,2011,0,,POR,HOU,87,103,1
2011-03-01,2011,0,,IND,GSW,109,100,1
2011-03-01,2011,0,,ORL,NYK,116,110,1
2011-03-01,2011,0,,MEM,SAS,109,93,1
2011-03-01,2011,0,,PHI,DAL,93,101,1
2011-03-01,2011,0,,MIN,LAL,79,90,1
2011-03-01,2011,0,,TOR,NOP,96,90,1
2011-03-01,2011,0,,MIL,DET,92,90,1
2011-03-02,2011,0,,WAS,GSW,102,106,1
2011-03-02,2011,0,,LAC,HOU,106,103,1
2011-03-02,2011,0,,SAC,POR,102,107,1
2011-03-02,2011,0,,DEN,CHO,120,80,1
2011-03-02,2011,0,,OKC,IND,113,89,1
2011-03-02,2011,0,,DET,MIN,105,116,1
2011-03-02,2011,0,,CLE,SAS,99,109,1
2011-03-02,2011,0,,ATL,CHI,83,80,1
2011-03-02,2011,0,,NYK,NOP,107,88,1
2011-03-02,2011,0,,BOS,PHO,115,103,1
2011-03-03,2011,0,,UTA,DEN,101,103,1
2011-03-03,2011,0,,MIA,ORL,96,99,1
2011-03-04,2011,0,,MEM,NOP,91,98,1
2011-03-04,2011,0,,NYK,CLE,115,119,1
2011-03-04,2011,0,,ATL,OKC,104,111,1
2011-03-04,2011,0,,DAL,IND,116,108,1
2011-03-04,2011,0,,MIL,PHO,88,102,1
2011-03-04,2011,0,,SAS,MIA,125,95,1
2011-03-04,2011,0,,BOS,GSW,107,103,1
2011-03-04,2011,0,,PHI,MIN,111,100,1
2011-03-04,2011,0,,ORL,CHI,81,89,1
2011-03-04,2011,0,,LAL,CHO,92,84,1
2011-03-04,2011,1,,NJN,TOR,116,103,0
2011-03-05,2011,0,,HOU,IND,112,95,1
2011-03-05,2011,1,,NJN,TOR,137,136,0
2011-03-05,2011,0,,UTA,SAC,109,102,1
2011-03-05,2011,0,,POR,CHO,93,69,1
2011-03-05,2011,0,,LAC,DEN,100,94,1
2011-03-05,2011,0,,WAS,MIN,103,96,1
2011-03-06,2011,0,,SAS,LAL,83,99,1
2011-03-06,2011,0,,MIA,CHI,86,87,1
2011-03-06,2011,0,,CLE,NOP,81,96,1
2011-03-06,2011,0,,DAL,MEM,103,104,1
2011-03-06,2011,0,,MIL,BOS,83,89,1
2011-03-06,2011,0,,OKC,PHO,122,118,1
2011-03-06,2011,0,,ATL,NYK,79,92,1
2011-03-06,2011,0,,DET,WAS,113,102,1
2011-03-06,2011,0,,PHI,GSW,125,117,1
2011-03-07,2011,0,,MIN,DAL,105,108,1
2011-03-07,2011,0,,MEM,OKC,107,101,1
2011-03-07,2011,0,,ORL,POR,85,89,1
2011-03-07,2011,0,,SAC,HOU,101,123,1
2011-03-07,2011,0,,NYK,UTA,131,109,1
2011-03-07,2011,0,,CHO,LAC,87,92,1
2011-03-07,2011,0,,CHI,NOP,85,77,1
2011-03-08,2011,0,,WAS,MIL,76,95,1
2011-03-08,2011,0,,PHO,HOU,113,110,1
2011-03-08,2011,0,,MIA,POR,96,105,1
2011-03-08,2011,0,,IND,PHI,100,110,1
2011-03-08,2011,0,,CLE,GSW,85,95,1
2011-03-08,2011,0,,ATL,LAL,87,101,1
2011-03-09,2011,0,,TOR,UTA,94,96,1
2011-03-09,2011,0,,MIL,CLE,110,90,1
2011-03-09,2011,0,,PHI,OKC,105,110,1
2011-03-09,2011,0,,SAC,ORL,102,106,1
2011-03-09,2011,0,,SAS,DET,111,104,1
2011-03-09,2011,0,,MEM,NYK,108,110,1
2011-03-09,2011,0,,MIN,IND,101,75,1
2011-03-09,2011,0,,NOP,DAL,93,92,1
2011-03-09,2011,0,,BOS,LAC,103,108,1
2011-03-09,2011,0,,CHO,CHI,84,101,1
2011-03-09,2011,0,,NJN,GSW,94,90,1
2011-03-10,2011,0,,PHO,DEN,97,116,1
2011-03-10,2011,0,,DAL,NYK,127,109,1
2011-03-10,2011,0,,MIA,LAL,94,88,1
2011-03-11,2011,0,,CHO,POR,97,92,1
2011-03-11,2011,0,,MIN,UTA,122,101,1
2011-03-11,2011,0,,PHI,BOS,89,86,1
2011-03-11,2011,0,,TOR,IND,108,98,1
2011-03-11,2011,0,,CHI,ATL,94,76,1
2011-03-11,2011,0,,OKC,DET,104,94,1
2011-03-11,2011,0,,SAS,SAC,108,103,1
2011-03-11,2011,0,,GSW,ORL,123,120,1
2011-03-11,2011,0,,NJN,LAC,102,98,1
2011-03-12,2011,0,,MIL,PHI,102,74,1
2011-03-12,2011,0,,WAS,LAC,101,122,1
2011-03-12,2011,0,,DAL,LAL,91,96,1
2011-03-12,2011,0,,HOU,SAS,107,115,1
2011-03-12,2011,0,,CHI,UTA,118,100,1
2011-03-12,2011,0,,NOP,SAC,115,103,1
2011-03-12,2011,0,,ATL,POR,91,82,1
2011-03-12,2011,0,,MIA,MEM,118,85,1
2011-03-12,2011,0,,DEN,DET,131,101,1
2011-03-13,2011,0,,NYK,IND,93,106,1
2011-03-13,2011,0,,TOR,CHO,90,95,1
2011-03-13,2011,0,,PHO,ORL,88,111,1
2011-03-13,2011,0,,GSW,MIN,100,77,1
2011-03-13,2011,0,,CLE,OKC,75,95,1
2011-03-13,2011,0,,BOS,MIL,87,56,1
2011-03-14,2011,0,,WAS,OKC,89,116,1
2011-03-14,2011,0,,NJN,BOS,88,79,1
2011-03-14,2011,0,,NOP,DEN,103,114,1
2011-03-14,2011,0,,UTA,PHI,112,107,1
2011-03-14,2011,0,,MEM,LAC,105,82,1
2011-03-14,2011,0,,HOU,PHO,95,93,1
2011-03-14,2011,0,,LAL,ORL,97,84,1
2011-03-14,2011,0,,MIA,SAS,110,80,1
2011-03-14,2011,0,,SAC,GSW,129,119,1
2011-03-15,2011,0,,ATL,MIL,110,85,1
2011-03-15,2011,0,,IND,NYK,119,117,1
2011-03-15,2011,0,,CHI,WAS,98,79,1
2011-03-15,2011,0,,POR,DAL,104,101,1
2011-03-16,2011,0,,LAC,PHI,94,104,1
2011-03-16,2011,0,,GSW,DAL,106,112,1
2011-03-16,2011,0,,UTA,MIN,119,104,1
2011-03-16,2011,0,,HOU,CHO,94,78,1
2011-03-16,2011,0,,MIA,OKC,85,96,1
2011-03-16,2011,0,,BOS,IND,92,80,1
2011-03-16,2011,0,,SAC,CLE,93,97,1
2011-03-16,2011,0,,DET,TOR,107,93,1
2011-03-16,2011,0,,MIL,ORL,89,93,1
2011-03-16,2011,0,,NOP,PHO,100,95,1
2011-03-16,2011,0,,ATL,DEN,87,102,1
2011-03-17,2011,0,,POR,CLE,111,70,1
2011-03-17,2011,0,,NYK,MEM,120,99,1
2011-03-17,2011,0,,NJN,CHI,73,84,1
2011-03-18,2011,0,,LAL,MIN,106,98,1
2011-03-18,2011,0,,ORL,DEN,85,82,1
2011-03-18,2011,0,,ATL,MIA,85,106,1
2011-03-18,2011,0,,OKC,CHO,99,82,1
2011-03-18,2011,0,,DAL,SAS,91,97,1
2011-03-18,2011,0,,HOU,BOS,93,77,1
2011-03-18,2011,0,,PHO,GSW,108,97,1
2011-03-18,2011,0,,SAC,PHI,80,102,1
2011-03-18,2011,0,,DET,NYK,99,95,1
2011-03-18,2011,0,,TOR,WAS,116,107,1
2011-03-18,2011,0,,MIL,NJN,110,95,1
2011-03-18,2011,0,,IND,CHI,115,108,1
2011-03-19,2011,0,,MEM,IND,99,78,1
2011-03-19,2011,0,,POR,PHI,110,101,1
2011-03-19,2011,0,,SAS,CHO,109,98,1
2011-03-19,2011,0,,LAC,CLE,100,92,1
2011-03-19,2011,0,,MIA,DEN,103,98,1
2011-03-19,2011,0,,NOP,BOS,85,89,1
2011-03-20,2011,0,,OKC,TOR,93,95,1
2011-03-20,2011,0,,ATL,DET,104,96,1
2011-03-20,2011,0,,WAS,NJN,98,92,1
2011-03-20,2011,0,,LAC,PHO,99,108,1
2011-03-20,2011,0,,MIN,SAC,95,127,1
2011-03-20,2011,0,,HOU,UTA,110,108,1
2011-03-20,2011,0,,MIL,NYK,100,95,1
2011-03-20,2011,0,,LAL,POR,84,80,1
2011-03-20,2011,0,,DAL,GSW,101,73,1
2011-03-21,2011,0,,NJN,IND,98,102,1
2011-03-21,2011,0,,DEN,TOR,123,90,1
2011-03-21,2011,0,,MEM,UTA,103,85,1
2011-03-21,2011,0,,SAS,GSW,111,96,1
2011-03-21,2011,0,,CLE,ORL,86,97,1
2011-03-21,2011,0,,NYK,BOS,86,96,1
2011-03-21,2011,0,,CHI,SAC,132,92,1
2011-03-22,2011,0,,ATL,CHI,81,114,1
2011-03-22,2011,0,,LAL,PHO,139,137,1
2011-03-22,2011,0,,POR,WAS,111,76,1
2011-03-23,2011,0,,NYK,ORL,99,111,1
2011-03-23,2011,0,,BOS,MEM,87,90,1
2011-03-23,2011,0,,PHO,TOR,114,106,1
2011-03-23,2011,0,,PHI,ATL,105,100,1
2011-03-23,2011,0,,OKC,UTA,106,94,1
2011-03-23,2011,0,,LAC,WAS,127,119,1
2011-03-23,2011,0,,DEN,SAS,115,112,1
2011-03-23,2011,0,,HOU,GSW,131,112,1
2011-03-23,2011,0,,MIL,SAC,90,97,1
2011-03-23,2011,0,,DET,MIA,94,100,1
2011-03-23,2011,0,,CHO,IND,88,111,1
2011-03-23,2011,0,,CLE,NJN,94,98,1
2011-03-24,2011,0,,DAL,MIN,104,96,1
2011-03-24,2011,0,,UTA,NOP,117,121,1
2011-03-25,2011,0,,CLE,DET,97,91,1
2011-03-25,2011,0,,IND,SAC,93,110,1
2011-03-25,2011,0,,CHI,MEM,99,96,1
2011-03-25,2011,0,,MIA,PHI,111,99,1
2011-03-25,2011,0,,BOS,CHO,81,83,1
2011-03-25,2011,0,,PHO,NOP,100,106,1
2011-03-25,2011,0,,POR,SAS,98,96,1
2011-03-25,2011,0,,DEN,WAS,114,94,1
2011-03-25,2011,0,,NYK,MIL,96,102,1
2011-03-25,2011,0,,OKC,MIN,111,103,1
2011-03-25,2011,0,,ORL,NJN,95,85,1
2011-03-25,2011,0,,LAL,LAC,112,104,1
2011-03-25,2011,0,,GSW,TOR,138,100,1
2011-03-26,2011,0,,MIL,CHI,87,95,1
2011-03-26,2011,0,,LAC,TOR,94,90,1
2011-03-26,2011,0,,ATL,NJN,98,87,1
2011-03-26,2011,0,,UTA,DAL,77,94,1
2011-03-26,2011,0,,DET,IND,100,88,1
2011-03-26,2011,0,,CHO,NYK,114,106,1
2011-03-27,2011,0,,MIA,HOU,125,119,1
2011-03-27,2011,0,,GSW,WAS,114,104,1
2011-03-27,2011,0,,LAL,NOP,102,84,1
2011-03-27,2011,0,,MIN,BOS,82,85,1
2011-03-27,2011,0,,OKC,POR,99,90,1
2011-03-27,2011,0,,PHO,DAL,83,91,1
2011-03-27,2011,0,,PHI,SAC,111,114,1
2011-03-27,2011,0,,CLE,ATL,83,99,1
2011-03-27,2011,0,,MEM,SAS,111,104,1
2011-03-28,2011,0,,IND,BOS,107,100,1
2011-03-28,2011,0,,CHI,PHI,85,97,1
2011-03-28,2011,0,,UTA,WAS,95,100,1
2011-03-28,2011,0,,CHO,MIL,87,86,1
2011-03-28,2011,0,,NYK,ORL,113,106,1
2011-03-28,2011,0,,SAS,POR,92,100,1
2011-03-29,2011,0,,SAC,PHO,116,113,1
2011-03-29,2011,0,,OKC,GSW,115,114,1
2011-03-29,2011,0,,NJN,HOU,87,112,1
2011-03-29,2011,0,,CLE,MIA,102,90,1
2011-03-30,2011,0,,TOR,MIL,98,104,1
2011-03-30,2011,0,,PHI,HOU,108,97,1
2011-03-30,2011,0,,LAC,DAL,100,106,1
2011-03-30,2011,0,,PHO,OKC,98,116,1
2011-03-30,2011,0,,MEM,GSW,110,91,1
2011-03-30,2011,0,,NOP,POR,95,91,1
2011-03-30,2011,0,,NYK,NJN,120,116,1
2011-03-30,2011,0,,CHO,CLE,98,97,1
2011-03-30,2011,0,,WAS,MIA,107,123,1
2011-03-30,2011,0,,IND,DET,111,101,1
2011-03-30,2011,0,,DEN,SAC,104,90,1
2011-03-30,2011,0,,ATL,ORL,85,82,1
2011-03-30,2011,0,,MIN,CHI,91,108,1
2011-03-31,2011,0,,LAL,DAL,110,82,1
2011-03-31,2011,0,,SAS,BOS,97,107,1
2011-04-01,2011,0,,DET,CHI,96,101,1
2011-04-01,2011,0,,WAS,CLE,115,107,1
2011-04-01,2011,0,,PHI,NJN,115,90,1
2011-04-01,2011,0,,IND,MIL,89,88,1
2011-04-01,2011,0,,HOU,SAS,119,114,1
2011-04-01,2011,0,,MIN,MIA,92,111,1
2011-04-01,2011,0,,ORL,CHO,89,77,1
2011-04-01,2011,0,,ATL,BOS,88,83,1
2011-04-01,2011,0,,UTA,LAL,85,96,1
2011-04-01,2011,0,,SAC,DEN,90,99,1
2011-04-01,2011,0,,PHO,LAC,111,98,1
2011-04-01,2011,0,,NOP,MEM,81,93,1
2011-04-01,2011,0,,POR,OKC,98,91,1
2011-04-02,2011,0,,MIL,PHI,93,87,1
2011-04-02,2011,0,,MEM,MIN,106,89,1
2011-04-02,2011,0,,LAC,OKC,98,92,1
2011-04-02,2011,0,,GSW,DAL,99,92,1
2011-04-02,2011,0,,CHI,TOR,113,106,1
2011-04-03,2011,0,,TOR,ORL,102,98,1
2011-04-03,2011,0,,POR,DAL,104,96,1
2011-04-03,2011,0,,HOU,ATL,114,109,1
2011-04-03,2011,0,,CHO,WAS,91,97,1
2011-04-03,2011,0,,SAC,UTA,106,97,1
2011-04-03,2011,0,,NYK,CLE,123,107,1
2011-04-03,2011,0,,BOS,DET,101,90,1
2011-04-03,2011,0,,LAL,DEN,90,95,1
2011-04-03,2011,0,,NOP,IND,108,96,1
2011-04-03,2011,0,,NJN,MIA,94,108,1
2011-04-03,2011,0,,SAS,PHO,114,97,1
2011-04-05,2011,0,,POR,GSW,87,108,1
2011-04-05,2011,0,,MEM,LAC,81,82,1
2011-04-05,2011,0,,ATL,SAS,90,97,1
2011-04-05,2011,0,,WAS,DET,107,105,1
2011-04-05,2011,0,,NJN,MIN,107,105,1
2011-04-05,2011,0,,ORL,MIL,78,72,1
2011-04-05,2011,0,,BOS,PHI,99,82,1
2011-04-05,2011,0,,CHI,PHO,97,94,1
2011-04-05,2011,0,,HOU,SAC,101,104,1
2011-04-05,2011,0,,DEN,OKC,94,101,1
2011-04-05,2011,0,,LAL,UTA,85,86,1
2011-04-05,2011,0,,NYK,TOR,131,118,1
2011-04-05,2011,0,,CLE,CHO,99,89,1
2011-04-06,2011,0,,DET,NJN,116,109,1
2011-04-06,2011,0,,IND,WAS,136,112,1
2011-04-06,2011,0,,DAL,DEN,96,104,1
2011-04-06,2011,0,,TOR,CLE,96,104,1
2011-04-06,2011,0,,MIA,MIL,85,90,1
2011-04-06,2011,0,,NOP,HOU,101,93,1
2011-04-06,2011,0,,CHO,ORL,102,111,1
2011-04-06,2011,0,,SAS,SAC,124,92,1
2011-04-06,2011,0,,OKC,LAC,112,108,1
2011-04-06,2011,0,,GSW,LAL,95,87,1
2011-04-06,2011,0,,MIN,PHO,98,108,1
2011-04-06,2011,0,,PHI,NYK,92,97,1
2011-04-07,2011,0,,UTA,POR,87,98,1
2011-04-07,2011,0,,CHI,BOS,97,81,1
2011-04-08,2011,0,,CLE,CHI,82,93,1
2011-04-08,2011,0,,IND,ATL,114,102,1
2011-04-08,2011,0,,PHI,TOR,98,93,1
2011-04-08,2011,0,,DET,MIL,110,100,1
2011-04-08,2011,0,,NOP,PHO,109,97,1
2011-04-08,2011,0,,OKC,DEN,104,89,1
2011-04-08,2011,0,,DAL,LAC,107,96,1
2011-04-08,2011,0,,POR,LAL,93,86,1
2011-04-08,2011,0,,NJN,NYK,93,116,1
2011-04-08,2011,0,,BOS,WAS,104,88,1
2011-04-08,2011,0,,MEM,SAC,101,96,1
2011-04-08,2011,0,,MIA,CHO,112,103,1
2011-04-09,2011,0,,SAS,UTA,111,102,1
2011-04-09,2011,0,,DEN,MIN,130,106,1
2011-04-09,2011,0,,MIL,CLE,108,101,1
2011-04-09,2011,0,,WAS,ATL,115,83,1
2011-04-09,2011,0,,HOU,LAC,99,78,1
2011-04-10,2011,0,,ORL,CHI,99,102,1
2011-04-10,2011,0,,CHO,DET,101,112,1
2011-04-10,2011,0,,LAL,OKC,106,120,1
2011-04-10,2011,0,,GSW,SAC,103,104,1
2011-04-10,2011,0,,IND,NYK,109,110,1
2011-04-10,2011,0,,DAL,PHO,115,90,1
2011-04-10,2011,0,,MIA,BOS,100,77,1
2011-04-10,2011,0,,MEM,NOP,111,89,1
2011-04-10,2011,0,,TOR,NJN,99,92,1
2011-04-11,2011,0,,DEN,GSW,134,111,1
2011-04-11,2011,0,,PHI,ORL,85,95,1
2011-04-11,2011,0,,NOP,UTA,78,90,1
2011-04-11,2011,0,,MIL,TOR,93,86,1
2011-04-11,2011,0,,HOU,DAL,91,98,1
2011-04-11,2011,0,,PHO,MIN,135,127,1
2011-04-11,2011,0,,SAC,OKC,112,120,1
2011-04-11,2011,0,,ATL,MIA,90,98,1
2011-04-11,2011,0,,NJN,CHO,103,105,1
2011-04-11,2011,0,,WAS,BOS,95,94,1
2011-04-11,2011,0,,DET,CLE,101,110,1
2011-04-12,2011,0,,LAL,SAS,102,93,1
2011-04-12,2011,0,,POR,MEM,102,89,1
2011-04-12,2011,0,,NYK,CHI,90,103,1
2011-04-13,2011,0,,ORL,IND,92,74,1
2011-04-13,2011,0,,CHI,NJN,97,92,1
2011-04-13,2011,0,,OKC,MIL,106,110,1
2011-04-13,2011,0,,LAC,MEM,110,103,1
2011-04-13,2011,0,,PHI,DET,100,104,1
2011-04-13,2011,0,,BOS,NYK,112,102,1
2011-04-13,2011,0,,DAL,NOP,121,89,1
2011-04-13,2011,0,,MIN,HOU,102,121,1
2011-04-13,2011,0,,UTA,DEN,107,103,1
2011-04-13,2011,0,,TOR,MIA,79,97,1
2011-04-13,2011,0,,CHO,ATL,96,85,1
2011-04-13,2011,0,,GSW,POR,110,86,1
2011-04-13,2011,0,,PHO,SAS,106,103,1
2011-04-13,2011,0,,SAC,LAL,108,116,1
2011-04-13,2011,0,,CLE,WAS,100,93,1
2011-12-25,2012,0,,NYK,BOS,106,104,1
2011-12-25,2012,0,,OKC,ORL,97,89,1
2011-12-25,2012,0,,GSW,LAC,86,105,1
2011-12-25,2012,0,,LAL,CHI,87,88,1
2011-12-25,2012,0,,DAL,MIA,94,105,1
2011-12-26,2012,0,,IND,DET,91,79,1
2011-12-26,2012,0,,SAS,MEM,95,82,1
2011-12-26,2012,0,,WAS,NJN,84,90,1
2011-12-26,2012,0,,DAL,DEN,93,115,1
2011-12-26,2012,0,,ORL,HOU,104,95,1
2011-12-26,2012,0,,PHO,NOP,84,85,1
2011-12-26,2012,0,,CLE,TOR,96,104,1
2011-12-26,2012,0,,GSW,CHI,99,91,1
2011-12-26,2012,0,,SAC,LAL,100,91,1
2011-12-26,2012,0,,CHO,MIL,96,95,1
2011-12-26,2012,0,,MIN,OKC,100,104,1
2011-12-26,2012,0,,POR,PHI,107,103,1
2011-12-27,2012,0,,MIL,MIN,98,95,1
2011-12-27,2012,0,,LAL,UTA,96,71,1
2011-12-27,2012,0,,NJN,ATL,70,106,1
2011-12-27,2012,0,,POR,SAC,101,79,1
2011-12-27,2012,0,,MIA,BOS,115,107,1
2011-12-28,2012,0,,TOR,IND,85,90,1
2011-12-28,2012,0,,MEM,OKC,95,98,1
2011-12-28,2012,0,,CHO,MIA,95,96,1
2011-12-28,2012,0,,NOP,BOS,97,78,1
2011-12-28,2012,0,,ATL,WAS,101,83,1
2011-12-28,2012,0,,GSW,NYK,92,78,1
2011-12-28,2012,0,,DET,CLE,89,105,1
2011-12-28,2012,0,,PHO,PHI,83,103,1
2011-12-28,2012,0,,DEN,UTA,117,100,1
2011-12-28,2012,0,,SAS,LAC,115,90,1
2011-12-29,2012,0,,ORL,NJN,94,78,1
2011-12-29,2012,0,,SAC,CHI,98,108,1
2011-12-29,2012,0,,LAL,NYK,99,82,1
2011-12-29,2012,0,,OKC,DAL,104,102,1
2011-12-29,2012,0,,HOU,SAS,105,85,1
2011-12-29,2012,0,,POR,DEN,111,102,1
2011-12-30,2012,0,,ATL,NJN,105,98,1
2011-12-30,2012,0,,NOP,PHO,78,93,1
2011-12-30,2012,0,,MIL,WAS,102,81,1
2011-12-30,2012,0,,CHO,ORL,79,100,1
2011-12-30,2012,0,,BOS,DET,96,85,1
2011-12-30,2012,0,,MIN,MIA,101,103,1
2011-12-30,2012,0,,UTA,PHI,102,99,1
2011-12-30,2012,0,,LAC,CHI,101,114,1
2011-12-30,2012,0,,MEM,HOU,113,93,1
2011-12-30,2012,0,,DAL,TOR,99,86,1
2011-12-30,2012,0,,IND,CLE,98,91,1
2011-12-31,2012,0,,GSW,PHI,79,107,1
2011-12-31,2012,0,,SAC,NYK,92,114,1
2011-12-31,2012,0,,OKC,PHO,107,97,1
2011-12-31,2012,0,,LAL,DEN,92,89,1
2011-12-31,2012,0,,HOU,ATL,95,84,1
2011-12-31,2012,0,,DET,IND,96,88,1
2011-12-31,2012,0,,SAS,UTA,104,89,1
2012-01-01,2012,0,,CLE,NJN,98,82,1
2012-01-01,2012,0,,ORL,TOR,102,96,1
2012-01-01,2012,0,,LAC,POR,93,88,1
2012-01-01,2012,0,,SAC,NOP,96,80,1
2012-01-01,2012,0,,MIN,DAL,99,82,1
2012-01-01,2012,0,,CHI,MEM,104,64,1
2012-01-01,2012,0,,WAS,BOS,86,94,1
2012-01-01,2012,0,,DEN,LAL,99,90,1
2012-01-01,2012,0,,MIA,CHO,129,90,1
2012-01-02,2012,0,,DEN,MIL,91,86,1
2012-01-02,2012,0,,UTA,NOP,94,90,1
2012-01-02,2012,0,,DAL,OKC,100,87,1
2012-01-02,2012,0,,NYK,TOR,85,90,1
2012-01-02,2012,0,,NJN,IND,94,108,1
2012-01-02,2012,0,,MIA,ATL,92,100,1
2012-01-02,2012,0,,DET,ORL,89,78,1
2012-01-02,2012,0,,PHO,GSW,102,91,1
2012-01-02,2012,0,,BOS,WAS,100,92,1
2012-01-02,2012,0,,MIN,SAS,106,96,1
2012-01-03,2012,0,,CHI,ATL,76,74,1
2012-01-03,2012,0,,LAL,HOU,108,99,1
2012-01-03,2012,0,,UTA,MIL,85,73,1
2012-01-03,2012,0,,OKC,POR,93,103,1
2012-01-03,2012,0,,MEM,SAC,113,96,1
2012-01-03,2012,0,,CLE,CHO,115,101,1
2012-01-04,2012,0,,SAS,GSW,101,95,1
2012-01-04,2012,0,,ORL,WAS,103,85,1
2012-01-04,2012,0,,BOS,NJN,89,70,1
2012-01-04,2012,0,,MIN,MEM,86,90,1
2012-01-04,2012,0,,TOR,CLE,92,77,1
2012-01-04,2012,0,,DEN,SAC,110,83,1
2012-01-04,2012,0,,NYK,CHO,110,118,1
2012-01-04,2012,0,,DET,CHI,83,99,1
2012-01-04,2012,0,,MIA,IND,118,83,1
2012-01-04,2012,0,,NOP,PHI,93,101,1
2012-01-04,2012,0,,DAL,PHO,98,89,1
2012-01-04,2012,0,,LAC,HOU,117,89,1
2012-01-05,2012,0,,POR,LAL,107,96,1
2012-01-05,2012,0,,ATL,MIA,109,116,1
2012-01-05,2012,0,,SAS,DAL,93,71,1
2012-01-05,2012,0,,SAC,MIL,103,100,1
2012-01-06,2012,0,,PHI,DET,96,73,1
2012-01-06,2012,0,,WAS,NYK,96,99,1
2012-01-06,2012,0,,TOR,NJN,85,97,1
2012-01-06,2012,0,,ORL,CHI,83,97,1
2012-01-06,2012,0,,OKC,HOU,109,94,1
2012-01-06,2012,0,,UTA,MEM,94,85,1
2012-01-06,2012,0,,BOS,IND,74,87,1
2012-01-06,2012,0,,LAL,GSW,97,90,1
2012-01-06,2012,0,,MIN,CLE,87,98,1
2012-01-06,2012,0,,CHO,ATL,96,102,1
2012-01-06,2012,0,,NOP,DEN,88,96,1
2012-01-06,2012,0,,PHO,POR,102,77,1
2012-01-07,2012,0,,LAC,MIL,92,86,1
2012-01-07,2012,0,,ATL,CHI,109,94,1
2012-01-07,2012,0,,IND,CHO,99,77,1
2012-01-07,2012,0,,HOU,OKC,95,98,1
2012-01-07,2012,0,,SAS,DEN,121,117,1
2012-01-07,2012,0,,DAL,NOP,96,81,1
2012-01-07,2012,0,,GSW,UTA,87,88,1
2012-01-07,2012,0,,NJN,MIA,90,101,1
2012-01-07,2012,0,,PHI,TOR,97,62,1
2012-01-07,2012,0,,DET,NYK,80,103,1
2012-01-08,2012,0,,PHO,MIL,109,93,1
2012-01-08,2012,0,,OKC,SAS,108,96,1
2012-01-08,2012,0,,WAS,MIN,72,93,1
2012-01-08,2012,0,,LAL,MEM,90,82,1
2012-01-08,2012,0,,SAC,ORL,97,104,1
2012-01-08,2012,0,,POR,CLE,98,78,1
2012-01-09,2012,0,,PHI,IND,96,86,1
2012-01-09,2012,0,,DEN,NOP,81,94,1
2012-01-09,2012,0,,TOR,MIN,97,87,1
2012-01-09,2012,0,,CHI,DET,92,68,1
2012-01-09,2012,0,,NYK,CHO,91,87,1
2012-01-09,2012,0,,NJN,ATL,101,106,1
2012-01-10,2012,0,,LAL,PHO,99,83,1
2012-01-10,2012,0,,POR,LAC,105,97,1
2012-01-10,2012,0,,UTA,CLE,113,105,1
2012-01-10,2012,0,,GSW,MIA,111,106,1
2012-01-10,2012,0,,PHI,SAC,112,85,1
2012-01-10,2012,0,,MIL,SAS,106,103,1
2012-01-10,2012,0,,MEM,OKC,95,100,1
2012-01-10,2012,0,,DET,DAL,86,100,1
2012-01-10,2012,0,,CHO,HOU,70,82,1
2012-01-10,2012,0,,WAS,TOR,93,78,1
2012-01-10,2012,0,,MIN,CHI,100,111,1
2012-01-11,2012,0,,CHI,WAS,78,64,1
2012-01-11,2012,0,,IND,ATL,96,84,1
2012-01-11,2012,0,,UTA,LAL,87,90,1
2012-01-11,2012,0,,TOR,SAC,91,98,1
2012-01-11,2012,0,,NOP,OKC,85,95,1
2012-01-11,2012,0,,BOS,DAL,85,90,1
2012-01-11,2012,0,,NYK,PHI,85,79,1
2012-01-11,2012,0,,SAS,HOU,101,95,1
2012-01-11,2012,0,,LAC,MIA,95,89,1
2012-01-11,2012,0,,POR,ORL,104,107,1
2012-01-11,2012,0,,DEN,NJN,123,115,1
2012-01-12,2012,0,,GSW,ORL,109,117,1
2012-01-12,2012,0,,MIL,DET,102,93,1
2012-01-12,2012,0,,PHO,CLE,90,101,1
2012-01-12,2012,0,,MEM,NYK,94,83,1
2012-01-12,2012,0,,ATL,CHO,111,81,1
2012-01-13,2012,0,,BOS,CHI,79,88,1
2012-01-13,2012,0,,TOR,IND,90,95,1
2012-01-13,2012,0,,HOU,SAC,103,89,1
2012-01-13,2012,0,,SAS,POR,99,83,1
2012-01-13,2012,0,,PHO,NJN,103,110,1
2012-01-13,2012,0,,LAL,CLE,97,92,1
2012-01-13,2012,0,,DAL,MIL,102,76,1
2012-01-13,2012,0,,CHO,DET,81,98,1
2012-01-13,2012,0,,PHI,WAS,120,89,1
2012-01-13,2012,0,,DEN,MIA,117,104,1
2012-01-13,2012,0,,NOP,MIN,80,87,1
2012-01-14,2012,0,,CHI,TOR,77,64,1
2012-01-14,2012,0,,DAL,SAC,99,60,1
2012-01-14,2012,0,,HOU,POR,107,105,1
2012-01-14,2012,0,,WAS,PHI,90,103,1
2012-01-14,2012,0,,CHO,GSW,112,100,1
2012-01-14,2012,0,,OKC,NYK,104,92,1
2012-01-14,2012,0,,ATL,MIN,93,91,1
2012-01-14,2012,0,,IND,BOS,97,83,1
2012-01-14,2012,0,,LAC,LAL,102,94,1
2012-01-14,2012,0,,MEM,NOP,108,99,1
2012-01-14,2012,0,,UTA,NJN,107,94,1
2012-01-15,2012,0,,SAS,PHO,102,91,1
2012-01-15,2012,0,,DEN,UTA,96,106,1
2012-01-15,2012,0,,DET,GSW,91,99,1
2012-01-16,2012,0,,LAC,NJN,101,91,1
2012-01-16,2012,0,,PHI,MIL,94,82,1
2012-01-16,2012,0,,NYK,ORL,93,102,1
2012-01-16,2012,0,,ATL,TOR,93,84,1
2012-01-16,2012,0,,MEM,CHI,102,86,1
2012-01-16,2012,0,,LAL,DAL,73,70,1
2012-01-16,2012,0,,MIN,SAC,99,86,1
2012-01-16,2012,0,,NOP,POR,77,84,1
2012-01-16,2012,0,,BOS,OKC,88,97,1
2012-01-16,2012,0,,CHO,CLE,94,102,1
2012-01-16,2012,0,,WAS,HOU,106,114,1
2012-01-17,2012,0,,UTA,LAC,108,79,1
2012-01-17,2012,0,,HOU,DET,97,80,1
2012-01-17,2012,0,,CHI,PHO,118,97,1
2012-01-17,2012,0,,MIA,SAS,120,98,1
2012-01-17,2012,0,,CLE,GSW,95,105,1
2012-01-17,2012,0,,MIL,DEN,95,105,1
2012-01-17,2012,0,,ORL,CHO,96,89,1
2012-01-18,2012,0,,NOP,MEM,87,93,1
2012-01-18,2012,0,,ORL,SAS,83,85,1
2012-01-18,2012,0,,BOS,TOR,96,73,1
2012-01-18,2012,0,,PHI,DEN,104,108,1
2012-01-18,2012,0,,LAC,DAL,91,89,1
2012-01-18,2012,0,,SAC,IND,92,88,1
2012-01-18,2012,0,,MIN,DET,93,85,1
2012-01-18,2012,0,,NYK,PHO,88,91,1
2012-01-18,2012,0,,NJN,GSW,107,100,1
2012-01-18,2012,0,,WAS,OKC,105,102,1
2012-01-18,2012,0,,ATL,POR,92,89,1
2012-01-19,2012,0,,HOU,NOP,90,88,1
2012-01-19,2012,0,,UTA,DAL,91,94,1
2012-01-19,2012,0,,MIA,LAL,98,87,1
2012-01-20,2012,0,,PHI,ATL,90,76,1
2012-01-20,2012,0,,DET,MEM,81,98,1
2012-01-20,2012,0,,GSW,IND,91,94,1
2012-01-20,2012,0,,ORL,LAL,92,80,1
2012-01-20,2012,0,,BOS,PHO,71,79,1
2012-01-20,2012,0,,TOR,POR,84,94,1
2012-01-20,2012,0,,WAS,DEN,104,108,1
2012-01-20,2012,0,,SAS,SAC,86,88,1
2012-01-20,2012,0,,CLE,CHI,75,114,1
2012-01-20,2012,0,,LAC,MIN,98,101,1
2012-01-20,2012,0,,NYK,MIL,86,100,1
2012-01-21,2012,0,,HOU,SAS,105,102,1
2012-01-21,2012,0,,NJN,OKC,74,84,1
2012-01-21,2012,0,,MIA,PHI,113,92,1
2012-01-21,2012,0,,ATL,CLE,121,94,1
2012-01-21,2012,0,,DET,POR,94,91,1
2012-01-21,2012,0,,CHI,CHO,95,89,1
2012-01-21,2012,0,,NYK,DEN,114,119,1
2012-01-21,2012,0,,UTA,MIN,108,98,1
2012-01-21,2012,0,,NOP,DAL,81,83,1
2012-01-21,2012,0,,MEM,SAC,128,95,1
2012-01-22,2012,0,,LAL,IND,96,98,1
2012-01-22,2012,0,,WAS,BOS,94,100,1
2012-01-22,2012,0,,MIA,MIL,82,91,1
2012-01-22,2012,0,,LAC,TOR,103,91,1
2012-01-22,2012,0,,NJN,CHO,97,87,1
2012-01-23,2012,0,,DAL,PHO,93,87,1
2012-01-23,2012,0,,BOS,ORL,87,56,1
2012-01-23,2012,0,,PHI,WAS,103,83,1
2012-01-23,2012,0,,NOP,SAS,102,104,1
2012-01-23,2012,0,,GSW,MEM,90,91,1
2012-01-23,2012,0,,CHI,NJN,110,95,1
2012-01-23,2012,0,,OKC,DET,99,79,1
2012-01-23,2012,0,,POR,SAC,101,89,1
2012-01-23,2012,0,,MIL,ATL,92,97,1
2012-01-23,2012,0,,MIN,HOU,92,107,1
2012-01-24,2012,0,,IND,ORL,83,102,1
2012-01-24,2012,0,,PHO,TOR,96,99,1
2012-01-24,2012,0,,POR,MEM,97,84,1
2012-01-24,2012,0,,CHO,NYK,78,111,1
2012-01-24,2012,0,,MIA,CLE,92,85,1
2012-01-25,2012,0,,OKC,NOP,101,91,1
2012-01-25,2012,0,,WAS,CHO,92,75,1
2012-01-25,2012,0,,HOU,MIL,99,105,1
2012-01-25,2012,0,,DET,MIA,98,101,1
2012-01-25,2012,0,,PHI,NJN,90,97,1
2012-01-25,2012,0,,DAL,MIN,90,105,1
2012-01-25,2012,0,,SAS,ATL,105,83,1
2012-01-25,2012,0,,LAL,LAC,96,91,1
2012-01-25,2012,0,,UTA,TOR,106,111,1
2012-01-25,2012,0,,CHI,IND,90,95,1
2012-01-25,2012,0,,CLE,NYK,91,81,1
2012-01-25,2012,0,,GSW,POR,101,93,1
2012-01-25,2012,0,,SAC,DEN,93,122,1
2012-01-26,2012,0,,ORL,BOS,83,91,1
2012-01-26,2012,0,,LAC,MEM,98,91,1
2012-01-27,2012,0,,MIA,NYK,99,89,1
2012-01-27,2012,0,,GSW,OKC,109,120,1
2012-01-27,2012,0,,DET,ATL,101,107,1
2012-01-27,2012,0,,MIN,SAS,87,79,1
2012-01-27,2012,0,,POR,PHO,109,71,1
2012-01-27,2012,0,,DAL,UTA,116,101,1
2012-01-27,2012,0,,CLE,NJN,96,99,1
2012-01-27,2012,0,,BOS,IND,94,87,1
2012-01-27,2012,0,,DEN,TOR,96,81,1
2012-01-27,2012,0,,PHI,CHO,89,72,1
2012-01-27,2012,0,,NOP,ORL,93,67,1
2012-01-27,2012,0,,CHI,MIL,107,100,1
2012-01-27,2012,0,,HOU,WAS,103,76,1
2012-01-28,2012,0,,CHO,WAS,99,102,1
2012-01-28,2012,0,,MIL,LAL,100,89,1
2012-01-28,2012,0,,UTA,SAC,96,93,1
2012-01-28,2012,0,,HOU,NYK,97,84,1
2012-01-28,2012,0,,PHO,MEM,86,84,1
2012-01-28,2012,0,,PHI,DET,95,74,1
2012-01-29,2012,0,,MIA,CHI,97,93,1
2012-01-29,2012,0,,DAL,SAS,101,100,1
2012-01-29,2012,0,,MIN,LAL,101,106,1
2012-01-29,2012,0,,ORL,IND,85,106,1
2012-01-29,2012,0,,NOP,ATL,72,94,1
2012-01-29,2012,0,,DEN,LAC,105,109,1
2012-01-29,2012,0,,BOS,CLE,87,88,1
2012-01-29,2012,0,,NJN,TOR,73,94,1
2012-01-30,2012,0,,MIA,NOP,109,95,1
2012-01-30,2012,0,,PHO,DAL,99,122,1
2012-01-30,2012,0,,LAC,OKC,112,100,1
2012-01-30,2012,0,,HOU,MIN,108,120,1
2012-01-30,2012,0,,PHI,ORL,74,69,1
2012-01-30,2012,0,,UTA,POR,93,89,1
2012-01-30,2012,0,,MIL,DET,103,82,1
2012-01-30,2012,0,,WAS,CHI,88,98,1
2012-01-30,2012,0,,MEM,SAS,73,83,1
2012-01-31,2012,0,,GSW,SAC,93,90,1
2012-01-31,2012,0,,TOR,ATL,77,100,1
2012-01-31,2012,0,,MEM,DEN,100,97,1
2012-01-31,2012,0,,CLE,BOS,90,93,1
2012-01-31,2012,0,,NYK,DET,113,86,1
2012-01-31,2012,0,,IND,NJN,106,99,1
2012-01-31,2012,0,,LAL,CHO,106,73,1
2012-02-01,2012,0,,PHI,CHI,98,82,1
2012-02-01,2012,0,,SAS,HOU,99,91,1
2012-02-01,2012,0,,NJN,DET,99,96,1
2012-02-01,2012,0,,NOP,PHO,103,120,1
2012-02-01,2012,0,,MIL,MIA,105,97,1
2012-02-01,2012,0,,POR,CHO,112,68,1
2012-02-01,2012,0,,MIN,IND,99,109,1
2012-02-01,2012,0,,DAL,OKC,86,95,1
2012-02-01,2012,0,,BOS,TOR,100,64,1
2012-02-01,2012,0,,ORL,WAS,109,103,1
2012-02-01,2012,0,,UTA,LAC,105,107,1
2012-02-02,2012,0,,GSW,UTA,119,101,1
2012-02-02,2012,0,,NYK,CHI,102,105,1
2012-02-02,2012,0,,SAS,NOP,93,81,1
2012-02-02,2012,0,,LAC,DEN,91,112,1
2012-02-02,2012,0,,ATL,MEM,77,96,1
2012-02-02,2012,0,,SAC,POR,95,92,1
2012-02-03,2012,0,,PHI,MIA,79,99,1
2012-02-03,2012,0,,OKC,MEM,101,94,1
2012-02-03,2012,0,,TOR,WAS,106,89,1
2012-02-03,2012,0,,ORL,CLE,102,94,1
2012-02-03,2012,0,,DET,MIL,88,80,1
2012-02-03,2012,0,,DAL,IND,87,98,1
2012-02-03,2012,0,,NJN,MIN,105,108,1
2012-02-03,2012,0,,BOS,NYK,91,89,1
2012-02-03,2012,0,,DEN,LAL,89,93,1
2012-02-03,2012,0,,HOU,PHO,99,81,1
2012-02-04,2012,0,,MIN,HOU,100,91,1
2012-02-04,2012,0,,WAS,LAC,81,107,1
2012-02-04,2012,0,,SAS,OKC,107,96,1
2012-02-04,2012,0,,PHO,CHO,95,89,1
2012-02-04,2012,0,,MIL,CHI,90,113,1
2012-02-04,2012,0,,POR,DEN,117,97,1
2012-02-04,2012,0,,SAC,GSW,114,106,1
2012-02-04,2012,0,,DET,NOP,89,87,1
2012-02-04,2012,0,,CLE,DAL,91,88,1
2012-02-04,2012,0,,NYK,NJN,99,92,1
2012-02-04,2012,0,,IND,ORL,81,85,1
2012-02-04,2012,0,,ATL,PHI,87,98,1
2012-02-04,2012,0,,UTA,LAL,96,87,1
2012-02-05,2012,0,,MIA,TOR,95,89,1
2012-02-05,2012,0,,BOS,MEM,98,80,1
2012-02-06,2012,0,,NOP,SAC,92,100,1
2012-02-06,2012,0,,MEM,SAS,84,89,1
2012-02-06,2012,0,,DEN,HOU,90,99,1
2012-02-06,2012,0,,WAS,TOR,111,108,1
2012-02-06,2012,0,,ORL,LAC,102,107,1
2012-02-06,2012,0,,ATL,PHO,90,99,1
2012-02-06,2012,0,,POR,OKC,107,111,1
2012-02-06,2012,0,,PHI,LAL,95,90,1
2012-02-06,2012,0,,NJN,CHI,87,108,1
2012-02-06,2012,0,,NYK,UTA,99,88,1
2012-02-07,2012,0,,IND,UTA,104,99,1
2012-02-07,2012,0,,GSW,OKC,116,119,1
2012-02-07,2012,0,,BOS,CHO,94,84,1
2012-02-07,2012,0,,MIA,CLE,107,91,1
2012-02-07,2012,0,,MIL,PHO,105,107,1
2012-02-07,2012,0,,MIN,SAC,86,84,1
2012-02-08,2012,0,,WAS,NYK,93,107,1
2012-02-08,2012,0,,CLE,LAC,99,92,1
2012-02-08,2012,0,,POR,HOU,96,103,1
2012-02-08,2012,0,,DEN,DAL,95,105,1
2012-02-08,2012,0,,NOP,CHI,67,90,1
2012-02-08,2012,0,,NJN,DET,92,99,1
2012-02-08,2012,0,,MEM,MIN,85,80,1
2012-02-08,2012,0,,PHI,SAS,90,100,1
2012-02-08,2012,0,,TOR,MIL,99,105,1
2012-02-08,2012,0,,ORL,MIA,102,89,1
2012-02-08,2012,0,,ATL,IND,97,87,1
2012-02-09,2012,0,,DEN,GSW,101,109,1
2012-02-09,2012,0,,PHO,HOU,89,96,1
2012-02-09,2012,0,,SAC,OKC,106,101,1
2012-02-09,2012,0,,BOS,LAL,87,88,1
2012-02-10,2012,0,,WAS,MIA,89,106,1
2012-02-10,2012,0,,ORL,ATL,87,89,1
2012-02-10,2012,0,,PHI,LAC,77,78,1
2012-02-10,2012,0,,CHO,CHI,64,95,1
2012-02-10,2012,0,,CLE,MIL,112,113,1
2012-02-10,2012,0,,DET,NJN,109,92,1
2012-02-10,2012,0,,MIN,DAL,97,104,1
2012-02-10,2012,0,,MEM,IND,98,92,1
2012-02-10,2012,0,,UTA,OKC,87,101,1
2012-02-10,2012,0,,TOR,BOS,86,74,1
2012-02-10,2012,0,,NOP,POR,86,94,1
2012-02-10,2012,0,,NYK,LAL,92,85,1
2012-02-11,2012,0,,DAL,POR,97,94,1
2012-02-11,2012,0,,NJN,SAS,89,103,1
2012-02-11,2012,0,,CLE,PHI,84,99,1
2012-02-11,2012,0,,IND,DEN,109,113,1
2012-02-11,2012,0,,SAC,PHO,84,98,1
2012-02-11,2012,0,,CHO,LAC,86,111,1
2012-02-11,2012,0,,MIN,NYK,98,100,1
2012-02-11,2012,0,,MIL,ORL,94,99,1
2012-02-12,2012,0,,TOR,LAL,92,94,1
2012-02-12,2012,0,,GSW,HOU,106,97,1
2012-02-12,2012,0,,BOS,CHI,95,91,1
2012-02-12,2012,0,,ATL,MIA,87,107,1
2012-02-12,2012,0,,MEM,UTA,88,98,1
2012-02-12,2012,0,,DET,WAS,77,98,1
2012-02-13,2012,0,,DAL,LAC,96,92,1
2012-02-13,2012,0,,GSW,PHO,102,96,1
2012-02-13,2012,0,,ORL,MIN,102,89,1
2012-02-13,2012,0,,NOP,UTA,86,80,1
2012-02-13,2012,0,,MIL,MIA,96,114,1
2012-02-13,2012,0,,CHO,PHI,89,98,1
2012-02-14,2012,0,,DET,SAS,95,99,1
2012-02-14,2012,0,,DEN,PHO,109,92,1
2012-02-14,2012,0,,POR,WAS,109,124,1
2012-02-14,2012,0,,OKC,UTA,111,85,1
2012-02-14,2012,0,,LAL,ATL,86,78,1
2012-02-14,2012,0,,IND,MIA,90,105,1
2012-02-14,2012,0,,CHI,SAC,121,115,1
2012-02-14,2012,0,,MEM,HOU,93,83,1
2012-02-14,2012,0,,TOR,NYK,87,90,1
2012-02-15,2012,0,,HOU,OKC,96,95,1
2012-02-15,2012,0,,GSW,POR,91,93,1
2012-02-15,2012,0,,PHO,ATL,99,101,1
2012-02-15,2012,0,,MIN,CHO,102,90,1
2012-02-15,2012,0,,MIL,NOP,89,92,1
2012-02-15,2012,0,,NYK,SAC,100,85,1
2012-02-15,2012,0,,BOS,DET,88,98,1
2012-02-15,2012,0,,ORL,PHI,103,87,1
2012-02-15,2012,0,,LAC,WAS,102,84,1
2012-02-15,2012,0,,DAL,DEN,102,84,1
2012-02-15,2012,0,,NJN,MEM,100,105,1
2012-02-15,2012,0,,CLE,IND,98,87,1
2012-02-15,2012,0,,TOR,SAS,106,113,1
2012-02-16,2012,0,,CHI,BOS,89,80,1
2012-02-16,2012,0,,POR,LAC,71,74,1
2012-02-16,2012,0,,IND,NJN,93,88,1
2012-02-17,2012,0,,OKC,GSW,110,87,1
2012-02-17,2012,0,,LAL,PHO,111,99,1
2012-02-17,2012,0,,MEM,DEN,103,102,1
2012-02-17,2012,0,,NYK,NOP,85,89,1
2012-02-17,2012,0,,HOU,MIN,98,111,1
2012-02-17,2012,0,,DET,SAC,114,108,1
2012-02-17,2012,0,,CLE,MIA,87,111,1
2012-02-17,2012,0,,UTA,WAS,114,100,1
2012-02-17,2012,0,,TOR,CHO,91,98,1
2012-02-17,2012,0,,PHI,DAL,75,82,1
2012-02-17,2012,0,,ORL,MIL,94,85,1
2012-02-18,2012,0,,CHI,NJN,85,97,1
2012-02-18,2012,0,,MEM,GSW,104,103,1
2012-02-18,2012,0,,POR,ATL,97,77,1
2012-02-18,2012,0,,LAC,SAS,100,103,1
2012-02-19,2012,0,,NJN,MIL,85,92,1
2012-02-19,2012,0,,MIA,ORL,90,78,1
2012-02-19,2012,0,,HOU,UTA,101,85,1
2012-02-19,2012,0,,PHO,LAL,102,90,1
2012-02-19,2012,0,,OKC,DEN,124,118,1
2012-02-19,2012,0,,IND,CHO,108,73,1
2012-02-19,2012,0,,MIN,PHI,92,91,1
2012-02-19,2012,0,,CLE,SAC,93,92,1
2012-02-19,2012,0,,DET,BOS,96,81,1
2012-02-19,2012,0,,NYK,DAL,104,97,1
2012-02-20,2012,0,,OKC,NOP,101,93,1
2012-02-20,2012,0,,UTA,SAS,102,106,1
2012-02-20,2012,0,,LAL,POR,103,92,1
2012-02-20,2012,0,,DEN,MIN,103,101,1
2012-02-20,2012,0,,GSW,LAC,104,97,1
2012-02-20,2012,0,,HOU,MEM,97,93,1
2012-02-20,2012,0,,NYK,NJN,92,100,1
2012-02-20,2012,0,,CHI,ATL,90,79,1
2012-02-20,2012,0,,MIL,ORL,90,93,1
2012-02-20,2012,0,,DAL,BOS,89,73,1
2012-02-20,2012,0,,PHO,WAS,104,88,1
2012-02-21,2012,0,,MIA,SAC,120,108,1
2012-02-21,2012,0,,MEM,PHI,89,76,1
2012-02-21,2012,0,,POR,SAS,137,97,1
2012-02-21,2012,0,,CLE,DET,101,100,1
2012-02-21,2012,0,,IND,NOP,117,108,1
2012-02-22,2012,0,,CLE,NOP,84,89,1
2012-02-22,2012,0,,CHI,MIL,110,91,1
2012-02-22,2012,0,,NJN,ORL,91,108,1
2012-02-22,2012,0,,MIN,UTA,100,98,1
2012-02-22,2012,0,,OKC,BOS,119,104,1
2012-02-22,2012,0,,TOR,DET,103,93,1
2012-02-22,2012,0,,LAC,DEN,103,95,1
2012-02-22,2012,0,,DAL,LAL,91,96,1
2012-02-22,2012,0,,HOU,PHI,93,87,1
2012-02-22,2012,0,,WAS,SAC,107,115,1
2012-02-22,2012,0,,CHO,IND,88,102,1
2012-02-22,2012,0,,PHO,GSW,104,106,1
2012-02-22,2012,0,,NYK,ATL,99,82,1
2012-02-23,2012,0,,MIA,NYK,102,88,1
2012-02-23,2012,0,,ATL,ORL,83,78,1
2012-02-23,2012,0,,DEN,SAS,99,114,1
2012-02-23,2012,0,,OKC,LAL,100,85,1
2012-02-28,2012,0,,CHI,NOP,99,95,1
2012-02-28,2012,0,,CLE,BOS,83,86,1
2012-02-28,2012,0,,HOU,TOR,88,85,1
2012-02-28,2012,0,,DAL,NJN,92,93,1
2012-02-28,2012,0,,IND,GSW,102,78,1
2012-02-28,2012,0,,MIL,WAS,119,118,1
2012-02-28,2012,0,,LAC,MIN,97,109,1
2012-02-28,2012,0,,DET,PHI,68,97,1
2012-02-28,2012,0,,SAC,UTA,103,96,1
2012-02-29,2012,0,,NYK,CLE,120,103,1
2012-02-29,2012,0,,LAL,MIN,104,85,1
2012-02-29,2012,0,,UTA,HOU,104,83,1
2012-02-29,2012,0,,SAS,CHI,89,96,1
2012-02-29,2012,0,,WAS,ORL,95,102,1
2012-02-29,2012,0,,MEM,DAL,96,85,1
2012-02-29,2012,0,,NOP,TOR,84,95,1
2012-02-29,2012,0,,DET,CHO,109,94,1
2012-02-29,2012,0,,DEN,POR,104,95,1
2012-02-29,2012,0,,ATL,GSW,82,85,1
2012-02-29,2012,0,,BOS,MIL,102,96,1
2012-02-29,2012,0,,PHI,OKC,88,92,1
2012-03-01,2012,0,,ORL,OKC,102,105,1
2012-03-01,2012,0,,PHO,MIN,104,95,1
2012-03-01,2012,0,,SAC,LAC,100,108,1
2012-03-01,2012,0,,POR,MIA,93,107,1
2012-03-02,2012,0,,CLE,CHI,91,112,1
2012-03-02,2012,0,,LAL,SAC,115,107,1
2012-03-02,2012,0,,TOR,MEM,99,102,1
2012-03-02,2012,0,,BOS,NJN,107,94,1
2012-03-02,2012,0,,PHI,GSW,105,83,1
2012-03-02,2012,0,,UTA,MIA,99,98,1
2012-03-02,2012,0,,PHO,LAC,81,78,1
2012-03-02,2012,0,,NOP,DAL,97,92,1
2012-03-02,2012,0,,ATL,MIL,99,94,1
2012-03-02,2012,0,,SAS,CHO,102,72,1
2012-03-02,2012,0,,HOU,DEN,105,117,1
2012-03-03,2012,0,,POR,MIN,110,122,1
2012-03-03,2012,0,,WAS,CLE,101,98,1
2012-03-03,2012,0,,ATL,OKC,97,90,1
2012-03-03,2012,0,,DAL,UTA,102,96,1
2012-03-03,2012,0,,NOP,IND,84,102,1
2012-03-03,2012,0,,ORL,MIL,114,98,1
2012-03-03,2012,0,,MEM,DET,100,83,1
2012-03-04,2012,0,,HOU,LAC,103,105,1
2012-03-04,2012,0,,LAL,MIA,93,83,1
2012-03-04,2012,0,,BOS,NYK,115,111,1
2012-03-04,2012,0,,CHO,NJN,101,104,1
2012-03-04,2012,0,,TOR,GSW,83,75,1
2012-03-04,2012,0,,PHI,CHI,91,96,1
2012-03-04,2012,0,,PHO,SAC,96,88,1
2012-03-04,2012,0,,SAS,DEN,94,99,1
2012-03-05,2012,0,,WAS,GSW,100,120,1
2012-03-05,2012,0,,MIL,PHI,97,93,1
2012-03-05,2012,0,,OKC,DAL,95,91,1
2012-03-05,2012,0,,TOR,ORL,88,92,1
2012-03-05,2012,0,,MIN,LAC,95,94,1
2012-03-05,2012,0,,DEN,SAC,119,116,1
2012-03-05,2012,0,,CLE,UTA,100,109,1
2012-03-05,2012,0,,CHI,IND,92,72,1
2012-03-05,2012,0,,POR,NOP,86,74,1
2012-03-06,2012,0,,CHO,ORL,100,84,1
2012-03-06,2012,0,,MIA,NJN,108,78,1
2012-03-06,2012,0,,DET,LAL,88,85,1
2012-03-06,2012,0,,DAL,NYK,95,85,1
2012-03-06,2012,0,,IND,ATL,96,101,1
2012-03-06,2012,0,,BOS,HOU,97,92,1
2012-03-07,2012,0,,CHO,UTA,93,99,1
2012-03-07,2012,0,,WAS,LAL,106,101,1
2012-03-07,2012,0,,MIL,CHI,104,106,1
2012-03-07,2012,0,,SAS,NYK,118,105,1
2012-03-07,2012,0,,SAC,NOP,99,98,1
2012-03-07,2012,0,,MIA,ATL,89,86,1
2012-03-07,2012,0,,OKC,PHO,115,104,1
2012-03-07,2012,0,,PHI,BOS,103,71,1
2012-03-07,2012,0,,TOR,HOU,116,98,1
2012-03-07,2012,0,,DEN,CLE,99,100,1
2012-03-07,2012,0,,GSW,MEM,92,110,1
2012-03-07,2012,0,,MIN,POR,106,94,1
2012-03-07,2012,0,,NJN,LAC,101,100,1
2012-03-08,2012,0,,PHO,DAL,96,94,1
2012-03-08,2012,0,,CHI,ORL,94,99,1
2012-03-09,2012,0,,SAS,LAC,108,120,1
2012-03-09,2012,0,,PHI,UTA,104,91,1
2012-03-09,2012,0,,CHO,NJN,74,83,1
2012-03-09,2012,0,,BOS,POR,104,86,1
2012-03-09,2012,0,,SAC,DAL,110,97,1
2012-03-09,2012,0,,DET,ATL,86,85,1
2012-03-09,2012,0,,MIN,LAL,102,105,1
2012-03-09,2012,0,,MIL,NYK,119,114,1
2012-03-09,2012,0,,DEN,NOP,110,97,1
2012-03-09,2012,0,,OKC,CLE,90,96,1
2012-03-10,2012,0,,DET,TOR,105,86,1
2012-03-10,2012,0,,MIA,IND,93,91,1
2012-03-10,2012,0,,GSW,DAL,111,87,1
2012-03-10,2012,0,,PHO,MEM,98,91,1
2012-03-10,2012,0,,CHI,UTA,111,97,1
2012-03-10,2012,0,,NJN,HOU,106,112,1
2012-03-10,2012,0,,MIN,NOP,89,95,1
2012-03-10,2012,0,,WAS,POR,99,110,1
2012-03-10,2012,0,,OKC,CHO,122,95,1
2012-03-11,2012,0,,SAC,ATL,99,106,1
2012-03-11,2012,0,,NYK,PHI,94,106,1
2012-03-11,2012,0,,LAL,BOS,97,94,1
2012-03-11,2012,0,,TOR,MIL,99,105,1
2012-03-11,2012,0,,ORL,IND,107,94,1
2012-03-11,2012,0,,CLE,HOU,118,107,1
2012-03-11,2012,0,,DEN,MEM,91,94,1
2012-03-11,2012,0,,LAC,GSW,93,97,1
2012-03-12,2012,0,,NOP,CHO,71,73,1
2012-03-12,2012,0,,UTA,DET,105,90,1
2012-03-12,2012,0,,CHI,NYK,104,99,1
2012-03-12,2012,0,,SAS,WAS,112,97,1
2012-03-12,2012,0,,NJN,MIL,99,105,1
2012-03-12,2012,0,,PHO,MIN,124,127,1
2012-03-12,2012,0,,LAC,BOS,85,94,1
2012-03-13,2012,0,,DAL,WAS,107,98,1
2012-03-13,2012,0,,OKC,HOU,103,104,1
2012-03-13,2012,0,,SAC,GSW,89,115,1
2012-03-13,2012,0,,DEN,ATL,118,117,1
2012-03-13,2012,0,,MEM,LAL,111,116,1
2012-03-13,2012,0,,ORL,MIA,104,98,1
2012-03-13,2012,0,,CLE,TOR,88,96,1
2012-03-13,2012,0,,IND,POR,92,75,1
2012-03-14,2012,0,,MIL,CLE,115,105,1
2012-03-14,2012,0,,CHI,MIA,106,102,1
2012-03-14,2012,0,,PHO,UTA,120,111,1
2012-03-14,2012,0,,GSW,BOS,103,105,1
2012-03-14,2012,0,,SAS,ORL,122,111,1
2012-03-14,2012,0,,HOU,CHO,107,87,1
2012-03-14,2012,0,,NJN,TOR,98,84,1
2012-03-14,2012,0,,IND,PHI,111,94,1
2012-03-14,2012,0,,NYK,POR,121,79,1
2012-03-14,2012,0,,LAC,ATL,96,82,1
2012-03-14,2012,0,,SAC,DET,112,124,1
2012-03-14,2012,0,,NOP,LAL,101,107,1
2012-03-15,2012,0,,LAC,PHO,87,91,1
2012-03-15,2012,0,,UTA,MIN,111,105,1
2012-03-15,2012,0,,DEN,OKC,90,103,1
2012-03-15,2012,0,,DAL,CHO,101,96,1
2012-03-15,2012,0,,NOP,WAS,89,99,1
2012-03-16,2012,0,,CHI,POR,89,100,1
2012-03-16,2012,0,,PHI,MIA,78,84,1
2012-03-16,2012,0,,ATL,WAS,102,88,1
2012-03-16,2012,0,,GSW,MIL,98,120,1
2012-03-16,2012,0,,NYK,IND,115,100,1
2012-03-16,2012,0,,LAL,MIN,97,92,1
2012-03-16,2012,0,,PHO,DET,109,101,1
2012-03-16,2012,0,,ORL,NJN,86,70,1
2012-03-16,2012,0,,MEM,TOR,110,114,1
2012-03-16,2012,0,,SAC,BOS,120,95,1
2012-03-16,2012,0,,OKC,SAS,105,114,1
2012-03-17,2012,0,,NJN,NOP,94,102,1
2012-03-17,2012,0,,DEN,BOS,98,91,1
2012-03-17,2012,0,,CHI,PHI,89,80,1
2012-03-17,2012,0,,CHO,TOR,107,103,1
2012-03-17,2012,0,,LAC,HOU,95,91,1
2012-03-17,2012,0,,IND,NYK,88,102,1
2012-03-17,2012,0,,DAL,SAS,106,99,1
2012-03-17,2012,0,,UTA,GSW,99,92,1
2012-03-18,2012,0,,PHO,HOU,99,86,1
2012-03-18,2012,0,,LAL,UTA,99,103,1
2012-03-18,2012,0,,LAC,DET,87,83,1
2012-03-18,2012,0,,MIA,ORL,91,81,1
2012-03-18,2012,0,,CLE,ATL,87,103,1
2012-03-18,2012,0,,SAC,MIN,115,99,1
2012-03-18,2012,0,,MEM,WAS,97,92,1
2012-03-18,2012,0,,OKC,POR,111,95,1
2012-03-19,2012,0,,ORL,CHI,59,85,1
2012-03-19,2012,0,,ATL,BOS,76,79,1
2012-03-19,2012,0,,NJN,CLE,100,105,1
2012-03-19,2012,0,,CHO,PHI,80,105,1
2012-03-19,2012,0,,GSW,MIN,93,97,1
2012-03-19,2012,0,,DEN,DAL,95,112,1
2012-03-20,2012,0,,POR,MIL,87,116,1
2012-03-20,2012,0,,HOU,LAL,107,104,1
2012-03-20,2012,0,,UTA,OKC,97,90,1
2012-03-20,2012,0,,IND,LAC,102,89,1
2012-03-20,2012,0,,NYK,TOR,106,87,1
2012-03-20,2012,0,,MIA,PHO,99,95,1
2012-03-20,2012,0,,SAC,MEM,119,110,1
2012-03-21,2012,0,,OKC,LAC,114,91,1
2012-03-21,2012,0,,NOP,GSW,92,101,1
2012-03-21,2012,0,,TOR,CHI,82,94,1
2012-03-21,2012,0,,ORL,PHO,103,93,1
2012-03-21,2012,0,,ATL,CLE,103,102,1
2012-03-21,2012,0,,DEN,DET,116,115,1
2012-03-21,2012,0,,PHI,NYK,79,82,1
2012-03-21,2012,0,,NJN,WAS,89,108,1
2012-03-21,2012,0,,DAL,LAL,93,109,1
2012-03-21,2012,0,,SAS,MIN,116,100,1
2012-03-22,2012,0,,POR,MEM,97,93,1
2012-03-22,2012,0,,WAS,IND,83,85,1
2012-03-22,2012,0,,NOP,LAC,97,90,1
2012-03-22,2012,0,,MIL,BOS,91,100,1
2012-03-22,2012,0,,SAC,UTA,102,103,1
2012-03-22,2012,0,,HOU,GSW,109,83,1
2012-03-23,2012,0,,UTA,DEN,121,102,1
2012-03-23,2012,0,,IND,PHO,111,113,1
2012-03-23,2012,0,,DET,MIA,73,88,1
2012-03-23,2012,0,,ATL,NJN,93,84,1
2012-03-23,2012,0,,OKC,MIN,149,140,1
2012-03-23,2012,0,,ORL,CLE,93,80,1
2012-03-23,2012,0,,TOR,NYK,96,79,1
2012-03-23,2012,0,,CHO,MIL,92,112,1
2012-03-23,2012,0,,PHI,BOS,99,86,1
2012-03-23,2012,0,,SAS,DAL,104,87,1
2012-03-23,2012,0,,LAL,POR,103,96,1
2012-03-24,2012,0,,WAS,ATL,92,95,1
2012-03-24,2012,0,,MIL,IND,104,125,1
2012-03-24,2012,0,,NOP,SAS,86,89,1
2012-03-24,2012,0,,NYK,DET,101,79,1
2012-03-24,2012,0,,NJN,CHO,102,89,1
2012-03-24,2012,0,,HOU,DAL,99,101,1
2012-03-24,2012,0,,LAC,MEM,101,85,1
2012-03-24,2012,0,,CHI,TOR,102,101,1
2012-03-24,2012,0,,GSW,SAC,111,108,1
2012-03-25,2012,0,,MIN,DEN,117,100,1
2012-03-25,2012,0,,BOS,WAS,88,76,1
2012-03-25,2012,0,,SAS,PHI,93,76,1
2012-03-25,2012,0,,OKC,MIA,103,87,1
2012-03-25,2012,0,,ATL,UTA,139,133,1
2012-03-25,2012,0,,LAL,MEM,96,102,1
2012-03-25,2012,0,,POR,GSW,90,87,1
2012-03-25,2012,0,,CLE,PHO,83,108,1
2012-03-26,2012,0,,CHO,BOS,95,102,1
2012-03-26,2012,0,,LAC,NOP,97,85,1
2012-03-26,2012,0,,HOU,SAC,113,106,1
2012-03-26,2012,0,,TOR,ORL,101,117,1
2012-03-26,2012,0,,NYK,MIL,89,80,1
2012-03-26,2012,0,,CHI,DEN,91,108,1
2012-03-26,2012,0,,NJN,UTA,84,105,1
2012-03-26,2012,0,,IND,MIA,105,90,1
2012-03-26,2012,0,,WAS,DET,77,79,1
2012-03-27,2012,0,,POR,OKC,95,109,1
2012-03-27,2012,0,,PHO,SAS,100,107,1
2012-03-27,2012,0,,MEM,MIN,93,86,1
2012-03-27,2012,0,,GSW,LAL,101,104,1
2012-03-27,2012,0,,MIL,ATL,108,101,1
2012-03-27,2012,0,,PHI,CLE,103,85,1
2012-03-27,2012,0,,DAL,HOU,90,81,1
2012-03-28,2012,0,,NJN,IND,100,84,1
2012-03-28,2012,0,,GSW,NOP,87,102,1
2012-03-28,2012,0,,CHO,MIN,83,88,1
2012-03-28,2012,0,,TOR,DEN,105,96,1
2012-03-28,2012,0,,NYK,ORL,108,86,1
2012-03-28,2012,0,,BOS,UTA,94,82,1
2012-03-28,2012,0,,SAC,SAS,112,117,1
2012-03-28,2012,0,,LAC,PHO,103,86,1
2012-03-28,2012,0,,CLE,DET,75,87,1
2012-03-28,2012,0,,ATL,CHI,77,98,1
2012-03-29,2012,0,,MIA,DAL,106,85,1
2012-03-29,2012,0,,POR,NOP,99,93,1
2012-03-29,2012,0,,LAL,OKC,93,102,1
2012-03-29,2012,0,,IND,WAS,93,89,1
2012-03-30,2012,0,,MIN,BOS,79,100,1
2012-03-30,2012,0,,ORL,DAL,98,100,1
2012-03-30,2012,0,,UTA,SAC,103,104,1
2012-03-30,2012,0,,GSW,NJN,100,102,1
2012-03-30,2012,0,,LAC,POR,98,97,1
2012-03-30,2012,0,,CHO,DEN,88,99,1
2012-03-30,2012,0,,CHI,DET,83,71,1
2012-03-30,2012,0,,HOU,MEM,98,89,1
2012-03-30,2012,0,,WAS,PHI,97,76,1
2012-03-30,2012,0,,TOR,MIA,101,113,1
2012-03-30,2012,0,,ATL,NYK,100,90,1
2012-03-30,2012,0,,CLE,MIL,84,121,1
2012-03-31,2012,0,,SAC,NJN,99,111,1
2012-03-31,2012,0,,DET,CHO,110,107,1
2012-03-31,2012,0,,SAS,IND,112,103,1
2012-03-31,2012,0,,NYK,CLE,91,75,1
2012-03-31,2012,0,,LAL,NOP,88,85,1
2012-03-31,2012,0,,PHI,ATL,95,90,1
2012-03-31,2012,0,,MIL,MEM,95,99,1
2012-03-31,2012,0,,LAC,UTA,105,96,1
2012-04-01,2012,0,,HOU,IND,102,104,1
2012-04-01,2012,0,,OKC,CHI,92,78,1
2012-04-01,2012,0,,ORL,DEN,101,104,1
2012-04-01,2012,0,,POR,MIN,119,106,1
2012-04-01,2012,0,,PHO,NOP,92,75,1
2012-04-01,2012,0,,TOR,WAS,99,92,1
2012-04-01,2012,0,,LAL,GSW,120,112,1
2012-04-01,2012,0,,BOS,MIA,91,72,1
2012-04-02,2012,0,,DAL,LAC,75,94,1
2012-04-02,2012,0,,OKC,MEM,88,94,1
2012-04-02,2012,0,,CHI,HOU,93,99,1
2012-04-02,2012,0,,SAC,MIN,116,108,1
2012-04-02,2012,0,,POR,UTA,97,102,1
2012-04-02,2012,0,,WAS,MIL,98,112,1
2012-04-03,2012,0,,IND,NYK,112,104,1
2012-04-03,2012,0,,DET,ORL,102,95,1
2012-04-03,2012,0,,MEM,GSW,98,94,1
2012-04-03,2012,0,,SAC,PHO,100,109,1
2012-04-03,2012,0,,TOR,CHO,92,87,1
2012-04-03,2012,0,,LAL,NJN,91,87,1
2012-04-03,2012,0,,MIA,PHI,99,93,1
2012-04-03,2012,0,,CLE,SAS,90,125,1
2012-04-04,2012,0,,DAL,MEM,95,85,1
2012-04-04,2012,0,,WAS,IND,96,109,1
2012-04-04,2012,0,,MIN,GSW,94,97,1
2012-04-04,2012,0,,NOP,DEN,94,92,1
2012-04-04,2012,0,,ATL,CHO,120,93,1
2012-04-04,2012,0,,MIA,OKC,98,93,1
2012-04-04,2012,0,,PHI,TOR,78,99,1
2012-04-04,2012,0,,BOS,SAS,86,87,1
2012-04-04,2012,0,,MIL,CLE,107,98,1
2012-04-04,2012,0,,UTA,PHO,105,107,1
2012-04-04,2012,0,,POR,NJN,101,88,1
2012-04-04,2012,0,,LAC,LAL,108,113,1
2012-04-05,2012,0,,ORL,NYK,80,96,1
2012-04-05,2012,0,,SAC,LAC,85,93,1
2012-04-05,2012,0,,DET,WAS,99,94,1
2012-04-05,2012,0,,CHI,BOS,93,86,1
2012-04-06,2012,0,,IND,OKC,103,98,1
2012-04-06,2012,0,,MIL,CHO,95,90,1
2012-04-06,2012,0,,UTA,GSW,104,98,1
2012-04-06,2012,0,,TOR,CLE,80,84,1
2012-04-06,2012,0,,DAL,POR,97,99,1
2012-04-06,2012,0,,NJN,WAS,110,98,1
2012-04-06,2012,0,,MIA,MEM,82,97,1
2012-04-06,2012,0,,ATL,DET,101,96,1
2012-04-06,2012,0,,LAL,HOU,107,112,1
2012-04-06,2012,0,,DEN,PHO,105,99,1
2012-04-06,2012,0,,SAS,NOP,128,103,1
2012-04-07,2012,0,,MEM,DAL,94,89,1
2012-04-07,2012,0,,CHO,ATL,96,116,1
2012-04-07,2012,0,,LAC,SAC,109,94,1
2012-04-07,2012,0,,MIL,POR,116,94,1
2012-04-07,2012,0,,PHO,LAL,125,105,1
2012-04-07,2012,0,,NOP,MIN,99,90,1
2012-04-07,2012,0,,GSW,DEN,112,97,1
2012-04-07,2012,0,,IND,BOS,72,86,1
2012-04-07,2012,0,,PHI,ORL,82,88,1
2012-04-08,2012,0,,NYK,CHI,100,99,1
2012-04-08,2012,0,,NJN,CLE,122,117,1
2012-04-08,2012,0,,BOS,PHI,103,79,1
2012-04-08,2012,0,,MIA,DET,98,75,1
2012-04-08,2012,0,,SAS,UTA,114,104,1
2012-04-08,2012,0,,OKC,TOR,91,75,1
2012-04-08,2012,0,,SAC,HOU,87,104,1
2012-04-09,2012,0,,IND,TOR,103,98,1
2012-04-09,2012,0,,UTA,SAS,91,84,1
2012-04-09,2012,0,,MIL,OKC,89,109,1
2012-04-09,2012,0,,CHO,WAS,85,113,1
2012-04-09,2012,0,,POR,HOU,89,94,1
2012-04-09,2012,0,,NOP,LAL,91,93,1
2012-04-09,2012,0,,MEM,LAC,94,85,1
2012-04-09,2012,0,,ORL,DET,119,89,1
2012-04-09,2012,0,,DEN,GSW,123,84,1
2012-04-09,2012,0,,MIN,PHO,90,114,1
2012-04-10,2012,0,,CHI,NYK,98,86,1
2012-04-10,2012,0,,DAL,SAC,110,100,1
2012-04-10,2012,0,,WAS,ORL,93,85,1
2012-04-10,2012,0,,NJN,PHI,88,107,1
2012-04-10,2012,0,,CLE,CHO,103,90,1
2012-04-10,2012,0,,MIA,BOS,107,115,1
2012-04-11,2012,0,,POR,GSW,118,110,1
2012-04-11,2012,0,,MIL,NYK,107,111,1
2012-04-11,2012,0,,SAS,LAL,84,98,1
2012-04-11,2012,0,,TOR,PHI,75,93,1
2012-04-11,2012,0,,MEM,PHO,104,93,1
2012-04-11,2012,0,,BOS,ATL,88,86,1
2012-04-11,2012,0,,OKC,LAC,98,100,1
2012-04-11,2012,0,,HOU,UTA,91,103,1
2012-04-11,2012,0,,NOP,SAC,105,96,1
2012-04-11,2012,0,,CLE,IND,98,104,1
2012-04-11,2012,0,,DEN,MIN,113,107,1
2012-04-12,2012,0,,CHI,MIA,96,86,1
2012-04-12,2012,0,,MIN,LAC,82,95,1
2012-04-12,2012,0,,SAS,MEM,107,97,1
2012-04-12,2012,0,,GSW,DAL,103,112,1
2012-04-12,2012,0,,CHO,DET,85,109,1
2012-04-13,2012,0,,TOR,BOS,84,79,1
2012-04-13,2012,0,,ORL,ATL,81,109,1
2012-04-13,2012,0,,NYK,WAS,103,65,1
2012-04-13,2012,0,,LAL,DEN,103,97,1
2012-04-13,2012,0,,OKC,SAC,115,89,1
2012-04-13,2012,0,,MIA,CHO,105,82,1
2012-04-13,2012,0,,HOU,PHO,105,112,1
2012-04-13,2012,0,,DET,MIL,97,113,1
2012-04-13,2012,0,,POR,DAL,94,97,1
2012-04-13,2012,0,,NOP,UTA,96,85,1
2012-04-13,2012,0,,IND,CLE,102,83,1
2012-04-13,2012,0,,PHI,NJN,89,95,1
2012-04-14,2012,0,,SAS,PHO,105,91,1
2012-04-14,2012,0,,NJN,BOS,82,94,1
2012-04-14,2012,0,,MEM,UTA,103,98,1
2012-04-14,2012,0,,WAS,CLE,89,98,1
2012-04-14,2012,0,,MIL,IND,99,105,1
2012-04-14,2012,0,,MIN,OKC,110,115,1
2012-04-14,2012,0,,LAC,GSW,112,104,1
2012-04-15,2012,0,,CLE,ORL,84,100,1
2012-04-15,2012,0,,DEN,HOU,101,86,1
2012-04-15,2012,0,,LAL,DAL,112,108,1
2012-04-15,2012,0,,NOP,MEM,88,75,1
2012-04-15,2012,0,,CHO,BOS,82,94,1
2012-04-15,2012,0,,NYK,MIA,85,93,1
2012-04-15,2012,0,,ATL,TOR,86,102,1
2012-04-15,2012,0,,DET,CHI,94,100,1
2012-04-15,2012,0,,SAC,POR,104,103,1
2012-04-16,2012,0,,TOR,ATL,87,109,1
2012-04-16,2012,0,,CHI,WAS,84,87,1
2012-04-16,2012,0,,ORL,PHI,113,100,1
2012-04-16,2012,0,,GSW,SAS,99,120,1
2012-04-16,2012,0,,PHO,POR,125,107,1
2012-04-16,2012,0,,UTA,DAL,123,121,1
2012-04-16,2012,0,,HOU,DEN,102,105,1
2012-04-16,2012,0,,CHO,NOP,67,75,1
2012-04-16,2012,0,,IND,MIN,111,88,1
2012-04-16,2012,0,,LAC,OKC,92,77,1
2012-04-16,2012,0,,NJN,MIA,98,101,1
2012-04-17,2012,0,,NYK,BOS,118,110,1
2012-04-17,2012,0,,MIN,MEM,84,91,1
2012-04-17,2012,0,,PHI,IND,97,102,1
2012-04-17,2012,0,,LAL,SAS,91,112,1
2012-04-17,2012,0,,DET,CLE,116,77,1
2012-04-18,2012,0,,MEM,NOP,103,91,1
2012-04-18,2012,0,,MIA,TOR,96,72,1
2012-04-18,2012,0,,DEN,LAC,98,104,1
2012-04-18,2012,0,,NJN,NYK,95,104,1
2012-04-18,2012,0,,POR,UTA,91,112,1
2012-04-18,2012,0,,PHO,OKC,97,109,1
2012-04-18,2012,0,,DAL,HOU,117,110,1
2012-04-18,2012,0,,WAS,MIL,121,112,1
2012-04-18,2012,0,,GSW,LAL,87,99,1
2012-04-18,2012,0,,SAC,SAS,102,127,1
2012-04-18,2012,0,,CLE,PHI,87,103,1
2012-04-18,2012,0,,CHO,CHI,68,100,1
2012-04-18,2012,0,,ATL,DET,116,84,1
2012-04-18,2012,0,,BOS,ORL,102,98,1
2012-04-19,2012,0,,NOP,HOU,105,99,1
2012-04-19,2012,0,,MIA,CHI,83,72,1
2012-04-19,2012,0,,IND,MIL,118,109,1
2012-04-19,2012,0,,DET,MIN,80,91,1
2012-04-19,2012,0,,PHO,LAC,93,90,1
2012-04-20,2012,0,,DAL,GSW,104,94,1
2012-04-20,2012,0,,SAC,OKC,92,103,1
2012-04-20,2012,0,,SAS,LAL,121,97,1
2012-04-20,2012,0,,ATL,BOS,97,92,1
2012-04-20,2012,0,,CLE,NYK,98,90,1
2012-04-20,2012,0,,CHO,MEM,80,85,1
2012-04-21,2012,0,,PHO,DEN,107,118,1
2012-04-21,2012,0,,IND,PHI,106,109,1
2012-04-21,2012,0,,MIA,WAS,84,86,1
2012-04-21,2012,0,,MEM,POR,93,89,1
2012-04-21,2012,0,,MIL,NJN,106,95,1
2012-04-21,2012,0,,UTA,ORL,117,107,1
2012-04-21,2012,0,,HOU,GSW,99,96,1
2012-04-21,2012,0,,CHI,DAL,93,83,1
2012-04-22,2012,0,,SAS,CLE,114,98,1
2012-04-22,2012,0,,MIN,GSW,88,93,1
2012-04-22,2012,0,,MIA,HOU,97,88,1
2012-04-22,2012,0,,LAL,OKC,114,106,1
2012-04-22,2012,0,,CHO,SAC,88,114,1
2012-04-22,2012,0,,DEN,ORL,101,74,1
2012-04-22,2012,0,,DET,TOR,76,73,1
2012-04-22,2012,0,,ATL,NYK,112,113,1
2012-04-22,2012,0,,LAC,NOP,107,98,1
2012-04-23,2012,0,,IND,DET,103,97,1
2012-04-23,2012,0,,NJN,PHI,87,105,1
2012-04-23,2012,0,,SAS,POR,124,89,1
2012-04-23,2012,0,,MEM,CLE,109,101,1
2012-04-23,2012,0,,MIL,TOR,92,86,1
2012-04-23,2012,0,,WAS,CHO,101,73,1
2012-04-24,2012,0,,GSW,NOP,81,83,1
2012-04-24,2012,0,,OKC,SAC,118,110,1
2012-04-24,2012,0,,ATL,LAC,109,102,1
2012-04-24,2012,0,,UTA,PHO,100,88,1
2012-04-24,2012,0,,BOS,MIA,78,66,1
2012-04-25,2012,0,,IND,CHI,87,92,1
2012-04-25,2012,0,,PHO,SAS,106,110,1
2012-04-25,2012,0,,NYK,LAC,99,93,1
2012-04-25,2012,0,,MIL,PHI,85,90,1
2012-04-25,2012,0,,ORL,CHO,102,95,1
2012-04-25,2012,0,,CLE,WAS,85,96,1
2012-04-25,2012,0,,OKC,DEN,101,106,1
2012-04-26,2012,0,,HOU,NOP,84,77,1
2012-04-26,2012,0,,CHO,NYK,84,104,1
2012-04-26,2012,0,,TOR,NJN,98,67,1
2012-04-26,2012,0,,DET,PHI,108,86,1
2012-04-26,2012,0,,ATL,DAL,106,89,1
2012-04-26,2012,0,,CHI,CLE,107,75,1
2012-04-26,2012,0,,WAS,MIA,104,70,1
2012-04-26,2012,0,,SAC,LAL,113,96,1
2012-04-26,2012,0,,BOS,MIL,87,74,1
2012-04-26,2012,0,,UTA,POR,96,94,1
2012-04-26,2012,0,,MIN,DEN,102,131,1
2012-04-26,2012,0,,MEM,ORL,88,76,1
2012-04-26,2012,0,,GSW,SAS,101,107,1
2012-10-30,2013,0,,CLE,WAS,94,84,1
2012-10-30,2013,0,,LAL,DAL,91,99,1
2012-10-30,2013,0,,MIA,BOS,120,107,1
2012-10-31,2013,0,,UTA,DAL,113,94,1
2012-10-31,2013,0,,CHI,SAC,93,87,1
2012-10-31,2013,0,,DET,HOU,96,105,1
2012-10-31,2013,0,,NOP,SAS,95,99,1
2012-10-31,2013,0,,PHI,DEN,84,75,1
2012-10-31,2013,0,,PHO,GSW,85,87,1
2012-10-31,2013,0,,POR,LAL,116,106,1
2012-10-31,2013,0,,TOR,IND,88,90,1
2012-10-31,2013,0,,LAC,MEM,101,92,1
2012-11-01,2013,0,,SAS,OKC,86,84,1
2012-11-02,2013,0,,CHO,IND,90,89,1
2012-11-02,2013,0,,ORL,DEN,102,89,1
2012-11-02,2013,0,,CLE,CHI,86,115,1
2012-11-02,2013,0,,PHO,DET,92,89,1
2012-11-02,2013,0,,OKC,POR,106,92,1
2012-11-02,2013,0,,NOP,UTA,88,86,1
2012-11-02,2013,0,,BOS,MIL,88,99,1
2012-11-02,2013,0,,ATL,HOU,102,109,1
2012-11-02,2013,0,,GSW,MEM,94,104,1
2012-11-02,2013,0,,LAL,LAC,95,105,1
2012-11-02,2013,0,,MIN,SAC,92,80,1
2012-11-02,2013,0,,NYK,MIA,104,84,1
2012-11-03,2013,0,,IND,SAC,106,98,1
2012-11-03,2013,0,,HOU,POR,85,95,1
2012-11-03,2013,0,,LAC,GSW,110,114,1
2012-11-03,2013,0,,MIA,DEN,119,116,1
2012-11-03,2013,0,,DAL,CHO,126,99,1
2012-11-03,2013,0,,CHI,NOP,82,89,1
2012-11-03,2013,0,,MIL,CLE,105,102,1
2012-11-03,2013,0,,BRK,TOR,107,100,1
2012-11-03,2013,0,,SAS,UTA,110,100,1
2012-11-03,2013,0,,WAS,BOS,86,89,1
2012-11-04,2013,0,,OKC,ATL,95,104,1
2012-11-04,2013,0,,ORL,PHO,115,94,1
2012-11-04,2013,0,,TOR,MIN,105,86,1
2012-11-04,2013,0,,NYK,PHI,100,84,1
2012-11-04,2013,0,,LAL,DET,108,79,1
2012-11-05,2013,0,,LAC,CLE,101,108,1
2012-11-05,2013,0,,SAC,GSW,94,92,1
2012-11-05,2013,0,,DAL,POR,114,91,1
2012-11-05,2013,0,,MIA,PHO,124,99,1
2012-11-05,2013,0,,SAS,IND,101,79,1
2012-11-05,2013,0,,MEM,UTA,103,94,1
2012-11-05,2013,0,,PHI,NYK,88,110,1
2012-11-05,2013,0,,BRK,MIN,96,107,1
2012-11-06,2013,0,,OKC,TOR,108,88,1
2012-11-06,2013,0,,CHI,ORL,99,93,1
2012-11-06,2013,0,,DEN,DET,109,97,1
2012-11-07,2013,0,,SAC,DET,105,103,1
2012-11-07,2013,0,,MIA,BRK,103,73,1
2012-11-07,2013,0,,MIN,ORL,90,75,1
2012-11-07,2013,0,,CHO,PHO,110,117,1
2012-11-07,2013,0,,DAL,TOR,109,104,1
2012-11-07,2013,0,,HOU,DEN,87,93,1
2012-11-07,2013,0,,BOS,WAS,100,94,1
2012-11-07,2013,0,,UTA,LAL,95,86,1
2012-11-07,2013,0,,LAC,SAS,106,84,1
2012-11-07,2013,0,,NOP,PHI,62,77,1
2012-11-07,2013,0,,MIL,MEM,90,108,1
2012-11-07,2013,0,,GSW,CLE,106,96,1
2012-11-07,2013,0,,ATL,IND,89,86,1
2012-11-08,2013,0,,CHI,OKC,91,97,1
2012-11-08,2013,0,,POR,LAC,90,103,1
2012-11-09,2013,0,,NOP,CHO,107,99,1
2012-11-09,2013,0,,WAS,MIL,91,101,1
2012-11-09,2013,0,,LAL,GSW,101,77,1
2012-11-09,2013,0,,MIN,IND,96,94,1
2012-11-09,2013,0,,ATL,MIA,89,95,1
2012-11-09,2013,0,,OKC,DET,105,94,1
2012-11-09,2013,0,,DEN,UTA,104,84,1
2012-11-09,2013,0,,PHO,CLE,107,105,1
2012-11-09,2013,0,,MEM,HOU,93,85,1
2012-11-09,2013,0,,NYK,DAL,104,94,1
2012-11-09,2013,0,,SAC,SAS,86,97,1
2012-11-09,2013,0,,BOS,PHI,100,106,1
2012-11-09,2013,0,,ORL,BRK,68,107,1
2012-11-10,2013,0,,TOR,PHI,83,93,1
2012-11-10,2013,0,,HOU,DET,96,82,1
2012-11-10,2013,0,,MIL,BOS,92,96,1
2012-11-10,2013,0,,GSW,DEN,101,107,1
2012-11-10,2013,0,,POR,SAS,109,112,1
2012-11-10,2013,0,,CHI,MIN,87,80,1
2012-11-10,2013,0,,IND,WAS,89,85,1
2012-11-10,2013,0,,CHO,DAL,101,97,1
2012-11-10,2013,0,,UTA,PHO,94,81,1
2012-11-11,2013,0,,MEM,MIA,104,86,1
2012-11-11,2013,0,,OKC,CLE,106,91,1
2012-11-11,2013,0,,LAC,ATL,89,76,1
2012-11-11,2013,0,,BRK,ORL,82,74,1
2012-11-11,2013,0,,LAL,SAC,103,90,1
2012-11-12,2013,0,,HOU,MIA,110,113,1
2012-11-12,2013,0,,CHI,BOS,95,101,1
2012-11-12,2013,0,,POR,ATL,87,95,1
2012-11-12,2013,0,,PHI,MIL,96,105,1
2012-11-12,2013,0,,TOR,UTA,133,140,1
2012-11-12,2013,0,,DAL,MIN,82,90,1
2012-11-12,2013,0,,DET,OKC,90,92,1
2012-11-12,2013,0,,PHO,DEN,110,100,1
2012-11-13,2013,0,,LAL,SAS,82,84,1
2012-11-13,2013,0,,SAC,POR,86,103,1
2012-11-13,2013,0,,ORL,NYK,89,99,1
2012-11-13,2013,0,,CHO,WAS,92,76,1
2012-11-13,2013,0,,BRK,CLE,114,101,1
2012-11-13,2013,0,,IND,TOR,72,74,1
2012-11-14,2013,0,,PHO,CHI,106,112,1
2012-11-14,2013,0,,OKC,MEM,97,107,1
2012-11-14,2013,0,,LAC,MIA,107,100,1
2012-11-14,2013,0,,HOU,NOP,100,96,1
2012-11-14,2013,0,,PHI,DET,76,94,1
2012-11-14,2013,0,,MIL,IND,99,85,1
2012-11-14,2013,0,,MIN,CHO,87,89,1
2012-11-14,2013,0,,BOS,UTA,98,93,1
2012-11-14,2013,0,,GSW,ATL,92,88,1
2012-11-14,2013,0,,DAL,WAS,107,101,1
2012-11-15,2013,0,,DEN,MIA,93,98,1
2012-11-15,2013,0,,SAS,NYK,100,104,1
2012-11-15,2013,0,,BRK,BOS,102,97,1
2012-11-16,2013,0,,SAC,ATL,96,112,1
2012-11-16,2013,0,,IND,DAL,103,83,1
2012-11-16,2013,0,,MEM,NYK,105,95,1
2012-11-16,2013,0,,POR,HOU,119,117,1
2012-11-16,2013,0,,DET,ORL,106,110,1
2012-11-16,2013,0,,MIN,GSW,98,106,1
2012-11-16,2013,0,,LAL,PHO,114,102,1
2012-11-16,2013,0,,PHI,UTA,99,93,1
2012-11-16,2013,0,,NOP,OKC,95,110,1
2012-11-17,2013,0,,PHO,MIA,88,97,1
2012-11-17,2013,0,,BOS,TOR,107,89,1
2012-11-17,2013,0,,SAS,DEN,126,100,1
2012-11-17,2013,0,,CLE,DAL,95,103,1
2012-11-17,2013,0,,WAS,UTA,76,83,1
2012-11-17,2013,0,,CHO,MEM,87,94,1
2012-11-17,2013,0,,LAC,CHI,101,80,1
2012-11-17,2013,0,,MIL,NOP,117,113,1
2012-11-18,2013,0,,TOR,ORL,97,86,1
2012-11-18,2013,0,,NYK,IND,88,76,1
2012-11-18,2013,0,,PHI,CLE,86,79,1
2012-11-18,2013,0,,LAL,HOU,119,108,1
2012-11-18,2013,0,,OKC,GSW,119,109,1
2012-11-18,2013,0,,DET,BOS,103,83,1
2012-11-18,2013,0,,POR,CHI,102,94,1
2012-11-18,2013,0,,SAC,BRK,90,99,1
2012-11-19,2013,0,,SAS,LAC,87,92,1
2012-11-19,2013,0,,MEM,DEN,92,97,1
2012-11-19,2013,0,,WAS,IND,89,96,1
2012-11-19,2013,0,,DAL,GSW,101,105,1
2012-11-19,2013,0,,UTA,HOU,102,91,1
2012-11-19,2013,0,,CHO,MIL,102,98,1
2012-11-19,2013,0,,ATL,ORL,81,72,1
2012-11-20,2013,0,,NOP,NYK,80,102,1
2012-11-20,2013,0,,PHI,TOR,106,98,1
2012-11-20,2013,0,,LAL,BRK,95,90,1
2012-11-21,2013,0,,MIN,DEN,94,101,1
2012-11-21,2013,0,,HOU,CHI,93,89,1
2012-11-21,2013,0,,SAC,LAL,113,97,1
2012-11-21,2013,0,,GSW,BRK,102,93,1
2012-11-21,2013,0,,IND,NOP,115,107,1
2012-11-21,2013,0,,PHO,POR,114,87,1
2012-11-21,2013,0,,ORL,DET,90,74,1
2012-11-21,2013,0,,CHO,TOR,98,97,1
2012-11-21,2013,0,,OKC,LAC,117,111,1
2012-11-21,2013,0,,BOS,SAS,100,112,1
2012-11-21,2013,0,,CLE,PHI,92,83,1
2012-11-21,2013,0,,MIA,MIL,113,106,1
2012-11-21,2013,0,,ATL,WAS,101,100,1
2012-11-21,2013,0,,DAL,NYK,114,111,1
2012-11-23,2013,0,,DET,TOR,91,90,1
2012-11-23,2013,0,,HOU,NYK,131,103,1
2012-11-23,2013,0,,DEN,GSW,102,91,1
2012-11-23,2013,0,,MEM,LAL,106,98,1
2012-11-23,2013,0,,BRK,LAC,86,76,1
2012-11-23,2013,0,,UTA,SAC,104,102,1
2012-11-23,2013,0,,IND,SAS,97,104,1
2012-11-23,2013,0,,CHO,ATL,91,101,1
2012-11-23,2013,0,,ORL,CLE,108,104,1
2012-11-23,2013,0,,POR,MIN,103,95,1
2012-11-23,2013,0,,PHO,NOP,111,108,1
2012-11-23,2013,0,,BOS,OKC,108,100,1
2012-11-24,2013,0,,ATL,LAC,104,93,1
2012-11-24,2013,0,,GSW,MIN,96,85,1
2012-11-24,2013,0,,MIL,CHI,86,93,1
2012-11-24,2013,0,,MIA,CLE,110,108,1
2012-11-24,2013,0,,DAL,LAL,89,115,1
2012-11-24,2013,0,,PHI,OKC,109,116,1
2012-11-24,2013,0,,WAS,CHO,106,108,1
2012-11-24,2013,0,,SAC,UTA,108,97,1
2012-11-25,2013,0,,TOR,SAS,106,111,1
2012-11-25,2013,0,,ORL,BOS,110,116,1
2012-11-25,2013,0,,PHI,PHO,104,101,1
2012-11-25,2013,0,,BRK,POR,98,85,1
2012-11-25,2013,0,,NYK,DET,121,100,1
2012-11-25,2013,0,,DEN,NOP,102,84,1
2012-11-26,2013,0,,UTA,DEN,105,103,1
2012-11-26,2013,0,,MEM,CLE,84,78,1
2012-11-26,2013,0,,BRK,NYK,96,89,1
2012-11-26,2013,0,,CHI,MIL,92,93,1
2012-11-26,2013,0,,OKC,CHO,114,69,1
2012-11-26,2013,0,,DET,POR,108,101,1
2012-11-26,2013,0,,WAS,SAS,92,118,1
2012-11-26,2013,0,,LAC,NOP,98,105,1
2012-11-27,2013,0,,SAC,MIN,89,97,1
2012-11-27,2013,0,,CLE,PHO,78,91,1
2012-11-27,2013,0,,HOU,TOR,117,101,1
2012-11-27,2013,0,,LAL,IND,77,79,1
2012-11-27,2013,0,,PHI,DAL,100,98,1
2012-11-28,2013,0,,DET,PHO,117,77,1
2012-11-28,2013,0,,LAC,MIN,101,95,1
2012-11-28,2013,0,,BOS,BRK,83,95,1
2012-11-28,2013,0,,OKC,HOU,120,98,1
2012-11-28,2013,0,,ORL,SAS,89,110,1
2012-11-28,2013,0,,NOP,UTA,84,96,1
2012-11-28,2013,0,,MIL,NYK,88,102,1
2012-11-28,2013,0,,MEM,TOR,103,82,1
2012-11-28,2013,0,,CHI,DAL,101,78,1
2012-11-28,2013,0,,ATL,CHO,94,91,1
2012-11-28,2013,0,,WAS,POR,84,82,1
2012-11-29,2013,0,,MIA,SAS,105,100,1
2012-11-29,2013,0,,GSW,DEN,106,105,1
2012-11-30,2013,0,,ATL,CLE,111,113,1
2012-11-30,2013,0,,SAC,IND,92,97,1
2012-11-30,2013,0,,CHO,PHI,98,104,1
2012-11-30,2013,0,,TOR,PHO,101,97,1
2012-11-30,2013,0,,NYK,WAS,108,87,1
2012-11-30,2013,0,,ORL,BRK,86,98,1
2012-11-30,2013,0,,MEM,DET,90,78,1
2012-11-30,2013,0,,OKC,UTA,106,94,1
2012-11-30,2013,0,,LAL,DEN,122,103,1
2012-11-30,2013,0,,BOS,POR,96,78,1
2012-11-30,2013,0,,MIN,MIL,95,85,1
2012-12-01,2013,0,,SAS,MEM,99,95,1
2012-12-01,2013,0,,HOU,UTA,124,116,1
2012-12-01,2013,0,,NOP,OKC,79,100,1
2012-12-01,2013,0,,MIL,BOS,91,88,1
2012-12-01,2013,0,,CLE,POR,117,118,1
2012-12-01,2013,0,,GSW,IND,103,92,1
2012-12-01,2013,0,,LAC,SAC,116,81,1
2012-12-01,2013,0,,DAL,DET,92,77,1
2012-12-01,2013,0,,MIA,BRK,102,89,1
2012-12-01,2013,0,,CHI,PHI,93,88,1
2012-12-02,2013,0,,NYK,PHO,106,99,1
2012-12-02,2013,0,,LAL,ORL,103,113,1
2012-12-03,2013,0,,GSW,ORL,94,102,1
2012-12-03,2013,0,,DET,CLE,89,79,1
2012-12-03,2013,0,,CHO,POR,112,118,1
2012-12-03,2013,0,,UTA,LAC,104,105,1
2012-12-03,2013,0,,NOP,MIL,102,81,1
2012-12-03,2013,0,,DEN,TOR,113,110,1
2012-12-04,2013,0,,BRK,OKC,111,117,1
2012-12-04,2013,0,,PHI,MIN,88,105,1
2012-12-04,2013,0,,WAS,MIA,105,101,1
2012-12-04,2013,0,,CHI,IND,76,80,1
2012-12-04,2013,0,,MEM,PHO,108,98,1
2012-12-04,2013,0,,HOU,LAL,107,105,1
2012-12-05,2013,0,,DET,GSW,97,104,1
2012-12-05,2013,0,,SAC,TOR,107,100,1
2012-12-05,2013,0,,CLE,CHI,85,95,1
2012-12-05,2013,0,,IND,POR,99,92,1
2012-12-05,2013,0,,UTA,ORL,87,81,1
2012-12-05,2013,0,,LAC,DAL,112,90,1
2012-12-05,2013,0,,ATL,DEN,108,104,1
2012-12-05,2013,0,,BOS,MIN,104,94,1
2012-12-05,2013,0,,CHO,NYK,98,100,1
2012-12-05,2013,0,,SAS,MIL,110,99,1
2012-12-05,2013,0,,NOP,LAL,87,103,1
2012-12-06,2013,0,,PHO,DAL,94,97,1
2012-12-06,2013,0,,MIA,NYK,92,112,1
2012-12-07,2013,0,,OKC,LAL,114,108,1
2012-12-07,2013,0,,DET,CHI,104,108,1
2012-12-07,2013,0,,IND,DEN,89,92,1
2012-12-07,2013,0,,BRK,GSW,102,109,1
2012-12-07,2013,0,,PHI,BOS,95,94,1
2012-12-07,2013,0,,MIL,CHO,108,93,1
2012-12-07,2013,0,,UTA,TOR,131,99,1
2012-12-07,2013,0,,NOP,MEM,89,96,1
2012-12-07,2013,0,,ATL,WAS,104,95,1
2012-12-07,2013,0,,SAS,HOU,114,92,1
2012-12-07,2013,0,,MIN,CLE,91,73,1
2012-12-07,2013,0,,SAC,ORL,91,82,1
2012-12-08,2013,0,,LAC,PHO,117,99,1
2012-12-08,2013,0,,POR,SAC,80,99,1
2012-12-08,2013,0,,WAS,GSW,97,101,1
2012-12-08,2013,0,,HOU,DAL,109,116,1
2012-12-08,2013,0,,CHO,SAS,102,132,1
2012-12-08,2013,0,,CHI,NYK,93,85,1
2012-12-08,2013,0,,CLE,DET,97,104,1
2012-12-08,2013,0,,BOS,PHI,92,79,1
2012-12-08,2013,0,,MIA,NOP,106,90,1
2012-12-08,2013,0,,MEM,ATL,83,93,1
2012-12-09,2013,0,,PHO,ORL,90,98,1
2012-12-09,2013,0,,LAL,UTA,110,117,1
2012-12-09,2013,0,,BRK,MIL,88,97,1
2012-12-09,2013,0,,NYK,DEN,112,106,1
2012-12-09,2013,0,,LAC,TOR,102,83,1
2012-12-09,2013,0,,OKC,IND,104,93,1
2012-12-10,2013,0,,DAL,SAC,119,96,1
2012-12-10,2013,0,,PHI,DET,104,97,1
2012-12-10,2013,0,,MIA,ATL,101,92,1
2012-12-10,2013,0,,CHO,GSW,96,104,1
2012-12-10,2013,0,,HOU,SAS,126,134,1
2012-12-10,2013,0,,POR,TOR,92,74,1
2012-12-11,2013,0,,CHI,LAC,89,94,1
2012-12-11,2013,0,,DET,DEN,94,101,1
2012-12-11,2013,0,,NOP,WAS,70,77,1
2012-12-11,2013,0,,CLE,LAL,100,94,1
2012-12-11,2013,0,,BRK,NYK,97,100,1
2012-12-12,2013,0,,MIA,GSW,95,97,1
2012-12-12,2013,0,,PHI,CHI,89,96,1
2012-12-12,2013,0,,IND,CLE,96,81,1
2012-12-12,2013,0,,BOS,DAL,117,115,1
2012-12-12,2013,0,,MIN,DEN,108,105,1
2012-12-12,2013,0,,ORL,ATL,80,86,1
2012-12-12,2013,0,,MIL,SAC,98,85,1
2012-12-12,2013,0,,HOU,WAS,99,93,1
2012-12-12,2013,0,,OKC,NOP,92,88,1
2012-12-12,2013,0,,UTA,SAS,99,96,1
2012-12-12,2013,0,,TOR,BRK,88,94,1
2012-12-12,2013,0,,CHO,LAC,94,100,1
2012-12-12,2013,0,,PHO,MEM,82,80,1
2012-12-13,2013,0,,ATL,CHO,113,90,1
2012-12-13,2013,0,,POR,SAS,98,90,1
2012-12-13,2013,0,,NYK,LAL,116,107,1
2012-12-14,2013,0,,DEN,MEM,99,94,1
2012-12-14,2013,0,,HOU,BOS,101,89,1
2012-12-14,2013,0,,WAS,LAL,96,102,1
2012-12-14,2013,0,,OKC,SAC,113,103,1
2012-12-14,2013,0,,CLE,MIL,86,90,1
2012-12-14,2013,0,,ORL,GSW,99,85,1
2012-12-14,2013,0,,TOR,DAL,95,74,1
2012-12-14,2013,0,,NOP,MIN,102,113,1
2012-12-14,2013,0,,IND,PHI,95,85,1
2012-12-14,2013,0,,PHO,UTA,99,84,1
2012-12-14,2013,0,,BRK,DET,107,105,1
2012-12-15,2013,0,,NYK,CLE,103,102,1
2012-12-15,2013,0,,MIA,WAS,102,72,1
2012-12-15,2013,0,,MIL,LAC,85,111,1
2012-12-15,2013,0,,CHI,BRK,83,82,1
2012-12-15,2013,0,,CHO,ORL,98,107,1
2012-12-15,2013,0,,ATL,GSW,93,115,1
2012-12-15,2013,0,,MIN,DAL,114,106,1
2012-12-15,2013,0,,DET,IND,77,88,1
2012-12-15,2013,0,,SAS,BOS,103,88,1
2012-12-15,2013,0,,UTA,MEM,86,99,1
2012-12-16,2013,0,,SAC,DEN,97,122,1
2012-12-16,2013,0,,TOR,HOU,103,96,1
2012-12-16,2013,0,,POR,NOP,95,94,1
2012-12-16,2013,0,,PHI,LAL,98,111,1
2012-12-17,2013,0,,OKC,SAS,107,93,1
2012-12-17,2013,0,,NYK,HOU,96,109,1
2012-12-17,2013,0,,MEM,CHI,80,71,1
2012-12-17,2013,0,,PHO,SAC,101,90,1
2012-12-17,2013,0,,DET,LAC,76,88,1
2012-12-17,2013,0,,ORL,MIN,102,93,1
2012-12-18,2013,0,,DEN,SAS,112,106,1
2012-12-18,2013,0,,LAL,CHO,101,100,1
2012-12-18,2013,0,,DAL,PHI,107,100,1
2012-12-18,2013,0,,MIL,IND,98,93,1
2012-12-18,2013,0,,CLE,TOR,99,113,1
2012-12-18,2013,0,,MIA,MIN,103,92,1
2012-12-18,2013,0,,BRK,UTA,90,92,1
2012-12-18,2013,0,,CHI,BOS,100,89,1
2012-12-18,2013,0,,GSW,NOP,103,96,1
2012-12-18,2013,0,,WAS,ATL,95,100,1
2012-12-19,2013,0,,BOS,CLE,103,91,1
2012-12-19,2013,0,,TOR,DET,97,91,1
2012-12-19,2013,0,,MEM,MIL,90,80,1
2012-12-19,2013,0,,IND,UTA,104,84,1
2012-12-19,2013,0,,ATL,OKC,92,100,1
2012-12-19,2013,0,,NYK,BRK,100,86,1
2012-12-19,2013,0,,ORL,WAS,90,83,1
2012-12-19,2013,0,,SAC,GSW,131,127,1
2012-12-19,2013,0,,LAC,NOP,93,77,1
2012-12-19,2013,0,,PHO,CHO,121,104,1
2012-12-19,2013,0,,HOU,PHI,125,103,1
2012-12-20,2013,0,,POR,DEN,101,93,1
2012-12-20,2013,0,,MIN,OKC,99,93,1
2012-12-20,2013,0,,DAL,MIA,95,110,1
2012-12-21,2013,0,,CLE,IND,89,99,1
2012-12-21,2013,0,,SAS,NOP,99,94,1
2012-12-21,2013,0,,BOS,MIL,94,99,1
2012-12-21,2013,0,,TOR,ORL,93,90,1
2012-12-21,2013,0,,PHI,ATL,99,80,1
2012-12-21,2013,0,,DET,WAS,100,68,1
2012-12-21,2013,0,,GSW,CHO,115,100,1
2012-12-21,2013,0,,NYK,CHI,106,110,1
2012-12-21,2013,0,,LAC,SAC,97,85,1
2012-12-21,2013,0,,MEM,DAL,92,82,1
2012-12-22,2013,0,,POR,PHO,96,93,1
2012-12-22,2013,0,,GSW,LAL,115,118,1
2012-12-22,2013,0,,DEN,CHO,110,88,1
2012-12-22,2013,0,,MIL,CLE,82,94,1
2012-12-22,2013,0,,NOP,IND,75,81,1
2012-12-22,2013,0,,HOU,MEM,121,96,1
2012-12-22,2013,0,,MIA,UTA,105,89,1
2012-12-22,2013,0,,WAS,DET,87,96,1
2012-12-22,2013,0,,ATL,CHI,92,75,1
2012-12-23,2013,0,,NYK,MIN,94,91,1
2012-12-23,2013,0,,BRK,PHI,95,92,1
2012-12-23,2013,0,,ORL,UTA,93,97,1
2012-12-23,2013,0,,SAS,DAL,129,91,1
2012-12-23,2013,0,,PHO,LAC,77,103,1
2012-12-23,2013,0,,SAC,POR,108,96,1
2012-12-25,2013,0,,BRK,BOS,76,93,1
2012-12-25,2013,0,,MIA,OKC,103,97,1
2012-12-25,2013,0,,CHI,HOU,97,120,1
2012-12-25,2013,0,,LAC,DEN,112,100,1
2012-12-25,2013,0,,LAL,NYK,100,94,1
2012-12-26,2013,0,,WAS,CLE,84,87,1
2012-12-26,2013,0,,DEN,LAL,126,114,1
2012-12-26,2013,0,,MIL,BRK,108,93,1
2012-12-26,2013,0,,CHO,MIA,92,105,1
2012-12-26,2013,0,,ORL,NOP,94,97,1
2012-12-26,2013,0,,POR,SAC,109,91,1
2012-12-26,2013,0,,PHO,NYK,97,99,1
2012-12-26,2013,0,,UTA,GSW,83,94,1
2012-12-26,2013,0,,SAS,TOR,100,80,1
2012-12-26,2013,0,,ATL,DET,126,119,1
2012-12-26,2013,0,,MEM,PHI,89,99,1
2012-12-26,2013,0,,MIN,HOU,84,87,1
2012-12-27,2013,0,,LAC,BOS,106,77,1
2012-12-27,2013,0,,OKC,DAL,111,105,1
2012-12-28,2013,0,,GSW,PHI,96,89,1
2012-12-28,2013,0,,UTA,LAC,114,116,1
2012-12-28,2013,0,,NOP,TOR,97,104,1
2012-12-28,2013,0,,LAL,POR,104,87,1
2012-12-28,2013,0,,IND,PHO,97,91,1
2012-12-28,2013,0,,WAS,ORL,105,97,1
2012-12-28,2013,0,,BRK,CHO,97,81,1
2012-12-28,2013,0,,DAL,DEN,85,106,1
2012-12-28,2013,0,,DET,MIA,109,99,1
2012-12-28,2013,0,,SAC,NYK,106,105,1
2012-12-28,2013,0,,CLE,ATL,94,102,1
2012-12-28,2013,0,,SAS,HOU,122,116,1
2012-12-29,2013,0,,BRK,CLE,103,100,1
2012-12-29,2013,0,,GSW,BOS,101,83,1
2012-12-29,2013,0,,ATL,IND,109,100,1
2012-12-29,2013,0,,HOU,OKC,94,124,1
2012-12-29,2013,0,,CHI,WAS,87,77,1
2012-12-29,2013,0,,CHO,NOP,95,98,1
2012-12-29,2013,0,,MIN,PHO,111,107,1
2012-12-29,2013,0,,MIL,MIA,104,85,1
2012-12-29,2013,0,,ORL,TOR,88,123,1
2012-12-29,2013,0,,POR,PHI,89,85,1
2012-12-29,2013,0,,MEM,DEN,81,72,1
2012-12-30,2013,0,,LAC,UTA,107,96,1
2012-12-30,2013,0,,DET,MIL,96,94,1
2012-12-30,2013,0,,SAC,BOS,118,96,1
2012-12-30,2013,0,,DAL,SAS,86,111,1
2012-12-31,2013,0,,IND,MEM,88,83,1
2012-12-31,2013,0,,CHI,CHO,81,91,1
2012-12-31,2013,0,,ORL,MIA,110,112,1
2012-12-31,2013,0,,HOU,ATL,123,104,1
2012-12-31,2013,0,,SAS,BRK,104,73,1
2012-12-31,2013,0,,OKC,PHO,114,96,1
2013-01-01,2013,0,,DET,SAC,103,97,1
2013-01-01,2013,0,,NOP,ATL,86,95,1
2013-01-01,2013,0,,NYK,POR,100,105,1
2013-01-01,2013,0,,WAS,DAL,94,103,1
2013-01-01,2013,0,,DEN,LAC,92,78,1
2013-01-01,2013,0,,LAL,PHI,99,103,1
2013-01-02,2013,0,,HOU,NOP,104,92,1
2013-01-02,2013,0,,PHO,PHI,95,89,1
2013-01-02,2013,0,,GSW,LAC,115,94,1
2013-01-02,2013,0,,TOR,POR,102,79,1
2013-01-02,2013,0,,MIL,SAS,110,117,1
2013-01-02,2013,0,,CLE,SAC,94,97,1
2013-01-02,2013,0,,MIA,DAL,119,109,1
2013-01-02,2013,0,,IND,WAS,89,81,1
2013-01-02,2013,0,,ORL,CHI,94,96,1
2013-01-02,2013,0,,OKC,BRK,93,110,1
2013-01-02,2013,0,,BOS,MEM,83,93,1
2013-01-02,2013,0,,UTA,MIN,106,84,1
2013-01-03,2013,0,,NYK,SAS,100,83,1
2013-01-03,2013,0,,DEN,MIN,97,101,1
2013-01-04,2013,0,,PHO,UTA,80,87,1
2013-01-04,2013,0,,MIL,HOU,101,115,1
2013-01-04,2013,0,,CHO,CLE,104,106,1
2013-01-04,2013,0,,MEM,POR,84,86,1
2013-01-04,2013,0,,MIA,CHI,89,96,1
2013-01-04,2013,0,,LAC,LAL,107,102,1
2013-01-04,2013,0,,TOR,SAC,96,105,1
2013-01-04,2013,0,,WAS,BRK,113,115,1
2013-01-04,2013,0,,DET,ATL,85,84,1
2013-01-04,2013,0,,OKC,PHI,109,85,1
2013-01-04,2013,0,,BOS,IND,94,75,1
2013-01-05,2013,0,,CLE,HOU,104,112,1
2013-01-05,2013,0,,DEN,UTA,110,91,1
2013-01-05,2013,0,,IND,MIL,95,80,1
2013-01-05,2013,0,,BRK,SAC,113,93,1
2013-01-05,2013,0,,DAL,NOP,96,99,1
2013-01-05,2013,0,,SAS,PHI,109,86,1
2013-01-05,2013,0,,ATL,BOS,81,89,1
2013-01-05,2013,0,,ORL,NYK,106,114,1
2013-01-05,2013,0,,MIN,POR,97,102,1
2013-01-05,2013,0,,LAC,GSW,115,89,1
2013-01-06,2013,0,,LAL,DEN,105,112,1
2013-01-06,2013,0,,PHO,MEM,81,92,1
2013-01-06,2013,0,,DET,CHO,101,108,1
2013-01-06,2013,0,,MIA,WAS,99,71,1
2013-01-06,2013,0,,TOR,OKC,92,104,1
2013-01-07,2013,0,,POR,ORL,125,119,1
2013-01-07,2013,0,,CHI,CLE,118,92,1
2013-01-07,2013,0,,NYK,BOS,96,102,1
2013-01-07,2013,0,,UTA,DAL,100,94,1
2013-01-07,2013,0,,NOP,SAS,95,88,1
2013-01-07,2013,0,,WAS,OKC,101,99,1
2013-01-07,2013,0,,SAC,MEM,81,113,1
2013-01-08,2013,0,,MIN,ATL,108,103,1
2013-01-08,2013,0,,MIL,PHO,108,99,1
2013-01-08,2013,0,,IND,MIA,87,77,1
2013-01-08,2013,0,,PHI,BRK,89,109,1
2013-01-08,2013,0,,HOU,LAL,125,112,1
2013-01-09,2013,0,,DEN,ORL,108,105,1
2013-01-09,2013,0,,TOR,PHI,90,72,1
2013-01-09,2013,0,,CHI,MIL,96,104,1
2013-01-09,2013,0,,LAC,DAL,99,93,1
2013-01-09,2013,0,,SAS,LAL,108,105,1
2013-01-09,2013,0,,OKC,MIN,106,84,1
2013-01-09,2013,0,,NOP,HOU,88,79,1
2013-01-09,2013,0,,CHO,UTA,102,112,1
2013-01-09,2013,0,,BOS,PHO,87,79,1
2013-01-09,2013,0,,GSW,MEM,87,94,1
2013-01-09,2013,0,,CLE,ATL,99,83,1
2013-01-10,2013,0,,SAC,DAL,112,117,1
2013-01-10,2013,0,,POR,MIA,92,90,1
2013-01-10,2013,0,,IND,NYK,81,76,1
2013-01-11,2013,0,,TOR,CHO,99,78,1
2013-01-11,2013,0,,NOP,MIN,104,92,1
2013-01-11,2013,0,,NYK,CHI,101,108,1
2013-01-11,2013,0,,BOS,HOU,103,91,1
2013-01-11,2013,0,,LAL,OKC,101,116,1
2013-01-11,2013,0,,MEM,SAS,101,98,1
2013-01-11,2013,0,,ATL,UTA,103,95,1
2013-01-11,2013,0,,DEN,CLE,98,91,1
2013-01-11,2013,0,,GSW,POR,103,97,1
2013-01-11,2013,0,,BRK,PHO,99,79,1
2013-01-11,2013,0,,MIL,DET,87,103,1
2013-01-12,2013,0,,PHI,HOU,107,100,1
2013-01-12,2013,0,,SAC,MIA,99,128,1
2013-01-12,2013,0,,DAL,MEM,104,83,1
2013-01-12,2013,0,,LAC,ORL,101,104,1
2013-01-12,2013,0,,CHI,PHO,81,97,1
2013-01-12,2013,0,,IND,CHO,96,88,1
2013-01-12,2013,0,,DET,UTA,87,90,1
2013-01-12,2013,0,,WAS,ATL,93,83,1
2013-01-13,2013,0,,BRK,IND,97,86,1
2013-01-13,2013,0,,DEN,GSW,116,105,1
2013-01-13,2013,0,,TOR,MIL,96,107,1
2013-01-13,2013,0,,POR,OKC,83,87,1
2013-01-13,2013,0,,SAS,MIN,106,88,1
2013-01-13,2013,0,,LAL,CLE,113,93,1
2013-01-13,2013,0,,NYK,NOP,100,87,1
2013-01-14,2013,0,,SAC,CLE,124,118,1
2013-01-14,2013,0,,BOS,CHO,100,89,1
2013-01-14,2013,0,,WAS,ORL,120,91,1
2013-01-14,2013,0,,CHI,ATL,97,58,1
2013-01-14,2013,0,,MEM,LAC,73,99,1
2013-01-14,2013,0,,UTA,MIA,104,97,1
2013-01-14,2013,0,,PHO,OKC,90,102,1
2013-01-14,2013,0,,DAL,MIN,113,98,1
2013-01-15,2013,0,,LAL,MIL,104,88,1
2013-01-15,2013,0,,HOU,LAC,109,117,1
2013-01-15,2013,0,,DEN,POR,115,111,1
2013-01-15,2013,0,,BRK,TOR,113,106,1
2013-01-15,2013,0,,CHO,IND,76,103,1
2013-01-15,2013,0,,PHI,NOP,99,111,1
2013-01-16,2013,0,,GSW,MIA,75,92,1
2013-01-16,2013,0,,SAC,WAS,95,94,1
2013-01-16,2013,0,,SAS,MEM,103,82,1
2013-01-16,2013,0,,OKC,DEN,117,97,1
2013-01-16,2013,0,,POR,CLE,88,93,1
2013-01-16,2013,0,,ORL,IND,97,86,1
2013-01-16,2013,0,,DAL,HOU,105,100,1
2013-01-16,2013,0,,TOR,CHI,105,107,1
2013-01-16,2013,0,,ATL,BRK,109,95,1
2013-01-16,2013,0,,BOS,NOP,78,90,1
2013-01-17,2013,0,,PHO,MIL,94,98,1
2013-01-17,2013,0,,MIN,LAC,77,90,1
2013-01-17,2013,0,,LAL,MIA,90,99,1
2013-01-17,2013,1,,DET,NYK,87,102,0
2013-01-18,2013,0,,SAS,GSW,95,88,1
2013-01-18,2013,0,,PHI,TOR,108,101,1
2013-01-18,2013,0,,IND,HOU,105,95,1
2013-01-18,2013,0,,MEM,SAC,85,69,1
2013-01-18,2013,0,,BOS,CHI,99,100,1
2013-01-18,2013,0,,BRK,ATL,94,89,1
2013-01-18,2013,0,,DAL,OKC,114,117,1
2013-01-18,2013,0,,ORL,CHO,100,106,1
2013-01-18,2013,0,,DEN,WAS,108,112,1
2013-01-19,2013,0,,ATL,SAS,93,98,1
2013-01-19,2013,0,,NOP,GSW,112,116,1
2013-01-19,2013,0,,CHI,MEM,82,85,1
2013-01-19,2013,0,,POR,MIL,104,110,1
2013-01-19,2013,0,,UTA,CLE,109,98,1
2013-01-19,2013,0,,MIN,HOU,92,79,1
2013-01-19,2013,0,,LAC,WAS,94,87,1
2013-01-19,2013,0,,CHO,SAC,93,97,1
2013-01-20,2013,0,,DET,BOS,103,88,1
2013-01-20,2013,0,,DEN,OKC,121,118,1
2013-01-20,2013,0,,ORL,DAL,105,111,1
2013-01-20,2013,0,,TOR,LAL,108,103,1
2013-01-21,2013,0,,POR,WAS,95,98,1
2013-01-21,2013,0,,CHI,LAL,95,83,1
2013-01-21,2013,0,,GSW,LAC,106,99,1
2013-01-21,2013,0,,CHO,HOU,94,100,1
2013-01-21,2013,0,,NYK,BRK,85,88,1
2013-01-21,2013,0,,ATL,MIN,104,96,1
2013-01-21,2013,0,,PHI,SAS,85,90,1
2013-01-21,2013,0,,NOP,SAC,114,105,1
2013-01-21,2013,0,,MEM,IND,81,82,1
2013-01-22,2013,0,,MIL,PHI,110,102,1
2013-01-22,2013,0,,DET,ORL,105,90,1
2013-01-22,2013,0,,LAC,OKC,97,109,1
2013-01-22,2013,0,,CLE,BOS,95,90,1
2013-01-23,2013,0,,CHO,ATL,92,104,1
2013-01-23,2013,0,,SAS,NOP,106,102,1
2013-01-23,2013,0,,GSW,OKC,104,99,1
2013-01-23,2013,0,,POR,IND,100,80,1
2013-01-23,2013,0,,MEM,LAL,106,93,1
2013-01-23,2013,0,,SAC,PHO,96,106,1
2013-01-23,2013,0,,MIN,BRK,83,91,1
2013-01-23,2013,0,,CHI,DET,85,82,1
2013-01-23,2013,0,,MIA,TOR,123,116,1
2013-01-23,2013,0,,HOU,DEN,95,105,1
2013-01-23,2013,0,,UTA,WAS,92,88,1
2013-01-24,2013,0,,BOS,NYK,86,89,1
2013-01-24,2013,0,,PHO,LAC,93,88,1
2013-01-24,2013,0,,ORL,TOR,95,97,1
2013-01-25,2013,0,,SAC,OKC,95,105,1
2013-01-25,2013,0,,WAS,MIN,114,101,1
2013-01-25,2013,0,,NOP,HOU,82,100,1
2013-01-25,2013,0,,CLE,MIL,113,108,1
2013-01-25,2013,0,,MIA,DET,110,88,1
2013-01-25,2013,0,,DAL,SAS,107,113,1
2013-01-25,2013,0,,ATL,BOS,123,111,1
2013-01-25,2013,0,,MEM,BRK,101,77,1
2013-01-25,2013,0,,LAL,UTA,102,84,1
2013-01-25,2013,0,,CHI,GSW,103,87,1
2013-01-26,2013,0,,UTA,IND,114,110,1
2013-01-26,2013,0,,MIL,GSW,109,102,1
2013-01-26,2013,0,,PHI,NYK,97,80,1
2013-01-26,2013,0,,DEN,SAC,121,93,1
2013-01-26,2013,0,,TOR,CLE,98,99,1
2013-01-26,2013,0,,SAS,PHO,108,99,1
2013-01-26,2013,0,,CHO,MIN,102,101,1
2013-01-26,2013,0,,HOU,BRK,119,106,1
2013-01-26,2013,0,,POR,LAC,101,100,1
2013-01-26,2013,0,,WAS,CHI,86,73,1
2013-01-27,2013,0,,LAL,OKC,105,96,1
2013-01-27,2013,0,,DAL,PHO,110,95,1
2013-01-27,2013,0,,BOS,MIA,100,98,1
2013-01-27,2013,0,,MEM,NOP,83,91,1
2013-01-27,2013,0,,ORL,DET,102,104,1
2013-01-27,2013,0,,NYK,ATL,106,104,1
2013-01-27,2013,0,,LAC,POR,96,83,1
2013-01-28,2013,0,,BRK,ORL,97,77,1
2013-01-28,2013,0,,WAS,SAC,94,96,1
2013-01-28,2013,0,,PHI,MEM,100,103,1
2013-01-28,2013,0,,TOR,GSW,102,114,1
2013-01-28,2013,0,,DEN,IND,102,101,1
2013-01-28,2013,0,,CHI,CHO,93,85,1
2013-01-28,2013,0,,UTA,HOU,80,125,1
2013-01-29,2013,0,,LAL,NOP,111,106,1
2013-01-29,2013,0,,DET,MIL,90,117,1
2013-01-29,2013,0,,CLE,GSW,95,108,1
2013-01-29,2013,0,,POR,DAL,106,104,1
2013-01-30,2013,0,,DEN,HOU,118,110,1
2013-01-30,2013,0,,SAS,CHO,102,78,1
2013-01-30,2013,0,,IND,DET,98,79,1
2013-01-30,2013,0,,PHO,LAL,92,86,1
2013-01-30,2013,0,,BRK,MIA,85,105,1
2013-01-30,2013,0,,NYK,ORL,113,97,1
2013-01-30,2013,0,,PHI,WAS,92,84,1
2013-01-30,2013,0,,BOS,SAC,99,81,1
2013-01-30,2013,0,,ATL,TOR,93,92,1
2013-01-30,2013,0,,MIN,LAC,90,96,1
2013-01-30,2013,0,,UTA,NOP,104,99,1
2013-01-30,2013,0,,MIL,CHI,88,104,1
2013-01-31,2013,0,,GSW,DAL,100,97,1
2013-01-31,2013,0,,OKC,MEM,106,89,1
2013-02-01,2013,0,,DET,CLE,117,99,1
2013-02-01,2013,0,,UTA,POR,86,77,1
2013-02-01,2013,0,,BRK,CHI,93,89,1
2013-02-01,2013,0,,PHO,DAL,99,109,1
2013-02-01,2013,0,,DEN,NOP,113,98,1
2013-02-01,2013,0,,BOS,ORL,97,84,1
2013-02-01,2013,0,,IND,MIA,102,89,1
2013-02-01,2013,0,,PHI,SAC,89,80,1
2013-02-01,2013,0,,NYK,MIL,96,86,1
2013-02-01,2013,0,,MEM,WAS,85,76,1
2013-02-01,2013,0,,MIN,LAL,100,111,1
2013-02-01,2013,0,,TOR,LAC,98,73,1
2013-02-02,2013,0,,HOU,CHO,109,95,1
2013-02-02,2013,0,,MIN,NOP,115,86,1
2013-02-02,2013,0,,POR,UTA,105,99,1
2013-02-02,2013,0,,SAS,WAS,96,86,1
2013-02-02,2013,0,,MIL,ORL,107,98,1
2013-02-02,2013,0,,CLE,OKC,115,110,1
2013-02-02,2013,0,,ATL,CHI,76,93,1
2013-02-02,2013,0,,GSW,PHO,113,93,1
2013-02-02,2013,0,,NYK,SAC,120,81,1
2013-02-03,2013,0,,BOS,LAC,106,104,1
2013-02-03,2013,0,,TOR,MIA,85,100,1
2013-02-03,2013,0,,DET,LAL,97,98,1
2013-02-04,2013,0,,UTA,SAC,98,91,1
2013-02-04,2013,0,,OKC,DAL,112,91,1
2013-02-04,2013,0,,NYK,DET,99,85,1
2013-02-04,2013,0,,MIA,CHO,99,94,1
2013-02-04,2013,0,,PHI,ORL,78,61,1
2013-02-04,2013,0,,IND,CHI,111,101,1
2013-02-04,2013,0,,MIN,POR,98,100,1
2013-02-04,2013,0,,WAS,LAC,98,90,1
2013-02-05,2013,0,,MEM,PHO,90,96,1
2013-02-05,2013,0,,HOU,GSW,140,109,1
2013-02-05,2013,0,,BRK,LAL,83,92,1
2013-02-05,2013,0,,IND,ATL,114,103,1
2013-02-05,2013,0,,DEN,MIL,112,104,1
2013-02-06,2013,0,,DAL,POR,105,99,1
2013-02-06,2013,0,,DET,BRK,90,93,1
2013-02-06,2013,0,,MIA,HOU,114,108,1
2013-02-06,2013,0,,OKC,GSW,119,98,1
2013-02-06,2013,0,,TOR,BOS,95,99,1
2013-02-06,2013,0,,CLE,CHO,122,95,1
2013-02-06,2013,0,,WAS,NYK,106,96,1
2013-02-06,2013,0,,ORL,LAC,76,86,1
2013-02-06,2013,0,,ATL,MEM,103,92,1
2013-02-06,2013,0,,NOP,PHO,93,84,1
2013-02-06,2013,0,,MIN,SAS,94,104,1
2013-02-06,2013,0,,UTA,MIL,100,86,1
2013-02-06,2013,0,,PHI,IND,69,88,1
2013-02-07,2013,0,,BOS,LAL,116,95,1
2013-02-07,2013,0,,DEN,CHI,128,96,1
2013-02-08,2013,0,,ATL,NOP,100,111,1
2013-02-08,2013,0,,DET,SAS,119,109,1
2013-02-08,2013,0,,IND,TOR,98,100,1
2013-02-08,2013,0,,UTA,CHI,89,93,1
2013-02-08,2013,0,,MEM,GSW,99,93,1
2013-02-08,2013,0,,HOU,POR,118,103,1
2013-02-08,2013,0,,OKC,PHO,127,96,1
2013-02-08,2013,0,,WAS,BRK,89,74,1
2013-02-08,2013,0,,MIA,LAC,111,89,1
2013-02-08,2013,0,,MIN,NYK,94,100,1
2013-02-08,2013,0,,CLE,ORL,119,108,1
2013-02-08,2013,0,,CHO,LAL,93,100,1
2013-02-09,2013,0,,MIL,DET,100,105,1
2013-02-09,2013,0,,PHI,CHO,87,76,1
2013-02-09,2013,0,,DAL,GSW,116,91,1
2013-02-09,2013,0,,CLE,DEN,103,111,1
2013-02-09,2013,0,,SAC,UTA,120,109,1
2013-02-10,2013,0,,TOR,NOP,102,89,1
2013-02-10,2013,0,,BOS,DEN,118,114,1
2013-02-10,2013,0,,NYK,LAC,88,102,1
2013-02-10,2013,0,,MIA,LAL,107,97,1
2013-02-10,2013,0,,BRK,SAS,86,111,1
2013-02-10,2013,0,,SAC,HOU,117,111,1
2013-02-10,2013,0,,PHO,OKC,69,97,1
2013-02-10,2013,0,,MEM,MIN,105,88,1
2013-02-10,2013,0,,ORL,POR,110,104,1
2013-02-11,2013,0,,DAL,ATL,101,105,1
2013-02-11,2013,0,,PHI,LAC,90,107,1
2013-02-11,2013,0,,CHI,SAS,89,103,1
2013-02-11,2013,0,,DET,NOP,86,105,1
2013-02-11,2013,0,,IND,BRK,84,89,1
2013-02-11,2013,0,,CHO,BOS,94,91,1
2013-02-11,2013,0,,MIL,WAS,90,102,1
2013-02-11,2013,0,,CLE,MIN,92,100,1
2013-02-12,2013,0,,TOR,DEN,109,108,1
2013-02-12,2013,0,,LAL,PHO,91,85,1
2013-02-12,2013,0,,UTA,OKC,109,94,1
2013-02-12,2013,0,,MEM,SAC,108,101,1
2013-02-12,2013,0,,MIA,POR,117,104,1
2013-02-12,2013,0,,GSW,HOU,107,116,1
2013-02-13,2013,0,,DAL,SAC,123,100,1
2013-02-13,2013,0,,NOP,POR,99,63,1
2013-02-13,2013,0,,MIN,UTA,93,97,1
2013-02-13,2013,0,,IND,CHO,101,77,1
2013-02-13,2013,0,,DET,WAS,96,85,1
2013-02-13,2013,0,,ORL,ATL,76,108,1
2013-02-13,2013,0,,CLE,SAS,95,96,1
2013-02-13,2013,0,,BOS,CHI,71,69,1
2013-02-13,2013,0,,BRK,DEN,119,108,1
2013-02-13,2013,0,,MIL,PHI,94,92,1
2013-02-13,2013,0,,NYK,TOR,88,92,1
2013-02-13,2013,0,,LAC,HOU,106,96,1
2013-02-14,2013,0,,OKC,MIA,100,110,1
2013-02-14,2013,0,,LAL,LAC,101,125,1
2013-02-19,2013,0,,WAS,TOR,88,96,1
2013-02-19,2013,0,,NOP,CHI,87,96,1
2013-02-19,2013,0,,SAC,SAS,102,108,1
2013-02-19,2013,0,,POR,PHO,98,102,1
2013-02-19,2013,0,,DET,MEM,91,105,1
2013-02-19,2013,0,,BRK,MIL,113,111,1
2013-02-19,2013,0,,DEN,BOS,97,90,1
2013-02-19,2013,0,,UTA,GSW,115,101,1
2013-02-19,2013,0,,ORL,CHO,92,105,1
2013-02-20,2013,0,,LAL,BOS,113,99,1
2013-02-20,2013,0,,CLE,NOP,105,100,1
2013-02-20,2013,0,,MIL,BRK,94,97,1
2013-02-20,2013,0,,IND,NYK,125,91,1
2013-02-20,2013,0,,GSW,PHO,108,98,1
2013-02-20,2013,0,,DAL,ORL,111,96,1
2013-02-20,2013,0,,CHO,DET,99,105,1
2013-02-20,2013,0,,ATL,MIA,90,103,1
2013-02-20,2013,0,,HOU,OKC,122,119,1
2013-02-20,2013,0,,TOR,MEM,82,88,1
2013-02-20,2013,0,,MIN,PHI,94,87,1
2013-02-21,2013,0,,CHI,MIA,67,86,1
2013-02-21,2013,0,,LAC,SAS,90,116,1
2013-02-22,2013,0,,LAL,POR,111,107,1
2013-02-22,2013,0,,OKC,MIN,127,111,1
2013-02-22,2013,0,,BRK,HOU,96,106,1
2013-02-22,2013,0,,PHO,BOS,88,113,1
2013-02-22,2013,0,,WAS,DEN,119,113,1
2013-02-22,2013,0,,ATL,SAC,122,108,1
2013-02-22,2013,0,,GSW,SAS,107,101,1
2013-02-22,2013,0,,NOP,DAL,100,104,1
2013-02-22,2013,0,,IND,DET,114,82,1
2013-02-22,2013,0,,MEM,ORL,88,82,1
2013-02-22,2013,0,,TOR,NYK,100,98,1
2013-02-22,2013,0,,CHO,CHI,75,105,1
2013-02-23,2013,0,,LAC,UTA,107,94,1
2013-02-23,2013,0,,DET,IND,72,90,1
2013-02-23,2013,0,,PHI,MIA,90,114,1
2013-02-23,2013,0,,ORL,CLE,94,118,1
2013-02-23,2013,0,,WAS,HOU,105,103,1
2013-02-23,2013,0,,CHO,DEN,99,113,1
2013-02-23,2013,0,,MIL,ATL,102,103,1
2013-02-24,2013,0,,NOP,SAC,110,95,1
2013-02-24,2013,0,,NYK,PHI,99,93,1
2013-02-24,2013,0,,MIN,GSW,99,100,1
2013-02-24,2013,0,,DAL,LAL,99,103,1
2013-02-24,2013,0,,BRK,MEM,72,76,1
2013-02-24,2013,0,,OKC,CHI,102,72,1
2013-02-24,2013,0,,PHO,SAS,87,97,1
2013-02-24,2013,0,,MIA,CLE,109,105,1
2013-02-24,2013,0,,POR,BOS,92,86,1
2013-02-25,2013,0,,UTA,BOS,107,110,1
2013-02-25,2013,0,,DEN,LAL,119,108,1
2013-02-25,2013,0,,DET,ATL,103,114,1
2013-02-25,2013,0,,TOR,WAS,84,90,1
2013-02-26,2013,0,,PHO,MIN,84,83,1
2013-02-26,2013,0,,NOP,BRK,97,101,1
2013-02-26,2013,0,,PHI,ORL,84,98,1
2013-02-26,2013,0,,CHI,CLE,98,101,1
2013-02-26,2013,0,,IND,GSW,108,97,1
2013-02-26,2013,0,,DAL,MIL,90,95,1
2013-02-26,2013,0,,MIA,SAC,141,129,1
2013-02-26,2013,0,,LAC,CHO,106,84,1
2013-02-27,2013,0,,POR,DEN,109,111,1
2013-02-27,2013,0,,UTA,ATL,91,102,1
2013-02-27,2013,0,,MEM,DAL,90,84,1
2013-02-27,2013,0,,WAS,DET,95,96,1
2013-02-27,2013,0,,HOU,MIL,107,110,1
2013-02-27,2013,0,,CLE,TOR,103,92,1
2013-02-27,2013,0,,SAS,PHO,101,105,1
2013-02-27,2013,0,,OKC,NOP,119,74,1
2013-02-27,2013,0,,ORL,SAC,101,125,1
2013-02-27,2013,0,,NYK,GSW,109,105,1
2013-02-28,2013,0,,IND,LAC,91,99,1
2013-02-28,2013,0,,CHI,PHI,93,82,1
2013-02-28,2013,0,,LAL,MIN,116,94,1
2013-03-01,2013,0,,CLE,LAC,89,105,1
2013-03-01,2013,0,,ORL,HOU,110,118,1
2013-03-01,2013,0,,BRK,DAL,90,98,1
2013-03-01,2013,0,,MIA,MEM,98,91,1
2013-03-01,2013,0,,WAS,NYK,88,96,1
2013-03-01,2013,0,,UTA,CHO,98,68,1
2013-03-01,2013,0,,TOR,IND,81,93,1
2013-03-01,2013,0,,BOS,GSW,94,86,1
2013-03-01,2013,0,,SAS,SAC,130,102,1
2013-03-01,2013,0,,PHO,ATL,92,87,1
2013-03-01,2013,0,,DEN,OKC,105,103,1
2013-03-01,2013,0,,NOP,DET,100,95,1
2013-03-02,2013,0,,POR,MIN,109,94,1
2013-03-02,2013,0,,MIL,TOR,122,114,1
2013-03-02,2013,0,,PHI,GSW,104,97,1
2013-03-02,2013,0,,CHI,BRK,96,85,1
2013-03-03,2013,0,,ORL,MEM,82,108,1
2013-03-03,2013,0,,LAL,ATL,99,98,1
2013-03-03,2013,0,,NYK,MIA,93,99,1
2013-03-03,2013,0,,HOU,DAL,136,103,1
2013-03-03,2013,0,,IND,CHI,97,92,1
2013-03-03,2013,0,,WAS,PHI,90,87,1
2013-03-03,2013,0,,LAC,OKC,104,108,1
2013-03-03,2013,0,,SAC,CHO,119,83,1
2013-03-03,2013,0,,SAS,DET,114,75,1
2013-03-04,2013,0,,POR,CHO,122,105,1
2013-03-04,2013,0,,NOP,ORL,102,105,1
2013-03-04,2013,0,,CLE,NYK,97,102,1
2013-03-04,2013,0,,DEN,ATL,104,88,1
2013-03-04,2013,0,,MIN,MIA,81,97,1
2013-03-04,2013,0,,MIL,UTA,109,108,1
2013-03-04,2013,0,,GSW,TOR,125,118,1
2013-03-05,2013,0,,SAC,DEN,113,120,1
2013-03-05,2013,0,,OKC,LAL,122,105,1
2013-03-05,2013,0,,PHI,BOS,101,109,1
2013-03-06,2013,0,,IND,BOS,81,83,1
2013-03-06,2013,0,,MIN,WAS,87,82,1
2013-03-06,2013,0,,GSW,SAC,87,83,1
2013-03-06,2013,0,,CHO,BRK,78,99,1
2013-03-06,2013,0,,MEM,POR,91,85,1
2013-03-06,2013,0,,CLE,UTA,104,101,1
2013-03-06,2013,0,,LAC,MIL,117,101,1
2013-03-06,2013,0,,ATL,PHI,107,96,1
2013-03-06,2013,0,,SAS,CHI,101,83,1
2013-03-06,2013,0,,MIA,ORL,97,96,1
2013-03-06,2013,0,,DET,NYK,77,87,1
2013-03-06,2013,0,,NOP,LAL,102,108,1
2013-03-06,2013,0,,DAL,HOU,112,108,1
2013-03-06,2013,0,,PHO,TOR,71,98,1
2013-03-07,2013,0,,DEN,LAC,107,92,1
2013-03-07,2013,0,,NYK,OKC,94,95,1
2013-03-08,2013,0,,CHI,UTA,89,88,1
2013-03-08,2013,0,,BOS,ATL,107,102,1
2013-03-08,2013,0,,BRK,WAS,95,78,1
2013-03-08,2013,0,,CHO,OKC,94,116,1
2013-03-08,2013,0,,MIA,PHI,102,93,1
2013-03-08,2013,0,,DET,DAL,99,102,1
2013-03-08,2013,0,,LAL,TOR,118,116,1
2013-03-08,2013,0,,CLE,MEM,92,103,1
2013-03-08,2013,0,,SAS,POR,106,136,1
2013-03-08,2013,0,,ORL,IND,86,115,1
2013-03-08,2013,0,,SAC,PHO,121,112,1
2013-03-08,2013,0,,GSW,HOU,88,94,1
2013-03-09,2013,0,,GSW,MIL,93,103,1
2013-03-09,2013,0,,PHO,HOU,107,105,1
2013-03-09,2013,0,,MEM,NOP,96,85,1
2013-03-09,2013,0,,ATL,BRK,80,93,1
2013-03-09,2013,0,,WAS,CHO,104,87,1
2013-03-09,2013,0,,NYK,UTA,113,84,1
2013-03-09,2013,0,,DEN,MIN,111,88,1
2013-03-10,2013,0,,MIN,DAL,77,100,1
2013-03-10,2013,0,,MIA,IND,105,91,1
2013-03-10,2013,0,,LAL,CHI,90,81,1
2013-03-10,2013,0,,OKC,BOS,91,79,1
2013-03-10,2013,0,,NOP,POR,98,96,1
2013-03-10,2013,0,,SAC,MIL,113,115,1
2013-03-10,2013,0,,ORL,PHI,99,91,1
2013-03-10,2013,0,,TOR,CLE,100,96,1
2013-03-10,2013,0,,LAC,DET,129,97,1
2013-03-11,2013,0,,PHI,BRK,106,97,1
2013-03-11,2013,0,,SAS,OKC,105,93,1
2013-03-11,2013,0,,GSW,NYK,92,63,1
2013-03-11,2013,0,,UTA,DET,103,90,1
2013-03-11,2013,0,,PHO,DEN,93,108,1
2013-03-12,2013,0,,BRK,NOP,108,98,1
2013-03-12,2013,0,,MIA,ATL,98,81,1
2013-03-12,2013,0,,MIL,DAL,108,115,1
2013-03-12,2013,0,,MIN,SAS,107,83,1
2013-03-12,2013,0,,POR,MEM,97,102,1
2013-03-12,2013,0,,CHO,BOS,100,74,1
2013-03-12,2013,0,,CLE,WAS,95,90,1
2013-03-12,2013,0,,ORL,LAL,97,106,1
2013-03-13,2013,0,,WAS,MIL,106,93,1
2013-03-13,2013,0,,HOU,PHO,111,81,1
2013-03-13,2013,0,,PHI,MIA,94,98,1
2013-03-13,2013,0,,GSW,DET,105,97,1
2013-03-13,2013,0,,OKC,UTA,110,87,1
2013-03-13,2013,0,,DEN,NYK,117,94,1
2013-03-13,2013,0,,ATL,LAL,96,92,1
2013-03-13,2013,0,,BOS,TOR,112,88,1
2013-03-13,2013,0,,SAC,CHI,121,79,1
2013-03-13,2013,0,,IND,MIN,107,91,1
2013-03-13,2013,0,,LAC,MEM,85,96,1
2013-03-14,2013,0,,SAS,DAL,92,91,1
2013-03-14,2013,0,,POR,NYK,105,90,1
2013-03-15,2013,0,,TOR,CHO,92,78,1
2013-03-15,2013,0,,OKC,ORL,117,104,1
2013-03-15,2013,0,,HOU,MIN,108,100,1
2013-03-15,2013,0,,WAS,NOP,96,87,1
2013-03-15,2013,0,,MIL,MIA,94,107,1
2013-03-15,2013,0,,DEN,MEM,87,80,1
2013-03-15,2013,0,,ATL,PHO,107,94,1
2013-03-15,2013,0,,GSW,CHI,95,113,1
2013-03-15,2013,0,,IND,LAL,93,99,1
2013-03-15,2013,0,,DAL,CLE,96,86,1
2013-03-16,2013,0,,BOS,CHO,105,88,1
2013-03-16,2013,0,,UTA,MEM,90,84,1
2013-03-16,2013,0,,SAS,CLE,119,113,1
2013-03-16,2013,0,,POR,DET,112,101,1
2013-03-16,2013,0,,PHI,IND,98,91,1
2013-03-16,2013,0,,WAS,PHO,127,105,1
2013-03-17,2013,0,,LAC,NYK,93,80,1
2013-03-17,2013,0,,MIL,ORL,115,109,1
2013-03-17,2013,0,,BRK,ATL,93,105,1
2013-03-17,2013,0,,HOU,GSW,78,108,1
2013-03-17,2013,0,,DAL,OKC,101,107,1
2013-03-17,2013,0,,LAL,SAC,113,102,1
2013-03-17,2013,0,,MIN,NOP,97,95,1
2013-03-17,2013,0,,TOR,MIA,91,108,1
2013-03-18,2013,0,,BOS,MIA,103,105,1
2013-03-18,2013,0,,CHO,WAS,119,114,1
2013-03-18,2013,0,,NOP,GSW,72,93,1
2013-03-18,2013,0,,CHI,DEN,118,119,1
2013-03-18,2013,0,,CLE,IND,90,111,1
2013-03-18,2013,0,,ATL,DAL,113,127,1
2013-03-18,2013,0,,PHI,POR,101,100,1
2013-03-18,2013,0,,UTA,NYK,83,90,1
2013-03-18,2013,0,,PHO,LAL,99,76,1
2013-03-18,2013,0,,MEM,MIN,92,77,1
2013-03-18,2013,0,,DET,BRK,82,119,1
2013-03-19,2013,0,,SAC,LAC,116,101,1
2013-03-19,2013,0,,IND,ORL,95,73,1
2013-03-19,2013,0,,MIL,POR,102,95,1
2013-03-19,2013,0,,OKC,DEN,104,114,1
2013-03-20,2013,0,,MEM,OKC,90,89,1
2013-03-20,2013,0,,NOP,BOS,87,86,1
2013-03-20,2013,0,,ATL,MIL,98,90,1
2013-03-20,2013,0,,CHO,TOR,107,101,1
2013-03-20,2013,0,,DAL,BRK,96,113,1
2013-03-20,2013,0,,CLE,MIA,95,98,1
2013-03-20,2013,0,,SAS,GSW,104,93,1
2013-03-20,2013,0,,PHO,WAS,79,88,1
2013-03-20,2013,0,,NYK,ORL,106,94,1
2013-03-20,2013,0,,LAC,PHI,101,72,1
2013-03-20,2013,0,,HOU,UTA,100,93,1
2013-03-21,2013,0,,DEN,PHI,101,100,1
2013-03-21,2013,0,,SAC,MIN,101,98,1
2013-03-21,2013,0,,CHI,POR,89,99,1
2013-03-22,2013,0,,PHO,MIN,86,117,1
2013-03-22,2013,0,,TOR,NYK,94,99,1
2013-03-22,2013,0,,HOU,CLE,116,78,1
2013-03-22,2013,0,,LAL,WAS,100,103,1
2013-03-22,2013,0,,IND,MIL,102,78,1
2013-03-22,2013,0,,DAL,BOS,104,94,1
2013-03-22,2013,0,,ORL,OKC,89,97,1
2013-03-22,2013,0,,ATL,POR,93,104,1
2013-03-22,2013,0,,SAS,UTA,104,97,1
2013-03-22,2013,0,,MIA,DET,103,89,1
2013-03-22,2013,0,,NOP,MEM,90,83,1
2013-03-23,2013,0,,MEM,BOS,110,106,1
2013-03-23,2013,0,,LAC,BRK,101,95,1
2013-03-23,2013,0,,GSW,WAS,101,92,1
2013-03-23,2013,0,,DEN,SAC,101,95,1
2013-03-23,2013,0,,CHO,DET,91,92,1
2013-03-23,2013,0,,NYK,TOR,110,84,1
2013-03-23,2013,0,,CHI,IND,87,84,1
2013-03-24,2013,0,,MIA,CHO,109,77,1
2013-03-24,2013,0,,MIL,ATL,99,104,1
2013-03-24,2013,0,,MIN,CHI,97,104,1
2013-03-24,2013,0,,DAL,UTA,113,108,1
2013-03-24,2013,0,,HOU,SAS,96,95,1
2013-03-24,2013,0,,PHO,BRK,100,102,1
2013-03-24,2013,0,,OKC,POR,103,83,1
2013-03-24,2013,0,,SAC,PHI,103,117,1
2013-03-25,2013,0,,ORL,MIA,94,108,1
2013-03-25,2013,0,,UTA,PHI,107,91,1
2013-03-25,2013,0,,WAS,MEM,107,94,1
2013-03-25,2013,0,,GSW,LAL,109,103,1
2013-03-25,2013,0,,IND,ATL,100,94,1
2013-03-25,2013,0,,NOP,DEN,110,86,1
2013-03-26,2013,0,,DET,MIN,82,105,1
2013-03-26,2013,0,,BOS,NYK,85,100,1
2013-03-26,2013,0,,DAL,LAC,109,102,1
2013-03-27,2013,0,,CHO,ORL,114,108,1
2013-03-27,2013,0,,NOP,LAC,91,105,1
2013-03-27,2013,0,,CHI,MIA,101,97,1
2013-03-27,2013,0,,POR,BRK,93,111,1
2013-03-27,2013,0,,OKC,WAS,103,80,1
2013-03-27,2013,0,,CLE,BOS,92,93,1
2013-03-27,2013,0,,HOU,IND,91,100,1
2013-03-27,2013,0,,SAS,DEN,100,99,1
2013-03-27,2013,0,,PHI,MIL,100,92,1
2013-03-27,2013,0,,NYK,MEM,108,101,1
2013-03-27,2013,0,,MIN,LAL,117,120,1
2013-03-27,2013,0,,UTA,PHO,103,88,1
2013-03-27,2013,0,,GSW,SAC,98,105,1
2013-03-27,2013,0,,TOR,ATL,88,107,1
2013-03-28,2013,0,,DAL,IND,78,103,1
2013-03-28,2013,0,,MIL,LAL,113,103,1
2013-03-28,2013,0,,PHO,SAC,103,117,1
2013-03-29,2013,0,,DEN,BRK,109,87,1
2013-03-29,2013,0,,NOP,MIA,89,108,1
2013-03-29,2013,0,,NYK,CHO,111,102,1
2013-03-29,2013,0,,ORL,WAS,97,92,1
2013-03-29,2013,0,,DET,TOR,82,99,1
2013-03-29,2013,0,,POR,UTA,95,105,1
2013-03-29,2013,0,,SAS,LAC,104,102,1
2013-03-29,2013,0,,BOS,ATL,118,107,1
2013-03-29,2013,0,,CLE,PHI,87,97,1
2013-03-29,2013,0,,MIN,OKC,101,93,1
2013-03-29,2013,0,,MEM,HOU,103,94,1
2013-03-30,2013,0,,MIL,OKC,99,109,1
2013-03-30,2013,0,,HOU,LAC,98,81,1
2013-03-30,2013,0,,SAC,LAL,98,103,1
2013-03-30,2013,0,,MIN,MEM,86,99,1
2013-03-30,2013,0,,DAL,CHI,100,98,1
2013-03-30,2013,0,,PHO,IND,104,112,1
2013-03-30,2013,0,,UTA,BRK,116,107,1
2013-03-30,2013,0,,PHI,CHO,100,92,1
2013-03-30,2013,0,,ATL,ORL,97,88,1
2013-03-30,2013,0,,GSW,POR,125,98,1
2013-03-31,2013,0,,SAS,MIA,86,88,1
2013-03-31,2013,0,,CHI,DET,95,94,1
2013-03-31,2013,0,,WAS,TOR,109,92,1
2013-03-31,2013,0,,NOP,CLE,112,92,1
2013-03-31,2013,0,,NYK,BOS,108,89,1
2013-04-01,2013,0,,TOR,DET,98,108,1
2013-04-01,2013,0,,ATL,CLE,102,94,1
2013-04-01,2013,0,,MEM,SAS,92,90,1
2013-04-01,2013,0,,LAC,IND,106,109,1
2013-04-01,2013,0,,HOU,ORL,111,103,1
2013-04-01,2013,0,,UTA,POR,112,102,1
2013-04-01,2013,0,,MIN,BOS,110,100,1
2013-04-01,2013,0,,MIL,CHO,131,102,1
2013-04-02,2013,0,,MIA,NYK,90,102,1
2013-04-02,2013,0,,LAL,DAL,101,81,1
2013-04-02,2013,0,,WAS,CHI,90,86,1
2013-04-03,2013,0,,BOS,DET,98,93,1
2013-04-03,2013,0,,MIL,MIN,98,107,1
2013-04-03,2013,0,,SAS,ORL,98,84,1
2013-04-03,2013,0,,CHO,PHI,88,83,1
2013-04-03,2013,0,,POR,MEM,76,94,1
2013-04-03,2013,0,,GSW,NOP,98,88,1
2013-04-03,2013,0,,SAC,HOU,102,112,1
2013-04-03,2013,0,,LAC,PHO,126,101,1
2013-04-03,2013,0,,TOR,WAS,88,78,1
2013-04-03,2013,0,,UTA,DEN,96,113,1
2013-04-03,2013,0,,ATL,NYK,82,95,1
2013-04-03,2013,0,,CLE,BRK,95,113,1
2013-04-04,2013,0,,DEN,DAL,95,94,1
2013-04-04,2013,0,,OKC,SAS,100,88,1
2013-04-04,2013,0,,BRK,CHI,90,92,1
2013-04-05,2013,0,,ATL,PHI,90,101,1
2013-04-05,2013,0,,CHI,ORL,87,86,1
2013-04-05,2013,0,,LAL,MEM,86,84,1
2013-04-05,2013,0,,IND,OKC,75,97,1
2013-04-05,2013,0,,UTA,NOP,95,83,1
2013-04-05,2013,0,,POR,HOU,98,116,1
2013-04-05,2013,0,,PHO,GSW,107,111,1
2013-04-05,2013,0,,BOS,CLE,91,97,1
2013-04-05,2013,0,,CHO,MIA,79,89,1
2013-04-05,2013,0,,NYK,MIL,101,83,1
2013-04-05,2013,0,,MIN,TOR,93,95,1
2013-04-05,2013,0,,SAC,DAL,108,117,1
2013-04-06,2013,0,,BRK,CHO,105,96,1
2013-04-06,2013,0,,DEN,HOU,132,114,1
2013-04-06,2013,0,,MIA,PHI,106,87,1
2013-04-06,2013,0,,SAS,ATL,99,97,1
2013-04-06,2013,0,,MIL,TOR,100,83,1
2013-04-06,2013,0,,WAS,IND,104,85,1
2013-04-06,2013,0,,MIN,DET,107,101,1
2013-04-07,2013,0,,BOS,WAS,107,96,1
2013-04-07,2013,0,,LAC,LAL,109,95,1
2013-04-07,2013,0,,SAC,MEM,87,89,1
2013-04-07,2013,0,,DET,CHI,99,85,1
2013-04-07,2013,0,,OKC,NYK,120,125,1
2013-04-07,2013,0,,GSW,UTA,90,97,1
2013-04-07,2013,0,,CLE,ORL,91,85,1
2013-04-07,2013,0,,POR,DAL,91,96,1
2013-04-07,2013,0,,PHO,NOP,92,95,1
2013-04-09,2013,0,,BRK,PHI,104,83,1
2013-04-09,2013,0,,IND,CLE,99,94,1
2013-04-09,2013,0,,UTA,OKC,80,90,1
2013-04-09,2013,0,,MEM,CHO,94,75,1
2013-04-09,2013,0,,NYK,WAS,120,99,1
2013-04-09,2013,0,,GSW,MIN,105,89,1
2013-04-09,2013,0,,CHI,TOR,98,101,1
2013-04-09,2013,0,,MIA,MIL,94,83,1
2013-04-09,2013,0,,LAL,NOP,104,96,1
2013-04-09,2013,0,,HOU,PHO,101,98,1
2013-04-10,2013,0,,POR,LAL,106,113,1
2013-04-10,2013,0,,WAS,MIA,98,103,1
2013-04-10,2013,0,,BOS,BRK,93,101,1
2013-04-10,2013,0,,SAC,NOP,121,110,1
2013-04-10,2013,0,,DEN,SAS,96,86,1
2013-04-10,2013,0,,ORL,MIL,113,103,1
2013-04-10,2013,0,,PHI,ATL,101,124,1
2013-04-10,2013,0,,DAL,PHO,91,102,1
2013-04-10,2013,0,,CLE,DET,104,111,1
2013-04-10,2013,0,,LAC,MIN,111,95,1
2013-04-11,2013,0,,CHI,NYK,118,111,1
2013-04-11,2013,0,,GSW,OKC,97,116,1
2013-04-12,2013,0,,LAL,GSW,118,116,1
2013-04-12,2013,0,,WAS,PHI,86,97,1
2013-04-12,2013,0,,DAL,DEN,108,105,1
2013-04-12,2013,0,,HOU,MEM,78,82,1
2013-04-12,2013,0,,ATL,MIL,109,104,1
2013-04-12,2013,0,,SAS,SAC,108,101,1
2013-04-12,2013,0,,IND,BRK,109,117,1
2013-04-12,2013,0,,POR,OKC,90,106,1
2013-04-12,2013,0,,TOR,CHI,97,88,1
2013-04-12,2013,0,,CLE,NYK,91,101,1
2013-04-12,2013,0,,MIA,BOS,109,101,1
2013-04-12,2013,0,,DET,CHO,113,93,1
2013-04-12,2013,0,,NOP,LAC,93,96,1
2013-04-12,2013,0,,UTA,MIN,107,100,1
2013-04-13,2013,0,,ORL,BOS,88,120,1
2013-04-13,2013,0,,MEM,LAC,87,91,1
2013-04-13,2013,0,,MIN,PHO,105,93,1
2013-04-13,2013,0,,CHO,MIL,95,85,1
2013-04-14,2013,0,,MIA,CHI,105,93,1
2013-04-14,2013,0,,NYK,IND,90,80,1
2013-04-14,2013,0,,TOR,BRK,93,87,1
2013-04-14,2013,0,,HOU,SAC,121,100,1
2013-04-14,2013,0,,LAL,SAS,91,86,1
2013-04-14,2013,0,,NOP,DAL,89,107,1
2013-04-14,2013,0,,PHI,CLE,91,77,1
2013-04-14,2013,0,,DEN,POR,118,109,1
2013-04-15,2013,0,,DET,PHI,109,101,1
2013-04-15,2013,0,,ORL,CHI,84,102,1
2013-04-15,2013,0,,CHO,NYK,106,95,1
2013-04-15,2013,0,,MIN,UTA,80,96,1
2013-04-15,2013,0,,OKC,SAC,104,95,1
2013-04-15,2013,0,,MIL,DEN,111,112,1
2013-04-15,2013,0,,PHO,HOU,119,112,1
2013-04-15,2013,0,,DAL,MEM,97,103,1
2013-04-15,2013,0,,GSW,SAS,116,106,1
2013-04-15,2013,0,,CLE,MIA,95,96,1
2013-04-15,2013,0,,BRK,WAS,106,101,1
2013-04-16,2013,0,,LAC,POR,93,77,1
2013-04-16,2013,0,,ATL,TOR,96,113,1
2013-04-17,2013,0,,DEN,PHO,118,98,1
2013-04-17,2013,0,,LAL,HOU,99,95,1
2013-04-17,2013,0,,BRK,DET,103,99,1
2013-04-17,2013,0,,CHO,CLE,105,98,1
2013-04-17,2013,0,,SAS,MIN,95,108,1
2013-04-17,2013,0,,MIA,ORL,105,93,1
2013-04-17,2013,0,,POR,GSW,88,99,1
2013-04-17,2013,0,,IND,PHI,95,105,1
2013-04-17,2013,0,,CHI,WAS,95,92,1
2013-04-17,2013,0,,NYK,ATL,98,92,1
2013-04-17,2013,0,,TOR,BOS,114,90,1
2013-04-17,2013,0,,OKC,MIL,89,95,1
2013-04-17,2013,0,,DAL,NOP,99,87,1
2013-04-17,2013,0,,MEM,UTA,86,70,1
2013-04-17,2013,0,,SAC,LAC,108,112,1
2013-10-29,2014,0,,LAL,LAC,116,103,1
2013-10-29,2014,0,,IND,ORL,97,87,1
2013-10-29,2014,0,,MIA,CHI,107,95,1
2013-10-30,2014,0,,TOR,BOS,93,87,1
2013-10-30,2014,0,,CLE,BRK,98,94,1
2013-10-30,2014,0,,HOU,CHO,96,83,1
2013-10-30,2014,0,,NYK,MIL,90,83,1
2013-10-30,2014,0,,GSW,LAL,125,94,1
2013-10-30,2014,0,,PHO,POR,104,91,1
2013-10-30,2014,0,,UTA,OKC,98,101,1
2013-10-30,2014,0,,SAS,MEM,101,94,1
2013-10-30,2014,0,,NOP,IND,90,95,1
2013-10-30,2014,0,,PHI,MIA,114,110,1
2013-10-30,2014,0,,DAL,ATL,118,109,1
2013-10-30,2014,0,,SAC,DEN,90,88,1
2013-10-30,2014,0,,MIN,ORL,120,115,1
2013-10-30,2014,0,,DET,WAS,113,102,1
2013-10-31,2014,0,,CHI,NYK,82,81,1
2013-10-31,2014,0,,LAC,GSW,126,115,1
2013-11-01,2014,0,,ATL,TOR,102,95,1
2013-11-01,2014,0,,MIN,OKC,100,81,1
2013-11-01,2014,0,,PHO,UTA,87,84,1
2013-11-01,2014,0,,DEN,POR,98,113,1
2013-11-01,2014,0,,HOU,DAL,113,105,1
2013-11-01,2014,0,,MEM,DET,111,108,1
2013-11-01,2014,0,,CHO,CLE,90,84,1
2013-11-01,2014,0,,ORL,NOP,110,90,1
2013-11-01,2014,0,,WAS,PHI,102,109,1
2013-11-01,2014,0,,SAC,LAC,101,110,1
2013-11-01,2014,0,,BOS,MIL,98,105,1
2013-11-01,2014,0,,BRK,MIA,101,100,1
2013-11-01,2014,0,,LAL,SAS,85,91,1
2013-11-02,2014,0,,GSW,SAC,98,87,1
2013-11-02,2014,0,,IND,CLE,89,74,1
2013-11-02,2014,0,,MIL,TOR,90,97,1
2013-11-02,2014,0,,DAL,MEM,111,99,1
2013-11-02,2014,0,,POR,SAS,115,105,1
2013-11-02,2014,0,,UTA,HOU,93,104,1
2013-11-02,2014,0,,NOP,CHO,105,84,1
2013-11-02,2014,0,,PHI,CHI,107,104,1
2013-11-03,2014,0,,OKC,PHO,103,96,1
2013-11-03,2014,0,,ORL,BRK,107,86,1
2013-11-03,2014,0,,DET,BOS,87,77,1
2013-11-03,2014,0,,MIA,WAS,103,93,1
2013-11-03,2014,0,,LAL,ATL,105,103,1
2013-11-03,2014,0,,NYK,MIN,100,109,1
2013-11-04,2014,0,,PHI,GSW,90,110,1
2013-11-04,2014,0,,CLE,MIN,93,92,1
2013-11-04,2014,0,,LAC,HOU,137,118,1
2013-11-04,2014,0,,MEM,BOS,95,88,1
2013-11-05,2014,0,,DAL,LAL,123,104,1
2013-11-05,2014,0,,POR,HOU,101,116,1
2013-11-05,2014,0,,BRK,UTA,104,88,1
2013-11-05,2014,0,,DET,IND,91,99,1
2013-11-05,2014,0,,SAC,ATL,100,105,1
2013-11-05,2014,0,,NOP,PHO,98,104,1
2013-11-05,2014,0,,DEN,SAS,94,102,1
2013-11-05,2014,0,,NYK,CHO,97,102,1
2013-11-05,2014,0,,TOR,MIA,95,104,1
2013-11-06,2014,0,,ORL,LAC,98,90,1
2013-11-06,2014,0,,BOS,UTA,97,87,1
2013-11-06,2014,0,,CHO,TOR,92,90,1
2013-11-06,2014,0,,PHI,WAS,102,116,1
2013-11-06,2014,0,,MIN,GSW,93,106,1
2013-11-06,2014,0,,OKC,DAL,107,93,1
2013-11-06,2014,0,,IND,CHI,97,80,1
2013-11-06,2014,0,,MIL,CLE,109,104,1
2013-11-06,2014,0,,MEM,NOP,84,99,1
2013-11-06,2014,0,,SAS,PHO,99,96,1
2013-11-07,2014,0,,DEN,ATL,109,107,1
2013-11-07,2014,0,,HOU,LAL,98,99,1
2013-11-07,2014,0,,MIA,LAC,102,97,1
2013-11-08,2014,0,,POR,SAC,104,91,1
2013-11-08,2014,0,,IND,TOR,91,84,1
2013-11-08,2014,0,,WAS,BRK,112,108,1
2013-11-08,2014,0,,NOP,LAL,96,85,1
2013-11-08,2014,0,,PHI,CLE,94,79,1
2013-11-08,2014,0,,ORL,BOS,89,91,1
2013-11-08,2014,0,,SAS,GSW,76,74,1
2013-11-08,2014,0,,PHO,DEN,114,103,1
2013-11-08,2014,0,,MIN,DAL,116,108,1
2013-11-08,2014,0,,CHO,NYK,91,101,1
2013-11-08,2014,0,,CHI,UTA,97,73,1
2013-11-08,2014,0,,DET,OKC,110,119,1
2013-11-09,2014,0,,MEM,GSW,108,90,1
2013-11-09,2014,0,,MIL,DAL,83,91,1
2013-11-09,2014,0,,SAC,POR,85,96,1
2013-11-09,2014,0,,CLE,PHI,127,125,1
2013-11-09,2014,0,,HOU,LAC,94,107,1
2013-11-09,2014,0,,ATL,ORL,104,94,1
2013-11-09,2014,0,,TOR,UTA,115,91,1
2013-11-09,2014,0,,BRK,IND,91,96,1
2013-11-09,2014,0,,MIA,BOS,110,111,1
2013-11-10,2014,0,,OKC,WAS,106,105,1
2013-11-10,2014,0,,LAL,MIN,90,113,1
2013-11-10,2014,0,,PHO,NOP,101,94,1
2013-11-10,2014,0,,NYK,SAS,89,120,1
2013-11-11,2014,0,,UTA,DEN,81,100,1
2013-11-11,2014,0,,CHO,ATL,94,103,1
2013-11-11,2014,0,,PHI,SAS,85,109,1
2013-11-11,2014,0,,LAC,MIN,109,107,1
2013-11-11,2014,0,,IND,MEM,95,79,1
2013-11-11,2014,0,,HOU,TOR,110,104,1
2013-11-11,2014,0,,POR,DET,109,103,1
2013-11-11,2014,0,,BOS,ORL,120,105,1
2013-11-11,2014,0,,CHI,CLE,96,81,1
2013-11-12,2014,0,,DAL,WAS,105,95,1
2013-11-12,2014,0,,GSW,DET,113,95,1
2013-11-12,2014,0,,MIA,MIL,118,95,1
2013-11-12,2014,0,,LAL,NOP,116,95,1
2013-11-13,2014,0,,ORL,MIL,94,91,1
2013-11-13,2014,0,,POR,PHO,90,89,1
2013-11-13,2014,0,,MIN,CLE,124,95,1
2013-11-13,2014,0,,MEM,TOR,87,103,1
2013-11-13,2014,0,,SAC,BRK,107,86,1
2013-11-13,2014,0,,LAC,OKC,111,103,1
2013-11-13,2014,0,,DEN,LAL,111,99,1
2013-11-13,2014,0,,BOS,CHO,83,89,1
2013-11-13,2014,0,,UTA,NOP,111,105,1
2013-11-13,2014,0,,ATL,NYK,91,95,1
2013-11-13,2014,0,,SAS,WAS,92,79,1
2013-11-13,2014,0,,PHI,HOU,123,117,1
2013-11-14,2014,0,,NYK,HOU,106,109,1
2013-11-14,2014,0,,GSW,OKC,116,115,1
2013-11-15,2014,0,,SAC,DET,90,97,1
2013-11-15,2014,0,,MIA,DAL,110,104,1
2013-11-15,2014,0,,UTA,SAS,82,91,1
2013-11-15,2014,0,,PHO,BRK,98,100,1
2013-11-15,2014,0,,CLE,CHO,80,86,1
2013-11-15,2014,0,,TOR,CHI,80,96,1
2013-11-15,2014,0,,LAL,MEM,86,89,1
2013-11-15,2014,0,,ATL,PHI,113,103,1
2013-11-15,2014,0,,DEN,MIN,117,113,1
2013-11-15,2014,0,,BOS,POR,96,109,1
2013-11-15,2014,0,,IND,MIL,104,77,1
2013-11-16,2014,0,,LAC,BRK,110,103,1
2013-11-16,2014,0,,MIN,BOS,106,88,1
2013-11-16,2014,0,,GSW,UTA,102,88,1
2013-11-16,2014,0,,HOU,DEN,122,111,1
2013-11-16,2014,0,,CHI,IND,110,94,1
2013-11-16,2014,0,,NOP,PHI,135,98,1
2013-11-16,2014,0,,MIL,OKC,79,92,1
2013-11-16,2014,0,,CHO,MIA,81,97,1
2013-11-16,2014,0,,NYK,ATL,90,110,1
2013-11-16,2014,0,,ORL,DAL,100,108,1
2013-11-16,2014,0,,WAS,CLE,96,103,1
2013-11-17,2014,0,,TOR,POR,110,118,1
2013-11-17,2014,0,,SAC,MEM,86,97,1
2013-11-17,2014,0,,LAL,DET,114,99,1
2013-11-18,2014,0,,UTA,GSW,87,98,1
2013-11-18,2014,0,,CHI,CHO,86,81,1
2013-11-18,2014,0,,BRK,POR,98,108,1
2013-11-18,2014,0,,OKC,DEN,115,113,1
2013-11-18,2014,0,,LAC,MEM,102,106,1
2013-11-18,2014,0,,DAL,PHI,97,94,1
2013-11-19,2014,0,,SAC,PHO,107,104,1
2013-11-19,2014,0,,MIA,ATL,104,88,1
2013-11-19,2014,0,,DET,NYK,92,86,1
2013-11-19,2014,0,,WAS,MIN,104,100,1
2013-11-19,2014,0,,HOU,BOS,109,85,1
2013-11-20,2014,0,,CLE,WAS,91,98,1
2013-11-20,2014,0,,NOP,UTA,105,98,1
2013-11-20,2014,0,,MIL,POR,82,91,1
2013-11-20,2014,0,,DAL,HOU,123,120,1
2013-11-20,2014,0,,GSW,MEM,81,88,1
2013-11-20,2014,0,,PHI,TOR,98,108,1
2013-11-20,2014,0,,NYK,IND,96,103,1
2013-11-20,2014,0,,MIN,LAC,98,102,1
2013-11-20,2014,0,,ATL,DET,93,85,1
2013-11-20,2014,0,,CHO,BRK,95,91,1
2013-11-20,2014,0,,PHO,SAC,106,113,1
2013-11-20,2014,0,,ORL,MIA,92,120,1
2013-11-20,2014,0,,SAS,BOS,104,93,1
2013-11-21,2014,0,,DEN,CHI,97,87,1
2013-11-21,2014,0,,OKC,LAC,105,91,1
2013-11-22,2014,0,,LAL,GSW,102,95,1
2013-11-22,2014,0,,CHO,PHO,91,98,1
2013-11-22,2014,0,,BOS,IND,82,97,1
2013-11-22,2014,0,,TOR,WAS,96,88,1
2013-11-22,2014,0,,MEM,SAS,86,102,1
2013-11-22,2014,0,,NOP,CLE,104,100,1
2013-11-22,2014,0,,DET,ATL,89,96,1
2013-11-22,2014,0,,PHI,MIL,115,107,1
2013-11-22,2014,0,,MIN,BRK,111,81,1
2013-11-22,2014,0,,DAL,UTA,103,93,1
2013-11-22,2014,0,,POR,CHI,98,95,1
2013-11-23,2014,0,,ATL,BOS,87,94,1
2013-11-23,2014,0,,HOU,MIN,112,101,1
2013-11-23,2014,0,,SAS,CLE,126,96,1
2013-11-23,2014,0,,GSW,POR,101,113,1
2013-11-23,2014,0,,IND,PHI,106,98,1
2013-11-23,2014,0,,DEN,DAL,102,100,1
2013-11-23,2014,0,,MIL,CHO,72,96,1
2013-11-23,2014,0,,MIA,ORL,101,99,1
2013-11-23,2014,0,,LAC,SAC,103,102,1
2013-11-23,2014,0,,WAS,NYK,98,89,1
2013-11-24,2014,0,,ORL,PHO,96,104,1
2013-11-24,2014,0,,OKC,UTA,95,73,1
2013-11-24,2014,0,,LAC,CHI,121,82,1
2013-11-24,2014,0,,LAL,SAC,100,86,1
2013-11-24,2014,0,,BRK,DET,97,109,1
2013-11-25,2014,0,,IND,MIN,98,84,1
2013-11-25,2014,0,,MEM,HOU,86,93,1
2013-11-25,2014,0,,POR,NYK,102,91,1
2013-11-25,2014,0,,UTA,CHI,89,83,1
2013-11-25,2014,0,,DAL,DEN,96,110,1
2013-11-25,2014,0,,MIA,PHO,107,92,1
2013-11-25,2014,0,,DET,MIL,113,94,1
2013-11-25,2014,0,,CHO,BOS,86,96,1
2013-11-25,2014,0,,SAS,NOP,112,93,1
2013-11-26,2014,0,,WAS,LAL,116,111,1
2013-11-26,2014,0,,NOP,GSW,101,102,1
2013-11-26,2014,0,,ATL,ORL,92,109,1
2013-11-26,2014,0,,TOR,BRK,100,102,1
2013-11-27,2014,0,,BRK,LAL,94,99,1
2013-11-27,2014,0,,PHO,POR,120,106,1
2013-11-27,2014,0,,DAL,GSW,103,99,1
2013-11-27,2014,0,,LAC,NYK,93,80,1
2013-11-27,2014,0,,CHO,IND,74,99,1
2013-11-27,2014,0,,MIN,DEN,110,117,1
2013-11-27,2014,0,,CLE,MIA,84,95,1
2013-11-27,2014,0,,ORL,PHI,105,94,1
2013-11-27,2014,0,,MIL,WAS,92,100,1
2013-11-27,2014,0,,OKC,SAS,94,88,1
2013-11-27,2014,0,,DET,CHI,79,99,1
2013-11-27,2014,0,,HOU,ATL,113,84,1
2013-11-27,2014,0,,BOS,MEM,93,100,1
2013-11-29,2014,0,,CHO,MIL,92,76,1
2013-11-29,2014,0,,DET,LAL,102,106,1
2013-11-29,2014,0,,UTA,PHO,101,112,1
2013-11-29,2014,0,,OKC,GSW,113,112,1
2013-11-29,2014,0,,TOR,MIA,83,90,1
2013-11-29,2014,0,,HOU,BRK,114,95,1
2013-11-29,2014,0,,SAC,LAC,98,104,1
2013-11-29,2014,0,,ATL,DAL,88,87,1
2013-11-29,2014,0,,IND,WAS,93,73,1
2013-11-29,2014,0,,ORL,SAS,91,109,1
2013-11-29,2014,0,,DEN,NYK,97,95,1
2013-11-29,2014,0,,BOS,CLE,103,86,1
2013-11-29,2014,0,,PHI,NOP,105,121,1
2013-11-30,2014,0,,MIL,BOS,92,85,1
2013-11-30,2014,0,,MEM,BRK,88,97,1
2013-11-30,2014,0,,DAL,MIN,106,112,1
2013-11-30,2014,0,,PHO,UTA,104,112,1
2013-11-30,2014,0,,CLE,CHI,97,93,1
2013-11-30,2014,0,,WAS,ATL,108,101,1
2013-11-30,2014,0,,SAS,HOU,106,112,1
2013-12-01,2014,0,,TOR,DEN,98,112,1
2013-12-01,2014,0,,MIA,CHO,99,98,1
2013-12-01,2014,0,,DET,PHI,115,100,1
2013-12-01,2014,0,,LAC,IND,100,105,1
2013-12-01,2014,0,,OKC,MIN,113,103,1
2013-12-01,2014,0,,LAL,POR,108,114,1
2013-12-01,2014,0,,NYK,NOP,99,103,1
2013-12-01,2014,0,,SAC,GSW,113,115,1
2013-12-02,2014,0,,POR,IND,106,102,1
2013-12-02,2014,0,,WAS,ORL,98,80,1
2013-12-02,2014,0,,SAS,ATL,102,100,1
2013-12-02,2014,0,,CHI,NOP,128,131,1
2013-12-02,2014,0,,UTA,HOU,109,103,1
2013-12-03,2014,0,,DAL,CHO,89,82,1
2013-12-03,2014,0,,PHI,ORL,126,125,1
2013-12-03,2014,0,,SAC,OKC,95,97,1
2013-12-03,2014,0,,GSW,TOR,112,103,1
2013-12-03,2014,0,,BOS,MIL,108,100,1
2013-12-03,2014,0,,MEM,PHO,110,91,1
2013-12-03,2014,0,,MIA,DET,97,107,1
2013-12-03,2014,0,,BRK,DEN,87,111,1
2013-12-04,2014,0,,ATL,LAC,107,97,1
2013-12-04,2014,0,,CLE,DEN,98,88,1
2013-12-04,2014,0,,HOU,PHO,88,97,1
2013-12-04,2014,0,,UTA,IND,86,95,1
2013-12-04,2014,0,,POR,OKC,111,104,1
2013-12-04,2014,0,,NOP,DAL,97,100,1
2013-12-04,2014,0,,MIL,DET,98,105,1
2013-12-05,2014,0,,CHI,MIA,107,87,1
2013-12-05,2014,0,,MEM,LAC,81,101,1
2013-12-05,2014,0,,BRK,NYK,83,113,1
2013-12-06,2014,0,,SAC,LAL,100,106,1
2013-12-06,2014,0,,NOP,OKC,95,109,1
2013-12-06,2014,0,,PHO,TOR,106,97,1
2013-12-06,2014,0,,POR,UTA,130,98,1
2013-12-06,2014,0,,HOU,GSW,105,83,1
2013-12-06,2014,0,,BOS,DEN,106,98,1
2013-12-06,2014,0,,NYK,ORL,121,83,1
2013-12-06,2014,0,,WAS,MIL,105,109,1
2013-12-06,2014,0,,CHO,PHI,105,88,1
2013-12-06,2014,0,,ATL,CLE,108,89,1
2013-12-07,2014,0,,CHI,DET,75,92,1
2013-12-07,2014,0,,POR,DAL,106,108,1
2013-12-07,2014,0,,SAS,IND,100,111,1
2013-12-07,2014,0,,MIL,BRK,82,90,1
2013-12-07,2014,0,,CLE,LAC,88,82,1
2013-12-07,2014,0,,PHI,DEN,92,103,1
2013-12-07,2014,0,,MEM,GSW,82,108,1
2013-12-07,2014,0,,MIN,MIA,82,103,1
2013-12-07,2014,0,,UTA,SAC,102,112,1
2013-12-08,2014,0,,OKC,IND,118,94,1
2013-12-08,2014,0,,LAL,TOR,94,106,1
2013-12-08,2014,0,,NYK,BOS,73,114,1
2013-12-08,2014,0,,HOU,ORL,98,88,1
2013-12-08,2014,0,,DET,MIA,95,110,1
2013-12-09,2014,0,,UTA,POR,94,105,1
2013-12-09,2014,0,,CHO,GSW,115,111,1
2013-12-09,2014,0,,MEM,ORL,94,85,1
2013-12-09,2014,0,,WAS,DEN,74,75,1
2013-12-09,2014,0,,PHI,LAC,83,94,1
2013-12-09,2014,0,,SAC,DAL,112,97,1
2013-12-10,2014,0,,DET,MIN,94,121,1
2013-12-10,2014,0,,IND,MIA,90,84,1
2013-12-10,2014,0,,TOR,SAS,103,116,1
2013-12-10,2014,0,,CHI,MIL,74,78,1
2013-12-10,2014,0,,CLE,NYK,109,94,1
2013-12-10,2014,0,,LAL,PHO,108,114,1
2013-12-10,2014,0,,BRK,BOS,104,96,1
2013-12-10,2014,0,,ATL,OKC,92,101,1
2013-12-11,2014,0,,MIL,SAS,77,109,1
2013-12-11,2014,0,,NYK,CHI,83,78,1
2013-12-11,2014,0,,SAC,UTA,101,122,1
2013-12-11,2014,0,,CHO,ORL,83,92,1
2013-12-11,2014,0,,NOP,DET,111,106,1
2013-12-11,2014,0,,GSW,DAL,95,93,1
2013-12-11,2014,0,,MEM,OKC,100,116,1
2013-12-11,2014,0,,BOS,LAC,88,96,1
2013-12-11,2014,0,,MIN,PHI,106,99,1
2013-12-12,2014,0,,POR,HOU,111,104,1
2013-12-12,2014,0,,BRK,LAC,102,93,1
2013-12-13,2014,0,,MIL,CHI,90,91,1
2013-12-13,2014,0,,IND,CHO,99,94,1
2013-12-13,2014,0,,DET,BRK,103,99,1
2013-12-13,2014,0,,OKC,LAL,122,97,1
2013-12-13,2014,0,,TOR,PHI,108,100,1
2013-12-13,2014,0,,ATL,WAS,101,99,1
2013-12-13,2014,0,,NOP,MEM,104,98,1
2013-12-13,2014,0,,BOS,NYK,90,86,1
2013-12-13,2014,0,,PHO,SAC,116,107,1
2013-12-13,2014,0,,DEN,UTA,93,103,1
2013-12-13,2014,0,,ORL,CLE,100,109,1
2013-12-13,2014,0,,SAS,MIN,117,110,1
2013-12-13,2014,0,,GSW,HOU,112,116,1
2013-12-14,2014,0,,CHO,LAL,85,88,1
2013-12-14,2014,0,,MIA,CLE,114,107,1
2013-12-14,2014,0,,CHI,TOR,77,99,1
2013-12-14,2014,0,,UTA,SAS,84,100,1
2013-12-14,2014,0,,PHI,POR,105,139,1
2013-12-14,2014,0,,WAS,LAC,97,113,1
2013-12-14,2014,0,,DAL,MIL,106,93,1
2013-12-14,2014,0,,NYK,ATL,111,106,1
2013-12-15,2014,0,,DET,POR,109,111,1
2013-12-15,2014,0,,SAC,HOU,106,91,1
2013-12-15,2014,0,,OKC,ORL,101,98,1
2013-12-15,2014,0,,MEM,MIN,93,101,1
2013-12-15,2014,0,,PHO,GSW,106,102,1
2013-12-15,2014,0,,DEN,NOP,102,93,1
2013-12-16,2014,0,,BRK,PHI,130,94,1
2013-12-16,2014,0,,MIA,UTA,117,94,1
2013-12-16,2014,0,,ATL,LAL,114,100,1
2013-12-16,2014,0,,CHI,ORL,82,83,1
2013-12-16,2014,0,,BOS,MIN,101,97,1
2013-12-16,2014,0,,IND,DET,96,101,1
2013-12-16,2014,0,,LAC,SAS,115,92,1
2013-12-16,2014,0,,NYK,WAS,101,102,1
2013-12-17,2014,0,,CHO,SAC,95,87,1
2013-12-17,2014,0,,DEN,OKC,93,105,1
2013-12-17,2014,0,,CLE,POR,116,119,1
2013-12-17,2014,0,,GSW,NOP,104,93,1
2013-12-17,2014,0,,MEM,LAL,92,96,1
2013-12-18,2014,0,,BOS,DET,106,107,1
2013-12-18,2014,0,,LAC,NOP,108,95,1
2013-12-18,2014,0,,HOU,CHI,109,94,1
2013-12-18,2014,0,,DAL,MEM,105,91,1
2013-12-18,2014,0,,ATL,SAC,124,107,1
2013-12-18,2014,0,,BRK,WAS,107,113,1
2013-12-18,2014,0,,TOR,CHO,102,104,1
2013-12-18,2014,0,,MIN,POR,120,109,1
2013-12-18,2014,0,,ORL,UTA,82,86,1
2013-12-18,2014,0,,MIL,NYK,101,107,1
2013-12-18,2014,0,,PHO,SAS,101,108,1
2013-12-18,2014,0,,MIA,IND,97,94,1
2013-12-19,2014,0,,OKC,CHI,107,95,1
2013-12-19,2014,0,,GSW,SAS,102,104,1
2013-12-20,2014,0,,DEN,PHO,99,103,1
2013-12-20,2014,0,,DET,CHO,106,116,1
2013-12-20,2014,0,,CLE,MIL,114,111,1
2013-12-20,2014,0,,MIA,SAC,122,103,1
2013-12-20,2014,0,,ATL,UTA,118,85,1
2013-12-20,2014,0,,IND,HOU,114,81,1
2013-12-20,2014,0,,PHI,BRK,121,120,1
2013-12-20,2014,0,,DAL,TOR,108,109,1
2013-12-20,2014,0,,LAL,MIN,104,91,1
2013-12-21,2014,0,,SAS,OKC,100,113,1
2013-12-21,2014,0,,NYK,MEM,87,95,1
2013-12-21,2014,0,,LAC,DEN,112,91,1
2013-12-21,2014,0,,GSW,LAL,102,83,1
2013-12-21,2014,0,,PHO,DAL,123,108,1
2013-12-21,2014,0,,MIL,PHI,116,106,1
2013-12-21,2014,0,,CHI,CLE,100,84,1
2013-12-21,2014,0,,ORL,SAC,100,105,1
2013-12-21,2014,0,,CHO,UTA,85,88,1
2013-12-21,2014,0,,POR,NOP,110,107,1
2013-12-21,2014,0,,BOS,WAS,99,106,1
2013-12-21,2014,0,,DET,HOU,97,114,1
2013-12-22,2014,0,,IND,BOS,106,79,1
2013-12-22,2014,0,,LAC,MIN,120,116,1
2013-12-22,2014,0,,OKC,TOR,98,104,1
2013-12-23,2014,0,,SAC,NOP,100,113,1
2013-12-23,2014,0,,SAS,TOR,112,99,1
2013-12-23,2014,0,,MEM,UTA,104,94,1
2013-12-23,2014,0,,PHO,LAL,117,90,1
2013-12-23,2014,0,,DEN,GSW,81,89,1
2013-12-23,2014,0,,CHO,MIL,111,110,1
2013-12-23,2014,0,,ORL,NYK,98,103,1
2013-12-23,2014,0,,HOU,DAL,104,111,1
2013-12-23,2014,0,,CLE,DET,92,115,1
2013-12-23,2014,0,,BRK,IND,86,103,1
2013-12-23,2014,0,,MIA,ATL,121,119,1
2013-12-25,2014,0,,SAS,HOU,98,111,1
2013-12-25,2014,0,,GSW,LAC,105,103,1
2013-12-25,2014,0,,NYK,OKC,94,123,1
2013-12-25,2014,0,,LAL,MIA,95,101,1
2013-12-25,2014,0,,BRK,CHI,78,95,1
2013-12-26,2014,0,,HOU,MEM,100,92,1
2013-12-26,2014,0,,POR,LAC,116,112,1
2013-12-26,2014,0,,DAL,SAS,107,116,1
2013-12-26,2014,0,,CLE,ATL,125,127,1
2013-12-27,2014,0,,GSW,PHO,115,86,1
2013-12-27,2014,0,,NYK,TOR,83,95,1
2013-12-27,2014,0,,UTA,LAL,105,103,1
2013-12-27,2014,0,,NOP,DEN,105,89,1
2013-12-27,2014,0,,MIN,WAS,120,98,1
2013-12-27,2014,0,,SAC,MIA,108,103,1
2013-12-27,2014,0,,CHO,OKC,85,89,1
2013-12-27,2014,0,,BRK,MIL,104,93,1
2013-12-27,2014,0,,ORL,DET,109,92,1
2013-12-28,2014,0,,BOS,CLE,103,100,1
2013-12-28,2014,0,,POR,MIA,107,108,1
2013-12-28,2014,0,,MIL,MIN,95,117,1
2013-12-28,2014,0,,LAC,UTA,98,90,1
2013-12-28,2014,0,,WAS,DET,106,82,1
2013-12-28,2014,0,,TOR,NYK,115,100,1
2013-12-28,2014,0,,MEM,DEN,120,99,1
2013-12-28,2014,0,,ATL,CHO,118,116,1
2013-12-28,2014,0,,IND,BRK,105,91,1
2013-12-28,2014,0,,CHI,DAL,83,105,1
2013-12-28,2014,0,,PHO,PHI,115,101,1
2013-12-28,2014,0,,HOU,NOP,107,98,1
2013-12-29,2014,0,,LAL,PHI,104,111,1
2013-12-29,2014,0,,OKC,HOU,117,86,1
2013-12-29,2014,0,,CLE,GSW,104,108,1
2013-12-29,2014,0,,SAS,SAC,112,104,1
2013-12-29,2014,0,,ORL,ATL,109,102,1
2013-12-30,2014,0,,MIN,DAL,98,100,1
2013-12-30,2014,0,,UTA,CHO,83,80,1
2013-12-30,2014,0,,MEM,CHI,91,95,1
2013-12-30,2014,0,,NOP,POR,110,108,1
2013-12-30,2014,0,,LAC,PHO,88,107,1
2013-12-30,2014,0,,DEN,MIA,94,97,1
2013-12-30,2014,0,,DET,WAS,99,106,1
2013-12-31,2014,0,,ORL,GSW,81,94,1
2013-12-31,2014,0,,LAL,MIL,79,94,1
2013-12-31,2014,0,,SAS,BRK,113,92,1
2013-12-31,2014,0,,OKC,POR,94,98,1
2013-12-31,2014,0,,BOS,ATL,91,92,1
2013-12-31,2014,0,,IND,CLE,91,76,1
2013-12-31,2014,0,,CHI,TOR,79,85,1
2013-12-31,2014,0,,HOU,SAC,106,110,1
2014-01-01,2014,0,,WAS,DAL,78,87,1
2014-01-01,2014,0,,LAC,CHO,112,85,1
2014-01-01,2014,0,,DEN,PHI,102,114,1
2014-01-01,2014,0,,TOR,IND,95,82,1
2014-01-01,2014,0,,MIN,NOP,124,112,1
2014-01-02,2014,0,,MIA,GSW,114,123,1
2014-01-02,2014,0,,CLE,ORL,87,81,1
2014-01-02,2014,0,,SAC,PHI,104,113,1
2014-01-02,2014,0,,PHO,MEM,91,99,1
2014-01-02,2014,0,,POR,CHO,134,104,1
2014-01-02,2014,0,,UTA,MIL,96,87,1
2014-01-02,2014,0,,CHI,BOS,94,82,1
2014-01-02,2014,0,,OKC,BRK,93,95,1
2014-01-02,2014,0,,SAS,NYK,101,105,1
2014-01-03,2014,0,,BOS,NOP,92,95,1
2014-01-03,2014,0,,WAS,TOR,88,101,1
2014-01-03,2014,0,,HOU,NYK,102,100,1
2014-01-03,2014,0,,DEN,MEM,111,108,1
2014-01-03,2014,0,,DAL,LAC,112,119,1
2014-01-03,2014,0,,LAL,UTA,110,99,1
2014-01-03,2014,0,,ATL,GSW,100,101,1
2014-01-04,2014,0,,MIN,OKC,111,115,1
2014-01-04,2014,0,,ORL,MIA,94,110,1
2014-01-04,2014,0,,POR,PHI,99,101,1
2014-01-04,2014,0,,BRK,CLE,89,82,1
2014-01-04,2014,0,,CHI,ATL,91,84,1
2014-01-04,2014,0,,SAC,CHO,103,113,1
2014-01-04,2014,0,,SAS,LAC,116,92,1
2014-01-04,2014,0,,PHO,MIL,116,100,1
2014-01-04,2014,0,,IND,NOP,99,82,1
2014-01-05,2014,0,,DET,MEM,84,112,1
2014-01-05,2014,0,,CLE,IND,78,82,1
2014-01-05,2014,0,,WAS,GSW,96,112,1
2014-01-05,2014,0,,DAL,NYK,80,92,1
2014-01-05,2014,0,,MIA,TOR,102,97,1
2014-01-05,2014,0,,OKC,BOS,119,96,1
2014-01-05,2014,0,,LAL,DEN,115,137,1
2014-01-06,2014,0,,PHI,MIN,95,126,1
2014-01-06,2014,0,,BRK,ATL,91,86,1
2014-01-06,2014,0,,LAC,ORL,101,81,1
2014-01-07,2014,0,,SAC,POR,123,119,1
2014-01-07,2014,0,,CHO,WAS,83,97,1
2014-01-07,2014,0,,DAL,LAL,110,97,1
2014-01-07,2014,0,,CLE,PHI,111,93,1
2014-01-07,2014,0,,NYK,DET,89,85,1
2014-01-07,2014,0,,IND,TOR,86,79,1
2014-01-07,2014,0,,UTA,OKC,112,101,1
2014-01-07,2014,0,,MEM,SAS,108,110,1
2014-01-07,2014,0,,MIL,GSW,80,101,1
2014-01-07,2014,0,,CHI,PHO,92,87,1
2014-01-07,2014,0,,MIA,NOP,107,88,1
2014-01-07,2014,0,,DEN,BOS,129,98,1
2014-01-08,2014,0,,NOP,WAS,96,102,1
2014-01-08,2014,0,,BRK,GSW,102,98,1
2014-01-08,2014,0,,MIN,PHO,103,104,1
2014-01-08,2014,0,,SAS,DAL,112,90,1
2014-01-08,2014,0,,HOU,LAL,113,99,1
2014-01-08,2014,0,,LAC,BOS,111,105,1
2014-01-08,2014,0,,TOR,DET,112,91,1
2014-01-08,2014,0,,POR,ORL,110,94,1
2014-01-08,2014,0,,ATL,IND,97,87,1
2014-01-09,2014,0,,NYK,MIA,102,92,1
2014-01-09,2014,0,,DEN,OKC,101,88,1
2014-01-10,2014,0,,BRK,MIA,104,95,1
2014-01-10,2014,0,,GSW,BOS,99,97,1
2014-01-10,2014,0,,SAC,ORL,103,83,1
2014-01-10,2014,0,,LAC,LAL,123,87,1
2014-01-10,2014,0,,MIN,CHO,119,92,1
2014-01-10,2014,0,,MIL,CHI,72,81,1
2014-01-10,2014,0,,NOP,DAL,90,107,1
2014-01-10,2014,0,,PHI,DET,104,114,1
2014-01-10,2014,0,,ATL,HOU,83,80,1
2014-01-10,2014,0,,UTA,CLE,102,113,1
2014-01-10,2014,0,,IND,WAS,93,66,1
2014-01-10,2014,0,,MEM,PHO,104,99,1
2014-01-11,2014,0,,OKC,MIL,101,85,1
2014-01-11,2014,0,,POR,BOS,112,104,1
2014-01-11,2014,0,,DET,PHO,110,108,1
2014-01-11,2014,0,,TOR,BRK,96,80,1
2014-01-11,2014,0,,WAS,HOU,107,114,1
2014-01-11,2014,0,,DAL,NOP,110,107,1
2014-01-11,2014,0,,DEN,ORL,120,94,1
2014-01-11,2014,0,,PHI,NYK,92,102,1
2014-01-11,2014,0,,CHI,CHO,103,97,1
2014-01-12,2014,0,,SAS,MIN,104,86,1
2014-01-12,2014,0,,SAC,CLE,124,80,1
2014-01-12,2014,0,,MEM,ATL,108,101,1
2014-01-13,2014,0,,UTA,DEN,118,103,1
2014-01-13,2014,0,,NOP,SAS,95,101,1
2014-01-13,2014,0,,BOS,HOU,92,104,1
2014-01-13,2014,0,,CHI,WAS,88,102,1
2014-01-13,2014,0,,DAL,ORL,107,88,1
2014-01-13,2014,0,,TOR,MIL,116,94,1
2014-01-13,2014,0,,NYK,PHO,98,96,1
2014-01-14,2014,0,,CHO,NYK,108,98,1
2014-01-14,2014,0,,IND,SAC,116,92,1
2014-01-14,2014,0,,MEM,OKC,90,87,1
2014-01-14,2014,0,,LAL,CLE,118,120,1
2014-01-15,2014,0,,MIN,SAC,108,111,1
2014-01-15,2014,0,,LAC,DAL,129,127,1
2014-01-15,2014,0,,GSW,DEN,116,123,1
2014-01-15,2014,0,,PHO,LAL,121,114,1
2014-01-15,2014,0,,SAS,UTA,109,105,1
2014-01-15,2014,0,,MIL,MEM,77,82,1
2014-01-15,2014,0,,WAS,MIA,114,97,1
2014-01-15,2014,0,,BOS,TOR,88,83,1
2014-01-15,2014,0,,POR,CLE,108,96,1
2014-01-15,2014,0,,PHI,CHO,95,92,1
2014-01-15,2014,0,,ORL,CHI,125,128,1
2014-01-15,2014,0,,NOP,HOU,100,103,1
2014-01-16,2014,0,,HOU,OKC,92,104,1
2014-01-16,2014,1,,ATL,BRK,110,127,0
2014-01-16,2014,0,,IND,NYK,117,89,1
2014-01-17,2014,0,,NYK,LAC,95,109,1
2014-01-17,2014,0,,OKC,GSW,127,121,1
2014-01-17,2014,0,,PHO,DAL,107,110,1
2014-01-17,2014,0,,DEN,CLE,109,117,1
2014-01-17,2014,0,,MEM,SAC,91,90,1
2014-01-17,2014,0,,BOS,LAL,104,107,1
2014-01-17,2014,0,,ORL,CHO,101,111,1
2014-01-17,2014,0,,TOR,MIN,94,89,1
2014-01-17,2014,0,,WAS,CHI,96,93,1
2014-01-17,2014,0,,SAS,POR,100,109,1
2014-01-17,2014,0,,DET,UTA,89,110,1
2014-01-17,2014,0,,PHI,MIA,86,101,1
2014-01-18,2014,0,,MIN,UTA,98,72,1
2014-01-18,2014,0,,DAL,POR,111,127,1
2014-01-18,2014,0,,HOU,MIL,114,104,1
2014-01-18,2014,0,,IND,LAC,106,92,1
2014-01-18,2014,0,,NOP,GSW,87,97,1
2014-01-18,2014,0,,CHO,MIA,96,104,1
2014-01-18,2014,0,,CHI,PHI,103,78,1
2014-01-18,2014,0,,WAS,DET,98,104,1
2014-01-19,2014,0,,PHO,DEN,117,103,1
2014-01-19,2014,0,,SAS,MIL,110,82,1
2014-01-19,2014,0,,ORL,BOS,93,91,1
2014-01-19,2014,0,,OKC,SAC,108,93,1
2014-01-19,2014,0,,TOR,LAL,106,112,1
2014-01-20,2014,0,,CLE,DAL,97,102,1
2014-01-20,2014,0,,GSW,IND,94,102,1
2014-01-20,2014,0,,CHO,TOR,100,95,1
2014-01-20,2014,0,,MEM,NOP,92,95,1
2014-01-20,2014,0,,ATL,MIA,121,114,1
2014-01-20,2014,0,,DET,LAC,103,112,1
2014-01-20,2014,0,,HOU,POR,126,113,1
2014-01-20,2014,0,,NYK,BRK,80,103,1
2014-01-20,2014,0,,WAS,PHI,107,99,1
2014-01-20,2014,0,,CHI,LAL,102,100,1
2014-01-21,2014,0,,BRK,ORL,101,90,1
2014-01-21,2014,0,,OKC,POR,105,97,1
2014-01-21,2014,0,,MIA,BOS,93,86,1
2014-01-21,2014,0,,NOP,SAC,97,114,1
2014-01-21,2014,0,,UTA,MIN,97,112,1
2014-01-22,2014,0,,WAS,BOS,111,113,1
2014-01-22,2014,0,,PHO,IND,124,100,1
2014-01-22,2014,0,,MIL,DET,104,101,1
2014-01-22,2014,0,,NYK,PHI,106,110,1
2014-01-22,2014,0,,CHO,LAC,95,91,1
2014-01-22,2014,0,,ORL,ATL,109,112,1
2014-01-22,2014,0,,HOU,SAC,119,98,1
2014-01-22,2014,0,,SAS,OKC,105,111,1
2014-01-22,2014,0,,TOR,DAL,93,85,1
2014-01-22,2014,0,,CLE,CHI,87,98,1
2014-01-23,2014,0,,MIA,LAL,109,102,1
2014-01-23,2014,0,,POR,DEN,110,105,1
2014-01-24,2014,0,,NYK,CHO,125,96,1
2014-01-24,2014,0,,HOU,MEM,87,88,1
2014-01-24,2014,0,,BOS,OKC,83,101,1
2014-01-24,2014,0,,CLE,MIL,93,78,1
2014-01-24,2014,0,,PHO,WAS,95,101,1
2014-01-24,2014,0,,BRK,DAL,107,106,1
2014-01-24,2014,0,,CHI,LAC,95,112,1
2014-01-24,2014,0,,ATL,SAS,79,105,1
2014-01-24,2014,0,,DET,NOP,101,103,1
2014-01-24,2014,0,,ORL,LAL,114,105,1
2014-01-24,2014,0,,PHI,TOR,95,104,1
2014-01-24,2014,0,,GSW,MIN,120,121,1
2014-01-24,2014,0,,SAC,IND,111,116,1
2014-01-25,2014,0,,MIL,ATL,87,112,1
2014-01-25,2014,0,,CHO,CHI,87,89,1
2014-01-25,2014,0,,TOR,LAC,118,126,1
2014-01-25,2014,0,,PHI,OKC,91,103,1
2014-01-25,2014,0,,MEM,HOU,99,81,1
2014-01-25,2014,0,,DEN,IND,109,96,1
2014-01-25,2014,0,,POR,MIN,115,104,1
2014-01-25,2014,0,,UTA,WAS,104,101,1
2014-01-26,2014,0,,MIA,SAS,113,101,1
2014-01-26,2014,0,,GSW,POR,103,88,1
2014-01-26,2014,0,,NYK,LAL,110,103,1
2014-01-26,2014,0,,CLE,PHO,90,99,1
2014-01-26,2014,0,,SAC,DEN,117,125,1
2014-01-26,2014,0,,BOS,BRK,79,85,1
2014-01-26,2014,0,,DAL,DET,116,106,1
2014-01-26,2014,0,,NOP,ORL,100,92,1
2014-01-27,2014,0,,CHI,MIN,86,95,1
2014-01-27,2014,0,,BRK,TOR,103,104,1
2014-01-27,2014,0,,UTA,SAC,106,99,1
2014-01-27,2014,0,,OKC,ATL,111,109,1
2014-01-27,2014,0,,MIL,LAC,86,114,1
2014-01-27,2014,0,,PHI,PHO,113,124,1
2014-01-28,2014,0,,POR,MEM,81,98,1
2014-01-28,2014,0,,CLE,NOP,89,100,1
2014-01-28,2014,0,,GSW,WAS,85,88,1
2014-01-28,2014,0,,NYK,BOS,114,88,1
2014-01-28,2014,0,,DET,ORL,103,87,1
2014-01-28,2014,0,,HOU,SAS,97,90,1
2014-01-28,2014,0,,LAL,IND,92,104,1
2014-01-29,2014,0,,DEN,CHO,98,101,1
2014-01-29,2014,0,,LAC,WAS,110,103,1
2014-01-29,2014,0,,SAS,CHI,86,96,1
2014-01-29,2014,0,,MIL,PHO,117,126,1
2014-01-29,2014,0,,MIN,NOP,88,77,1
2014-01-29,2014,0,,MIA,OKC,95,112,1
2014-01-29,2014,0,,TOR,ORL,98,83,1
2014-01-29,2014,0,,BOS,PHI,94,95,1
2014-01-29,2014,0,,SAC,MEM,89,99,1
2014-01-29,2014,0,,DAL,HOU,115,117,1
2014-01-30,2014,0,,IND,PHO,94,102,1
2014-01-30,2014,0,,NYK,CLE,117,86,1
2014-01-30,2014,0,,GSW,LAC,111,92,1
2014-01-31,2014,0,,MIN,MEM,90,94,1
2014-01-31,2014,0,,LAL,CHO,100,110,1
2014-01-31,2014,0,,ORL,MIL,113,102,1
2014-01-31,2014,0,,DAL,SAC,107,103,1
2014-01-31,2014,0,,PHI,ATL,99,125,1
2014-01-31,2014,0,,BRK,OKC,95,120,1
2014-01-31,2014,0,,UTA,GSW,90,95,1
2014-01-31,2014,0,,DEN,TOR,90,100,1
2014-02-01,2014,0,,POR,TOR,106,103,1
2014-02-01,2014,0,,NOP,CHI,88,79,1
2014-02-01,2014,0,,ATL,MIN,120,113,1
2014-02-01,2014,0,,LAC,UTA,102,87,1
2014-02-01,2014,0,,MEM,MIL,99,90,1
2014-02-01,2014,0,,PHO,CHO,105,95,1
2014-02-01,2014,0,,HOU,CLE,106,92,1
2014-02-01,2014,0,,DET,PHI,113,96,1
2014-02-01,2014,0,,SAS,SAC,95,93,1
2014-02-01,2014,0,,IND,BRK,97,96,1
2014-02-01,2014,0,,NYK,MIA,91,106,1
2014-02-01,2014,0,,WAS,OKC,96,81,1
2014-02-02,2014,0,,BOS,ORL,96,89,1
2014-02-03,2014,0,,MIL,NYK,101,98,1
2014-02-03,2014,0,,MIA,DET,102,96,1
2014-02-03,2014,0,,NOP,SAS,95,102,1
2014-02-03,2014,0,,OKC,MEM,86,77,1
2014-02-03,2014,0,,IND,ORL,98,79,1
2014-02-03,2014,0,,DEN,LAC,116,115,1
2014-02-03,2014,0,,DAL,CLE,124,107,1
2014-02-03,2014,0,,SAC,CHI,99,70,1
2014-02-03,2014,0,,WAS,POR,100,90,1
2014-02-03,2014,0,,BRK,PHI,108,102,1
2014-02-03,2014,0,,UTA,TOR,79,94,1
2014-02-04,2014,0,,GSW,CHO,75,91,1
2014-02-04,2014,0,,ATL,IND,85,89,1
2014-02-04,2014,0,,PHO,CHI,92,101,1
2014-02-04,2014,0,,MIN,LAL,109,99,1
2014-02-05,2014,0,,DEN,MIL,110,100,1
2014-02-05,2014,0,,NYK,POR,90,94,1
2014-02-05,2014,0,,ORL,DET,112,98,1
2014-02-05,2014,0,,PHI,BOS,108,114,1
2014-02-05,2014,0,,CLE,LAL,108,119,1
2014-02-05,2014,0,,SAC,TOR,109,101,1
2014-02-05,2014,0,,MEM,DAL,96,110,1
2014-02-05,2014,0,,WAS,SAS,118,125,1
2014-02-05,2014,0,,HOU,PHO,122,108,1
2014-02-05,2014,0,,OKC,MIN,106,97,1
2014-02-05,2014,0,,LAC,MIA,112,116,1
2014-02-05,2014,0,,NOP,ATL,105,100,1
2014-02-06,2014,0,,GSW,CHI,102,87,1
2014-02-06,2014,0,,BRK,SAS,103,89,1
2014-02-07,2014,0,,DAL,UTA,103,81,1
2014-02-07,2014,0,,LAC,TOR,118,105,1
2014-02-07,2014,0,,NOP,MIN,98,91,1
2014-02-07,2014,0,,BOS,SAC,99,89,1
2014-02-07,2014,0,,ORL,OKC,103,102,1
2014-02-07,2014,0,,PHI,LAL,98,112,1
2014-02-07,2014,0,,WAS,CLE,113,115,1
2014-02-07,2014,0,,NYK,DEN,117,90,1
2014-02-07,2014,0,,DET,BRK,111,95,1
2014-02-07,2014,0,,IND,POR,118,113,1
2014-02-08,2014,0,,MIL,HOU,95,101,1
2014-02-08,2014,0,,PHO,GSW,122,109,1
2014-02-08,2014,0,,CHO,SAS,100,104,1
2014-02-08,2014,0,,UTA,MIA,94,89,1
2014-02-08,2014,0,,ATL,MEM,76,79,1
2014-02-08,2014,0,,DET,DEN,126,109,1
2014-02-08,2014,0,,MIN,POR,110,117,1
2014-02-09,2014,0,,BRK,NOP,93,81,1
2014-02-09,2014,0,,LAL,CHI,86,92,1
2014-02-09,2014,0,,BOS,DAL,91,102,1
2014-02-09,2014,0,,CLE,MEM,91,83,1
2014-02-09,2014,0,,WAS,SAC,93,84,1
2014-02-09,2014,0,,ORL,IND,93,92,1
2014-02-09,2014,0,,OKC,NYK,112,100,1
2014-02-09,2014,0,,LAC,PHI,123,78,1
2014-02-10,2014,0,,MIN,HOU,89,107,1
2014-02-10,2014,0,,TOR,NOP,108,101,1
2014-02-10,2014,0,,MIL,BOS,86,102,1
2014-02-10,2014,0,,GSW,PHI,123,80,1
2014-02-10,2014,0,,DET,SAS,109,100,1
2014-02-10,2014,0,,IND,DEN,119,80,1
2014-02-11,2014,0,,LAL,UTA,79,96,1
2014-02-11,2014,0,,CLE,SAC,109,99,1
2014-02-11,2014,0,,MEM,WAS,92,89,1
2014-02-11,2014,0,,CHI,ATL,100,85,1
2014-02-11,2014,0,,CHO,DAL,114,89,1
2014-02-11,2014,0,,POR,OKC,95,98,1
2014-02-11,2014,0,,PHO,MIA,97,103,1
2014-02-12,2014,0,,GSW,MIA,110,111,1
2014-02-12,2014,0,,BOS,SAS,92,104,1
2014-02-12,2014,0,,TOR,ATL,104,83,1
2014-02-12,2014,0,,UTA,PHI,105,100,1
2014-02-12,2014,0,,LAC,POR,122,117,1
2014-02-12,2014,0,,MIN,DEN,117,90,1
2014-02-12,2014,0,,NYK,SAC,101,106,1
2014-02-12,2014,0,,IND,DAL,73,81,1
2014-02-12,2014,0,,MIL,NOP,98,102,1
2014-02-12,2014,0,,ORL,MEM,81,86,1
2014-02-12,2014,0,,BRK,CHO,105,89,1
2014-02-12,2014,0,,HOU,WAS,113,112,1
2014-02-12,2014,0,,DET,CLE,89,93,1
2014-02-13,2014,0,,CHI,BRK,92,76,1
2014-02-13,2014,0,,LAL,OKC,103,107,1
2014-02-18,2014,0,,LAC,SAS,103,113,1
2014-02-18,2014,0,,DAL,MIA,106,117,1
2014-02-18,2014,0,,PHI,CLE,85,114,1
2014-02-18,2014,0,,WAS,TOR,93,103,1
2014-02-18,2014,0,,DET,CHO,96,108,1
2014-02-18,2014,0,,IND,ATL,108,98,1
2014-02-18,2014,0,,DEN,PHO,107,112,1
2014-02-18,2014,0,,MEM,NYK,98,93,1
2014-02-18,2014,0,,MIL,ORL,104,100,1
2014-02-19,2014,0,,LAL,HOU,108,134,1
2014-02-19,2014,0,,UTA,BRK,99,105,1
2014-02-19,2014,0,,NOP,NYK,91,98,1
2014-02-19,2014,0,,ATL,WAS,97,114,1
2014-02-19,2014,0,,MIN,IND,104,91,1
2014-02-19,2014,0,,TOR,CHI,92,94,1
2014-02-19,2014,0,,CHO,DET,116,98,1
2014-02-19,2014,0,,PHO,BOS,100,94,1
2014-02-19,2014,0,,CLE,ORL,101,93,1
2014-02-19,2014,0,,POR,SAS,109,111,1
2014-02-19,2014,0,,SAC,GSW,92,101,1
2014-02-20,2014,0,,MIL,DEN,90,101,1
2014-02-20,2014,0,,GSW,HOU,102,99,1
2014-02-20,2014,0,,OKC,MIA,81,103,1
2014-02-21,2014,0,,POR,UTA,102,94,1
2014-02-21,2014,0,,ORL,NYK,129,121,1
2014-02-21,2014,0,,PHI,DAL,112,124,1
2014-02-21,2014,0,,DET,ATL,115,107,1
2014-02-21,2014,0,,CHI,DEN,117,89,1
2014-02-21,2014,0,,TOR,CLE,98,91,1
2014-02-21,2014,0,,LAL,BOS,101,92,1
2014-02-21,2014,0,,PHO,SAS,106,85,1
2014-02-21,2014,0,,MEM,LAC,102,96,1
2014-02-21,2014,0,,CHO,NOP,90,87,1
2014-02-22,2014,0,,CHO,MEM,92,89,1
2014-02-22,2014,0,,DET,DAL,102,113,1
2014-02-22,2014,0,,ATL,NYK,107,98,1
2014-02-22,2014,0,,WAS,NOP,94,93,1
2014-02-22,2014,0,,UTA,MIN,104,121,1
2014-02-22,2014,0,,SAC,BOS,105,98,1
2014-02-22,2014,0,,GSW,BRK,93,86,1
2014-02-22,2014,0,,MIL,IND,100,110,1
2014-02-23,2014,0,,MIA,CHI,93,79,1
2014-02-23,2014,0,,DEN,SAC,95,109,1
2014-02-23,2014,0,,POR,MIN,108,97,1
2014-02-23,2014,0,,CLE,WAS,83,96,1
2014-02-23,2014,0,,PHO,HOU,112,115,1
2014-02-23,2014,0,,LAL,BRK,102,108,1
2014-02-23,2014,0,,OKC,LAC,117,125,1
2014-02-23,2014,0,,TOR,ORL,105,90,1
2014-02-24,2014,0,,PHI,MIL,110,130,1
2014-02-24,2014,0,,UTA,BOS,110,98,1
2014-02-24,2014,0,,DET,GSW,96,104,1
2014-02-24,2014,0,,NOP,LAC,110,123,1
2014-02-24,2014,0,,NYK,DAL,108,110,1
2014-02-25,2014,0,,SAC,HOU,103,129,1
2014-02-25,2014,0,,ATL,CHI,103,107,1
2014-02-25,2014,0,,PHO,MIN,101,110,1
2014-02-25,2014,0,,CLE,TOR,93,99,1
2014-02-25,2014,0,,IND,LAL,118,98,1
2014-02-25,2014,0,,WAS,ORL,115,106,1
2014-02-25,2014,0,,DEN,POR,95,100,1
2014-02-26,2014,0,,LAC,HOU,101,93,1
2014-02-26,2014,0,,OKC,CLE,104,114,1
2014-02-26,2014,0,,SAS,DET,120,110,1
2014-02-26,2014,0,,POR,BRK,124,80,1
2014-02-26,2014,0,,PHI,ORL,90,101,1
2014-02-26,2014,0,,UTA,PHO,109,86,1
2014-02-26,2014,0,,CHI,GSW,103,83,1
2014-02-26,2014,0,,DAL,NOP,108,89,1
2014-02-26,2014,0,,BOS,ATL,115,104,1
2014-02-26,2014,0,,MEM,LAL,108,103,1
2014-02-27,2014,0,,MIA,NYK,108,82,1
2014-02-27,2014,0,,DEN,BRK,89,112,1
2014-02-27,2014,0,,TOR,WAS,129,134,1
2014-02-27,2014,0,,IND,MIL,101,96,1
2014-02-28,2014,0,,NYK,GSW,103,126,1
2014-02-28,2014,0,,CLE,UTA,99,79,1
2014-02-28,2014,0,,OKC,MEM,113,107,1
2014-02-28,2014,0,,SAS,CHO,92,82,1
2014-02-28,2014,0,,DAL,CHI,91,100,1
2014-02-28,2014,0,,LAL,SAC,126,122,1
2014-02-28,2014,0,,PHO,NOP,116,104,1
2014-03-01,2014,0,,MIL,BRK,98,107,1
2014-03-01,2014,0,,POR,DEN,102,96,1
2014-03-01,2014,0,,MIA,ORL,112,98,1
2014-03-01,2014,0,,SAC,MIN,97,108,1
2014-03-01,2014,0,,MEM,CLE,110,96,1
2014-03-01,2014,0,,BOS,IND,97,102,1
2014-03-01,2014,0,,LAC,NOP,108,76,1
2014-03-01,2014,0,,PHI,WAS,103,122,1
2014-03-01,2014,0,,HOU,DET,118,110,1
2014-03-02,2014,0,,OKC,CHO,116,99,1
2014-03-02,2014,0,,PHO,ATL,129,120,1
2014-03-02,2014,0,,SAS,DAL,112,106,1
2014-03-02,2014,0,,ORL,PHI,92,81,1
2014-03-02,2014,0,,IND,UTA,94,91,1
2014-03-02,2014,0,,TOR,GSW,104,98,1
2014-03-02,2014,0,,CHI,NYK,109,90,1
2014-03-03,2014,0,,DET,NYK,96,85,1
2014-03-03,2014,0,,DEN,MIN,128,132,1
2014-03-03,2014,0,,SAC,NOP,96,89,1
2014-03-03,2014,0,,POR,LAL,106,107,1
2014-03-03,2014,0,,MIL,UTA,114,88,1
2014-03-03,2014,0,,BRK,CHI,96,80,1
2014-03-03,2014,0,,WAS,MEM,104,110,1
2014-03-03,2014,0,,MIA,CHO,124,107,1
2014-03-04,2014,0,,CLE,SAS,101,122,1
2014-03-04,2014,0,,LAL,NOP,125,132,1
2014-03-04,2014,0,,PHO,LAC,96,104,1
2014-03-04,2014,0,,HOU,MIA,106,103,1
2014-03-04,2014,0,,IND,GSW,96,98,1
2014-03-04,2014,0,,OKC,PHI,125,92,1
2014-03-05,2014,0,,DEN,DAL,115,110,1
2014-03-05,2014,0,,POR,ATL,102,78,1
2014-03-05,2014,0,,MIN,NYK,106,118,1
2014-03-05,2014,0,,BOS,GSW,88,108,1
2014-03-05,2014,0,,BRK,MEM,103,94,1
2014-03-05,2014,0,,CHO,IND,109,87,1
2014-03-05,2014,0,,DET,CHI,94,105,1
2014-03-05,2014,0,,ORL,HOU,89,101,1
2014-03-05,2014,0,,WAS,UTA,104,91,1
2014-03-05,2014,0,,MIL,SAC,102,116,1
2014-03-06,2014,0,,LAL,LAC,94,142,1
2014-03-06,2014,0,,PHO,OKC,128,122,1
2014-03-06,2014,0,,SAS,MIA,111,87,1
2014-03-07,2014,0,,GSW,ATL,111,97,1
2014-03-07,2014,0,,TOR,SAC,99,87,1
2014-03-07,2014,0,,DEN,LAL,134,126,1
2014-03-07,2014,0,,CHO,CLE,101,92,1
2014-03-07,2014,0,,DAL,POR,103,98,1
2014-03-07,2014,0,,CHI,MEM,77,85,1
2014-03-07,2014,0,,NYK,UTA,108,81,1
2014-03-07,2014,0,,NOP,MIL,112,104,1
2014-03-07,2014,0,,BOS,BRK,91,84,1
2014-03-07,2014,0,,MIN,DET,114,101,1
2014-03-07,2014,0,,HOU,IND,112,86,1
2014-03-08,2014,0,,SAS,ORL,121,112,1
2014-03-08,2014,0,,MEM,CHO,111,89,1
2014-03-08,2014,0,,MIL,WAS,107,114,1
2014-03-08,2014,0,,CLE,NYK,97,107,1
2014-03-08,2014,0,,LAC,ATL,109,108,1
2014-03-08,2014,0,,PHI,UTA,92,104,1
2014-03-09,2014,0,,HOU,POR,118,113,1
2014-03-09,2014,0,,BOS,DET,118,111,1
2014-03-09,2014,0,,LAL,OKC,114,110,1
2014-03-09,2014,0,,BRK,SAC,104,89,1
2014-03-09,2014,0,,CHI,MIA,95,88,1
2014-03-09,2014,0,,NOP,DEN,111,107,1
2014-03-09,2014,0,,DAL,IND,105,94,1
2014-03-09,2014,0,,GSW,PHO,113,107,1
2014-03-09,2014,0,,MIN,TOR,104,111,1
2014-03-10,2014,0,,NYK,PHI,123,110,1
2014-03-10,2014,0,,CHO,DEN,105,98,1
2014-03-10,2014,0,,UTA,ATL,110,112,1
2014-03-10,2014,0,,MIA,WAS,99,90,1
2014-03-10,2014,0,,MIL,ORL,105,98,1
2014-03-10,2014,0,,BRK,TOR,101,97,1
2014-03-10,2014,0,,LAC,PHO,112,105,1
2014-03-11,2014,0,,IND,BOS,94,83,1
2014-03-11,2014,0,,MIN,MIL,112,101,1
2014-03-11,2014,0,,MEM,POR,109,99,1
2014-03-11,2014,0,,GSW,DAL,108,85,1
2014-03-11,2014,0,,OKC,HOU,106,98,1
2014-03-11,2014,0,,CHI,SAS,96,104,1
2014-03-11,2014,0,,DET,SAC,99,89,1
2014-03-12,2014,0,,PHO,CLE,101,110,1
2014-03-12,2014,0,,PHI,SAC,98,115,1
2014-03-12,2014,0,,WAS,CHO,85,98,1
2014-03-12,2014,0,,SAS,POR,103,90,1
2014-03-12,2014,0,,NOP,MEM,88,90,1
2014-03-12,2014,0,,TOR,DET,101,87,1
2014-03-12,2014,0,,ORL,DEN,112,120,1
2014-03-12,2014,0,,MIA,BRK,95,96,1
2014-03-12,2014,0,,BOS,NYK,92,116,1
2014-03-12,2014,0,,UTA,DAL,101,108,1
2014-03-12,2014,0,,LAC,GSW,111,98,1
2014-03-13,2014,0,,CHI,HOU,111,87,1
2014-03-13,2014,0,,OKC,LAL,131,102,1
2014-03-13,2014,0,,ATL,MIL,102,97,1
2014-03-14,2014,0,,SAS,LAL,119,85,1
2014-03-14,2014,0,,BOS,PHO,80,87,1
2014-03-14,2014,0,,ORL,WAS,101,105,1
2014-03-14,2014,0,,NOP,POR,103,111,1
2014-03-14,2014,0,,UTA,LAC,87,96,1
2014-03-14,2014,0,,PHI,IND,94,101,1
2014-03-14,2014,0,,TOR,MEM,99,86,1
2014-03-14,2014,0,,MIA,DEN,107,111,1
2014-03-14,2014,0,,GSW,CLE,94,103,1
2014-03-14,2014,0,,CHO,MIN,105,93,1
2014-03-15,2014,0,,WAS,BRK,101,94,1
2014-03-15,2014,0,,PHI,MEM,77,103,1
2014-03-15,2014,0,,ATL,DEN,97,92,1
2014-03-15,2014,0,,DET,IND,104,112,1
2014-03-15,2014,0,,CHI,SAC,94,87,1
2014-03-15,2014,0,,NYK,MIL,115,94,1
2014-03-16,2014,0,,MIA,HOU,113,104,1
2014-03-16,2014,0,,MIL,CHO,92,101,1
2014-03-16,2014,0,,OKC,DAL,86,109,1
2014-03-16,2014,0,,TOR,PHO,113,121,1
2014-03-16,2014,0,,NOP,BOS,121,120,1
2014-03-16,2014,0,,POR,GSW,112,113,1
2014-03-16,2014,0,,SAS,UTA,122,104,1
2014-03-16,2014,0,,LAC,CLE,102,80,1
2014-03-16,2014,0,,MIN,SAC,104,102,1
2014-03-17,2014,0,,DEN,LAC,110,100,1
2014-03-17,2014,0,,CHI,OKC,85,97,1
2014-03-17,2014,0,,IND,PHI,99,90,1
2014-03-17,2014,0,,HOU,UTA,124,86,1
2014-03-17,2014,0,,CHO,ATL,83,97,1
2014-03-17,2014,0,,DAL,BOS,94,89,1
2014-03-17,2014,0,,BRK,PHO,108,95,1
2014-03-18,2014,0,,CLE,MIA,96,100,1
2014-03-18,2014,0,,ATL,TOR,118,113,1
2014-03-18,2014,0,,SAC,WAS,117,111,1
2014-03-18,2014,0,,GSW,ORL,103,89,1
2014-03-18,2014,0,,POR,MIL,120,115,1
2014-03-19,2014,0,,BOS,MIA,101,96,1
2014-03-19,2014,0,,MEM,UTA,96,86,1
2014-03-19,2014,0,,LAL,SAS,109,125,1
2014-03-19,2014,0,,BRK,CHO,104,99,1
2014-03-19,2014,0,,DAL,MIN,122,123,1
2014-03-19,2014,0,,PHO,ORL,109,93,1
2014-03-19,2014,0,,NYK,IND,92,86,1
2014-03-19,2014,0,,PHI,CHI,94,102,1
2014-03-19,2014,0,,DEN,DET,118,109,1
2014-03-19,2014,0,,NOP,TOR,100,107,1
2014-03-20,2014,0,,GSW,MIL,115,110,1
2014-03-20,2014,0,,CLE,OKC,95,102,1
2014-03-20,2014,0,,HOU,MIN,129,106,1
2014-03-20,2014,0,,POR,WAS,116,103,1
2014-03-21,2014,0,,LAL,WAS,107,117,1
2014-03-21,2014,0,,SAC,SAS,79,99,1
2014-03-21,2014,0,,ATL,NOP,105,111,1
2014-03-21,2014,0,,PHO,DET,98,92,1
2014-03-21,2014,0,,IND,CHI,91,79,1
2014-03-21,2014,0,,TOR,OKC,118,119,1
2014-03-21,2014,0,,MIA,MEM,91,86,1
2014-03-21,2014,0,,PHI,NYK,92,93,1
2014-03-21,2014,0,,DAL,DEN,122,106,1
2014-03-21,2014,0,,BRK,BOS,114,98,1
2014-03-22,2014,0,,CLE,HOU,111,118,1
2014-03-22,2014,0,,LAC,DET,112,103,1
2014-03-22,2014,0,,UTA,ORL,89,88,1
2014-03-22,2014,0,,CHI,PHI,91,81,1
2014-03-22,2014,0,,CHO,POR,124,94,1
2014-03-22,2014,0,,MEM,IND,82,71,1
2014-03-22,2014,0,,GSW,SAS,90,99,1
2014-03-22,2014,0,,NOP,MIA,105,95,1
2014-03-23,2014,0,,NYK,CLE,100,106,1
2014-03-23,2014,0,,MIN,PHO,120,127,1
2014-03-23,2014,0,,TOR,ATL,96,86,1
2014-03-23,2014,0,,LAL,ORL,103,94,1
2014-03-23,2014,0,,DAL,BRK,104,107,1
2014-03-23,2014,0,,DEN,WAS,105,102,1
2014-03-23,2014,0,,SAC,MIL,124,107,1
2014-03-24,2014,0,,MEM,MIN,109,92,1
2014-03-24,2014,0,,ATL,PHO,95,102,1
2014-03-24,2014,0,,CHI,IND,89,77,1
2014-03-24,2014,0,,SAS,PHI,113,91,1
2014-03-24,2014,0,,CHO,HOU,89,100,1
2014-03-24,2014,0,,OKC,DEN,117,96,1
2014-03-24,2014,0,,UTA,DET,94,114,1
2014-03-24,2014,0,,MIA,POR,93,91,1
2014-03-24,2014,0,,NOP,BRK,109,104,1
2014-03-24,2014,0,,LAC,MIL,106,98,1
2014-03-25,2014,0,,LAL,NYK,127,96,1
2014-03-25,2014,0,,CLE,TOR,102,100,1
2014-03-25,2014,0,,DAL,OKC,128,119,1
2014-03-25,2014,0,,ORL,POR,95,85,1
2014-03-26,2014,0,,UTA,MEM,87,91,1
2014-03-26,2014,0,,SAC,NYK,99,107,1
2014-03-26,2014,0,,SAS,DEN,108,103,1
2014-03-26,2014,0,,CHO,BRK,116,111,1
2014-03-26,2014,0,,MIN,ATL,107,83,1
2014-03-26,2014,0,,NOP,LAC,98,96,1
2014-03-26,2014,0,,WAS,PHO,93,99,1
2014-03-26,2014,0,,DET,CLE,96,97,1
2014-03-26,2014,0,,BOS,TOR,90,99,1
2014-03-26,2014,0,,IND,MIA,84,83,1
2014-03-27,2014,0,,ATL,POR,85,100,1
2014-03-27,2014,0,,DAL,LAC,103,109,1
2014-03-27,2014,0,,HOU,PHI,120,98,1
2014-03-27,2014,0,,MIL,LAL,108,105,1
2014-03-28,2014,0,,DET,MIA,78,110,1
2014-03-28,2014,0,,BRK,CLE,108,97,1
2014-03-28,2014,0,,OKC,SAC,94,81,1
2014-03-28,2014,0,,ORL,CHO,110,105,1
2014-03-28,2014,0,,DEN,SAS,102,133,1
2014-03-28,2014,0,,WAS,IND,91,78,1
2014-03-28,2014,0,,CHI,POR,74,91,1
2014-03-28,2014,0,,PHO,NYK,112,88,1
2014-03-28,2014,0,,GSW,MEM,100,93,1
2014-03-28,2014,0,,MIN,LAL,143,107,1
2014-03-28,2014,0,,NOP,UTA,102,95,1
2014-03-28,2014,0,,TOR,BOS,105,103,1
2014-03-29,2014,0,,PHI,DET,123,98,1
2014-03-29,2014,0,,SAS,NOP,96,80,1
2014-03-29,2014,0,,HOU,LAC,107,118,1
2014-03-29,2014,0,,MIL,MIA,67,88,1
2014-03-29,2014,0,,DAL,SAC,103,100,1
2014-03-29,2014,0,,WAS,ATL,101,97,1
2014-03-30,2014,0,,BOS,CHI,102,107,1
2014-03-30,2014,0,,POR,MEM,105,98,1
2014-03-30,2014,0,,LAL,PHO,115,99,1
2014-03-30,2014,0,,ORL,TOR,93,98,1
2014-03-30,2014,0,,OKC,UTA,116,96,1
2014-03-30,2014,0,,CLE,IND,90,76,1
2014-03-30,2014,0,,BRK,MIN,114,99,1
2014-03-30,2014,0,,GSW,NYK,84,89,1
2014-03-31,2014,0,,DEN,MEM,92,94,1
2014-03-31,2014,0,,IND,SAS,77,103,1
2014-03-31,2014,0,,UTA,NYK,83,92,1
2014-03-31,2014,0,,NOP,SAC,97,102,1
2014-03-31,2014,0,,DET,MIL,116,111,1
2014-03-31,2014,0,,MIA,TOR,93,83,1
2014-03-31,2014,0,,CHO,WAS,100,94,1
2014-03-31,2014,0,,CHI,BOS,94,80,1
2014-03-31,2014,0,,MIN,LAC,104,114,1
2014-03-31,2014,0,,ATL,PHI,103,95,1
2014-04-01,2014,0,,LAL,POR,112,124,1
2014-04-01,2014,0,,BRK,HOU,105,96,1
2014-04-01,2014,0,,DAL,GSW,120,122,1
2014-04-02,2014,0,,PHI,CHO,93,123,1
2014-04-02,2014,0,,SAS,GSW,111,90,1
2014-04-02,2014,0,,WAS,BOS,118,92,1
2014-04-02,2014,0,,PHO,LAC,108,112,1
2014-04-02,2014,0,,ATL,CHI,92,105,1
2014-04-02,2014,0,,MIN,MEM,102,88,1
2014-04-02,2014,0,,NYK,BRK,110,81,1
2014-04-02,2014,0,,MIA,MIL,96,77,1
2014-04-02,2014,0,,IND,DET,101,94,1
2014-04-02,2014,0,,SAC,LAL,107,102,1
2014-04-02,2014,0,,ORL,CLE,98,119,1
2014-04-02,2014,0,,DEN,NOP,137,107,1
2014-04-02,2014,0,,TOR,HOU,107,103,1
2014-04-03,2014,0,,LAC,DAL,107,113,1
2014-04-03,2014,0,,OKC,SAS,106,94,1
2014-04-04,2014,0,,MIA,MIN,121,122,1
2014-04-04,2014,0,,NYK,WAS,89,90,1
2014-04-04,2014,0,,MEM,DEN,100,92,1
2014-04-04,2014,0,,BOS,PHI,102,111,1
2014-04-04,2014,0,,BRK,DET,116,104,1
2014-04-04,2014,0,,TOR,IND,102,94,1
2014-04-04,2014,0,,GSW,SAC,102,69,1
2014-04-04,2014,0,,HOU,OKC,111,107,1
2014-04-04,2014,0,,CHO,ORL,91,80,1
2014-04-04,2014,0,,CHI,MIL,102,90,1
2014-04-04,2014,0,,ATL,CLE,117,98,1
2014-04-04,2014,0,,LAL,DAL,95,107,1
2014-04-04,2014,0,,POR,PHO,93,109,1
2014-04-04,2014,0,,UTA,NOP,100,96,1
2014-04-05,2014,0,,MIL,TOR,98,102,1
2014-04-05,2014,0,,DET,BOS,115,111,1
2014-04-05,2014,0,,CLE,CHO,94,96,1
2014-04-05,2014,0,,PHI,BRK,101,105,1
2014-04-05,2014,0,,WAS,CHI,78,96,1
2014-04-05,2014,0,,ORL,MIN,100,92,1
2014-04-06,2014,0,,IND,ATL,88,107,1
2014-04-06,2014,0,,POR,NOP,100,94,1
2014-04-06,2014,0,,PHO,OKC,122,115,1
2014-04-06,2014,0,,SAC,DAL,91,93,1
2014-04-06,2014,0,,SAS,MEM,112,92,1
2014-04-06,2014,0,,MIA,NYK,102,91,1
2014-04-06,2014,0,,HOU,DEN,130,125,1
2014-04-06,2014,0,,GSW,UTA,130,102,1
2014-04-06,2014,0,,LAC,LAL,120,97,1
2014-04-08,2014,0,,LAL,HOU,130,145,1
2014-04-08,2014,0,,SAC,OKC,92,107,1
2014-04-08,2014,0,,ATL,DET,95,102,1
2014-04-08,2014,0,,UTA,DAL,83,95,1
2014-04-08,2014,0,,MIN,SAS,110,91,1
2014-04-08,2014,0,,MIA,BRK,87,88,1
2014-04-09,2014,0,,CLE,DET,122,100,1
2014-04-09,2014,0,,DEN,HOU,123,116,1
2014-04-09,2014,0,,MIN,CHI,87,102,1
2014-04-09,2014,0,,TOR,PHI,125,114,1
2014-04-09,2014,0,,ATL,BOS,105,97,1
2014-04-09,2014,0,,MEM,MIA,107,102,1
2014-04-09,2014,0,,WAS,CHO,88,94,1
2014-04-09,2014,0,,NOP,PHO,88,94,1
2014-04-09,2014,0,,POR,SAC,100,99,1
2014-04-09,2014,0,,MIL,IND,102,104,1
2014-04-09,2014,0,,LAC,OKC,101,107,1
2014-04-09,2014,0,,ORL,BRK,115,111,1
2014-04-10,2014,0,,GSW,DEN,99,100,1
2014-04-10,2014,0,,DAL,SAS,100,109,1
2014-04-11,2014,0,,BOS,CHO,106,103,1
2014-04-11,2014,0,,MIL,CLE,119,116,1
2014-04-11,2014,0,,MEM,PHI,117,95,1
2014-04-11,2014,0,,CHI,DET,106,98,1
2014-04-11,2014,0,,ORL,WAS,86,96,1
2014-04-11,2014,0,,MIN,HOU,112,110,1
2014-04-11,2014,0,,TOR,NYK,100,108,1
2014-04-11,2014,0,,BRK,ATL,88,93,1
2014-04-11,2014,0,,MIA,IND,98,86,1
2014-04-11,2014,0,,OKC,NOP,116,94,1
2014-04-11,2014,0,,UTA,POR,99,111,1
2014-04-11,2014,0,,LAL,GSW,95,112,1
2014-04-11,2014,0,,SAS,PHO,112,104,1
2014-04-12,2014,0,,CLE,BOS,99,111,1
2014-04-12,2014,0,,ATL,MIA,98,85,1
2014-04-12,2014,0,,DAL,PHO,101,98,1
2014-04-12,2014,0,,LAC,SAC,117,101,1
2014-04-12,2014,0,,CHO,PHI,111,105,1
2014-04-12,2014,0,,HOU,NOP,111,104,1
2014-04-12,2014,0,,DEN,UTA,101,94,1
2014-04-12,2014,0,,WAS,MIL,104,91,1
2014-04-13,2014,0,,SAC,MIN,106,103,1
2014-04-13,2014,0,,DET,TOR,107,116,1
2014-04-13,2014,0,,POR,GSW,119,117,1
2014-04-13,2014,0,,NYK,CHI,100,89,1
2014-04-13,2014,0,,BRK,ORL,97,88,1
2014-04-13,2014,0,,IND,OKC,102,97,1
2014-04-13,2014,0,,LAL,MEM,90,102,1
2014-04-14,2014,0,,ATL,CHO,93,95,1
2014-04-14,2014,0,,CHI,ORL,108,95,1
2014-04-14,2014,0,,PHO,MEM,91,97,1
2014-04-14,2014,0,,NOP,OKC,101,89,1
2014-04-14,2014,0,,WAS,MIA,114,93,1
2014-04-14,2014,0,,HOU,SAS,104,98,1
2014-04-14,2014,0,,UTA,LAL,104,119,1
2014-04-14,2014,0,,TOR,MIL,110,100,1
2014-04-14,2014,0,,PHI,BOS,113,108,1
2014-04-14,2014,0,,GSW,MIN,130,120,1
2014-04-15,2014,0,,LAC,DEN,117,105,1
2014-04-15,2014,0,,BRK,NYK,98,109,1
2014-04-16,2014,0,,NYK,TOR,95,92,1
2014-04-16,2014,0,,MEM,DAL,106,105,1
2014-04-16,2014,0,,SAC,PHO,99,104,1
2014-04-16,2014,0,,POR,LAC,110,104,1
2014-04-16,2014,0,,MIA,PHI,87,100,1
2014-04-16,2014,0,,OKC,DET,112,111,1
2014-04-16,2014,0,,SAS,LAL,100,113,1
2014-04-16,2014,0,,NOP,HOU,105,100,1
2014-04-16,2014,0,,ORL,IND,86,101,1
2014-04-16,2014,0,,CHO,CHI,91,86,1
2014-04-16,2014,0,,MIL,ATL,103,111,1
2014-04-16,2014,0,,BOS,WAS,102,118,1
2014-04-16,2014,0,,CLE,BRK,114,85,1
2014-04-16,2014,0,,MIN,UTA,130,136,1
2014-04-16,2014,0,,DEN,GSW,112,116,1
2014-10-28,2015,0,,LAL,HOU,90,108,1
2014-10-28,2015,0,,SAS,DAL,101,100,1
2014-10-28,2015,0,,NOP,ORL,101,84,1
2014-10-29,2015,0,,IND,PHI,103,91,1
2014-10-29,2015,0,,CHO,MIL,108,106,1
2014-10-29,2015,0,,TOR,ATL,109,102,1
2014-10-29,2015,0,,UTA,HOU,93,104,1
2014-10-29,2015,0,,DEN,DET,89,79,1
2014-10-29,2015,0,,NYK,CHI,80,104,1
2014-10-29,2015,0,,BOS,BRK,121,105,1
2014-10-29,2015,0,,PHO,LAL,119,99,1
2014-10-29,2015,0,,MEM,MIN,105,101,1
2014-10-29,2015,0,,POR,OKC,106,89,1
2014-10-29,2015,0,,MIA,WAS,107,95,1
2014-10-29,2015,0,,SAC,GSW,77,95,1
2014-10-30,2015,0,,MIN,DET,97,91,1
2014-10-30,2015,0,,LAC,OKC,93,90,1
2014-10-30,2015,0,,ORL,WAS,98,105,1
2014-10-30,2015,0,,DAL,UTA,120,102,1
2014-10-30,2015,0,,CLE,NYK,90,95,1
2014-10-31,2015,0,,LAL,LAC,111,118,1
2014-10-31,2015,0,,IND,MEM,89,97,1
2014-10-31,2015,0,,SAC,POR,103,94,1
2014-10-31,2015,0,,PHO,SAS,94,89,1
2014-10-31,2015,0,,MIL,PHI,93,81,1
2014-10-31,2015,0,,CHI,CLE,108,114,1
2014-11-01,2015,0,,GSW,LAL,127,104,1
2014-11-01,2015,0,,ORL,TOR,95,108,1
2014-11-01,2015,0,,CHO,MEM,69,71,1
2014-11-01,2015,0,,PHI,MIA,96,114,1
2014-11-01,2015,0,,WAS,MIL,108,97,1
2014-11-01,2015,0,,MIN,CHI,105,106,1
2014-11-01,2015,0,,UTA,PHO,118,91,1
2014-11-01,2015,0,,ATL,IND,102,92,1
2014-11-01,2015,0,,DET,BRK,90,102,1
2014-11-01,2015,0,,HOU,BOS,104,90,1
2014-11-01,2015,0,,OKC,DEN,102,91,1
2014-11-01,2015,0,,NOP,DAL,104,109,1
2014-11-02,2015,0,,LAC,SAC,92,98,1
2014-11-02,2015,0,,NYK,CHO,96,93,1
2014-11-02,2015,0,,POR,GSW,90,95,1
2014-11-02,2015,0,,MIA,TOR,107,102,1
2014-11-03,2015,0,,MEM,NOP,93,81,1
2014-11-03,2015,0,,LAC,UTA,107,101,1
2014-11-03,2015,0,,DEN,SAC,105,110,1
2014-11-03,2015,0,,PHI,HOU,93,104,1
2014-11-03,2015,0,,BRK,OKC,116,85,1
2014-11-03,2015,0,,DAL,BOS,118,113,1
2014-11-04,2015,0,,MIA,HOU,91,108,1
2014-11-04,2015,0,,IND,MIL,81,87,1
2014-11-04,2015,0,,POR,CLE,101,82,1
2014-11-04,2015,0,,CHI,ORL,98,90,1
2014-11-04,2015,0,,TOR,OKC,100,88,1
2014-11-04,2015,0,,LAL,PHO,106,112,1
2014-11-04,2015,0,,NOP,CHO,100,91,1
2014-11-04,2015,0,,NYK,WAS,83,98,1
2014-11-05,2015,0,,BRK,MIN,91,98,1
2014-11-05,2015,0,,PHI,ORL,89,91,1
2014-11-05,2015,0,,SAC,DEN,131,109,1
2014-11-05,2015,0,,DET,NYK,98,95,1
2014-11-05,2015,0,,CHO,MIA,96,89,1
2014-11-05,2015,0,,BOS,TOR,107,110,1
2014-11-05,2015,0,,SAS,ATL,94,92,1
2014-11-05,2015,0,,WAS,IND,96,94,1
2014-11-05,2015,0,,MIL,CHI,86,95,1
2014-11-05,2015,0,,GSW,LAC,121,104,1
2014-11-05,2015,0,,UTA,CLE,102,100,1
2014-11-05,2015,0,,PHO,MEM,91,102,1
2014-11-06,2015,0,,HOU,SAS,98,81,1
2014-11-06,2015,0,,POR,DAL,108,87,1
2014-11-07,2015,0,,ORL,MIN,112,103,1
2014-11-07,2015,0,,BOS,IND,101,98,1
2014-11-07,2015,0,,UTA,DAL,82,105,1
2014-11-07,2015,0,,BRK,NYK,110,99,1
2014-11-07,2015,0,,PHO,SAC,112,114,1
2014-11-07,2015,0,,TOR,WAS,103,84,1
2014-11-07,2015,0,,DEN,CLE,101,110,1
2014-11-07,2015,0,,DET,MIL,98,95,1
2014-11-07,2015,0,,CHO,ATL,122,119,1
2014-11-07,2015,0,,PHI,CHI,115,118,1
2014-11-07,2015,0,,OKC,MEM,89,91,1
2014-11-08,2015,0,,LAC,POR,106,102,1
2014-11-08,2015,0,,MIL,MEM,93,92,1
2014-11-08,2015,0,,MIA,MIN,102,92,1
2014-11-08,2015,0,,CHI,BOS,101,106,1
2014-11-08,2015,0,,IND,WAS,90,97,1
2014-11-08,2015,0,,HOU,GSW,87,98,1
2014-11-08,2015,0,,ATL,NYK,103,96,1
2014-11-08,2015,0,,SAS,NOP,99,100,1
2014-11-09,2015,0,,POR,DEN,116,100,1
2014-11-09,2015,0,,PHO,GSW,107,95,1
2014-11-09,2015,0,,DET,UTA,96,97,1
2014-11-09,2015,0,,TOR,PHI,120,88,1
2014-11-09,2015,0,,BRK,ORL,104,96,1
2014-11-09,2015,0,,DAL,MIA,96,105,1
2014-11-09,2015,0,,OKC,SAC,101,93,1
2014-11-09,2015,0,,LAL,CHO,107,92,1
2014-11-10,2015,0,,NYK,ATL,85,91,1
2014-11-10,2015,0,,CLE,NOP,118,111,1
2014-11-10,2015,0,,CHI,DET,102,91,1
2014-11-10,2015,0,,LAC,SAS,85,89,1
2014-11-10,2015,0,,IND,UTA,97,86,1
2014-11-11,2015,0,,GSW,SAS,100,113,1
2014-11-11,2015,0,,MEM,LAL,107,102,1
2014-11-11,2015,0,,DAL,SAC,106,98,1
2014-11-11,2015,0,,MIL,OKC,85,78,1
2014-11-11,2015,0,,POR,CHO,102,100,1
2014-11-11,2015,0,,TOR,ORL,104,100,1
2014-11-12,2015,0,,ATL,UTA,100,97,1
2014-11-12,2015,0,,PHO,BRK,112,104,1
2014-11-12,2015,0,,BOS,OKC,94,109,1
2014-11-12,2015,0,,DEN,POR,113,130,1
2014-11-12,2015,0,,NOP,LAL,109,102,1
2014-11-12,2015,0,,NYK,ORL,95,97,1
2014-11-12,2015,0,,WAS,DET,107,103,1
2014-11-12,2015,0,,MIA,IND,75,81,1
2014-11-12,2015,1,,HOU,MIN,113,101,0
2014-11-13,2015,0,,TOR,CHI,93,100,1
2014-11-13,2015,0,,MEM,SAC,111,110,1
2014-11-13,2015,0,,GSW,BRK,107,99,1
2014-11-13,2015,0,,DAL,PHI,123,70,1
2014-11-14,2015,0,,NYK,UTA,100,102,1
2014-11-14,2015,0,,LAL,SAS,80,93,1
2014-11-14,2015,0,,IND,DEN,87,108,1
2014-11-14,2015,0,,ORL,MIL,101,85,1
2014-11-14,2015,0,,OKC,DET,89,96,1
2014-11-14,2015,0,,NOP,MIN,139,91,1
2014-11-14,2015,0,,BOS,CLE,121,122,1
2014-11-14,2015,0,,PHO,CHO,95,103,1
2014-11-14,2015,0,,ATL,MIA,114,103,1
2014-11-14,2015,0,,HOU,PHI,88,87,1
2014-11-15,2015,0,,CLE,ATL,127,94,1
2014-11-15,2015,0,,CHI,IND,90,99,1
2014-11-15,2015,0,,LAC,PHO,120,107,1
2014-11-15,2015,0,,SAC,SAS,94,91,1
2014-11-15,2015,0,,MEM,DET,95,88,1
2014-11-15,2015,0,,POR,BRK,97,87,1
2014-11-15,2015,0,,WAS,ORL,98,93,1
2014-11-15,2015,0,,DAL,MIN,131,117,1
2014-11-15,2015,0,,GSW,CHO,112,87,1
2014-11-15,2015,0,,TOR,UTA,111,93,1
2014-11-16,2015,0,,OKC,HOU,65,69,1
2014-11-16,2015,0,,LAL,GSW,115,136,1
2014-11-16,2015,0,,MIA,MIL,84,91,1
2014-11-16,2015,0,,NYK,DEN,109,93,1
2014-11-17,2015,0,,POR,NOP,102,93,1
2014-11-17,2015,0,,MEM,HOU,119,93,1
2014-11-17,2015,0,,CHO,DAL,80,107,1
2014-11-17,2015,0,,DET,ORL,93,107,1
2014-11-17,2015,0,,CLE,DEN,97,106,1
2014-11-17,2015,0,,SAS,PHI,100,75,1
2014-11-17,2015,0,,LAC,CHI,89,105,1
2014-11-17,2015,0,,BRK,MIA,83,95,1
2014-11-17,2015,0,,BOS,PHO,114,118,1
2014-11-18,2015,0,,UTA,OKC,98,81,1
2014-11-18,2015,0,,ATL,LAL,109,114,1
2014-11-18,2015,0,,MIL,NYK,117,113,1
2014-11-18,2015,0,,SAC,NOP,100,106,1
2014-11-19,2015,0,,MIN,NYK,115,99,1
2014-11-19,2015,0,,DET,PHO,86,88,1
2014-11-19,2015,0,,BRK,MIL,118,122,1
2014-11-19,2015,0,,CLE,SAS,90,92,1
2014-11-19,2015,0,,HOU,LAL,92,98,1
2014-11-19,2015,0,,WAS,DAL,102,105,1
2014-11-19,2015,0,,PHI,BOS,90,101,1
2014-11-19,2015,0,,ORL,LAC,90,114,1
2014-11-19,2015,0,,DEN,OKC,107,100,1
2014-11-19,2015,0,,IND,CHO,88,86,1
2014-11-19,2015,0,,TOR,MEM,96,92,1
2014-11-20,2015,0,,MIA,LAC,93,110,1
2014-11-20,2015,0,,SAC,CHI,103,88,1
2014-11-21,2015,0,,CHO,ORL,100,105,1
2014-11-21,2015,0,,PHI,PHO,96,122,1
2014-11-21,2015,0,,WAS,CLE,91,78,1
2014-11-21,2015,0,,POR,CHI,105,87,1
2014-11-21,2015,0,,DAL,LAL,140,106,1
2014-11-21,2015,0,,ATL,DET,99,89,1
2014-11-21,2015,0,,MEM,BOS,117,100,1
2014-11-21,2015,0,,OKC,BRK,92,94,1
2014-11-21,2015,0,,DEN,NOP,117,97,1
2014-11-21,2015,0,,TOR,MIL,124,82,1
2014-11-21,2015,0,,MIN,SAS,92,121,1
2014-11-21,2015,0,,GSW,UTA,101,88,1
2014-11-22,2015,0,,NYK,PHI,91,83,1
2014-11-22,2015,0,,UTA,NOP,94,106,1
2014-11-22,2015,0,,MIN,SAC,101,113,1
2014-11-22,2015,0,,SAS,BRK,99,87,1
2014-11-22,2015,0,,CLE,TOR,93,110,1
2014-11-22,2015,0,,MIL,WAS,100,111,1
2014-11-22,2015,0,,HOU,DAL,95,92,1
2014-11-22,2015,0,,IND,PHO,83,106,1
2014-11-22,2015,0,,ORL,MIA,92,99,1
2014-11-23,2015,0,,MEM,LAC,107,91,1
2014-11-23,2015,0,,MIA,CHO,94,93,1
2014-11-23,2015,0,,OKC,GSW,86,91,1
2014-11-23,2015,0,,LAL,DEN,94,101,1
2014-11-23,2015,0,,BOS,POR,88,94,1
2014-11-24,2015,0,,DAL,IND,100,111,1
2014-11-24,2015,0,,HOU,NYK,91,86,1
2014-11-24,2015,0,,PHI,POR,104,114,1
2014-11-24,2015,0,,CLE,ORL,106,74,1
2014-11-24,2015,0,,CHO,LAC,92,113,1
2014-11-24,2015,0,,UTA,CHI,95,97,1
2014-11-24,2015,0,,TOR,PHO,104,100,1
2014-11-25,2015,0,,DEN,CHI,114,109,1
2014-11-25,2015,0,,WAS,ATL,102,106,1
2014-11-25,2015,0,,NOP,SAC,89,99,1
2014-11-25,2015,0,,MIA,GSW,97,114,1
2014-11-25,2015,0,,MIL,DET,98,86,1
2014-11-26,2015,0,,MIN,MIL,86,103,1
2014-11-26,2015,0,,HOU,SAC,102,89,1
2014-11-26,2015,0,,LAL,MEM,93,99,1
2014-11-26,2015,0,,PHO,DEN,120,112,1
2014-11-26,2015,0,,CHO,POR,97,105,1
2014-11-26,2015,0,,ATL,TOR,115,126,1
2014-11-26,2015,0,,PHI,BRK,91,99,1
2014-11-26,2015,0,,OKC,UTA,97,82,1
2014-11-26,2015,0,,DET,LAC,98,104,1
2014-11-26,2015,0,,SAS,IND,106,100,1
2014-11-26,2015,0,,ORL,GSW,96,111,1
2014-11-26,2015,0,,DAL,NYK,109,102,1
2014-11-26,2015,0,,CLE,WAS,113,87,1
2014-11-28,2015,0,,HOU,LAC,85,102,1
2014-11-28,2015,0,,CHO,GSW,101,106,1
2014-11-28,2015,0,,DET,MIL,88,104,1
2014-11-28,2015,0,,POR,MEM,99,112,1
2014-11-28,2015,0,,SAS,SAC,112,104,1
2014-11-28,2015,0,,LAL,MIN,119,120,1
2014-11-28,2015,0,,ATL,NOP,100,91,1
2014-11-28,2015,0,,IND,ORL,98,83,1
2014-11-28,2015,0,,TOR,DAL,102,106,1
2014-11-28,2015,0,,OKC,NYK,105,78,1
2014-11-28,2015,0,,BOS,CHI,102,109,1
2014-11-28,2015,0,,DEN,PHO,122,97,1
2014-11-29,2015,0,,MIL,HOU,103,117,1
2014-11-29,2015,0,,WAS,NOP,83,80,1
2014-11-29,2015,0,,CLE,IND,109,97,1
2014-11-29,2015,0,,ATL,CHO,105,75,1
2014-11-29,2015,0,,PHI,DAL,103,110,1
2014-11-29,2015,0,,UTA,LAC,96,112,1
2014-11-30,2015,0,,POR,MIN,107,93,1
2014-11-30,2015,0,,SAC,MEM,85,97,1
2014-11-30,2015,0,,LAL,TOR,129,122,1
2014-11-30,2015,0,,BOS,SAS,89,111,1
2014-11-30,2015,0,,BRK,CHI,84,102,1
2014-11-30,2015,0,,DET,GSW,93,104,1
2014-11-30,2015,0,,PHO,ORL,90,93,1
2014-11-30,2015,0,,NYK,MIA,79,86,1
2014-12-01,2015,0,,LAC,MIN,127,101,1
2014-12-01,2015,0,,PHI,SAS,103,109,1
2014-12-01,2015,0,,WAS,MIA,107,86,1
2014-12-01,2015,0,,UTA,DEN,101,103,1
2014-12-02,2015,0,,ATL,BOS,109,105,1
2014-12-02,2015,0,,SAC,TOR,109,117,1
2014-12-02,2015,0,,PHO,IND,116,99,1
2014-12-02,2015,0,,NYK,BRK,93,98,1
2014-12-02,2015,0,,DEN,POR,103,105,1
2014-12-02,2015,0,,GSW,ORL,98,97,1
2014-12-02,2015,0,,DET,LAL,96,106,1
2014-12-02,2015,0,,CLE,MIL,111,108,1
2014-12-02,2015,0,,NOP,OKC,112,104,1
2014-12-02,2015,0,,CHI,DAL,129,132,1
2014-12-03,2015,0,,HOU,MEM,105,96,1
2014-12-03,2015,0,,MIA,ATL,102,112,1
2014-12-03,2015,0,,BRK,SAS,95,93,1
2014-12-03,2015,0,,BOS,DET,109,102,1
2014-12-03,2015,0,,CHO,CHI,95,102,1
2014-12-03,2015,0,,MIL,DAL,105,107,1
2014-12-03,2015,0,,UTA,TOR,104,123,1
2014-12-03,2015,0,,LAC,ORL,114,86,1
2014-12-03,2015,0,,WAS,LAL,111,95,1
2014-12-03,2015,0,,MIN,PHI,77,85,1
2014-12-04,2015,0,,POR,IND,88,82,1
2014-12-04,2015,0,,GSW,NOP,112,85,1
2014-12-04,2015,0,,NYK,CLE,87,90,1
2014-12-05,2015,0,,BRK,ATL,75,98,1
2014-12-05,2015,0,,MIN,HOU,112,114,1
2014-12-05,2015,0,,TOR,CLE,91,105,1
2014-12-05,2015,0,,BOS,LAL,113,96,1
2014-12-05,2015,0,,CHO,NYK,103,102,1
2014-12-05,2015,0,,PHI,OKC,91,103,1
2014-12-05,2015,0,,MEM,SAS,101,107,1
2014-12-05,2015,0,,UTA,ORL,93,98,1
2014-12-05,2015,0,,MIL,MIA,109,85,1
2014-12-05,2015,0,,SAC,IND,102,101,1
2014-12-05,2015,0,,WAS,DEN,119,89,1
2014-12-05,2015,0,,DAL,PHO,106,118,1
2014-12-06,2015,0,,SAS,MIN,123,101,1
2014-12-06,2015,0,,CHI,GSW,102,112,1
2014-12-06,2015,0,,HOU,PHO,100,95,1
2014-12-06,2015,0,,LAC,NOP,120,100,1
2014-12-06,2015,0,,SAC,ORL,96,105,1
2014-12-06,2015,0,,DET,PHI,101,108,1
2014-12-07,2015,0,,ATL,DEN,96,84,1
2014-12-07,2015,0,,NYK,POR,99,103,1
2014-12-07,2015,0,,LAL,NOP,87,104,1
2014-12-07,2015,0,,BOS,WAS,101,93,1
2014-12-07,2015,0,,DET,OKC,94,96,1
2014-12-07,2015,0,,MEM,MIA,103,87,1
2014-12-07,2015,0,,DAL,MIL,125,102,1
2014-12-08,2015,0,,MIN,GSW,86,102,1
2014-12-08,2015,0,,WAS,BOS,133,132,1
2014-12-08,2015,0,,SAC,UTA,101,92,1
2014-12-08,2015,0,,LAC,PHO,121,120,1
2014-12-08,2015,0,,TOR,DEN,112,107,1
2014-12-08,2015,0,,IND,ATL,92,108,1
2014-12-08,2015,0,,BRK,CLE,88,110,1
2014-12-09,2015,0,,MEM,DAL,114,105,1
2014-12-09,2015,0,,DET,POR,86,98,1
2014-12-09,2015,0,,CLE,TOR,105,101,1
2014-12-09,2015,0,,NOP,NYK,104,93,1
2014-12-09,2015,0,,LAL,SAC,98,95,1
2014-12-09,2015,0,,OKC,MIL,114,101,1
2014-12-09,2015,0,,UTA,SAS,100,96,1
2014-12-09,2015,0,,PHO,MIA,97,103,1
2014-12-10,2015,0,,DAL,NOP,112,107,1
2014-12-10,2015,0,,GSW,HOU,105,93,1
2014-12-10,2015,0,,CHI,BRK,105,80,1
2014-12-10,2015,0,,ORL,WAS,89,91,1
2014-12-10,2015,0,,CHO,BOS,96,87,1
2014-12-10,2015,0,,SAS,NYK,109,95,1
2014-12-10,2015,0,,DEN,MIA,102,82,1
2014-12-10,2015,0,,IND,LAC,96,103,1
2014-12-10,2015,0,,MIN,POR,90,82,1
2014-12-10,2015,0,,ATL,PHI,95,79,1
2014-12-11,2015,0,,OKC,CLE,103,94,1
2014-12-11,2015,0,,SAC,HOU,109,113,1
2014-12-12,2015,0,,PHO,DET,103,105,1
2014-12-12,2015,0,,MEM,CHO,113,107,1
2014-12-12,2015,0,,UTA,MIA,95,100,1
2014-12-12,2015,0,,TOR,IND,106,94,1
2014-12-12,2015,0,,WAS,LAC,104,96,1
2014-12-12,2015,0,,MIN,OKC,92,111,1
2014-12-12,2015,0,,BRK,PHI,88,70,1
2014-12-12,2015,0,,SAS,LAL,110,112,1
2014-12-12,2015,0,,ATL,ORL,87,81,1
2014-12-12,2015,0,,NOP,CLE,119,114,1
2014-12-12,2015,0,,BOS,NYK,95,101,1
2014-12-12,2015,0,,CHI,POR,115,106,1
2014-12-13,2015,0,,HOU,DEN,108,96,1
2014-12-13,2015,0,,DAL,GSW,98,105,1
2014-12-13,2015,0,,ORL,ATL,100,99,1
2014-12-13,2015,0,,CHO,BRK,87,114,1
2014-12-13,2015,0,,SAC,DET,90,95,1
2014-12-13,2015,0,,IND,POR,85,95,1
2014-12-13,2015,0,,PHI,MEM,115,120,1
2014-12-13,2015,0,,MIL,LAC,111,106,1
2014-12-14,2015,0,,DEN,SAS,91,99,1
2014-12-14,2015,0,,WAS,UTA,93,84,1
2014-12-14,2015,0,,NYK,TOR,90,95,1
2014-12-14,2015,0,,OKC,PHO,112,88,1
2014-12-14,2015,0,,MIN,LAL,94,100,1
2014-12-14,2015,0,,NOP,GSW,122,128,1
2014-12-14,2015,0,,MIA,CHI,75,93,1
2014-12-15,2015,0,,CLE,CHO,97,88,1
2014-12-15,2015,0,,TOR,ORL,95,82,1
2014-12-15,2015,0,,IND,LAL,110,91,1
2014-12-15,2015,0,,LAC,DET,113,91,1
2014-12-15,2015,0,,PHI,BOS,87,105,1
2014-12-15,2015,0,,PHO,MIL,94,96,1
2014-12-15,2015,0,,POR,SAS,108,95,1
2014-12-15,2015,0,,ATL,CHI,93,86,1
2014-12-16,2015,0,,NYK,DAL,87,107,1
2014-12-16,2015,0,,SAC,OKC,92,104,1
2014-12-16,2015,0,,BRK,MIA,91,95,1
2014-12-16,2015,0,,MEM,GSW,105,98,1
2014-12-16,2015,0,,NOP,UTA,119,111,1
2014-12-16,2015,0,,WAS,MIN,109,95,1
2014-12-17,2015,0,,SAS,MEM,116,117,1
2014-12-17,2015,0,,DET,DAL,106,117,1
2014-12-17,2015,0,,CLE,ATL,98,127,1
2014-12-17,2015,0,,POR,MIL,104,97,1
2014-12-17,2015,0,,TOR,BRK,105,89,1
2014-12-17,2015,0,,LAC,IND,102,100,1
2014-12-17,2015,0,,MIA,UTA,87,105,1
2014-12-17,2015,0,,CHO,PHO,106,111,1
2014-12-17,2015,0,,DEN,HOU,111,115,1
2014-12-17,2015,0,,BOS,ORL,109,92,1
2014-12-18,2015,0,,HOU,NOP,90,99,1
2014-12-18,2015,0,,SAC,MIL,107,108,1
2014-12-18,2015,0,,GSW,OKC,114,109,1
2014-12-18,2015,0,,CHI,NYK,103,97,1
2014-12-19,2015,0,,PHI,CHO,91,109,1
2014-12-19,2015,0,,MIA,WAS,103,105,1
2014-12-19,2015,0,,SAS,POR,119,129,1
2014-12-19,2015,0,,CLE,BRK,95,91,1
2014-12-19,2015,0,,ORL,UTA,94,101,1
2014-12-19,2015,0,,BOS,MIN,114,98,1
2014-12-19,2015,0,,DEN,LAC,109,106,1
2014-12-19,2015,0,,DET,TOR,100,110,1
2014-12-19,2015,0,,LAL,OKC,103,104,1
2014-12-19,2015,0,,MEM,CHI,97,103,1
2014-12-20,2015,0,,CHO,UTA,104,86,1
2014-12-20,2015,0,,NOP,POR,88,114,1
2014-12-20,2015,0,,LAC,MIL,106,102,1
2014-12-20,2015,0,,NYK,PHO,90,99,1
2014-12-20,2015,0,,HOU,ATL,97,104,1
2014-12-20,2015,0,,DAL,SAS,99,93,1
2014-12-20,2015,0,,DEN,IND,76,73,1
2014-12-21,2015,0,,TOR,NYK,118,108,1
2014-12-21,2015,0,,SAC,LAL,108,101,1
2014-12-21,2015,0,,OKC,NOP,99,101,1
2014-12-21,2015,0,,MIN,IND,96,100,1
2014-12-21,2015,0,,BRK,DET,110,105,1
2014-12-21,2015,0,,CLE,MEM,105,91,1
2014-12-21,2015,0,,WAS,PHO,92,104,1
2014-12-21,2015,0,,MIA,BOS,100,84,1
2014-12-21,2015,0,,ORL,PHI,88,96,1
2014-12-22,2015,0,,MEM,UTA,91,97,1
2014-12-22,2015,0,,GSW,SAC,128,108,1
2014-12-22,2015,0,,SAS,LAC,125,118,1
2014-12-22,2015,0,,CHI,TOR,129,120,1
2014-12-22,2015,0,,CHO,DEN,110,82,1
2014-12-22,2015,0,,DAL,ATL,102,105,1
2014-12-22,2015,0,,HOU,POR,110,95,1
2014-12-23,2015,0,,PHO,DAL,124,115,1
2014-12-23,2015,0,,MIA,PHI,87,91,1
2014-12-23,2015,0,,MIL,CHO,101,108,1
2014-12-23,2015,0,,LAL,GSW,115,105,1
2014-12-23,2015,0,,ATL,LAC,107,104,1
2014-12-23,2015,0,,WAS,CHI,91,99,1
2014-12-23,2015,0,,BRK,DEN,102,96,1
2014-12-23,2015,0,,CLE,MIN,125,104,1
2014-12-23,2015,0,,OKC,POR,111,115,1
2014-12-23,2015,0,,IND,NOP,96,84,1
2014-12-23,2015,0,,ORL,BOS,100,95,1
2014-12-25,2015,0,,MIA,CLE,101,91,1
2014-12-25,2015,0,,NYK,WAS,91,102,1
2014-12-25,2015,0,,SAS,OKC,106,114,1
2014-12-25,2015,0,,CHI,LAL,113,93,1
2014-12-25,2015,0,,LAC,GSW,100,86,1
2014-12-26,2015,0,,DAL,LAL,102,98,1
2014-12-26,2015,0,,OKC,CHO,98,75,1
2014-12-26,2015,0,,NOP,SAS,97,90,1
2014-12-26,2015,0,,DEN,MIN,106,102,1
2014-12-26,2015,0,,POR,PHI,114,93,1
2014-12-26,2015,0,,DET,IND,119,109,1
2014-12-26,2015,0,,ATL,MIL,77,107,1
2014-12-26,2015,0,,BOS,BRK,107,109,1
2014-12-26,2015,0,,ORL,CLE,89,98,1
2014-12-26,2015,0,,MEM,HOU,111,117,1
2014-12-26,2015,0,,SAC,PHO,106,115,1
2014-12-27,2015,0,,BRK,IND,85,110,1
2014-12-27,2015,0,,LAC,TOR,98,110,1
2014-12-27,2015,0,,UTA,PHI,88,71,1
2014-12-27,2015,0,,CHI,NOP,107,100,1
2014-12-27,2015,0,,MIA,MEM,95,103,1
2014-12-27,2015,0,,CHO,ORL,94,102,1
2014-12-27,2015,0,,MIL,ATL,85,90,1
2014-12-27,2015,0,,SAC,NYK,135,129,1
2014-12-27,2015,0,,WAS,BOS,101,88,1
2014-12-27,2015,0,,GSW,MIN,110,97,1
2014-12-28,2015,0,,POR,NYK,101,79,1
2014-12-28,2015,0,,SAS,HOU,110,106,1
2014-12-28,2015,0,,CLE,DET,80,103,1
2014-12-28,2015,0,,LAL,PHO,107,116,1
2014-12-28,2015,0,,DAL,OKC,112,107,1
2014-12-28,2015,0,,DEN,TOR,102,116,1
2014-12-29,2015,0,,MIA,ORL,101,102,1
2014-12-29,2015,0,,IND,CHI,90,92,1
2014-12-29,2015,0,,LAC,UTA,101,97,1
2014-12-29,2015,0,,BRK,SAC,107,99,1
2014-12-29,2015,0,,HOU,WAS,103,104,1
2014-12-29,2015,0,,CHO,MIL,94,104,1
2014-12-30,2015,0,,GSW,PHI,126,86,1
2014-12-30,2015,0,,DAL,WAS,114,87,1
2014-12-30,2015,0,,MEM,SAS,95,87,1
2014-12-30,2015,0,,POR,TOR,102,97,1
2014-12-30,2015,0,,ORL,DET,86,109,1
2014-12-30,2015,0,,NOP,PHO,110,106,1
2014-12-30,2015,0,,ATL,CLE,109,101,1
2014-12-30,2015,0,,DEN,LAL,103,111,1
2014-12-30,2015,0,,CHI,BRK,82,96,1
2014-12-30,2015,0,,UTA,MIN,100,94,1
2014-12-31,2015,0,,SAS,NOP,95,93,1
2014-12-31,2015,0,,CLE,MIL,80,96,1
2014-12-31,2015,0,,BOS,SAC,106,84,1
2014-12-31,2015,0,,IND,MIA,106,95,1
2014-12-31,2015,0,,LAC,NYK,99,78,1
2014-12-31,2015,0,,HOU,CHO,102,83,1
2014-12-31,2015,0,,OKC,PHO,137,134,1
2015-01-01,2015,0,,MIN,SAC,107,110,1
2015-01-01,2015,0,,CHI,DEN,106,101,1
2015-01-02,2015,0,,LAL,MEM,106,109,1
2015-01-02,2015,0,,NYK,DET,81,97,1
2015-01-02,2015,0,,UTA,ATL,92,98,1
2015-01-02,2015,0,,NOP,HOU,111,83,1
2015-01-02,2015,0,,ORL,BRK,98,100,1
2015-01-02,2015,0,,OKC,WAS,109,102,1
2015-01-02,2015,0,,GSW,TOR,126,105,1
2015-01-02,2015,0,,BOS,DAL,101,119,1
2015-01-02,2015,0,,MIL,IND,91,94,1
2015-01-02,2015,0,,CHO,CLE,87,91,1
2015-01-02,2015,0,,PHO,PHI,112,96,1
2015-01-03,2015,0,,ORL,CHO,90,98,1
2015-01-03,2015,0,,SAS,WAS,101,92,1
2015-01-03,2015,0,,MIN,UTA,89,101,1
2015-01-03,2015,0,,CHI,BOS,109,104,1
2015-01-03,2015,0,,DEN,MEM,114,85,1
2015-01-03,2015,0,,LAC,PHI,127,91,1
2015-01-03,2015,0,,HOU,MIA,115,79,1
2015-01-03,2015,0,,POR,ATL,107,115,1
2015-01-04,2015,0,,NYK,MIL,82,95,1
2015-01-04,2015,0,,MIA,BRK,88,84,1
2015-01-04,2015,0,,CLE,DAL,90,109,1
2015-01-04,2015,0,,DET,SAC,114,95,1
2015-01-04,2015,0,,PHO,TOR,125,109,1
2015-01-04,2015,0,,LAL,IND,88,87,1
2015-01-05,2015,0,,BRK,DAL,88,96,1
2015-01-05,2015,0,,POR,LAL,98,94,1
2015-01-05,2015,0,,GSW,OKC,117,91,1
2015-01-05,2015,0,,LAC,ATL,98,107,1
2015-01-05,2015,0,,UTA,IND,101,105,1
2015-01-05,2015,0,,BOS,CHO,95,104,1
2015-01-05,2015,0,,PHI,CLE,95,92,1
2015-01-05,2015,0,,NOP,WAS,85,92,1
2015-01-05,2015,0,,MIN,DEN,101,110,1
2015-01-05,2015,0,,CHI,HOU,114,105,1
2015-01-05,2015,0,,MEM,NYK,105,83,1
2015-01-06,2015,0,,MIL,PHO,96,102,1
2015-01-06,2015,0,,SAS,DET,104,105,1
2015-01-07,2015,0,,LAC,LAL,114,89,1
2015-01-07,2015,0,,DAL,DET,95,108,1
2015-01-07,2015,0,,MIN,PHO,111,113,1
2015-01-07,2015,0,,BRK,BOS,81,89,1
2015-01-07,2015,0,,SAC,OKC,104,83,1
2015-01-07,2015,0,,DEN,ORL,93,90,1
2015-01-07,2015,0,,WAS,NYK,101,91,1
2015-01-07,2015,0,,GSW,IND,117,102,1
2015-01-07,2015,0,,CHO,NOP,98,94,1
2015-01-07,2015,0,,CLE,HOU,93,105,1
2015-01-07,2015,0,,CHI,UTA,77,97,1
2015-01-07,2015,0,,PHI,MIL,77,97,1
2015-01-07,2015,0,,ATL,MEM,96,86,1
2015-01-08,2015,0,,TOR,CHO,95,103,1
2015-01-08,2015,0,,POR,MIA,99,83,1
2015-01-08,2015,0,,NYK,HOU,96,120,1
2015-01-09,2015,0,,DET,ATL,103,106,1
2015-01-09,2015,0,,NOP,MEM,106,95,1
2015-01-09,2015,0,,IND,BOS,107,103,1
2015-01-09,2015,0,,SAS,PHO,100,95,1
2015-01-09,2015,0,,LAL,ORL,101,84,1
2015-01-09,2015,0,,OKC,UTA,99,94,1
2015-01-09,2015,0,,GSW,CLE,112,94,1
2015-01-09,2015,0,,WAS,CHI,102,86,1
2015-01-09,2015,0,,SAC,DEN,108,118,1
2015-01-09,2015,0,,MIL,MIN,98,84,1
2015-01-09,2015,0,,BRK,PHI,88,90,1
2015-01-10,2015,0,,DET,BRK,98,93,1
2015-01-10,2015,0,,TOR,BOS,109,96,1
2015-01-10,2015,0,,CHI,MIL,95,87,1
2015-01-10,2015,0,,HOU,UTA,97,82,1
2015-01-10,2015,0,,LAC,DAL,120,100,1
2015-01-10,2015,0,,MIN,SAS,93,108,1
2015-01-10,2015,0,,POR,ORL,103,92,1
2015-01-10,2015,0,,PHI,IND,93,92,1
2015-01-10,2015,0,,NYK,CHO,82,110,1
2015-01-11,2015,0,,LAL,POR,94,106,1
2015-01-11,2015,0,,LAC,MIA,90,104,1
2015-01-11,2015,0,,MEM,PHO,122,110,1
2015-01-11,2015,0,,ATL,WAS,120,89,1
2015-01-11,2015,0,,SAC,CLE,103,84,1
2015-01-12,2015,0,,BRK,HOU,99,113,1
2015-01-12,2015,0,,TOR,DET,111,114,1
2015-01-12,2015,0,,BOS,NOP,108,100,1
2015-01-12,2015,0,,CHI,ORL,114,121,1
2015-01-13,2015,0,,IND,MIN,101,110,1
2015-01-13,2015,0,,PHO,CLE,107,100,1
2015-01-13,2015,0,,PHI,ATL,87,105,1
2015-01-13,2015,0,,LAL,MIA,75,78,1
2015-01-13,2015,0,,UTA,GSW,105,116,1
2015-01-13,2015,0,,SAC,DAL,104,108,1
2015-01-13,2015,0,,WAS,SAS,101,93,1
2015-01-14,2015,0,,DEN,DAL,114,107,1
2015-01-14,2015,0,,POR,LAC,94,100,1
2015-01-14,2015,0,,TOR,PHI,100,84,1
2015-01-14,2015,0,,ORL,HOU,120,113,1
2015-01-14,2015,0,,BRK,MEM,92,103,1
2015-01-14,2015,0,,GSW,MIA,104,89,1
2015-01-14,2015,0,,CHO,SAS,93,98,1
2015-01-14,2015,0,,BOS,ATL,91,105,1
2015-01-14,2015,0,,CHI,WAS,99,105,1
2015-01-14,2015,0,,DET,NOP,94,105,1
2015-01-15,2015,0,,HOU,OKC,112,101,1
2015-01-15,2015,0,,LAL,CLE,102,109,1
2015-01-15,2015,1,,MIL,NYK,95,79,0
2015-01-16,2015,0,,DAL,DEN,97,89,1
2015-01-16,2015,0,,UTA,LAL,94,85,1
2015-01-16,2015,0,,TOR,ATL,89,110,1
2015-01-16,2015,0,,SAC,MIA,83,95,1
2015-01-16,2015,0,,ORL,MEM,96,106,1
2015-01-16,2015,0,,IND,DET,96,98,1
2015-01-16,2015,0,,OKC,GSW,127,115,1
2015-01-16,2015,0,,BOS,CHI,103,119,1
2015-01-16,2015,0,,PHI,NOP,96,81,1
2015-01-16,2015,0,,SAS,POR,110,96,1
2015-01-16,2015,0,,WAS,BRK,80,102,1
2015-01-16,2015,0,,LAC,CLE,121,126,1
2015-01-16,2015,0,,PHO,MIN,110,99,1
2015-01-17,2015,0,,MEM,POR,102,98,1
2015-01-17,2015,0,,DET,PHI,107,89,1
2015-01-17,2015,0,,HOU,GSW,106,131,1
2015-01-17,2015,0,,BRK,WAS,90,99,1
2015-01-17,2015,0,,SAC,LAC,108,117,1
2015-01-17,2015,0,,CHI,ATL,99,107,1
2015-01-17,2015,0,,DEN,MIN,105,113,1
2015-01-17,2015,0,,CHO,IND,80,71,1
2015-01-18,2015,0,,TOR,NOP,93,95,1
2015-01-18,2015,0,,ORL,OKC,99,127,1
2015-01-18,2015,0,,SAS,UTA,89,69,1
2015-01-19,2015,0,,GSW,DEN,122,79,1
2015-01-19,2015,0,,CLE,CHI,108,94,1
2015-01-19,2015,0,,MIL,TOR,89,92,1
2015-01-19,2015,0,,NYK,NOP,99,92,1
2015-01-19,2015,0,,PHO,LAL,115,100,1
2015-01-19,2015,0,,LAC,BOS,102,93,1
2015-01-19,2015,0,,POR,SAC,98,94,1
2015-01-19,2015,0,,CHO,MIN,105,80,1
2015-01-19,2015,0,,HOU,IND,110,98,1
2015-01-19,2015,0,,WAS,PHI,111,76,1
2015-01-19,2015,0,,MEM,DAL,95,103,1
2015-01-19,2015,0,,ATL,DET,93,82,1
2015-01-20,2015,0,,DEN,SAS,99,109,1
2015-01-20,2015,0,,MIA,OKC,86,94,1
2015-01-21,2015,0,,DET,ORL,128,118,1
2015-01-21,2015,0,,NOP,LAL,96,80,1
2015-01-21,2015,0,,SAC,BRK,100,103,1
2015-01-21,2015,0,,MIN,DAL,75,98,1
2015-01-21,2015,0,,CLE,UTA,106,92,1
2015-01-21,2015,0,,PHO,POR,118,113,1
2015-01-21,2015,0,,CHO,MIA,78,76,1
2015-01-21,2015,0,,GSW,HOU,126,113,1
2015-01-21,2015,0,,PHI,NYK,91,98,1
2015-01-21,2015,0,,WAS,OKC,103,105,1
2015-01-21,2015,0,,ATL,IND,110,91,1
2015-01-21,2015,0,,MEM,TOR,92,86,1
2015-01-22,2015,0,,CHI,SAS,104,81,1
2015-01-22,2015,0,,LAC,BRK,123,84,1
2015-01-22,2015,0,,POR,BOS,89,90,1
2015-01-22,2015,0,,MIL,UTA,99,101,1
2015-01-23,2015,0,,PHO,HOU,111,113,1
2015-01-23,2015,0,,GSW,SAC,126,101,1
2015-01-23,2015,0,,DAL,CHI,98,102,1
2015-01-23,2015,0,,MIN,NOP,84,92,1
2015-01-23,2015,0,,ATL,OKC,103,93,1
2015-01-23,2015,0,,NYK,ORL,113,106,1
2015-01-23,2015,0,,MIA,IND,89,87,1
2015-01-23,2015,0,,PHI,TOR,86,91,1
2015-01-23,2015,0,,CLE,CHO,129,90,1
2015-01-23,2015,0,,DEN,BOS,99,100,1
2015-01-23,2015,0,,SAS,LAL,99,85,1
2015-01-24,2015,0,,POR,WAS,103,96,1
2015-01-24,2015,0,,UTA,BRK,108,73,1
2015-01-24,2015,0,,MIL,DET,101,86,1
2015-01-24,2015,0,,CHO,NYK,76,71,1
2015-01-24,2015,0,,MEM,PHI,101,83,1
2015-01-25,2015,0,,ATL,MIN,112,100,1
2015-01-25,2015,0,,PHO,LAC,100,120,1
2015-01-25,2015,0,,SAS,MIL,101,95,1
2015-01-25,2015,0,,CLE,OKC,108,98,1
2015-01-25,2015,0,,LAL,HOU,87,99,1
2015-01-25,2015,0,,ORL,IND,99,106,1
2015-01-25,2015,0,,NOP,DAL,109,106,1
2015-01-25,2015,0,,DEN,WAS,115,117,1
2015-01-25,2015,0,,TOR,DET,114,110,1
2015-01-25,2015,0,,GSW,BOS,114,111,1
2015-01-25,2015,0,,CHI,MIA,84,96,1
2015-01-26,2015,0,,LAC,DEN,102,98,1
2015-01-26,2015,0,,UTA,BOS,90,99,1
2015-01-26,2015,0,,NOP,PHI,99,74,1
2015-01-26,2015,0,,MEM,ORL,103,94,1
2015-01-26,2015,0,,OKC,MIN,92,84,1
2015-01-27,2015,0,,IND,TOR,91,104,1
2015-01-27,2015,0,,DAL,MEM,90,109,1
2015-01-27,2015,0,,LAL,WAS,92,98,1
2015-01-27,2015,0,,MIA,MIL,102,109,1
2015-01-27,2015,0,,DET,CLE,95,103,1
2015-01-27,2015,0,,GSW,CHI,111,113,1
2015-01-28,2015,0,,MIN,BOS,110,98,1
2015-01-28,2015,0,,HOU,DAL,99,94,1
2015-01-28,2015,0,,PHI,DET,89,69,1
2015-01-28,2015,0,,UTA,LAC,89,94,1
2015-01-28,2015,0,,NYK,OKC,100,92,1
2015-01-28,2015,0,,NOP,DEN,85,93,1
2015-01-28,2015,0,,PHO,WAS,106,98,1
2015-01-28,2015,0,,SAS,CHO,95,86,1
2015-01-28,2015,0,,CLE,POR,99,94,1
2015-01-28,2015,0,,ATL,BRK,113,102,1
2015-01-28,2015,0,,TOR,SAC,119,102,1
2015-01-29,2015,0,,IND,NYK,103,82,1
2015-01-29,2015,0,,ORL,MIL,100,115,1
2015-01-29,2015,0,,MEM,DEN,99,69,1
2015-01-29,2015,0,,LAL,CHI,123,118,1
2015-01-30,2015,0,,BRK,TOR,122,127,1
2015-01-30,2015,0,,BOS,HOU,87,93,1
2015-01-30,2015,0,,CLE,SAC,101,90,1
2015-01-30,2015,0,,NOP,LAC,108,103,1
2015-01-30,2015,0,,PHI,MIN,103,94,1
2015-01-30,2015,0,,UTA,GSW,110,100,1
2015-01-30,2015,0,,MIA,DAL,72,93,1
2015-01-30,2015,0,,PHO,CHI,99,93,1
2015-01-30,2015,0,,ATL,POR,105,99,1
2015-01-31,2015,0,,MIN,CLE,90,106,1
2015-01-31,2015,0,,SAS,LAC,85,105,1
2015-01-31,2015,0,,MEM,OKC,85,74,1
2015-01-31,2015,0,,IND,SAC,94,99,1
2015-01-31,2015,0,,DET,HOU,114,101,1
2015-01-31,2015,0,,WAS,TOR,116,120,1
2015-01-31,2015,0,,ATL,PHI,91,85,1
2015-01-31,2015,0,,MIL,POR,95,88,1
2015-01-31,2015,0,,GSW,PHO,106,87,1
2015-01-31,2015,0,,ORL,DAL,93,108,1
2015-01-31,2015,0,,DEN,CHO,86,104,1
2015-02-01,2015,0,,NYK,LAL,92,80,1
2015-02-01,2015,0,,BOS,MIA,75,83,1
2015-02-02,2015,0,,CLE,PHI,97,84,1
2015-02-02,2015,0,,NOP,ATL,115,100,1
2015-02-02,2015,0,,WAS,CHO,88,92,1
2015-02-02,2015,0,,TOR,MIL,75,82,1
2015-02-02,2015,0,,BRK,LAC,102,100,1
2015-02-02,2015,0,,OKC,ORL,104,97,1
2015-02-02,2015,0,,DAL,MIN,100,94,1
2015-02-02,2015,0,,PHO,MEM,101,102,1
2015-02-03,2015,0,,NYK,BOS,97,108,1
2015-02-03,2015,0,,DET,MIA,108,91,1
2015-02-03,2015,0,,POR,UTA,103,102,1
2015-02-03,2015,0,,SAC,GSW,96,121,1
2015-02-03,2015,0,,PHI,DEN,105,98,1
2015-02-04,2015,0,,BOS,DEN,104,100,1
2015-02-04,2015,0,,TOR,BRK,93,109,1
2015-02-04,2015,0,,IND,DET,114,109,1
2015-02-04,2015,0,,SAS,ORL,110,103,1
2015-02-04,2015,0,,NOP,OKC,91,102,1
2015-02-04,2015,0,,MIN,MIA,102,101,1
2015-02-04,2015,0,,HOU,CHI,101,90,1
2015-02-04,2015,0,,MIL,LAL,113,105,1
2015-02-04,2015,0,,ATL,WAS,105,96,1
2015-02-04,2015,0,,UTA,MEM,90,100,1
2015-02-04,2015,0,,GSW,DAL,128,114,1
2015-02-05,2015,0,,SAC,DAL,78,101,1
2015-02-05,2015,0,,POR,PHO,108,87,1
2015-02-05,2015,0,,CHO,WAS,94,87,1
2015-02-05,2015,0,,CLE,LAC,105,94,1
2015-02-06,2015,0,,PHO,UTA,100,93,1
2015-02-06,2015,0,,TOR,LAC,123,107,1
2015-02-06,2015,0,,HOU,MIL,117,111,1
2015-02-06,2015,0,,MIN,MEM,90,89,1
2015-02-06,2015,0,,DET,DEN,98,88,1
2015-02-06,2015,0,,ORL,LAL,103,97,1
2015-02-06,2015,0,,SAS,MIA,98,85,1
2015-02-06,2015,0,,BRK,NYK,92,88,1
2015-02-06,2015,0,,OKC,NOP,113,116,1
2015-02-06,2015,0,,ATL,GSW,124,116,1
2015-02-06,2015,0,,BOS,PHI,107,96,1
2015-02-06,2015,0,,IND,CLE,103,99,1
2015-02-07,2015,0,,MIL,BOS,96,93,1
2015-02-07,2015,0,,NOP,CHI,72,107,1
2015-02-07,2015,0,,PHI,CHO,89,81,1
2015-02-07,2015,0,,DAL,POR,111,101,1
2015-02-07,2015,0,,WAS,BRK,114,77,1
2015-02-07,2015,0,,UTA,SAC,102,90,1
2015-02-07,2015,0,,NYK,GSW,92,106,1
2015-02-08,2015,0,,CHO,IND,102,103,1
2015-02-08,2015,0,,DET,MIN,101,112,1
2015-02-08,2015,0,,CLE,LAL,120,105,1
2015-02-08,2015,0,,ORL,CHI,97,98,1
2015-02-08,2015,0,,HOU,POR,98,109,1
2015-02-08,2015,0,,OKC,LAC,131,108,1
2015-02-08,2015,0,,SAC,PHO,85,83,1
2015-02-08,2015,0,,MEM,ATL,94,88,1
2015-02-08,2015,0,,TOR,SAS,87,82,1
2015-02-09,2015,0,,DAL,LAC,98,115,1
2015-02-09,2015,0,,NOP,UTA,96,100,1
2015-02-09,2015,0,,IND,SAS,93,95,1
2015-02-09,2015,0,,WAS,ORL,96,80,1
2015-02-09,2015,0,,MIL,BRK,103,97,1
2015-02-09,2015,0,,PHI,GSW,84,89,1
2015-02-09,2015,0,,DEN,OKC,114,124,1
2015-02-09,2015,0,,MIA,NYK,109,95,1
2015-02-09,2015,0,,MIN,ATL,105,117,1
2015-02-10,2015,0,,CHO,DET,78,106,1
2015-02-10,2015,0,,PHO,HOU,118,127,1
2015-02-10,2015,0,,CHI,SAC,104,86,1
2015-02-10,2015,0,,MEM,BRK,95,86,1
2015-02-10,2015,0,,LAL,DEN,96,106,1
2015-02-11,2015,0,,DET,SAS,87,104,1
2015-02-11,2015,0,,NOP,IND,93,106,1
2015-02-11,2015,0,,OKC,MEM,105,89,1
2015-02-11,2015,0,,CLE,MIA,113,93,1
2015-02-11,2015,0,,MIN,GSW,91,94,1
2015-02-11,2015,0,,TOR,WAS,95,93,1
2015-02-11,2015,0,,MIL,SAC,111,103,1
2015-02-11,2015,0,,LAC,HOU,110,95,1
2015-02-11,2015,0,,ORL,NYK,89,83,1
2015-02-11,2015,0,,BOS,ATL,89,88,1
2015-02-11,2015,0,,DAL,UTA,87,82,1
2015-02-11,2015,0,,POR,LAL,102,86,1
2015-02-12,2015,0,,CHI,CLE,113,98,1
2015-02-19,2015,0,,OKC,DAL,104,89,1
2015-02-19,2015,0,,LAC,SAS,119,115,1
2015-02-20,2015,0,,LAL,BRK,105,114,1
2015-02-20,2015,0,,WAS,CLE,89,127,1
2015-02-20,2015,0,,DAL,HOU,111,100,1
2015-02-20,2015,0,,ATL,TOR,80,105,1
2015-02-20,2015,0,,GSW,SAS,110,99,1
2015-02-20,2015,0,,DET,CHI,100,91,1
2015-02-20,2015,0,,UTA,POR,92,76,1
2015-02-20,2015,0,,MIN,PHO,111,109,1
2015-02-20,2015,0,,PHI,IND,95,106,1
2015-02-20,2015,0,,SAC,BOS,109,101,1
2015-02-20,2015,0,,MIL,DEN,89,81,1
2015-02-20,2015,0,,NYK,MIA,87,111,1
2015-02-20,2015,0,,ORL,NOP,95,84,1
2015-02-21,2015,0,,CHI,PHO,112,107,1
2015-02-21,2015,0,,HOU,TOR,98,76,1
2015-02-21,2015,0,,LAC,SAC,126,99,1
2015-02-21,2015,0,,MIA,NOP,91,105,1
2015-02-21,2015,0,,CHO,OKC,103,110,1
2015-02-22,2015,0,,IND,GSW,104,98,1
2015-02-22,2015,0,,OKC,DEN,119,94,1
2015-02-22,2015,0,,MIL,ATL,86,97,1
2015-02-22,2015,0,,NYK,CLE,83,101,1
2015-02-22,2015,0,,DET,WAS,106,89,1
2015-02-22,2015,0,,LAL,BOS,118,111,1
2015-02-22,2015,0,,ORL,PHI,103,98,1
2015-02-22,2015,0,,DAL,CHO,92,81,1
2015-02-22,2015,0,,POR,MEM,92,98,1
2015-02-23,2015,0,,DEN,BRK,82,110,1
2015-02-23,2015,0,,HOU,MIN,113,102,1
2015-02-23,2015,0,,CHI,MIL,87,71,1
2015-02-23,2015,0,,NOP,TOR,100,97,1
2015-02-23,2015,0,,MIA,PHI,119,108,1
2015-02-23,2015,0,,UTA,SAS,90,81,1
2015-02-23,2015,0,,LAC,MEM,87,90,1
2015-02-23,2015,0,,PHO,BOS,110,115,1
2015-02-24,2015,0,,DET,CLE,93,102,1
2015-02-24,2015,0,,DAL,TOR,99,92,1
2015-02-24,2015,0,,OKC,IND,105,92,1
2015-02-24,2015,0,,WAS,GSW,107,114,1
2015-02-25,2015,0,,DEN,PHO,96,110,1
2015-02-25,2015,0,,MIL,PHI,104,88,1
2015-02-25,2015,0,,ORL,MIA,90,93,1
2015-02-25,2015,0,,UTA,LAL,97,100,1
2015-02-25,2015,0,,POR,SAS,111,95,1
2015-02-25,2015,0,,MIN,WAS,97,77,1
2015-02-25,2015,0,,CHI,CHO,86,98,1
2015-02-25,2015,0,,ATL,DAL,104,87,1
2015-02-25,2015,0,,NOP,BRK,102,96,1
2015-02-25,2015,0,,SAC,MEM,102,90,1
2015-02-25,2015,0,,HOU,LAC,110,105,1
2015-02-25,2015,0,,BOS,NYK,115,94,1
2015-02-26,2015,0,,CLE,GSW,110,99,1
2015-02-26,2015,0,,PHO,OKC,117,113,1
2015-02-27,2015,0,,SAC,SAS,96,107,1
2015-02-27,2015,0,,POR,OKC,115,112,1
2015-02-27,2015,0,,DEN,UTA,82,104,1
2015-02-27,2015,0,,CHI,MIN,96,89,1
2015-02-27,2015,0,,HOU,BRK,102,98,1
2015-02-27,2015,0,,BOS,CHO,106,98,1
2015-02-27,2015,0,,MEM,LAC,79,97,1
2015-02-27,2015,0,,ATL,ORL,95,88,1
2015-02-27,2015,0,,DET,NYK,115,121,1
2015-02-27,2015,0,,PHI,WAS,89,81,1
2015-02-27,2015,0,,LAL,MIL,101,93,1
2015-02-27,2015,0,,TOR,GSW,89,113,1
2015-02-27,2015,0,,NOP,MIA,104,102,1
2015-02-27,2015,0,,IND,CLE,93,86,1
2015-02-28,2015,0,,DAL,BRK,94,104,1
2015-02-28,2015,0,,MIN,MEM,97,101,1
2015-02-28,2015,0,,MIA,ATL,91,93,1
2015-02-28,2015,0,,PHO,SAS,74,101,1
2015-02-28,2015,0,,NYK,TOR,103,98,1
2015-02-28,2015,0,,UTA,MIL,82,75,1
2015-02-28,2015,0,,WAS,DET,99,95,1
2015-03-01,2015,0,,LAL,OKC,101,108,1
2015-03-01,2015,0,,SAC,POR,99,110,1
2015-03-01,2015,0,,HOU,CLE,105,103,1
2015-03-01,2015,0,,BOS,GSW,101,106,1
2015-03-01,2015,0,,IND,PHI,94,74,1
2015-03-01,2015,0,,CHI,LAC,86,96,1
2015-03-01,2015,0,,ORL,CHO,83,98,1
2015-03-01,2015,0,,DEN,NOP,92,99,1
2015-03-02,2015,0,,MIN,LAC,105,110,1
2015-03-02,2015,0,,PHI,TOR,103,114,1
2015-03-02,2015,0,,DAL,NOP,102,93,1
2015-03-02,2015,0,,MIA,PHO,115,98,1
2015-03-02,2015,0,,BRK,GSW,110,108,1
2015-03-03,2015,0,,CLE,BOS,110,79,1
2015-03-03,2015,0,,CHO,LAL,104,103,1
2015-03-03,2015,0,,CHI,WAS,97,92,1
2015-03-03,2015,0,,DEN,MIL,106,95,1
2015-03-03,2015,0,,NYK,SAC,86,124,1
2015-03-03,2015,0,,MEM,UTA,82,93,1
2015-03-03,2015,0,,ATL,HOU,104,96,1
2015-03-04,2015,0,,SAS,SAC,112,85,1
2015-03-04,2015,0,,TOR,CLE,112,120,1
2015-03-04,2015,0,,BRK,CHO,91,115,1
2015-03-04,2015,0,,OKC,PHI,123,118,1
2015-03-04,2015,0,,MIN,DEN,85,100,1
2015-03-04,2015,0,,LAC,POR,93,98,1
2015-03-04,2015,0,,IND,NYK,105,82,1
2015-03-04,2015,0,,NOP,DET,88,85,1
2015-03-04,2015,0,,GSW,MIL,102,93,1
2015-03-04,2015,0,,MIA,LAL,100,94,1
2015-03-04,2015,0,,HOU,MEM,100,102,1
2015-03-04,2015,0,,ORL,PHO,100,105,1
2015-03-04,2015,0,,BOS,UTA,85,84,1
2015-03-05,2015,0,,CHI,OKC,108,105,1
2015-03-05,2015,0,,POR,DAL,94,75,1
2015-03-06,2015,0,,NOP,BOS,98,104,1
2015-03-06,2015,0,,MEM,LAL,97,90,1
2015-03-06,2015,0,,PHI,UTA,83,89,1
2015-03-06,2015,0,,WAS,MIA,99,97,1
2015-03-06,2015,0,,SAS,DEN,120,111,1
2015-03-06,2015,0,,CHO,TOR,103,94,1
2015-03-06,2015,0,,IND,CHI,98,84,1
2015-03-06,2015,0,,HOU,DET,103,93,1
2015-03-06,2015,0,,GSW,DAL,104,89,1
2015-03-06,2015,0,,ORL,SAC,119,114,1
2015-03-06,2015,0,,BRK,PHO,100,108,1
2015-03-06,2015,0,,ATL,CLE,106,97,1
2015-03-07,2015,0,,DEN,HOU,100,114,1
2015-03-07,2015,0,,PHI,ATL,92,84,1
2015-03-07,2015,0,,MIN,POR,121,113,1
2015-03-07,2015,0,,NOP,MEM,95,89,1
2015-03-07,2015,0,,MIL,WAS,91,85,1
2015-03-07,2015,0,,MIA,SAC,114,109,1
2015-03-07,2015,0,,CLE,PHO,89,79,1
2015-03-07,2015,0,,NYK,IND,86,92,1
2015-03-08,2015,0,,DET,CHO,101,108,1
2015-03-08,2015,0,,ORL,BOS,103,98,1
2015-03-08,2015,0,,LAL,DAL,93,100,1
2015-03-08,2015,0,,BRK,UTA,88,95,1
2015-03-08,2015,0,,SAS,CHI,116,105,1
2015-03-08,2015,0,,GSW,LAC,106,98,1
2015-03-08,2015,0,,OKC,TOR,108,104,1
2015-03-09,2015,0,,ATL,SAC,130,105,1
2015-03-09,2015,0,,DEN,NYK,106,78,1
2015-03-09,2015,0,,CHO,WAS,69,95,1
2015-03-09,2015,0,,CHI,MEM,91,101,1
2015-03-09,2015,0,,MIL,NOP,103,114,1
2015-03-09,2015,0,,LAC,MIN,89,76,1
2015-03-09,2015,0,,PHO,GSW,80,98,1
2015-03-09,2015,0,,MIA,BOS,90,100,1
2015-03-10,2015,0,,IND,ORL,118,86,1
2015-03-10,2015,0,,UTA,NYK,87,82,1
2015-03-10,2015,0,,SAS,TOR,117,107,1
2015-03-10,2015,0,,DAL,CLE,94,127,1
2015-03-10,2015,0,,BRK,NOP,91,111,1
2015-03-10,2015,0,,LAL,DET,93,85,1
2015-03-11,2015,0,,GSW,DET,105,98,1
2015-03-11,2015,0,,PHO,MIN,106,97,1
2015-03-11,2015,0,,POR,HOU,105,100,1
2015-03-11,2015,0,,MIL,ORL,97,91,1
2015-03-11,2015,0,,CHO,SAC,106,113,1
2015-03-11,2015,0,,PHI,CHI,95,104,1
2015-03-11,2015,0,,BOS,MEM,95,92,1
2015-03-11,2015,0,,DEN,ATL,115,102,1
2015-03-11,2015,0,,OKC,LAC,108,120,1
2015-03-11,2015,0,,MIA,BRK,104,98,1
2015-03-12,2015,0,,WAS,MEM,107,87,1
2015-03-12,2015,0,,LAL,NYK,94,101,1
2015-03-12,2015,0,,IND,MIL,109,103,1
2015-03-12,2015,0,,SAS,CLE,125,128,1
2015-03-12,2015,0,,UTA,HOU,109,91,1
2015-03-13,2015,0,,DEN,GSW,114,103,1
2015-03-13,2015,0,,PHO,ATL,87,96,1
2015-03-13,2015,0,,OKC,MIN,113,99,1
2015-03-13,2015,0,,TOR,MIA,102,92,1
2015-03-13,2015,0,,DAL,LAC,129,99,1
2015-03-13,2015,0,,PHI,SAC,114,107,1
2015-03-13,2015,0,,CHO,CHI,101,91,1
2015-03-13,2015,0,,POR,DET,118,99,1
2015-03-13,2015,0,,BOS,ORL,95,88,1
2015-03-14,2015,0,,PHI,BRK,87,94,1
2015-03-14,2015,0,,GSW,NYK,125,94,1
2015-03-14,2015,0,,IND,BOS,89,93,1
2015-03-14,2015,0,,WAS,SAC,113,97,1
2015-03-14,2015,0,,MEM,MIL,96,83,1
2015-03-14,2015,0,,UTA,DET,88,85,1
2015-03-15,2015,0,,ORL,CLE,108,123,1
2015-03-15,2015,0,,PHO,NYK,102,89,1
2015-03-15,2015,0,,LAL,ATL,86,91,1
2015-03-15,2015,0,,LAC,HOU,98,100,1
2015-03-15,2015,0,,OKC,CHI,109,100,1
2015-03-15,2015,0,,TOR,POR,97,113,1
2015-03-15,2015,0,,SAS,MIN,123,97,1
2015-03-15,2015,0,,NOP,DEN,111,118,1
2015-03-16,2015,0,,MIN,BRK,106,122,1
2015-03-16,2015,0,,WAS,POR,105,97,1
2015-03-16,2015,0,,BOS,PHI,108,89,1
2015-03-16,2015,0,,UTA,CHO,94,66,1
2015-03-16,2015,0,,MEM,DEN,92,81,1
2015-03-16,2015,0,,SAC,ATL,103,110,1
2015-03-16,2015,0,,MIA,CLE,106,92,1
2015-03-16,2015,0,,GSW,LAL,108,105,1
2015-03-16,2015,0,,IND,TOR,98,117,1
2015-03-16,2015,0,,DAL,OKC,119,115,1
2015-03-17,2015,0,,LAC,CHO,99,92,1
2015-03-17,2015,0,,HOU,ORL,107,94,1
2015-03-17,2015,0,,DET,MEM,105,95,1
2015-03-17,2015,0,,NOP,MIL,85,84,1
2015-03-17,2015,0,,NYK,SAS,104,100,1
2015-03-18,2015,0,,GSW,ATL,114,95,1
2015-03-18,2015,0,,OKC,BOS,122,118,1
2015-03-18,2015,0,,TOR,MIN,105,100,1
2015-03-18,2015,0,,PHI,DET,94,83,1
2015-03-18,2015,0,,UTA,WAS,84,88,1
2015-03-18,2015,0,,DAL,ORL,107,102,1
2015-03-18,2015,0,,SAC,LAC,105,116,1
2015-03-18,2015,0,,MIA,POR,108,104,1
2015-03-18,2015,0,,CHI,IND,103,86,1
2015-03-18,2015,0,,MIL,SAS,103,114,1
2015-03-18,2015,0,,CLE,BRK,117,92,1
2015-03-19,2015,0,,LAL,UTA,73,80,1
2015-03-19,2015,0,,HOU,DEN,118,108,1
2015-03-19,2015,0,,NYK,MIN,92,95,1
2015-03-19,2015,0,,PHO,NOP,74,72,1
2015-03-20,2015,0,,OKC,ATL,123,115,1
2015-03-20,2015,0,,SAC,CHO,101,91,1
2015-03-20,2015,0,,GSW,NOP,112,96,1
2015-03-20,2015,0,,ORL,POR,111,104,1
2015-03-20,2015,0,,MIA,DEN,108,91,1
2015-03-20,2015,0,,SAS,BOS,101,89,1
2015-03-20,2015,0,,BRK,MIL,129,127,1
2015-03-20,2015,0,,DAL,MEM,101,112,1
2015-03-20,2015,0,,CHI,TOR,108,92,1
2015-03-20,2015,0,,LAC,WAS,113,99,1
2015-03-20,2015,0,,PHI,NYK,97,81,1
2015-03-20,2015,0,,CLE,IND,95,92,1
2015-03-21,2015,0,,HOU,PHO,102,117,1
2015-03-21,2015,0,,IND,BRK,111,123,1
2015-03-21,2015,0,,GSW,UTA,106,91,1
2015-03-21,2015,0,,DET,CHI,107,91,1
2015-03-21,2015,0,,MEM,POR,97,86,1
2015-03-22,2015,0,,MIL,CLE,90,108,1
2015-03-22,2015,0,,OKC,MIA,93,75,1
2015-03-22,2015,0,,ATL,SAS,95,114,1
2015-03-22,2015,0,,BOS,DET,97,105,1
2015-03-22,2015,0,,PHO,DAL,98,92,1
2015-03-22,2015,0,,LAL,PHI,101,87,1
2015-03-22,2015,0,,MIN,CHO,98,109,1
2015-03-22,2015,0,,TOR,NYK,106,89,1
2015-03-22,2015,0,,ORL,DEN,100,119,1
2015-03-22,2015,0,,SAC,WAS,109,86,1
2015-03-22,2015,0,,LAC,NOP,107,100,1
2015-03-23,2015,0,,GSW,WAS,107,76,1
2015-03-23,2015,0,,IND,HOU,100,110,1
2015-03-23,2015,0,,CHI,CHO,98,86,1
2015-03-23,2015,0,,NYK,MEM,82,103,1
2015-03-23,2015,0,,BRK,BOS,91,110,1
2015-03-23,2015,0,,UTA,MIN,104,106,1
2015-03-24,2015,0,,OKC,LAL,127,117,1
2015-03-24,2015,0,,DAL,SAS,101,94,1
2015-03-24,2015,0,,POR,GSW,108,122,1
2015-03-24,2015,0,,DET,TOR,108,104,1
2015-03-24,2015,0,,SAC,PHI,107,106,1
2015-03-24,2015,0,,MIL,MIA,89,88,1
2015-03-25,2015,0,,NOP,HOU,93,95,1
2015-03-25,2015,0,,PHO,SAC,99,108,1
2015-03-25,2015,0,,TOR,CHI,103,116,1
2015-03-25,2015,0,,MIN,LAL,99,101,1
2015-03-25,2015,0,,NYK,LAC,80,111,1
2015-03-25,2015,0,,CHO,BRK,88,91,1
2015-03-25,2015,0,,ORL,ATL,83,95,1
2015-03-25,2015,0,,UTA,POR,89,92,1
2015-03-25,2015,0,,MEM,CLE,89,111,1
2015-03-25,2015,0,,SAS,OKC,130,91,1
2015-03-25,2015,0,,DEN,PHI,85,99,1
2015-03-25,2015,0,,BOS,MIA,86,93,1
2015-03-25,2015,0,,WAS,IND,101,103,1
2015-03-26,2015,0,,MIL,IND,111,107,1
2015-03-27,2015,0,,NYK,BOS,92,96,1
2015-03-27,2015,0,,WAS,CHO,110,107,1
2015-03-27,2015,0,,MEM,GSW,84,107,1
2015-03-27,2015,0,,BRK,CLE,106,98,1
2015-03-27,2015,0,,HOU,MIN,120,110,1
2015-03-27,2015,0,,DEN,UTA,107,91,1
2015-03-27,2015,0,,NOP,SAC,102,88,1
2015-03-27,2015,0,,SAS,DAL,94,76,1
2015-03-27,2015,0,,TOR,LAL,94,83,1
2015-03-27,2015,0,,ATL,MIA,99,86,1
2015-03-27,2015,0,,ORL,DET,97,111,1
2015-03-27,2015,0,,PHI,LAC,98,119,1
2015-03-27,2015,0,,PHO,POR,81,87,1
2015-03-28,2015,0,,UTA,OKC,94,89,1
2015-03-28,2015,0,,MIL,GSW,95,108,1
2015-03-28,2015,0,,POR,DEN,120,114,1
2015-03-28,2015,0,,CHO,ATL,115,100,1
2015-03-28,2015,0,,CHI,NYK,111,80,1
2015-03-29,2015,0,,NOP,MIN,110,88,1
2015-03-29,2015,0,,PHO,OKC,97,109,1
2015-03-29,2015,0,,BRK,LAL,107,99,1
2015-03-29,2015,0,,WAS,HOU,91,99,1
2015-03-29,2015,0,,MIA,DET,109,102,1
2015-03-29,2015,0,,CLE,PHI,87,86,1
2015-03-29,2015,0,,IND,DAL,104,99,1
2015-03-29,2015,0,,BOS,LAC,106,119,1
2015-03-29,2015,0,,SAS,MEM,103,89,1
2015-03-30,2015,0,,CHO,BOS,104,116,1
2015-03-30,2015,0,,TOR,HOU,99,96,1
2015-03-30,2015,0,,POR,PHO,109,86,1
2015-03-30,2015,0,,MIN,UTA,84,104,1
2015-03-30,2015,0,,PHI,LAL,111,113,1
2015-03-30,2015,0,,ATL,MIL,101,88,1
2015-03-30,2015,0,,MEM,SAC,97,83,1
2015-03-31,2015,0,,BRK,IND,111,106,1
2015-03-31,2015,0,,LAC,GSW,106,110,1
2015-03-31,2015,0,,DET,ATL,105,95,1
2015-03-31,2015,0,,MIA,SAS,81,95,1
2015-04-01,2015,0,,UTA,DEN,98,84,1
2015-04-01,2015,0,,MIL,CHI,95,91,1
2015-04-01,2015,0,,BOS,IND,100,87,1
2015-04-01,2015,0,,WAS,PHI,106,93,1
2015-04-01,2015,0,,MIN,TOR,99,113,1
2015-04-01,2015,0,,CHO,DET,102,78,1
2015-04-01,2015,0,,HOU,SAC,115,111,1
2015-04-01,2015,0,,LAL,NOP,92,113,1
2015-04-01,2015,0,,ORL,SAS,91,103,1
2015-04-01,2015,0,,NYK,BRK,98,100,1
2015-04-01,2015,0,,POR,LAC,122,126,1
2015-04-01,2015,0,,OKC,DAL,131,135,1
2015-04-02,2015,0,,CLE,MIA,114,88,1
2015-04-02,2015,0,,GSW,PHO,107,106,1
2015-04-02,2015,0,,DAL,HOU,101,108,1
2015-04-03,2015,0,,IND,CHO,93,74,1
2015-04-03,2015,0,,SAS,DEN,123,93,1
2015-04-03,2015,0,,BRK,TOR,114,109,1
2015-04-03,2015,0,,MIN,ORL,84,97,1
2015-04-03,2015,0,,SAC,NOP,95,101,1
2015-04-03,2015,0,,BOS,MIL,101,110,1
2015-04-03,2015,0,,WAS,NYK,101,87,1
2015-04-03,2015,0,,CHI,DET,88,82,1
2015-04-03,2015,0,,LAL,POR,77,107,1
2015-04-03,2015,0,,MEM,OKC,100,92,1
2015-04-04,2015,0,,DAL,GSW,110,123,1
2015-04-04,2015,0,,DEN,LAC,92,107,1
2015-04-04,2015,0,,MIL,ORL,90,97,1
2015-04-04,2015,0,,POR,NOP,99,90,1
2015-04-04,2015,0,,ATL,BRK,131,99,1
2015-04-04,2015,0,,PHO,UTA,87,85,1
2015-04-04,2015,0,,DET,MIA,99,98,1
2015-04-04,2015,0,,MEM,WAS,83,92,1
2015-04-04,2015,0,,CHO,PHI,92,91,1
2015-04-04,2015,0,,TOR,BOS,116,117,1
2015-04-05,2015,0,,CLE,CHI,99,94,1
2015-04-05,2015,0,,NYK,PHI,101,91,1
2015-04-05,2015,0,,SAC,UTA,95,101,1
2015-04-05,2015,0,,OKC,HOU,112,115,1
2015-04-05,2015,0,,LAL,LAC,78,106,1
2015-04-05,2015,0,,SAS,GSW,107,92,1
2015-04-05,2015,0,,IND,MIA,112,89,1
2015-04-06,2015,0,,BRK,POR,106,96,1
2015-04-07,2015,0,,NOP,GSW,103,100,1
2015-04-07,2015,0,,ATL,PHO,96,69,1
2015-04-07,2015,0,,OKC,SAS,88,113,1
2015-04-07,2015,0,,SAC,MIN,116,111,1
2015-04-07,2015,0,,LAC,LAL,105,100,1
2015-04-07,2015,0,,MIA,CHO,105,100,1
2015-04-08,2015,0,,UTA,SAC,103,91,1
2015-04-08,2015,0,,POR,MIN,116,91,1
2015-04-08,2015,0,,PHI,WAS,90,119,1
2015-04-08,2015,0,,DEN,LAL,119,101,1
2015-04-08,2015,0,,SAS,HOU,110,98,1
2015-04-08,2015,0,,CHO,TOR,74,92,1
2015-04-08,2015,0,,DET,BOS,103,113,1
2015-04-08,2015,0,,BRK,ATL,111,114,1
2015-04-08,2015,0,,MIL,CLE,99,104,1
2015-04-08,2015,0,,MEM,NOP,110,74,1
2015-04-08,2015,0,,DAL,PHO,107,104,1
2015-04-08,2015,0,,ORL,CHI,105,103,1
2015-04-08,2015,0,,NYK,IND,86,102,1
2015-04-09,2015,0,,MIA,CHI,78,89,1
2015-04-09,2015,0,,GSW,POR,116,105,1
2015-04-10,2015,0,,LAL,MIN,106,98,1
2015-04-10,2015,0,,NOP,PHO,90,75,1
2015-04-10,2015,0,,BRK,WAS,117,80,1
2015-04-10,2015,0,,ATL,CHO,104,80,1
2015-04-10,2015,0,,OKC,SAC,116,103,1
2015-04-10,2015,0,,HOU,SAS,103,104,1
2015-04-10,2015,0,,CLE,BOS,90,99,1
2015-04-10,2015,0,,NYK,MIL,91,99,1
2015-04-10,2015,0,,ORL,TOR,99,101,1
2015-04-10,2015,0,,DET,IND,103,107,1
2015-04-10,2015,0,,UTA,MEM,88,89,1
2015-04-10,2015,0,,DEN,DAL,143,144,1
2015-04-11,2015,0,,GSW,MIN,110,101,1
2015-04-11,2015,0,,CHI,PHI,114,107,1
2015-04-11,2015,0,,MIA,TOR,104,107,1
2015-04-11,2015,0,,ORL,NYK,79,80,1
2015-04-11,2015,0,,POR,UTA,105,111,1
2015-04-11,2015,0,,LAC,MEM,94,86,1
2015-04-12,2015,0,,DEN,SAC,122,111,1
2015-04-12,2015,0,,SAS,PHO,107,91,1
2015-04-12,2015,0,,WAS,ATL,108,99,1
2015-04-12,2015,0,,BOS,CLE,117,78,1
2015-04-12,2015,0,,IND,OKC,116,104,1
2015-04-12,2015,0,,DET,CHO,116,77,1
2015-04-12,2015,0,,LAL,DAL,106,120,1
2015-04-12,2015,0,,HOU,NOP,121,114,1
2015-04-12,2015,0,,MIL,BRK,96,73,1
2015-04-13,2015,0,,UTA,DAL,109,92,1
2015-04-13,2015,0,,CLE,DET,109,97,1
2015-04-13,2015,0,,GSW,MEM,111,107,1
2015-04-13,2015,0,,PHI,MIL,97,107,1
2015-04-13,2015,0,,CHO,HOU,90,100,1
2015-04-13,2015,0,,SAC,LAL,102,92,1
2015-04-13,2015,0,,MIN,NOP,88,100,1
2015-04-13,2015,0,,ATL,NYK,108,112,1
2015-04-13,2015,0,,OKC,POR,101,90,1
2015-04-13,2015,0,,MIA,ORL,100,93,1
2015-04-13,2015,0,,LAC,DEN,110,103,1
2015-04-13,2015,0,,BRK,CHI,86,113,1
2015-04-14,2015,0,,BOS,TOR,95,93,1
2015-04-14,2015,0,,IND,WAS,99,95,1
2015-04-14,2015,0,,PHO,LAC,101,112,1
2015-04-15,2015,0,,PHI,MIA,101,105,1
2015-04-15,2015,0,,TOR,CHO,92,87,1
2015-04-15,2015,0,,LAL,SAC,99,122,1
2015-04-15,2015,0,,DAL,POR,114,98,1
2015-04-15,2015,0,,MEM,IND,95,83,1
2015-04-15,2015,0,,CHI,ATL,91,85,1
2015-04-15,2015,0,,CLE,WAS,113,108,1
2015-04-15,2015,0,,GSW,DEN,133,126,1
2015-04-15,2015,0,,BRK,ORL,101,88,1
2015-04-15,2015,0,,NYK,DET,90,112,1
2015-04-15,2015,0,,NOP,SAS,108,103,1
2015-04-15,2015,0,,MIL,BOS,100,105,1
2015-04-15,2015,0,,MIN,OKC,113,138,1
2015-04-15,2015,0,,HOU,UTA,117,91,1
2015-10-27,2016,0,,CHI,CLE,97,95,1
2015-10-27,2016,0,,ATL,DET,94,106,1
2015-10-27,2016,0,,GSW,NOP,111,95,1
2015-10-28,2016,0,,ORL,WAS,87,88,1
2015-10-28,2016,0,,BRK,CHI,100,115,1
2015-10-28,2016,0,,DET,UTA,92,87,1
2015-10-28,2016,0,,BOS,PHI,112,95,1
2015-10-28,2016,0,,MIA,CHO,104,94,1
2015-10-28,2016,0,,TOR,IND,106,99,1
2015-10-28,2016,0,,HOU,DEN,85,105,1
2015-10-28,2016,0,,OKC,SAS,112,106,1
2015-10-28,2016,0,,MEM,CLE,76,106,1
2015-10-28,2016,0,,MIL,NYK,97,122,1
2015-10-28,2016,0,,SAC,LAC,104,111,1
2015-10-28,2016,0,,POR,NOP,112,94,1
2015-10-28,2016,0,,PHO,DAL,95,111,1
2015-10-28,2016,0,,LAL,MIN,111,112,1
2015-10-29,2016,0,,IND,MEM,103,112,1
2015-10-29,2016,0,,NYK,ATL,101,112,1
2015-10-29,2016,0,,LAC,DAL,104,88,1
2015-10-30,2016,0,,CLE,MIA,102,92,1
2015-10-30,2016,0,,PHI,UTA,71,99,1
2015-10-30,2016,0,,ORL,OKC,136,139,1
2015-10-30,2016,0,,BOS,TOR,103,113,1
2015-10-30,2016,0,,DET,CHI,98,94,1
2015-10-30,2016,0,,ATL,CHO,97,94,1
2015-10-30,2016,0,,MIL,WAS,113,118,1
2015-10-30,2016,0,,SAS,BRK,102,75,1
2015-10-30,2016,0,,DEN,MIN,78,95,1
2015-10-30,2016,0,,HOU,GSW,92,112,1
2015-10-30,2016,0,,SAC,LAL,132,114,1
2015-10-30,2016,0,,PHO,POR,110,92,1
2015-10-31,2016,0,,WAS,NYK,110,117,1
2015-10-31,2016,0,,IND,UTA,76,97,1
2015-10-31,2016,0,,NOP,GSW,120,134,1
2015-10-31,2016,0,,MEM,BRK,101,91,1
2015-10-31,2016,0,,POR,PHO,90,101,1
2015-10-31,2016,0,,LAC,SAC,114,109,1
2015-11-01,2016,0,,CHO,ATL,92,94,1
2015-11-01,2016,0,,BOS,SAS,87,95,1
2015-11-01,2016,0,,MIA,HOU,109,89,1
2015-11-01,2016,0,,TOR,MIL,106,87,1
2015-11-01,2016,0,,OKC,DEN,117,93,1
2015-11-01,2016,0,,CHI,ORL,92,87,1
2015-11-01,2016,0,,LAL,DAL,93,103,1
2015-11-02,2016,0,,PHI,CLE,100,107,1
2015-11-02,2016,0,,NYK,SAS,84,94,1
2015-11-02,2016,0,,BRK,MIL,96,103,1
2015-11-02,2016,0,,MIN,POR,101,106,1
2015-11-02,2016,0,,HOU,OKC,110,105,1
2015-11-02,2016,0,,LAC,PHO,102,96,1
2015-11-02,2016,0,,GSW,MEM,119,69,1
2015-11-03,2016,0,,CHO,CHI,130,105,1
2015-11-03,2016,0,,MIA,ATL,92,98,1
2015-11-03,2016,0,,DET,IND,82,94,1
2015-11-03,2016,0,,NOP,ORL,94,103,1
2015-11-03,2016,0,,DAL,TOR,91,102,1
2015-11-03,2016,0,,SAC,MEM,89,103,1
2015-11-03,2016,0,,LAL,DEN,109,120,1
2015-11-04,2016,0,,IND,BOS,100,98,1
2015-11-04,2016,0,,WAS,SAS,102,99,1
2015-11-04,2016,0,,HOU,ORL,119,114,1
2015-11-04,2016,0,,OKC,TOR,98,103,1
2015-11-04,2016,0,,MIL,PHI,91,87,1
2015-11-04,2016,0,,ATL,BRK,101,87,1
2015-11-04,2016,0,,CLE,NYK,96,86,1
2015-11-04,2016,0,,PHO,SAC,118,97,1
2015-11-04,2016,0,,UTA,POR,92,108,1
2015-11-04,2016,0,,GSW,LAC,112,108,1
2015-11-05,2016,0,,MIN,MIA,84,96,1
2015-11-05,2016,0,,CHI,OKC,104,98,1
2015-11-05,2016,0,,DAL,CHO,94,108,1
2015-11-05,2016,0,,DEN,UTA,84,96,1
2015-11-05,2016,0,,POR,MEM,115,96,1
2015-11-06,2016,0,,ORL,TOR,92,87,1
2015-11-06,2016,0,,BOS,WAS,118,98,1
2015-11-06,2016,0,,NYK,MIL,92,99,1
2015-11-06,2016,0,,CLE,PHI,108,102,1
2015-11-06,2016,0,,BRK,LAL,98,104,1
2015-11-06,2016,0,,NOP,ATL,115,121,1
2015-11-06,2016,0,,IND,MIA,90,87,1
2015-11-06,2016,0,,PHO,DET,92,100,1
2015-11-06,2016,0,,GSW,DEN,119,104,1
2015-11-06,2016,0,,SAC,HOU,110,116,1
2015-11-07,2016,0,,CHI,MIN,93,102,1
2015-11-07,2016,0,,PHI,ORL,97,105,1
2015-11-07,2016,0,,ATL,WAS,114,99,1
2015-11-07,2016,0,,MIL,BRK,94,86,1
2015-11-07,2016,0,,SAS,CHO,114,94,1
2015-11-07,2016,0,,DAL,NOP,107,98,1
2015-11-07,2016,0,,UTA,MEM,89,79,1
2015-11-07,2016,0,,SAC,GSW,94,103,1
2015-11-07,2016,0,,LAC,HOU,105,109,1
2015-11-08,2016,0,,NYK,LAL,99,95,1
2015-11-08,2016,0,,CLE,IND,101,97,1
2015-11-08,2016,0,,MIA,TOR,96,76,1
2015-11-08,2016,0,,OKC,PHO,124,103,1
2015-11-08,2016,0,,POR,DET,103,120,1
2015-11-09,2016,0,,IND,ORL,97,84,1
2015-11-09,2016,0,,PHI,CHI,88,111,1
2015-11-09,2016,0,,ATL,MIN,107,117,1
2015-11-09,2016,0,,DEN,POR,108,104,1
2015-11-09,2016,0,,SAC,SAS,88,106,1
2015-11-09,2016,0,,GSW,DET,109,95,1
2015-11-09,2016,0,,LAC,MEM,94,92,1
2015-11-10,2016,0,,CLE,UTA,118,114,1
2015-11-10,2016,0,,WAS,OKC,101,125,1
2015-11-10,2016,0,,MIA,LAL,101,88,1
2015-11-10,2016,0,,TOR,NYK,109,111,1
2015-11-10,2016,0,,MIL,BOS,83,99,1
2015-11-10,2016,0,,MIN,CHO,95,104,1
2015-11-10,2016,0,,NOP,DAL,120,105,1
2015-11-11,2016,0,,CHO,NYK,95,93,1
2015-11-11,2016,0,,PHI,TOR,103,119,1
2015-11-11,2016,0,,ORL,LAL,101,99,1
2015-11-11,2016,0,,BOS,IND,91,102,1
2015-11-11,2016,0,,DAL,LAC,118,108,1
2015-11-11,2016,0,,MEM,GSW,84,100,1
2015-11-11,2016,0,,HOU,BRK,98,106,1
2015-11-11,2016,0,,ATL,NOP,106,98,1
2015-11-11,2016,0,,DEN,MIL,103,102,1
2015-11-11,2016,0,,SAC,DET,101,92,1
2015-11-11,2016,0,,POR,SAS,101,113,1
2015-11-12,2016,0,,MIA,UTA,92,91,1
2015-11-12,2016,0,,MIN,GSW,116,129,1
2015-11-12,2016,0,,PHO,LAC,118,104,1
2015-11-13,2016,0,,ORL,UTA,102,93,1
2015-11-13,2016,0,,IND,MIN,107,103,1
2015-11-13,2016,0,,BOS,ATL,106,93,1
2015-11-13,2016,0,,TOR,NOP,100,81,1
2015-11-13,2016,0,,NYK,CLE,84,90,1
2015-11-13,2016,0,,CHI,CHO,102,97,1
2015-11-13,2016,0,,OKC,PHI,102,85,1
2015-11-13,2016,0,,MEM,POR,101,100,1
2015-11-13,2016,0,,DAL,LAL,90,82,1
2015-11-13,2016,0,,DEN,HOU,107,98,1
2015-11-13,2016,0,,SAC,BRK,111,109,1
2015-11-14,2016,0,,LAC,DET,101,96,1
2015-11-14,2016,0,,WAS,ORL,108,99,1
2015-11-14,2016,0,,HOU,DAL,98,110,1
2015-11-14,2016,0,,MIL,CLE,108,105,1
2015-11-14,2016,0,,SAS,PHI,92,83,1
2015-11-14,2016,0,,PHO,DEN,105,81,1
2015-11-14,2016,0,,GSW,BRK,107,99,1
2015-11-15,2016,0,,NYK,NOP,95,87,1
2015-11-15,2016,0,,MIN,MEM,106,114,1
2015-11-15,2016,0,,CHO,POR,106,94,1
2015-11-15,2016,0,,ATL,UTA,96,97,1
2015-11-15,2016,0,,OKC,BOS,85,100,1
2015-11-15,2016,0,,SAC,TOR,107,101,1
2015-11-15,2016,0,,LAL,DET,97,85,1
2015-11-16,2016,0,,PHI,DAL,86,92,1
2015-11-16,2016,0,,HOU,BOS,95,111,1
2015-11-16,2016,0,,CHI,IND,96,95,1
2015-11-16,2016,0,,MEM,OKC,122,114,1
2015-11-16,2016,0,,SAS,POR,93,80,1
2015-11-16,2016,0,,PHO,LAL,120,101,1
2015-11-17,2016,0,,WAS,MIL,115,86,1
2015-11-17,2016,0,,DET,CLE,104,99,1
2015-11-17,2016,0,,MIA,MIN,91,103,1
2015-11-17,2016,0,,BRK,ATL,90,88,1
2015-11-17,2016,0,,NYK,CHO,102,94,1
2015-11-17,2016,0,,NOP,DEN,98,115,1
2015-11-17,2016,0,,GSW,TOR,115,110,1
2015-11-18,2016,0,,PHI,IND,85,112,1
2015-11-18,2016,0,,CHO,BRK,116,111,1
2015-11-18,2016,0,,ORL,MIN,104,101,1
2015-11-18,2016,0,,BOS,DAL,102,106,1
2015-11-18,2016,0,,OKC,NOP,110,103,1
2015-11-18,2016,0,,ATL,SAC,103,97,1
2015-11-18,2016,0,,HOU,POR,108,103,1
2015-11-18,2016,0,,SAS,DEN,109,98,1
2015-11-18,2016,0,,UTA,TOR,93,89,1
2015-11-18,2016,0,,PHO,CHI,97,103,1
2015-11-19,2016,0,,MIA,SAC,116,109,1
2015-11-19,2016,0,,CLE,MIL,115,100,1
2015-11-19,2016,0,,LAC,GSW,117,124,1
2015-11-20,2016,0,,CHO,PHI,113,88,1
2015-11-20,2016,0,,BOS,BRK,120,95,1
2015-11-20,2016,0,,NOP,SAS,104,90,1
2015-11-20,2016,0,,MIN,DET,86,96,1
2015-11-20,2016,0,,OKC,NYK,90,93,1
2015-11-20,2016,0,,MEM,HOU,96,84,1
2015-11-20,2016,0,,DAL,UTA,102,93,1
2015-11-20,2016,0,,DEN,PHO,107,114,1
2015-11-20,2016,0,,POR,LAC,102,91,1
2015-11-20,2016,0,,LAL,TOR,91,102,1
2015-11-20,2016,0,,GSW,CHI,106,94,1
2015-11-21,2016,0,,ORL,SAC,91,97,1
2015-11-21,2016,0,,IND,MIL,123,86,1
2015-11-21,2016,0,,CLE,ATL,109,97,1
2015-11-21,2016,0,,DET,WAS,95,97,1
2015-11-21,2016,0,,HOU,NYK,102,107,1
2015-11-21,2016,0,,MIA,PHI,96,91,1
2015-11-21,2016,0,,SAS,MEM,92,82,1
2015-11-22,2016,0,,LAC,TOR,80,91,1
2015-11-22,2016,0,,NOP,PHO,122,116,1
2015-11-22,2016,0,,BRK,BOS,111,101,1
2015-11-22,2016,0,,OKC,DAL,117,114,1
2015-11-22,2016,0,,DEN,GSW,105,118,1
2015-11-22,2016,0,,LAL,POR,93,107,1
2015-11-23,2016,0,,CHO,SAC,127,122,1
2015-11-23,2016,0,,CLE,ORL,117,103,1
2015-11-23,2016,0,,MIA,NYK,95,78,1
2015-11-23,2016,0,,MIL,DET,109,88,1
2015-11-23,2016,0,,MIN,PHI,100,95,1
2015-11-23,2016,0,,SAS,PHO,98,84,1
2015-11-23,2016,0,,UTA,OKC,89,111,1
2015-11-24,2016,0,,WAS,IND,106,123,1
2015-11-24,2016,0,,ATL,BOS,121,97,1
2015-11-24,2016,0,,MEM,DAL,110,96,1
2015-11-24,2016,0,,DEN,LAC,94,111,1
2015-11-24,2016,0,,POR,CHI,88,93,1
2015-11-24,2016,0,,GSW,LAL,111,77,1
2015-11-25,2016,0,,ORL,NYK,100,91,1
2015-11-25,2016,0,,CHO,WAS,101,87,1
2015-11-25,2016,0,,BOS,PHI,84,80,1
2015-11-25,2016,0,,TOR,CLE,103,99,1
2015-11-25,2016,0,,DET,MIA,104,81,1
2015-11-25,2016,0,,OKC,BRK,110,99,1
2015-11-25,2016,0,,MIN,ATL,99,95,1
2015-11-25,2016,0,,MIL,SAC,118,129,1
2015-11-25,2016,0,,HOU,MEM,93,102,1
2015-11-25,2016,0,,SAS,DAL,88,83,1
2015-11-25,2016,0,,PHO,NOP,114,120,1
2015-11-25,2016,0,,LAC,UTA,91,102,1
2015-11-27,2016,0,,ORL,MIL,114,90,1
2015-11-27,2016,0,,CHO,CLE,90,95,1
2015-11-27,2016,0,,NYK,MIA,78,97,1
2015-11-27,2016,0,,BOS,WAS,111,78,1
2015-11-27,2016,0,,MEM,ATL,101,116,1
2015-11-27,2016,0,,OKC,DET,103,87,1
2015-11-27,2016,0,,HOU,PHI,116,114,1
2015-11-27,2016,0,,IND,CHI,104,92,1
2015-11-27,2016,0,,DEN,SAS,80,91,1
2015-11-27,2016,0,,PHO,GSW,116,135,1
2015-11-27,2016,0,,SAC,MIN,91,101,1
2015-11-27,2016,0,,LAC,NOP,111,90,1
2015-11-28,2016,0,,WAS,TOR,82,84,1
2015-11-28,2016,0,,CLE,BRK,90,88,1
2015-11-28,2016,0,,DAL,DEN,92,81,1
2015-11-28,2016,0,,SAS,ATL,108,88,1
2015-11-28,2016,0,,UTA,NOP,101,87,1
2015-11-28,2016,0,,POR,LAL,108,96,1
2015-11-28,2016,0,,GSW,SAC,120,101,1
2015-11-29,2016,0,,CHO,MIL,87,82,1
2015-11-29,2016,0,,LAC,MIN,107,99,1
2015-11-29,2016,0,,ORL,BOS,110,91,1
2015-11-29,2016,0,,BRK,DET,87,83,1
2015-11-29,2016,0,,TOR,PHO,102,107,1
2015-11-29,2016,0,,MEM,PHI,92,84,1
2015-11-29,2016,0,,NYK,HOU,111,116,1
2015-11-29,2016,0,,LAL,IND,103,107,1
2015-11-30,2016,0,,MIA,BOS,95,105,1
2015-11-30,2016,0,,DET,HOU,116,105,1
2015-11-30,2016,0,,CHI,SAS,92,89,1
2015-11-30,2016,0,,MIL,DEN,92,74,1
2015-11-30,2016,0,,ATL,OKC,106,100,1
2015-11-30,2016,0,,UTA,GSW,103,106,1
2015-11-30,2016,0,,SAC,DAL,112,98,1
2015-11-30,2016,0,,LAC,POR,102,87,1
2015-12-01,2016,0,,PHI,LAL,103,91,1
2015-12-01,2016,0,,CLE,WAS,85,97,1
2015-12-01,2016,0,,BRK,PHO,94,91,1
2015-12-01,2016,0,,NOP,MEM,104,113,1
2015-12-01,2016,0,,MIN,ORL,93,96,1
2015-12-01,2016,0,,POR,DAL,112,115,1
2015-12-02,2016,0,,CHO,GSW,99,116,1
2015-12-02,2016,0,,WAS,LAL,104,108,1
2015-12-02,2016,0,,DET,PHO,127,122,1
2015-12-02,2016,0,,NYK,PHI,99,87,1
2015-12-02,2016,0,,CHI,DEN,99,90,1
2015-12-02,2016,0,,ATL,TOR,86,96,1
2015-12-02,2016,0,,HOU,NOP,108,101,1
2015-12-02,2016,0,,SAS,MIL,95,70,1
2015-12-02,2016,0,,LAC,IND,91,103,1
2015-12-03,2016,0,,MIA,OKC,97,95,1
2015-12-03,2016,0,,TOR,DEN,105,106,1
2015-12-03,2016,0,,UTA,ORL,94,103,1
2015-12-03,2016,0,,MEM,SAS,83,103,1
2015-12-03,2016,0,,POR,IND,123,111,1
2015-12-03,2016,1,,BOS,SAC,114,97,0
2015-12-04,2016,0,,NYK,BRK,108,91,1
2015-12-04,2016,0,,WAS,PHO,109,106,1
2015-12-04,2016,0,,DET,MIL,102,95,1
2015-12-04,2016,0,,ATL,LAL,100,87,1
2015-12-04,2016,0,,DAL,HOU,96,100,1
2015-12-04,2016,0,,NOP,CLE,114,108,1
2015-12-05,2016,0,,PHI,DEN,105,108,1
2015-12-05,2016,0,,TOR,GSW,109,112,1
2015-12-05,2016,0,,MIA,CLE,99,84,1
2015-12-05,2016,0,,HOU,SAC,120,113,1
2015-12-05,2016,0,,MIN,POR,103,109,1
2015-12-05,2016,0,,CHI,CHO,96,102,1
2015-12-05,2016,0,,MIL,NYK,106,91,1
2015-12-05,2016,0,,SAS,BOS,108,105,1
2015-12-05,2016,0,,UTA,IND,122,119,1
2015-12-05,2016,0,,LAC,ORL,103,101,1
2015-12-06,2016,0,,MEM,PHO,95,93,1
2015-12-06,2016,0,,WAS,DAL,104,116,1
2015-12-06,2016,0,,DET,LAL,111,91,1
2015-12-06,2016,0,,BRK,GSW,98,114,1
2015-12-06,2016,0,,OKC,SAC,98,95,1
2015-12-07,2016,0,,CHO,DET,104,84,1
2015-12-07,2016,0,,PHI,SAS,68,119,1
2015-12-07,2016,0,,TOR,LAL,102,93,1
2015-12-07,2016,0,,MIA,WAS,103,114,1
2015-12-07,2016,0,,NYK,DAL,97,104,1
2015-12-07,2016,0,,CHI,PHO,101,103,1
2015-12-07,2016,0,,NOP,BOS,93,111,1
2015-12-07,2016,0,,MIN,LAC,106,110,1
2015-12-07,2016,0,,MIL,POR,90,88,1
2015-12-08,2016,0,,IND,GSW,123,131,1
2015-12-08,2016,0,,CLE,POR,105,100,1
2015-12-08,2016,0,,BRK,HOU,110,105,1
2015-12-08,2016,0,,MEM,OKC,88,125,1
2015-12-08,2016,0,,DEN,ORL,74,85,1
2015-12-08,2016,0,,SAC,UTA,114,106,1
2015-12-09,2016,0,,BOS,CHI,105,100,1
2015-12-09,2016,0,,CHO,MIA,99,81,1
2015-12-09,2016,0,,WAS,HOU,103,109,1
2015-12-09,2016,0,,TOR,SAS,97,94,1
2015-12-09,2016,0,,DET,MEM,92,93,1
2015-12-09,2016,0,,MIL,LAC,95,109,1
2015-12-09,2016,0,,MIN,LAL,123,122,1
2015-12-09,2016,0,,UTA,NYK,106,85,1
2015-12-09,2016,0,,PHO,ORL,107,104,1
2015-12-09,2016,0,,DAL,ATL,95,98,1
2015-12-10,2016,0,,BRK,PHI,100,91,1
2015-12-10,2016,0,,OKC,ATL,107,94,1
2015-12-10,2016,0,,CHI,LAC,83,80,1
2015-12-10,2016,0,,SAC,NYK,99,97,1
2015-12-11,2016,0,,IND,MIA,96,83,1
2015-12-11,2016,0,,ORL,CLE,76,111,1
2015-12-11,2016,0,,PHI,DET,95,107,1
2015-12-11,2016,0,,BOS,GSW,119,124,1
2015-12-11,2016,0,,TOR,MIL,90,83,1
2015-12-11,2016,0,,MEM,CHO,99,123,1
2015-12-11,2016,0,,NOP,WAS,107,105,1
2015-12-11,2016,0,,DEN,MIN,111,108,1
2015-12-11,2016,0,,UTA,OKC,90,94,1
2015-12-11,2016,0,,SAS,LAL,109,87,1
2015-12-11,2016,0,,PHO,POR,96,106,1
2015-12-12,2016,0,,BRK,LAC,100,105,1
2015-12-12,2016,0,,CHO,BOS,93,98,1
2015-12-12,2016,0,,DET,IND,118,96,1
2015-12-12,2016,0,,HOU,LAL,126,97,1
2015-12-12,2016,0,,CHI,NOP,98,94,1
2015-12-12,2016,0,,ATL,SAS,78,103,1
2015-12-12,2016,0,,DAL,WAS,111,114,1
2015-12-12,2016,0,,MIL,GSW,108,95,1
2015-12-12,2016,0,,POR,NYK,110,112,1
2015-12-13,2016,0,,PHO,MIN,108,101,1
2015-12-13,2016,0,,TOR,PHI,96,76,1
2015-12-13,2016,0,,MIA,MEM,100,97,1
2015-12-13,2016,0,,OKC,UTA,104,98,1
2015-12-14,2016,0,,IND,TOR,106,90,1
2015-12-14,2016,0,,BRK,ORL,82,105,1
2015-12-14,2016,0,,DET,LAC,103,105,1
2015-12-14,2016,0,,ATL,MIA,88,100,1
2015-12-14,2016,0,,MEM,WAS,112,95,1
2015-12-14,2016,0,,CHI,PHI,115,96,1
2015-12-14,2016,0,,SAS,UTA,118,81,1
2015-12-14,2016,0,,DAL,PHO,104,94,1
2015-12-14,2016,0,,DEN,HOU,114,108,1
2015-12-14,2016,0,,POR,NOP,105,101,1
2015-12-15,2016,0,,BOS,CLE,77,89,1
2015-12-15,2016,0,,MIN,DEN,100,112,1
2015-12-15,2016,0,,SAC,HOU,107,97,1
2015-12-15,2016,0,,LAL,MIL,113,95,1
2015-12-16,2016,0,,ORL,CHO,113,98,1
2015-12-16,2016,0,,IND,DAL,107,81,1
2015-12-16,2016,0,,DET,BOS,119,116,1
2015-12-16,2016,0,,BRK,MIA,98,104,1
2015-12-16,2016,0,,NYK,MIN,107,102,1
2015-12-16,2016,0,,CHI,MEM,98,85,1
2015-12-16,2016,0,,ATL,PHI,127,106,1
2015-12-16,2016,0,,OKC,POR,106,90,1
2015-12-16,2016,0,,SAS,WAS,114,95,1
2015-12-16,2016,0,,UTA,NOP,94,104,1
2015-12-16,2016,0,,GSW,PHO,128,103,1
2015-12-16,2016,0,,LAC,MIL,103,90,1
2015-12-17,2016,0,,CHO,TOR,109,99,1
2015-12-17,2016,0,,CLE,OKC,104,100,1
2015-12-17,2016,0,,LAL,HOU,87,107,1
2015-12-18,2016,0,,IND,BRK,104,97,1
2015-12-18,2016,0,,ORL,POR,102,94,1
2015-12-18,2016,0,,PHI,NYK,97,107,1
2015-12-18,2016,0,,BOS,ATL,101,109,1
2015-12-18,2016,0,,MIN,SAC,99,95,1
2015-12-18,2016,0,,CHI,DET,144,147,1
2015-12-18,2016,0,,SAS,LAC,115,107,1
2015-12-18,2016,0,,MIA,TOR,94,108,1
2015-12-18,2016,0,,DAL,MEM,97,88,1
2015-12-18,2016,0,,UTA,DEN,97,88,1
2015-12-18,2016,0,,PHO,NOP,104,88,1
2015-12-18,2016,0,,GSW,MIL,121,112,1
2015-12-19,2016,0,,OKC,LAL,118,78,1
2015-12-19,2016,0,,WAS,CHO,109,101,1
2015-12-19,2016,0,,NYK,CHI,107,91,1
2015-12-19,2016,0,,HOU,LAC,107,97,1
2015-12-19,2016,0,,MEM,IND,96,84,1
2015-12-20,2016,0,,MIA,POR,116,109,1
2015-12-20,2016,0,,BRK,MIN,85,100,1
2015-12-20,2016,0,,CLE,PHI,108,86,1
2015-12-20,2016,0,,PHO,MIL,95,101,1
2015-12-20,2016,0,,TOR,SAC,94,104,1
2015-12-20,2016,0,,ORL,ATL,100,103,1
2015-12-20,2016,0,,DEN,NOP,125,130,1
2015-12-21,2016,0,,WAS,SAC,113,99,1
2015-12-21,2016,0,,BOS,MIN,113,99,1
2015-12-21,2016,0,,NYK,ORL,99,107,1
2015-12-21,2016,0,,HOU,CHO,102,95,1
2015-12-21,2016,0,,ATL,POR,106,97,1
2015-12-21,2016,0,,CHI,BRK,102,105,1
2015-12-21,2016,0,,SAS,IND,106,92,1
2015-12-21,2016,0,,UTA,PHO,110,89,1
2015-12-21,2016,0,,LAC,OKC,99,100,1
2015-12-22,2016,0,,PHI,MEM,90,104,1
2015-12-22,2016,0,,TOR,DAL,103,99,1
2015-12-22,2016,0,,MIA,DET,92,93,1
2015-12-22,2016,0,,DEN,LAL,107,111,1
2015-12-23,2016,0,,CLE,NYK,91,84,1
2015-12-23,2016,0,,IND,SAC,106,108,1
2015-12-23,2016,0,,CHO,BOS,89,102,1
2015-12-23,2016,0,,ORL,HOU,104,101,1
2015-12-23,2016,0,,WAS,MEM,100,91,1
2015-12-23,2016,0,,BRK,DAL,118,119,1
2015-12-23,2016,0,,NOP,POR,115,89,1
2015-12-23,2016,0,,MIL,PHI,113,100,1
2015-12-23,2016,0,,MIN,SAS,83,108,1
2015-12-23,2016,0,,ATL,DET,107,100,1
2015-12-23,2016,0,,PHO,DEN,96,104,1
2015-12-23,2016,0,,LAL,OKC,85,120,1
2015-12-23,2016,0,,GSW,UTA,103,85,1
2015-12-25,2016,0,,MIA,NOP,94,88,1
2015-12-25,2016,0,,OKC,CHI,96,105,1
2015-12-25,2016,0,,GSW,CLE,89,83,1
2015-12-25,2016,0,,HOU,SAS,88,84,1
2015-12-25,2016,0,,LAL,LAC,84,94,1
2015-12-26,2016,0,,BRK,WAS,96,111,1
2015-12-26,2016,0,,MIL,TOR,90,111,1
2015-12-26,2016,0,,ORL,MIA,101,108,1
2015-12-26,2016,0,,CHO,MEM,98,92,1
2015-12-26,2016,0,,NOP,HOU,110,108,1
2015-12-26,2016,0,,DET,BOS,93,99,1
2015-12-26,2016,0,,ATL,NYK,117,98,1
2015-12-26,2016,0,,MIN,IND,88,102,1
2015-12-26,2016,0,,SAS,DEN,101,86,1
2015-12-26,2016,0,,UTA,LAC,104,109,1
2015-12-26,2016,0,,PHO,PHI,104,111,1
2015-12-26,2016,0,,DAL,CHI,118,111,1
2015-12-26,2016,0,,POR,CLE,105,76,1
2015-12-27,2016,0,,MEM,LAL,112,96,1
2015-12-27,2016,0,,BOS,NYK,100,91,1
2015-12-27,2016,0,,OKC,DEN,122,112,1
2015-12-27,2016,0,,SAC,POR,94,98,1
2015-12-28,2016,0,,CHO,LAL,108,98,1
2015-12-28,2016,0,,ORL,NOP,104,89,1
2015-12-28,2016,0,,WAS,LAC,91,108,1
2015-12-28,2016,0,,IND,ATL,93,87,1
2015-12-28,2016,0,,MIA,BRK,105,111,1
2015-12-28,2016,0,,CHI,TOR,104,97,1
2015-12-28,2016,0,,DAL,MIL,103,93,1
2015-12-28,2016,0,,SAS,MIN,101,95,1
2015-12-28,2016,0,,PHO,CLE,97,101,1
2015-12-28,2016,0,,UTA,PHI,95,91,1
2015-12-28,2016,0,,GSW,SAC,122,103,1
2015-12-29,2016,0,,NYK,DET,108,96,1
2015-12-29,2016,0,,HOU,ATL,115,121,1
2015-12-29,2016,0,,OKC,MIL,131,123,1
2015-12-29,2016,0,,MEM,MIA,99,90,1
2015-12-29,2016,0,,DEN,CLE,87,93,1
2015-12-30,2016,0,,CHO,LAC,117,122,1
2015-12-30,2016,0,,ORL,BRK,100,93,1
2015-12-30,2016,0,,TOR,WAS,94,91,1
2015-12-30,2016,0,,BOS,LAL,104,112,1
2015-12-30,2016,0,,MIN,UTA,94,80,1
2015-12-30,2016,0,,CHI,IND,102,100,1
2015-12-30,2016,0,,SAS,PHO,112,79,1
2015-12-30,2016,0,,DAL,GSW,114,91,1
2015-12-30,2016,0,,SAC,PHI,105,110,1
2015-12-30,2016,0,,POR,DEN,110,103,1
2015-12-31,2016,0,,DET,MIN,115,90,1
2015-12-31,2016,0,,IND,MIL,116,120,1
2015-12-31,2016,0,,HOU,GSW,110,114,1
2015-12-31,2016,0,,NOP,LAC,89,95,1
2015-12-31,2016,0,,OKC,PHO,110,106,1
2015-12-31,2016,0,,UTA,POR,109,96,1
2016-01-01,2016,0,,WAS,ORL,103,91,1
2016-01-01,2016,0,,MIA,DAL,106,82,1
2016-01-01,2016,0,,TOR,CHO,104,94,1
2016-01-01,2016,0,,CHI,NYK,108,81,1
2016-01-01,2016,0,,LAL,PHI,93,84,1
2016-01-02,2016,0,,BOS,BRK,97,100,1
2016-01-02,2016,0,,SAC,PHO,142,119,1
2016-01-02,2016,0,,IND,DET,94,82,1
2016-01-02,2016,0,,CHO,OKC,90,109,1
2016-01-02,2016,0,,CLE,ORL,104,79,1
2016-01-02,2016,0,,MIN,MIL,85,95,1
2016-01-02,2016,0,,SAS,HOU,121,103,1
2016-01-02,2016,0,,DAL,NOP,98,105,1
2016-01-02,2016,0,,UTA,MEM,92,87,1
2016-01-02,2016,0,,GSW,DEN,111,108,1
2016-01-02,2016,0,,LAC,PHI,130,99,1
2016-01-03,2016,0,,TOR,CHI,113,115,1
2016-01-03,2016,0,,NYK,ATL,111,97,1
2016-01-03,2016,0,,WAS,MIA,75,97,1
2016-01-03,2016,0,,DEN,POR,106,112,1
2016-01-03,2016,0,,LAL,PHO,97,77,1
2016-01-04,2016,0,,PHI,MIN,109,99,1
2016-01-04,2016,0,,CLE,TOR,122,100,1
2016-01-04,2016,0,,MIA,IND,103,100,1
2016-01-04,2016,0,,BRK,BOS,94,103,1
2016-01-04,2016,0,,DET,ORL,115,89,1
2016-01-04,2016,0,,MIL,SAS,98,123,1
2016-01-04,2016,0,,OKC,SAC,104,116,1
2016-01-04,2016,0,,UTA,HOU,91,93,1
2016-01-04,2016,0,,POR,MEM,78,91,1
2016-01-04,2016,0,,GSW,CHO,111,101,1
2016-01-05,2016,0,,ATL,NYK,101,107,1
2016-01-05,2016,0,,CHI,MIL,117,106,1
2016-01-05,2016,0,,DAL,SAC,117,116,1
2016-01-05,2016,0,,LAL,GSW,88,109,1
2016-01-06,2016,0,,MIA,NYK,90,98,1
2016-01-06,2016,0,,WAS,CLE,115,121,1
2016-01-06,2016,0,,ORL,IND,86,95,1
2016-01-06,2016,0,,BRK,TOR,74,91,1
2016-01-06,2016,0,,BOS,DET,94,99,1
2016-01-06,2016,0,,MIN,DEN,74,78,1
2016-01-06,2016,0,,NOP,DAL,91,100,1
2016-01-06,2016,0,,SAS,UTA,123,98,1
2016-01-06,2016,0,,PHO,CHO,111,102,1
2016-01-06,2016,0,,OKC,MEM,112,94,1
2016-01-06,2016,0,,POR,LAC,98,109,1
2016-01-07,2016,0,,PHI,ATL,98,126,1
2016-01-07,2016,0,,CHI,BOS,101,92,1
2016-01-07,2016,0,,HOU,UTA,103,94,1
2016-01-07,2016,0,,SAC,LAL,118,115,1
2016-01-08,2016,0,,WAS,TOR,88,97,1
2016-01-08,2016,0,,BRK,ORL,77,83,1
2016-01-08,2016,0,,MIL,DAL,96,95,1
2016-01-08,2016,0,,MIN,CLE,99,125,1
2016-01-08,2016,0,,NOP,IND,86,91,1
2016-01-08,2016,0,,MEM,DEN,91,84,1
2016-01-08,2016,0,,SAS,NYK,100,99,1
2016-01-08,2016,0,,PHO,MIA,95,103,1
2016-01-08,2016,0,,POR,GSW,108,128,1
2016-01-08,2016,0,,LAL,OKC,113,117,1
2016-01-09,2016,0,,LAC,CHO,97,83,1
2016-01-09,2016,0,,ATL,CHI,120,105,1
2016-01-09,2016,0,,ORL,WAS,99,105,1
2016-01-09,2016,0,,PHI,TOR,95,108,1
2016-01-09,2016,0,,DET,BRK,103,89,1
2016-01-09,2016,0,,UTA,MIA,98,83,1
2016-01-09,2016,0,,SAC,GSW,116,128,1
2016-01-10,2016,0,,LAC,NOP,114,111,1
2016-01-10,2016,0,,MIN,DAL,87,93,1
2016-01-10,2016,0,,PHI,CLE,85,95,1
2016-01-10,2016,0,,MEM,BOS,101,98,1
2016-01-10,2016,0,,HOU,IND,107,103,1
2016-01-10,2016,0,,NYK,MIL,100,88,1
2016-01-10,2016,0,,DEN,CHO,95,92,1
2016-01-10,2016,0,,POR,OKC,115,110,1
2016-01-10,2016,0,,LAL,UTA,74,86,1
2016-01-11,2016,0,,BRK,SAS,79,106,1
2016-01-11,2016,0,,CHI,WAS,100,114,1
2016-01-11,2016,0,,GSW,MIA,111,103,1
2016-01-12,2016,0,,IND,PHO,116,97,1
2016-01-12,2016,0,,NYK,BOS,120,114,1
2016-01-12,2016,0,,DET,SAS,99,109,1
2016-01-12,2016,0,,MIL,CHI,106,101,1
2016-01-12,2016,0,,MEM,HOU,91,107,1
2016-01-12,2016,0,,MIN,OKC,96,101,1
2016-01-12,2016,0,,DAL,CLE,107,110,1
2016-01-12,2016,0,,LAL,NOP,95,91,1
2016-01-13,2016,0,,WAS,MIL,106,101,1
2016-01-13,2016,0,,CHO,ATL,107,84,1
2016-01-13,2016,0,,BRK,NYK,110,104,1
2016-01-13,2016,0,,OKC,DAL,108,89,1
2016-01-13,2016,0,,HOU,MIN,107,104,1
2016-01-13,2016,0,,BOS,IND,103,94,1
2016-01-13,2016,0,,DEN,GSW,112,110,1
2016-01-13,2016,0,,POR,UTA,99,85,1
2016-01-13,2016,0,,SAC,NOP,97,109,1
2016-01-13,2016,0,,LAC,MIA,104,90,1
2016-01-14,2016,1,,ORL,TOR,103,106,0
2016-01-14,2016,0,,PHI,CHI,111,115,1
2016-01-14,2016,0,,SAS,CLE,99,95,1
2016-01-14,2016,0,,MEM,DET,103,101,1
2016-01-14,2016,0,,UTA,SAC,101,103,1
2016-01-14,2016,0,,GSW,LAL,116,98,1
2016-01-15,2016,0,,OKC,MIN,113,93,1
2016-01-15,2016,0,,IND,WAS,104,118,1
2016-01-15,2016,0,,BRK,POR,104,116,1
2016-01-15,2016,0,,BOS,PHO,117,103,1
2016-01-15,2016,0,,NOP,CHO,109,107,1
2016-01-15,2016,0,,CHI,DAL,77,83,1
2016-01-15,2016,0,,MIL,ATL,108,101,1
2016-01-15,2016,0,,DEN,MIA,95,98,1
2016-01-15,2016,0,,HOU,CLE,77,91,1
2016-01-16,2016,0,,CHO,MIL,92,105,1
2016-01-16,2016,0,,ATL,BRK,114,86,1
2016-01-16,2016,0,,PHI,POR,114,89,1
2016-01-16,2016,0,,DET,GSW,113,95,1
2016-01-16,2016,0,,WAS,BOS,117,119,1
2016-01-16,2016,0,,MEM,NYK,103,95,1
2016-01-16,2016,0,,UTA,LAL,109,82,1
2016-01-16,2016,0,,LAC,SAC,103,110,1
2016-01-17,2016,0,,MIN,PHO,117,87,1
2016-01-17,2016,0,,OKC,MIA,99,74,1
2016-01-17,2016,0,,SAS,DAL,112,83,1
2016-01-17,2016,0,,DEN,IND,129,126,1
2016-01-17,2016,0,,LAL,HOU,95,112,1
2016-01-18,2016,0,,NYK,PHI,119,113,1
2016-01-18,2016,0,,CHO,UTA,124,119,1
2016-01-18,2016,0,,WAS,POR,98,108,1
2016-01-18,2016,0,,MEM,NOP,101,99,1
2016-01-18,2016,0,,DET,CHI,101,111,1
2016-01-18,2016,0,,ATL,ORL,98,81,1
2016-01-18,2016,0,,TOR,BRK,112,100,1
2016-01-18,2016,0,,CLE,GSW,98,132,1
2016-01-18,2016,0,,DAL,BOS,118,113,1
2016-01-18,2016,0,,LAC,HOU,140,132,1
2016-01-19,2016,0,,MIA,MIL,79,91,1
2016-01-19,2016,0,,NOP,MIN,114,99,1
2016-01-19,2016,0,,PHO,IND,94,97,1
2016-01-19,2016,0,,DEN,OKC,104,110,1
2016-01-20,2016,0,,WAS,MIA,106,87,1
2016-01-20,2016,0,,ORL,PHI,87,96,1
2016-01-20,2016,0,,TOR,BOS,115,109,1
2016-01-20,2016,0,,BRK,CLE,78,91,1
2016-01-20,2016,0,,NYK,UTA,118,111,1
2016-01-20,2016,0,,HOU,DET,114,123,1
2016-01-20,2016,0,,OKC,CHO,109,95,1
2016-01-20,2016,0,,CHI,GSW,94,125,1
2016-01-20,2016,0,,DAL,MIN,106,94,1
2016-01-20,2016,0,,LAL,SAC,93,112,1
2016-01-20,2016,0,,POR,ATL,98,104,1
2016-01-21,2016,0,,CLE,LAC,115,102,1
2016-01-21,2016,0,,NOP,DET,115,99,1
2016-01-21,2016,0,,DEN,MEM,101,102,1
2016-01-21,2016,0,,SAC,ATL,91,88,1
2016-01-21,2016,0,,PHO,SAS,89,117,1
2016-01-22,2016,0,,ORL,CHO,116,120,1
2016-01-22,2016,0,,BOS,CHI,110,101,1
2016-01-22,2016,0,,NYK,LAC,88,116,1
2016-01-22,2016,0,,BRK,UTA,86,108,1
2016-01-22,2016,0,,HOU,MIL,102,98,1
2016-01-22,2016,0,,TOR,MIA,101,81,1
2016-01-22,2016,0,,DAL,OKC,106,109,1
2016-01-22,2016,0,,LAL,SAS,95,108,1
2016-01-22,2016,0,,GSW,IND,122,110,1
2016-01-23,2016,0,,NOP,MIL,116,99,1
2016-01-23,2016,0,,CHO,NYK,97,84,1
2016-01-23,2016,0,,MIN,MEM,106,101,1
2016-01-23,2016,0,,CLE,CHI,83,96,1
2016-01-23,2016,0,,PHO,ATL,98,95,1
2016-01-23,2016,0,,DEN,DET,104,101,1
2016-01-23,2016,0,,POR,LAL,121,103,1
2016-01-23,2016,0,,SAC,IND,108,97,1
2016-01-24,2016,0,,HOU,DAL,115,104,1
2016-01-24,2016,0,,TOR,LAC,112,94,1
2016-01-24,2016,0,,PHI,BOS,92,112,1
2016-01-24,2016,0,,BRK,OKC,116,106,1
2016-01-25,2016,0,,WAS,BOS,91,116,1
2016-01-25,2016,0,,CLE,MIN,114,107,1
2016-01-25,2016,0,,CHI,MIA,84,89,1
2016-01-25,2016,0,,NOP,HOU,111,112,1
2016-01-25,2016,0,,MEM,ORL,108,102,1
2016-01-25,2016,0,,UTA,DET,92,95,1
2016-01-25,2016,0,,DEN,ATL,105,119,1
2016-01-25,2016,0,,SAC,CHO,128,129,1
2016-01-25,2016,0,,GSW,SAS,120,90,1
2016-01-26,2016,0,,PHI,PHO,113,103,1
2016-01-26,2016,0,,IND,LAC,89,91,1
2016-01-26,2016,0,,NYK,OKC,122,128,1
2016-01-26,2016,0,,TOR,WAS,106,89,1
2016-01-26,2016,0,,BRK,MIA,98,102,1
2016-01-26,2016,0,,MIL,ORL,107,100,1
2016-01-26,2016,0,,POR,SAC,112,97,1
2016-01-26,2016,0,,LAL,DAL,90,92,1
2016-01-27,2016,0,,CLE,PHO,115,93,1
2016-01-27,2016,0,,DET,PHI,110,97,1
2016-01-27,2016,0,,BOS,DEN,111,103,1
2016-01-27,2016,0,,SAS,HOU,130,99,1
2016-01-27,2016,0,,MIN,OKC,123,126,1
2016-01-27,2016,0,,ATL,LAC,83,85,1
2016-01-27,2016,0,,UTA,CHO,102,73,1
2016-01-27,2016,0,,GSW,DAL,127,107,1
2016-01-28,2016,0,,IND,ATL,111,92,1
2016-01-28,2016,0,,WAS,DEN,113,117,1
2016-01-28,2016,0,,MEM,MIL,103,83,1
2016-01-28,2016,0,,NOP,SAC,114,105,1
2016-01-28,2016,0,,TOR,NYK,103,93,1
2016-01-28,2016,0,,LAL,CHI,91,114,1
2016-01-29,2016,0,,BOS,ORL,113,94,1
2016-01-29,2016,0,,NYK,PHO,102,84,1
2016-01-29,2016,0,,DET,CLE,106,114,1
2016-01-29,2016,0,,OKC,HOU,116,108,1
2016-01-29,2016,0,,MIL,MIA,103,107,1
2016-01-29,2016,0,,DAL,BRK,91,79,1
2016-01-29,2016,0,,UTA,MIN,103,90,1
2016-01-29,2016,0,,POR,CHO,109,91,1
2016-01-29,2016,0,,LAC,LAL,105,93,1
2016-01-30,2016,0,,PHI,GSW,105,108,1
2016-01-30,2016,0,,TOR,DET,111,107,1
2016-01-30,2016,0,,IND,DEN,109,105,1
2016-01-30,2016,0,,NOP,BRK,105,103,1
2016-01-30,2016,0,,HOU,WAS,122,123,1
2016-01-30,2016,0,,MEM,SAC,121,117,1
2016-01-30,2016,0,,CLE,SAS,117,103,1
2016-01-31,2016,0,,LAC,CHI,120,93,1
2016-01-31,2016,0,,MIA,ATL,105,87,1
2016-01-31,2016,0,,ORL,BOS,119,114,1
2016-01-31,2016,0,,DAL,PHO,91,78,1
2016-01-31,2016,0,,NYK,GSW,95,116,1
2016-01-31,2016,0,,POR,MIN,96,93,1
2016-01-31,2016,0,,LAL,CHO,82,101,1
2016-02-01,2016,0,,IND,CLE,106,111,1
2016-02-01,2016,0,,BRK,DET,100,105,1
2016-02-01,2016,0,,ATL,DAL,112,97,1
2016-02-01,2016,0,,OKC,WAS,114,98,1
2016-02-01,2016,0,,NOP,MEM,95,110,1
2016-02-01,2016,0,,SAS,ORL,107,92,1
2016-02-01,2016,0,,UTA,CHI,105,96,1
2016-02-01,2016,0,,DEN,TOR,112,93,1
2016-02-01,2016,0,,SAC,MIL,111,104,1
2016-02-02,2016,0,,NYK,BOS,89,97,1
2016-02-02,2016,0,,HOU,MIA,115,102,1
2016-02-02,2016,0,,PHO,TOR,97,104,1
2016-02-02,2016,0,,POR,MIL,107,95,1
2016-02-02,2016,0,,LAL,MIN,119,115,1
2016-02-03,2016,0,,PHI,ATL,86,124,1
2016-02-03,2016,0,,CHO,CLE,106,97,1
2016-02-03,2016,0,,BOS,DET,102,95,1
2016-02-03,2016,0,,BRK,IND,100,114,1
2016-02-03,2016,0,,OKC,ORL,117,114,1
2016-02-03,2016,0,,WAS,GSW,121,134,1
2016-02-03,2016,0,,SAS,NOP,110,97,1
2016-02-03,2016,0,,DAL,MIA,90,93,1
2016-02-03,2016,0,,UTA,DEN,85,81,1
2016-02-03,2016,0,,SAC,CHI,102,107,1
2016-02-03,2016,0,,LAC,MIN,102,108,1
2016-02-04,2016,0,,DET,NYK,111,105,1
2016-02-04,2016,0,,PHO,HOU,105,111,1
2016-02-04,2016,0,,NOP,LAL,96,99,1
2016-02-04,2016,0,,POR,TOR,103,110,1
2016-02-05,2016,0,,WAS,PHI,106,94,1
2016-02-05,2016,0,,ORL,LAC,93,107,1
2016-02-05,2016,0,,CHO,MIA,95,98,1
2016-02-05,2016,0,,ATL,IND,102,96,1
2016-02-05,2016,0,,NYK,MEM,85,91,1
2016-02-05,2016,0,,CLE,BOS,103,104,1
2016-02-05,2016,0,,BRK,SAC,128,119,1
2016-02-05,2016,0,,UTA,MIL,84,81,1
2016-02-05,2016,0,,DEN,CHI,115,110,1
2016-02-05,2016,0,,DAL,SAS,90,116,1
2016-02-06,2016,0,,HOU,POR,79,96,1
2016-02-06,2016,0,,IND,DET,112,104,1
2016-02-06,2016,0,,CHO,WAS,108,104,1
2016-02-06,2016,0,,PHI,BRK,103,98,1
2016-02-06,2016,0,,CLE,NOP,99,84,1
2016-02-06,2016,0,,MIN,CHI,112,105,1
2016-02-06,2016,0,,MEM,DAL,110,114,1
2016-02-06,2016,0,,SAS,LAL,106,102,1
2016-02-06,2016,0,,PHO,UTA,89,98,1
2016-02-06,2016,0,,GSW,OKC,116,108,1
2016-02-07,2016,0,,ORL,ATL,96,94,1
2016-02-07,2016,0,,BOS,SAC,128,119,1
2016-02-07,2016,0,,NYK,DEN,96,101,1
2016-02-07,2016,0,,MIA,LAC,93,100,1
2016-02-08,2016,0,,CHO,CHI,108,91,1
2016-02-08,2016,0,,PHI,LAC,92,98,1
2016-02-08,2016,0,,IND,LAL,89,87,1
2016-02-08,2016,0,,CLE,SAC,120,100,1
2016-02-08,2016,0,,DET,TOR,89,103,1
2016-02-08,2016,0,,BRK,DEN,105,104,1
2016-02-08,2016,0,,MIN,NOP,102,116,1
2016-02-08,2016,0,,MEM,POR,106,112,1
2016-02-08,2016,0,,ATL,ORL,110,117,1
2016-02-08,2016,0,,PHO,OKC,106,122,1
2016-02-09,2016,0,,MIA,SAS,101,119,1
2016-02-09,2016,0,,NYK,WAS,108,111,1
2016-02-09,2016,0,,MIL,BOS,112,111,1
2016-02-09,2016,0,,DAL,UTA,119,121,1
2016-02-09,2016,0,,GSW,HOU,123,110,1
2016-02-10,2016,0,,IND,CHO,95,117,1
2016-02-10,2016,0,,PHI,SAC,110,114,1
2016-02-10,2016,0,,ORL,SAS,96,98,1
2016-02-10,2016,0,,DET,DEN,92,103,1
2016-02-10,2016,0,,BRK,MEM,90,109,1
2016-02-10,2016,0,,BOS,LAC,139,134,1
2016-02-10,2016,0,,CLE,LAL,120,111,1
2016-02-10,2016,0,,NOP,UTA,100,96,1
2016-02-10,2016,0,,CHI,ATL,90,113,1
2016-02-10,2016,0,,MIN,TOR,117,112,1
2016-02-10,2016,0,,PHO,GSW,104,112,1
2016-02-10,2016,0,,POR,HOU,116,103,1
2016-02-11,2016,0,,OKC,NOP,121,95,1
2016-02-11,2016,0,,MIL,WAS,99,92,1
2016-02-18,2016,0,,WAS,UTA,103,89,1
2016-02-18,2016,0,,CLE,CHI,106,95,1
2016-02-18,2016,0,,LAC,SAS,105,86,1
2016-02-19,2016,0,,ORL,DAL,110,104,1
2016-02-19,2016,0,,WAS,DET,98,86,1
2016-02-19,2016,0,,BRK,NYK,109,98,1
2016-02-19,2016,0,,MIL,CHO,95,98,1
2016-02-19,2016,0,,NOP,PHI,121,114,1
2016-02-19,2016,0,,MEM,MIN,109,104,1
2016-02-19,2016,0,,ATL,MIA,111,115,1
2016-02-19,2016,0,,OKC,IND,98,101,1
2016-02-19,2016,0,,CHI,TOR,116,106,1
2016-02-19,2016,0,,PHO,HOU,100,116,1
2016-02-19,2016,0,,POR,GSW,137,105,1
2016-02-19,2016,0,,SAC,DEN,116,110,1
2016-02-19,2016,0,,LAL,SAS,113,119,1
2016-02-19,2016,0,,UTA,BOS,111,93,1
2016-02-20,2016,0,,MIA,WAS,114,94,1
2016-02-20,2016,0,,ATL,MIL,109,117,1
2016-02-20,2016,0,,MIN,NYK,95,103,1
2016-02-20,2016,0,,LAC,GSW,112,115,1
2016-02-21,2016,0,,DET,NOP,106,111,1
2016-02-21,2016,0,,OKC,CLE,92,115,1
2016-02-21,2016,0,,DEN,BOS,101,121,1
2016-02-21,2016,0,,PHO,SAS,111,118,1
2016-02-21,2016,0,,TOR,MEM,98,85,1
2016-02-21,2016,0,,BRK,CHO,96,104,1
2016-02-21,2016,0,,ORL,IND,102,105,1
2016-02-21,2016,0,,DAL,PHI,129,103,1
2016-02-21,2016,0,,CHI,LAL,126,115,1
2016-02-21,2016,0,,POR,UTA,115,111,1
2016-02-22,2016,0,,CLE,DET,88,96,1
2016-02-22,2016,0,,NYK,TOR,95,122,1
2016-02-22,2016,0,,MIA,IND,101,93,1
2016-02-22,2016,0,,MIN,BOS,124,122,1
2016-02-22,2016,0,,MIL,LAL,108,101,1
2016-02-22,2016,0,,ATL,GSW,92,102,1
2016-02-22,2016,0,,LAC,PHO,124,84,1
2016-02-23,2016,0,,WAS,NOP,109,89,1
2016-02-23,2016,0,,PHI,ORL,115,124,1
2016-02-23,2016,0,,DEN,SAC,110,114,1
2016-02-23,2016,0,,UTA,HOU,117,114,1
2016-02-23,2016,0,,POR,BRK,112,104,1
2016-02-24,2016,0,,CLE,CHO,114,103,1
2016-02-24,2016,0,,IND,NYK,108,105,1
2016-02-24,2016,0,,MIA,GSW,112,118,1
2016-02-24,2016,0,,TOR,MIN,114,105,1
2016-02-24,2016,0,,DET,PHI,111,91,1
2016-02-24,2016,0,,MEM,LAL,128,119,1
2016-02-24,2016,0,,CHI,WAS,109,104,1
2016-02-24,2016,0,,DAL,OKC,103,116,1
2016-02-24,2016,0,,LAC,DEN,81,87,1
2016-02-24,2016,0,,SAC,SAS,92,108,1
2016-02-25,2016,0,,ORL,GSW,114,130,1
2016-02-25,2016,0,,BOS,MIL,112,107,1
2016-02-25,2016,0,,NOP,OKC,123,119,1
2016-02-25,2016,0,,PHO,BRK,106,116,1
2016-02-25,2016,0,,POR,HOU,105,119,1
2016-02-25,2016,0,,UTA,SAS,78,96,1
2016-02-26,2016,0,,PHI,WAS,94,103,1
2016-02-26,2016,0,,IND,CHO,95,96,1
2016-02-26,2016,0,,NYK,ORL,108,95,1
2016-02-26,2016,0,,TOR,CLE,99,97,1
2016-02-26,2016,0,,ATL,CHI,103,88,1
2016-02-26,2016,0,,DAL,DEN,122,116,1
2016-02-26,2016,0,,SAC,LAC,107,117,1
2016-02-26,2016,0,,LAL,MEM,95,112,1
2016-02-27,2016,0,,BOS,MIA,101,89,1
2016-02-27,2016,0,,NOP,MIN,110,112,1
2016-02-27,2016,0,,HOU,SAS,94,104,1
2016-02-27,2016,0,,CHI,POR,95,103,1
2016-02-27,2016,0,,OKC,GSW,118,121,1
2016-02-27,2016,0,,MIL,DET,91,102,1
2016-02-27,2016,0,,PHO,MEM,111,106,1
2016-02-27,2016,0,,UTA,BRK,96,98,1
2016-02-28,2016,0,,WAS,CLE,113,99,1
2016-02-28,2016,0,,ATL,CHO,87,76,1
2016-02-28,2016,0,,IND,POR,102,111,1
2016-02-28,2016,0,,ORL,PHI,130,116,1
2016-02-28,2016,0,,DET,TOR,114,101,1
2016-02-28,2016,0,,DAL,MIN,128,101,1
2016-02-28,2016,0,,NYK,MIA,81,98,1
2016-02-29,2016,0,,WAS,PHI,116,108,1
2016-02-29,2016,0,,CLE,IND,100,96,1
2016-02-29,2016,0,,BOS,UTA,100,95,1
2016-02-29,2016,0,,MIL,HOU,128,121,1
2016-02-29,2016,0,,DEN,MEM,96,103,1
2016-02-29,2016,0,,SAC,OKC,116,131,1
2016-02-29,2016,0,,LAC,BRK,105,95,1
2016-03-01,2016,0,,CHO,PHO,126,92,1
2016-03-01,2016,0,,MIA,CHI,129,111,1
2016-03-01,2016,0,,NYK,POR,85,104,1
2016-03-01,2016,0,,DAL,ORL,121,108,1
2016-03-01,2016,0,,GSW,ATL,109,105,1
2016-03-01,2016,0,,LAL,BRK,107,101,1
2016-03-02,2016,0,,PHI,CHO,99,119,1
2016-03-02,2016,0,,ORL,CHI,102,89,1
2016-03-02,2016,0,,BOS,POR,116,93,1
2016-03-02,2016,0,,TOR,UTA,104,94,1
2016-03-02,2016,0,,HOU,NOP,100,95,1
2016-03-02,2016,0,,MEM,SAC,104,98,1
2016-03-02,2016,0,,MIL,IND,99,104,1
2016-03-02,2016,0,,MIN,WAS,98,104,1
2016-03-02,2016,0,,SAS,DET,97,81,1
2016-03-02,2016,0,,DEN,LAL,117,107,1
2016-03-02,2016,0,,LAC,OKC,103,98,1
2016-03-03,2016,0,,MIA,PHO,108,92,1
2016-03-03,2016,0,,NOP,SAS,86,94,1
2016-03-03,2016,0,,DAL,SAC,101,104,1
2016-03-03,2016,0,,GSW,OKC,121,106,1
2016-03-04,2016,0,,PHI,MIA,102,112,1
2016-03-04,2016,0,,ORL,PHO,84,102,1
2016-03-04,2016,0,,CHO,IND,108,101,1
2016-03-04,2016,0,,BOS,NYK,105,104,1
2016-03-04,2016,0,,TOR,POR,117,115,1
2016-03-04,2016,0,,MEM,UTA,94,88,1
2016-03-04,2016,0,,MIL,MIN,116,101,1
2016-03-04,2016,0,,CLE,WAS,108,83,1
2016-03-04,2016,0,,DEN,BRK,120,121,1
2016-03-04,2016,0,,LAL,ATL,77,106,1
2016-03-05,2016,0,,CLE,BOS,120,103,1
2016-03-05,2016,0,,NYK,DET,102,89,1
2016-03-05,2016,0,,WAS,IND,99,100,1
2016-03-05,2016,0,,NOP,UTA,94,106,1
2016-03-05,2016,0,,MIN,BRK,132,118,1
2016-03-05,2016,0,,CHI,HOU,108,100,1
2016-03-05,2016,0,,SAS,SAC,104,94,1
2016-03-05,2016,0,,LAC,ATL,97,107,1
2016-03-06,2016,0,,MIL,OKC,96,104,1
2016-03-06,2016,0,,LAL,GSW,112,95,1
2016-03-06,2016,0,,MEM,PHO,100,109,1
2016-03-06,2016,0,,DEN,DAL,116,114,1
2016-03-06,2016,0,,DET,POR,123,103,1
2016-03-06,2016,0,,MIA,PHI,103,98,1
2016-03-06,2016,0,,TOR,HOU,107,113,1
2016-03-07,2016,0,,CHO,MIN,108,103,1
2016-03-07,2016,0,,CLE,MEM,103,106,1
2016-03-07,2016,0,,IND,SAS,99,91,1
2016-03-07,2016,0,,NOP,SAC,115,112,1
2016-03-07,2016,0,,CHI,MIL,100,90,1
2016-03-07,2016,0,,DAL,LAC,90,109,1
2016-03-07,2016,0,,GSW,ORL,119,113,1
2016-03-08,2016,0,,TOR,BRK,104,99,1
2016-03-08,2016,0,,MIN,SAS,91,116,1
2016-03-08,2016,0,,DEN,NYK,110,94,1
2016-03-08,2016,0,,UTA,ATL,84,91,1
2016-03-08,2016,0,,POR,WAS,116,109,1
2016-03-08,2016,0,,LAL,ORL,107,98,1
2016-03-09,2016,0,,BOS,MEM,116,96,1
2016-03-09,2016,0,,PHI,HOU,104,118,1
2016-03-09,2016,0,,CHO,NOP,122,113,1
2016-03-09,2016,0,,MIL,MIA,114,108,1
2016-03-09,2016,0,,DAL,DET,96,102,1
2016-03-09,2016,0,,PHO,NYK,97,128,1
2016-03-09,2016,0,,OKC,LAC,120,108,1
2016-03-09,2016,0,,SAC,CLE,111,120,1
2016-03-09,2016,0,,GSW,UTA,115,94,1
2016-03-10,2016,0,,TOR,ATL,104,96,1
2016-03-10,2016,0,,SAS,CHI,109,101,1
2016-03-10,2016,0,,DEN,PHO,116,98,1
2016-03-10,2016,0,,LAL,CLE,108,120,1
2016-03-11,2016,0,,PHI,BRK,95,89,1
2016-03-11,2016,0,,CHO,DET,118,103,1
2016-03-11,2016,0,,BOS,HOU,98,102,1
2016-03-11,2016,0,,CHI,MIA,96,118,1
2016-03-11,2016,0,,MEM,NOP,121,114,1
2016-03-11,2016,0,,OKC,MIN,96,99,1
2016-03-11,2016,0,,UTA,WAS,114,93,1
2016-03-11,2016,0,,SAC,ORL,100,107,1
2016-03-11,2016,0,,LAC,NYK,101,94,1
2016-03-11,2016,0,,GSW,POR,128,112,1
2016-03-12,2016,0,,DAL,IND,105,112,1
2016-03-12,2016,0,,CHO,HOU,125,109,1
2016-03-12,2016,0,,TOR,MIA,112,104,1
2016-03-12,2016,0,,PHI,DET,111,125,1
2016-03-12,2016,0,,MIL,NOP,103,92,1
2016-03-12,2016,0,,ATL,MEM,95,83,1
2016-03-12,2016,0,,SAS,OKC,93,85,1
2016-03-12,2016,0,,DEN,WAS,116,100,1
2016-03-12,2016,0,,GSW,PHO,123,116,1
2016-03-12,2016,0,,POR,ORL,121,84,1
2016-03-13,2016,0,,LAC,CLE,90,114,1
2016-03-13,2016,0,,SAC,UTA,99,108,1
2016-03-13,2016,0,,ATL,IND,104,75,1
2016-03-13,2016,0,,BRK,MIL,100,109,1
2016-03-13,2016,0,,LAL,NYK,87,90,1
2016-03-14,2016,0,,CHO,DAL,96,107,1
2016-03-14,2016,0,,TOR,CHI,107,109,1
2016-03-14,2016,0,,MIA,DEN,124,119,1
2016-03-14,2016,0,,WAS,DET,124,81,1
2016-03-14,2016,0,,OKC,POR,128,94,1
2016-03-14,2016,0,,HOU,MEM,130,81,1
2016-03-14,2016,0,,PHO,MIN,107,104,1
2016-03-14,2016,0,,UTA,CLE,94,85,1
2016-03-14,2016,0,,GSW,NOP,125,107,1
2016-03-15,2016,0,,IND,BOS,103,98,1
2016-03-15,2016,0,,ORL,DEN,116,110,1
2016-03-15,2016,0,,BRK,PHI,131,114,1
2016-03-15,2016,0,,MIL,TOR,89,107,1
2016-03-15,2016,0,,SAS,LAC,108,87,1
2016-03-15,2016,0,,LAL,SAC,98,106,1
2016-03-16,2016,0,,WAS,CHI,117,96,1
2016-03-16,2016,0,,CHO,ORL,107,99,1
2016-03-16,2016,0,,CLE,DAL,99,98,1
2016-03-16,2016,0,,BOS,OKC,109,130,1
2016-03-16,2016,0,,DET,ATL,114,118,1
2016-03-16,2016,0,,MEM,MIN,108,114,1
2016-03-16,2016,0,,HOU,LAC,106,122,1
2016-03-16,2016,0,,SAC,NOP,108,123,1
2016-03-16,2016,0,,GSW,NYK,121,85,1
2016-03-17,2016,0,,PHI,WAS,94,99,1
2016-03-17,2016,0,,IND,TOR,94,101,1
2016-03-17,2016,0,,MIA,CHO,106,109,1
2016-03-17,2016,0,,CHI,BRK,118,102,1
2016-03-17,2016,0,,MIL,MEM,96,86,1
2016-03-17,2016,0,,ATL,DEN,116,98,1
2016-03-17,2016,0,,SAS,POR,118,110,1
2016-03-17,2016,0,,UTA,PHO,103,69,1
2016-03-18,2016,0,,ORL,CLE,103,109,1
2016-03-18,2016,0,,PHI,OKC,97,111,1
2016-03-18,2016,0,,DET,SAC,115,108,1
2016-03-18,2016,0,,TOR,BOS,105,91,1
2016-03-18,2016,0,,NOP,POR,112,117,1
2016-03-18,2016,0,,HOU,MIN,116,111,1
2016-03-18,2016,0,,DAL,GSW,112,130,1
2016-03-18,2016,0,,LAL,PHO,90,95,1
2016-03-19,2016,0,,CHO,DEN,93,101,1
2016-03-19,2016,0,,WAS,NYK,99,89,1
2016-03-19,2016,0,,DET,BRK,115,103,1
2016-03-19,2016,0,,IND,OKC,111,115,1
2016-03-19,2016,0,,MIA,CLE,122,101,1
2016-03-19,2016,0,,ATL,HOU,109,97,1
2016-03-19,2016,0,,CHI,UTA,92,85,1
2016-03-19,2016,0,,MEM,LAC,113,102,1
2016-03-19,2016,0,,SAS,GSW,87,79,1
2016-03-20,2016,0,,DAL,POR,132,120,1
2016-03-20,2016,0,,TOR,ORL,105,100,1
2016-03-20,2016,0,,NOP,LAC,109,105,1
2016-03-20,2016,0,,PHI,BOS,105,120,1
2016-03-20,2016,0,,MIL,UTA,85,94,1
2016-03-20,2016,0,,NYK,SAC,80,88,1
2016-03-21,2016,0,,CHO,SAS,91,88,1
2016-03-21,2016,0,,CLE,DEN,124,91,1
2016-03-21,2016,0,,IND,PHI,91,75,1
2016-03-21,2016,0,,DET,MIL,92,91,1
2016-03-21,2016,0,,BOS,ORL,107,96,1
2016-03-21,2016,0,,MIN,GSW,104,109,1
2016-03-21,2016,0,,ATL,WAS,102,117,1
2016-03-21,2016,0,,CHI,SAC,109,102,1
2016-03-21,2016,0,,PHO,MEM,97,103,1
2016-03-22,2016,0,,BRK,CHO,100,105,1
2016-03-22,2016,0,,OKC,HOU,111,107,1
2016-03-22,2016,0,,NOP,MIA,99,113,1
2016-03-22,2016,0,,LAL,MEM,107,100,1
2016-03-23,2016,0,,CLE,MIL,113,104,1
2016-03-23,2016,0,,WAS,ATL,101,122,1
2016-03-23,2016,0,,DET,ORL,118,102,1
2016-03-23,2016,0,,BOS,TOR,91,79,1
2016-03-23,2016,0,,CHI,NYK,107,115,1
2016-03-23,2016,0,,MIN,SAC,113,104,1
2016-03-23,2016,0,,HOU,UTA,87,89,1
2016-03-23,2016,0,,SAS,MIA,112,88,1
2016-03-23,2016,0,,DEN,PHI,104,103,1
2016-03-23,2016,0,,PHO,LAL,119,107,1
2016-03-23,2016,0,,POR,DAL,109,103,1
2016-03-23,2016,0,,GSW,LAC,114,98,1
2016-03-24,2016,0,,IND,NOP,92,84,1
2016-03-24,2016,0,,BRK,CLE,104,95,1
2016-03-24,2016,0,,NYK,CHI,106,94,1
2016-03-24,2016,0,,OKC,UTA,113,91,1
2016-03-24,2016,0,,LAC,POR,96,94,1
2016-03-25,2016,0,,WAS,MIN,129,132,1
2016-03-25,2016,0,,DET,CHO,112,105,1
2016-03-25,2016,0,,MIA,ORL,108,97,1
2016-03-25,2016,0,,HOU,TOR,112,109,1
2016-03-25,2016,0,,ATL,MIL,101,90,1
2016-03-25,2016,0,,SAS,MEM,110,104,1
2016-03-25,2016,0,,SAC,PHO,116,94,1
2016-03-25,2016,0,,LAL,DEN,105,116,1
2016-03-25,2016,0,,GSW,DAL,128,120,1
2016-03-26,2016,0,,BRK,IND,120,110,1
2016-03-26,2016,0,,ORL,CHI,111,89,1
2016-03-26,2016,0,,NOP,TOR,91,115,1
2016-03-26,2016,0,,DET,ATL,95,112,1
2016-03-26,2016,0,,NYK,CLE,93,107,1
2016-03-26,2016,0,,MIN,UTA,84,93,1
2016-03-26,2016,0,,OKC,SAS,111,92,1
2016-03-26,2016,0,,MIL,CHO,91,115,1
2016-03-26,2016,0,,POR,PHI,108,105,1
2016-03-26,2016,0,,PHO,BOS,99,102,1
2016-03-27,2016,0,,LAC,DEN,105,90,1
2016-03-27,2016,0,,IND,HOU,104,101,1
2016-03-27,2016,0,,SAC,DAL,133,111,1
2016-03-27,2016,0,,GSW,PHI,117,105,1
2016-03-27,2016,0,,LAL,WAS,88,101,1
2016-03-28,2016,0,,MIA,BRK,110,99,1
2016-03-28,2016,0,,TOR,OKC,100,119,1
2016-03-28,2016,0,,NOP,NYK,99,91,1
2016-03-28,2016,0,,MEM,SAS,87,101,1
2016-03-28,2016,0,,MIN,PHO,121,116,1
2016-03-28,2016,0,,CHI,ATL,100,102,1
2016-03-28,2016,0,,DEN,DAL,88,97,1
2016-03-28,2016,0,,UTA,LAL,123,75,1
2016-03-28,2016,0,,POR,SAC,105,93,1
2016-03-28,2016,0,,LAC,BOS,114,90,1
2016-03-29,2016,0,,ORL,BRK,139,105,1
2016-03-29,2016,0,,IND,CHI,96,98,1
2016-03-29,2016,0,,PHI,CHO,85,100,1
2016-03-29,2016,0,,DET,OKC,88,82,1
2016-03-29,2016,0,,CLE,HOU,100,106,1
2016-03-29,2016,0,,GSW,WAS,102,94,1
2016-03-30,2016,0,,TOR,ATL,105,97,1
2016-03-30,2016,0,,MIN,LAC,79,99,1
2016-03-30,2016,0,,MEM,DEN,105,109,1
2016-03-30,2016,0,,MIL,PHO,105,94,1
2016-03-30,2016,0,,DAL,NYK,91,89,1
2016-03-30,2016,0,,SAS,NOP,100,92,1
2016-03-30,2016,0,,UTA,GSW,96,103,1
2016-03-30,2016,0,,SAC,WAS,120,111,1
2016-03-30,2016,0,,LAL,MIA,102,100,1
2016-03-31,2016,0,,CLE,BRK,107,87,1
2016-03-31,2016,0,,HOU,CHI,100,103,1
2016-03-31,2016,0,,IND,ORL,94,114,1
2016-03-31,2016,0,,NOP,DEN,101,95,1
2016-03-31,2016,0,,OKC,LAC,119,117,1
2016-03-31,2016,0,,POR,BOS,116,109,1
2016-04-01,2016,0,,CHO,PHI,100,91,1
2016-04-01,2016,0,,DET,DAL,89,98,1
2016-04-01,2016,0,,NYK,BRK,105,91,1
2016-04-01,2016,0,,MIL,ORL,113,110,1
2016-04-01,2016,0,,ATL,CLE,108,110,1
2016-04-01,2016,0,,MEM,TOR,95,99,1
2016-04-01,2016,0,,UTA,MIN,98,85,1
2016-04-01,2016,0,,SAC,MIA,106,112,1
2016-04-01,2016,0,,GSW,BOS,106,109,1
2016-04-01,2016,0,,PHO,WAS,99,106,1
2016-04-02,2016,0,,PHI,IND,102,115,1
2016-04-02,2016,0,,CHI,DET,90,94,1
2016-04-02,2016,0,,SAS,TOR,102,95,1
2016-04-02,2016,0,,DEN,SAC,106,115,1
2016-04-02,2016,0,,POR,MIA,110,93,1
2016-04-03,2016,0,,BRK,NOP,87,106,1
2016-04-03,2016,0,,MIN,DAL,78,88,1
2016-04-03,2016,0,,LAC,WAS,114,109,1
2016-04-03,2016,0,,HOU,OKC,118,110,1
2016-04-03,2016,0,,CLE,CHO,112,103,1
2016-04-03,2016,0,,PHO,UTA,86,101,1
2016-04-03,2016,0,,ORL,MEM,119,107,1
2016-04-03,2016,0,,MIL,CHI,98,102,1
2016-04-03,2016,0,,NYK,IND,87,92,1
2016-04-03,2016,0,,GSW,POR,136,111,1
2016-04-03,2016,0,,LAL,BOS,100,107,1
2016-04-05,2016,0,,PHI,NOP,107,93,1
2016-04-05,2016,0,,TOR,CHO,96,90,1
2016-04-05,2016,0,,MIL,CLE,80,109,1
2016-04-05,2016,0,,ATL,PHO,103,90,1
2016-04-05,2016,0,,MEM,CHI,108,92,1
2016-04-05,2016,0,,MIA,DET,107,89,1
2016-04-05,2016,0,,DEN,OKC,102,124,1
2016-04-05,2016,0,,UTA,SAS,86,88,1
2016-04-05,2016,0,,SAC,POR,107,115,1
2016-04-05,2016,0,,GSW,MIN,117,124,1
2016-04-05,2016,0,,LAC,LAL,103,81,1
2016-04-06,2016,0,,ORL,DET,104,108,1
2016-04-06,2016,0,,IND,CLE,123,109,1
2016-04-06,2016,0,,WAS,BRK,121,103,1
2016-04-06,2016,0,,BOS,NOP,104,97,1
2016-04-06,2016,0,,NYK,CHO,97,111,1
2016-04-06,2016,0,,DAL,HOU,88,86,1
2016-04-06,2016,0,,POR,OKC,120,115,1
2016-04-06,2016,0,,LAL,LAC,81,91,1
2016-04-07,2016,0,,HOU,PHO,115,124,1
2016-04-07,2016,0,,MIA,CHI,106,98,1
2016-04-07,2016,0,,ATL,TOR,95,87,1
2016-04-07,2016,0,,SAC,MIN,97,105,1
2016-04-07,2016,0,,GSW,SAS,112,101,1
2016-04-08,2016,0,,ORL,MIA,112,109,1
2016-04-08,2016,0,,PHI,NYK,102,109,1
2016-04-08,2016,0,,CHO,BRK,113,99,1
2016-04-08,2016,0,,TOR,IND,111,98,1
2016-04-08,2016,0,,DET,WAS,112,99,1
2016-04-08,2016,0,,BOS,MIL,124,109,1
2016-04-08,2016,0,,NOP,LAL,110,102,1
2016-04-08,2016,0,,DAL,MEM,103,93,1
2016-04-08,2016,0,,UTA,LAC,99,102,1
2016-04-08,2016,0,,DEN,SAS,102,98,1
2016-04-09,2016,0,,NOP,PHO,100,121,1
2016-04-09,2016,0,,ATL,BOS,118,107,1
2016-04-09,2016,0,,MEM,GSW,99,100,1
2016-04-09,2016,0,,CHI,CLE,105,102,1
2016-04-09,2016,0,,POR,MIN,105,106,1
2016-04-09,2016,0,,SAC,OKC,114,112,1
2016-04-10,2016,0,,WAS,CHO,113,98,1
2016-04-10,2016,0,,HOU,LAL,130,110,1
2016-04-10,2016,0,,LAC,DAL,98,91,1
2016-04-10,2016,0,,PHI,MIL,108,109,1
2016-04-10,2016,0,,DEN,UTA,84,100,1
2016-04-10,2016,0,,IND,BRK,129,105,1
2016-04-10,2016,0,,MIA,ORL,118,96,1
2016-04-10,2016,0,,SAS,GSW,86,92,1
2016-04-10,2016,0,,NYK,TOR,89,93,1
2016-04-11,2016,0,,ORL,MIL,107,98,1
2016-04-11,2016,0,,CLE,ATL,109,94,1
2016-04-11,2016,0,,BOS,CHO,100,114,1
2016-04-11,2016,0,,BRK,WAS,111,120,1
2016-04-11,2016,0,,MIN,HOU,105,129,1
2016-04-11,2016,0,,OKC,LAL,112,79,1
2016-04-11,2016,0,,NOP,CHI,116,121,1
2016-04-11,2016,0,,UTA,DAL,92,101,1
2016-04-11,2016,0,,PHO,SAC,101,105,1
2016-04-12,2016,0,,IND,NYK,102,90,1
2016-04-12,2016,0,,DET,MIA,93,99,1
2016-04-12,2016,0,,TOR,PHI,122,98,1
2016-04-12,2016,0,,SAS,OKC,102,98,1
2016-04-12,2016,0,,LAC,MEM,110,84,1
2016-04-13,2016,0,,HOU,SAC,116,81,1
2016-04-13,2016,0,,DAL,SAS,91,96,1
2016-04-13,2016,0,,BRK,TOR,96,103,1
2016-04-13,2016,0,,CHO,ORL,117,103,1
2016-04-13,2016,0,,MIN,NOP,144,109,1
2016-04-13,2016,0,,CHI,PHI,115,105,1
2016-04-13,2016,0,,CLE,DET,110,112,1
2016-04-13,2016,0,,BOS,MIA,98,88,1
2016-04-13,2016,0,,WAS,ATL,109,98,1
2016-04-13,2016,0,,MIL,IND,92,97,1
2016-04-13,2016,0,,GSW,MEM,125,104,1
2016-04-13,2016,0,,PHO,LAC,114,105,1
2016-04-13,2016,0,,POR,DEN,107,99,1
2016-04-13,2016,0,,LAL,UTA,101,96,1
2016-10-25,2017,0,,CLE,NYK,117,88,1
2016-10-25,2017,0,,POR,UTA,113,104,1
2016-10-25,2017,0,,GSW,SAS,100,129,1
2016-10-26,2017,0,,IND,DAL,130,121,1
2016-10-26,2017,0,,ORL,MIA,96,108,1
2016-10-26,2017,0,,BOS,BRK,122,117,1
2016-10-26,2017,0,,TOR,DET,109,91,1
2016-10-26,2017,0,,MEM,MIN,102,98,1
2016-10-26,2017,0,,MIL,CHO,96,107,1
2016-10-26,2017,0,,NOP,DEN,102,107,1
2016-10-26,2017,0,,PHI,OKC,97,103,1
2016-10-26,2017,0,,PHO,SAC,94,113,1
2016-10-26,2017,0,,LAL,HOU,120,114,1
2016-10-27,2017,0,,ATL,WAS,114,99,1
2016-10-27,2017,0,,CHI,BOS,105,99,1
2016-10-27,2017,0,,SAC,SAS,94,102,1
2016-10-27,2017,0,,POR,LAC,106,114,1
2016-10-28,2017,0,,TOR,CLE,91,94,1
2016-10-28,2017,0,,DET,ORL,108,82,1
2016-10-28,2017,0,,BRK,IND,103,94,1
2016-10-28,2017,0,,OKC,PHO,113,110,1
2016-10-28,2017,0,,MIA,CHO,91,97,1
2016-10-28,2017,0,,DAL,HOU,98,106,1
2016-10-28,2017,0,,UTA,LAL,96,89,1
2016-10-28,2017,0,,NOP,GSW,114,122,1
2016-10-29,2017,0,,PHI,ATL,72,104,1
2016-10-29,2017,0,,CHO,BOS,98,104,1
2016-10-29,2017,0,,CLE,ORL,105,99,1
2016-10-29,2017,0,,NYK,MEM,111,104,1
2016-10-29,2017,0,,SAS,NOP,98,79,1
2016-10-29,2017,0,,CHI,IND,118,101,1
2016-10-29,2017,0,,MIL,BRK,110,108,1
2016-10-29,2017,0,,DEN,POR,113,115,1
2016-10-29,2017,0,,SAC,MIN,106,103,1
2016-10-30,2017,0,,LAC,UTA,88,75,1
2016-10-30,2017,0,,DET,MIL,98,83,1
2016-10-30,2017,0,,MIA,SAS,99,106,1
2016-10-30,2017,0,,PHO,GSW,100,106,1
2016-10-30,2017,0,,OKC,LAL,113,96,1
2016-10-30,2017,0,,HOU,DAL,93,92,1
2016-10-30,2017,0,,MEM,WAS,112,103,1
2016-10-31,2017,0,,ATL,SAC,106,95,1
2016-10-31,2017,0,,BRK,CHI,88,118,1
2016-10-31,2017,0,,TOR,DEN,105,102,1
2016-10-31,2017,0,,LAC,PHO,116,98,1
2016-11-01,2017,0,,CLE,HOU,128,120,1
2016-11-01,2017,0,,PHI,ORL,101,103,1
2016-11-01,2017,0,,IND,LAL,115,108,1
2016-11-01,2017,0,,DET,NYK,102,89,1
2016-11-01,2017,0,,MIA,SAC,108,96,1
2016-11-01,2017,0,,NOP,MIL,113,117,1
2016-11-01,2017,0,,MIN,MEM,116,80,1
2016-11-01,2017,0,,SAS,UTA,91,106,1
2016-11-01,2017,0,,POR,GSW,104,127,1
2016-11-02,2017,0,,CHO,PHI,109,93,1
2016-11-02,2017,0,,WAS,TOR,103,113,1
2016-11-02,2017,0,,BRK,DET,109,101,1
2016-11-02,2017,0,,ATL,LAL,116,123,1
2016-11-02,2017,0,,NYK,HOU,99,118,1
2016-11-02,2017,0,,BOS,CHI,107,100,1
2016-11-02,2017,0,,MEM,NOP,89,83,1
2016-11-02,2017,0,,UTA,DAL,97,81,1
2016-11-02,2017,0,,PHO,POR,118,115,1
2016-11-02,2017,0,,LAC,OKC,83,85,1
2016-11-03,2017,0,,ORL,SAC,102,94,1
2016-11-03,2017,0,,MIL,IND,125,107,1
2016-11-03,2017,0,,MIN,DEN,99,102,1
2016-11-03,2017,0,,CLE,BOS,128,122,1
2016-11-03,2017,0,,GSW,OKC,122,96,1
2016-11-04,2017,0,,WAS,ATL,95,92,1
2016-11-04,2017,0,,BRK,CHO,95,99,1
2016-11-04,2017,0,,TOR,MIA,96,87,1
2016-11-04,2017,0,,CHI,NYK,104,117,1
2016-11-04,2017,0,,MEM,LAC,88,99,1
2016-11-04,2017,0,,NOP,PHO,111,112,1
2016-11-04,2017,0,,DAL,POR,95,105,1
2016-11-04,2017,0,,UTA,SAS,86,100,1
2016-11-04,2017,0,,LAL,GSW,117,97,1
2016-11-05,2017,0,,OKC,MIN,112,92,1
2016-11-05,2017,0,,DET,DEN,103,86,1
2016-11-05,2017,0,,IND,CHI,111,94,1
2016-11-05,2017,0,,ORL,WAS,88,86,1
2016-11-05,2017,0,,PHI,CLE,101,102,1
2016-11-05,2017,0,,ATL,HOU,112,97,1
2016-11-05,2017,0,,MIL,SAC,117,91,1
2016-11-05,2017,0,,SAS,LAC,92,116,1
2016-11-06,2017,0,,NYK,UTA,109,114,1
2016-11-06,2017,0,,MEM,POR,94,100,1
2016-11-06,2017,0,,TOR,SAC,91,96,1
2016-11-06,2017,0,,DAL,MIL,86,75,1
2016-11-06,2017,0,,BOS,DEN,107,123,1
2016-11-06,2017,0,,LAL,PHO,119,108,1
2016-11-07,2017,0,,PHI,UTA,84,109,1
2016-11-07,2017,0,,WAS,HOU,106,114,1
2016-11-07,2017,0,,CHO,IND,122,100,1
2016-11-07,2017,0,,CHI,ORL,112,80,1
2016-11-07,2017,0,,OKC,MIA,97,85,1
2016-11-07,2017,0,,GSW,NOP,116,106,1
2016-11-07,2017,0,,LAC,DET,114,82,1
2016-11-08,2017,0,,CLE,ATL,106,110,1
2016-11-08,2017,0,,BRK,MIN,119,110,1
2016-11-08,2017,0,,MEM,DEN,108,107,1
2016-11-08,2017,0,,POR,PHO,124,121,1
2016-11-08,2017,0,,LAL,DAL,97,109,1
2016-11-08,2017,0,,SAC,NOP,102,94,1
2016-11-09,2017,0,,ORL,MIN,107,123,1
2016-11-09,2017,0,,CHO,UTA,104,98,1
2016-11-09,2017,0,,IND,PHI,122,115,1
2016-11-09,2017,0,,WAS,BOS,118,93,1
2016-11-09,2017,0,,NYK,BRK,110,96,1
2016-11-09,2017,0,,ATL,CHI,115,107,1
2016-11-09,2017,0,,OKC,TOR,102,112,1
2016-11-09,2017,0,,PHO,DET,107,100,1
2016-11-09,2017,0,,SAS,HOU,99,101,1
2016-11-09,2017,0,,LAC,POR,111,80,1
2016-11-09,2017,0,,GSW,DAL,116,95,1
2016-11-10,2017,0,,MIL,NOP,106,112,1
2016-11-10,2017,0,,MIA,CHI,95,98,1
2016-11-10,2017,0,,DEN,GSW,101,125,1
2016-11-10,2017,0,,SAC,LAL,91,101,1
2016-11-11,2017,0,,PHI,IND,109,105,1
2016-11-11,2017,0,,ORL,UTA,74,87,1
2016-11-11,2017,0,,CHO,TOR,111,113,1
2016-11-11,2017,0,,WAS,CLE,94,105,1
2016-11-11,2017,0,,BOS,NYK,115,87,1
2016-11-11,2017,0,,OKC,LAC,108,110,1
2016-11-11,2017,0,,SAS,DET,96,86,1
2016-11-11,2017,0,,POR,SAC,122,120,1
2016-11-12,2017,0,,IND,BOS,99,105,1
2016-11-12,2017,0,,NOP,LAL,99,126,1
2016-11-12,2017,0,,TOR,NYK,118,107,1
2016-11-12,2017,0,,ATL,PHI,117,96,1
2016-11-12,2017,0,,MIN,LAC,105,119,1
2016-11-12,2017,0,,HOU,SAS,100,106,1
2016-11-12,2017,0,,CHI,WAS,106,95,1
2016-11-12,2017,0,,MIA,UTA,91,102,1
2016-11-12,2017,0,,MIL,MEM,106,96,1
2016-11-12,2017,0,,DEN,DET,95,106,1
2016-11-12,2017,0,,PHO,BRK,104,122,1
2016-11-13,2017,0,,CLE,CHO,100,93,1
2016-11-13,2017,0,,MIN,LAL,125,99,1
2016-11-13,2017,0,,OKC,ORL,117,119,1
2016-11-13,2017,0,,GSW,PHO,133,120,1
2016-11-13,2017,0,,POR,DEN,112,105,1
2016-11-14,2017,0,,IND,ORL,88,69,1
2016-11-14,2017,0,,DET,OKC,104,88,1
2016-11-14,2017,0,,NYK,DAL,93,77,1
2016-11-14,2017,0,,HOU,PHI,115,88,1
2016-11-14,2017,0,,NOP,BOS,106,105,1
2016-11-14,2017,0,,SAS,MIA,94,90,1
2016-11-14,2017,0,,UTA,MEM,96,102,1
2016-11-14,2017,0,,LAC,BRK,127,95,1
2016-11-15,2017,0,,CLE,TOR,121,117,1
2016-11-15,2017,0,,MIA,ATL,90,93,1
2016-11-15,2017,0,,MIN,CHO,108,115,1
2016-11-15,2017,0,,POR,CHI,88,113,1
2016-11-15,2017,0,,LAL,BRK,125,118,1
2016-11-16,2017,0,,PHI,WAS,109,102,1
2016-11-16,2017,0,,IND,CLE,103,93,1
2016-11-16,2017,0,,ORL,NOP,89,82,1
2016-11-16,2017,0,,ATL,MIL,107,100,1
2016-11-16,2017,0,,BOS,DAL,90,83,1
2016-11-16,2017,0,,NYK,DET,105,102,1
2016-11-16,2017,0,,TOR,GSW,121,127,1
2016-11-16,2017,0,,OKC,HOU,105,103,1
2016-11-16,2017,0,,DEN,PHO,120,104,1
2016-11-16,2017,0,,LAC,MEM,107,111,1
2016-11-16,2017,0,,SAC,SAS,105,110,1
2016-11-17,2017,0,,WAS,NYK,119,112,1
2016-11-17,2017,0,,MIA,MIL,96,73,1
2016-11-17,2017,0,,HOU,POR,126,109,1
2016-11-17,2017,0,,MIN,PHI,110,86,1
2016-11-17,2017,0,,UTA,CHI,77,85,1
2016-11-18,2017,0,,IND,PHO,96,116,1
2016-11-18,2017,0,,CHO,ATL,100,96,1
2016-11-18,2017,0,,CLE,DET,104,81,1
2016-11-18,2017,0,,NOP,POR,113,101,1
2016-11-18,2017,0,,OKC,BRK,124,105,1
2016-11-18,2017,0,,BOS,GSW,88,104,1
2016-11-18,2017,0,,DAL,MEM,64,80,1
2016-11-18,2017,0,,DEN,TOR,111,113,1
2016-11-18,2017,0,,SAC,LAC,115,121,1
2016-11-18,2017,0,,LAL,SAS,107,116,1
2016-11-19,2017,0,,HOU,UTA,111,102,1
2016-11-19,2017,0,,ORL,DAL,95,87,1
2016-11-19,2017,0,,NOP,CHO,121,116,1
2016-11-19,2017,0,,DET,BOS,92,94,1
2016-11-19,2017,0,,WAS,MIA,111,114,1
2016-11-19,2017,0,,PHI,PHO,120,105,1
2016-11-19,2017,0,,MEM,MIN,93,71,1
2016-11-19,2017,0,,MIL,GSW,121,124,1
2016-11-19,2017,0,,LAC,CHI,102,95,1
2016-11-20,2017,0,,NYK,ATL,104,94,1
2016-11-20,2017,0,,BRK,POR,109,129,1
2016-11-20,2017,0,,OKC,IND,111,115,1
2016-11-20,2017,0,,SAC,TOR,102,99,1
2016-11-20,2017,0,,DEN,UTA,105,91,1
2016-11-20,2017,0,,LAL,CHI,110,118,1
2016-11-21,2017,0,,IND,GSW,83,120,1
2016-11-21,2017,0,,PHI,MIA,101,94,1
2016-11-21,2017,0,,WAS,PHO,106,101,1
2016-11-21,2017,0,,CHO,MEM,90,105,1
2016-11-21,2017,0,,DET,HOU,96,99,1
2016-11-21,2017,0,,MIN,BOS,93,99,1
2016-11-21,2017,0,,MIL,ORL,93,89,1
2016-11-21,2017,0,,SAS,DAL,96,91,1
2016-11-21,2017,0,,LAC,TOR,123,115,1
2016-11-22,2017,0,,NYK,POR,107,103,1
2016-11-22,2017,0,,ATL,NOP,94,112,1
2016-11-22,2017,0,,DEN,CHI,110,107,1
2016-11-22,2017,0,,LAL,OKC,111,109,1
2016-11-23,2017,0,,CHO,SAS,114,119,1
2016-11-23,2017,0,,ORL,PHO,87,92,1
2016-11-23,2017,0,,CLE,POR,137,125,1
2016-11-23,2017,0,,IND,ATL,85,96,1
2016-11-23,2017,0,,PHI,MEM,99,104,1
2016-11-23,2017,0,,BRK,BOS,92,111,1
2016-11-23,2017,0,,DET,MIA,107,84,1
2016-11-23,2017,0,,HOU,TOR,102,115,1
2016-11-23,2017,0,,DAL,LAC,104,124,1
2016-11-23,2017,0,,UTA,DEN,108,83,1
2016-11-23,2017,0,,NOP,MIN,117,96,1
2016-11-23,2017,0,,GSW,LAL,149,106,1
2016-11-23,2017,0,,SAC,OKC,116,101,1
2016-11-25,2017,0,,BOS,SAS,103,109,1
2016-11-25,2017,0,,ORL,WAS,91,94,1
2016-11-25,2017,0,,DET,LAC,108,97,1
2016-11-25,2017,0,,NYK,CHO,113,111,1
2016-11-25,2017,0,,CLE,DAL,128,90,1
2016-11-25,2017,0,,PHI,CHI,89,105,1
2016-11-25,2017,0,,IND,BRK,118,97,1
2016-11-25,2017,0,,MIL,TOR,99,105,1
2016-11-25,2017,0,,UTA,ATL,95,68,1
2016-11-25,2017,0,,MEM,MIA,81,90,1
2016-11-25,2017,0,,DEN,OKC,129,132,1
2016-11-25,2017,0,,PHO,MIN,85,98,1
2016-11-25,2017,0,,POR,NOP,119,104,1
2016-11-25,2017,0,,LAL,GSW,85,109,1
2016-11-25,2017,0,,SAC,HOU,104,117,1
2016-11-26,2017,0,,CHO,NYK,107,102,1
2016-11-26,2017,0,,WAS,SAS,100,112,1
2016-11-26,2017,0,,OKC,DET,106,88,1
2016-11-26,2017,0,,MIA,MEM,107,110,1
2016-11-26,2017,0,,GSW,MIN,115,102,1
2016-11-27,2017,0,,PHI,CLE,108,112,1
2016-11-27,2017,0,,PHO,DEN,114,120,1
2016-11-27,2017,0,,IND,LAC,91,70,1
2016-11-27,2017,0,,ORL,MIL,96,104,1
2016-11-27,2017,0,,BRK,SAC,105,122,1
2016-11-27,2017,0,,DAL,NOP,91,81,1
2016-11-27,2017,0,,POR,HOU,114,130,1
2016-11-27,2017,0,,LAL,ATL,109,94,1
2016-11-28,2017,0,,WAS,SAC,101,95,1
2016-11-28,2017,0,,NYK,OKC,103,112,1
2016-11-28,2017,0,,TOR,PHI,122,95,1
2016-11-28,2017,0,,MIA,BOS,104,112,1
2016-11-28,2017,0,,MIN,UTA,103,112,1
2016-11-28,2017,0,,MEM,CHO,85,104,1
2016-11-28,2017,0,,GSW,ATL,105,100,1
2016-11-29,2017,0,,CHO,DET,89,112,1
2016-11-29,2017,0,,BRK,LAC,127,122,1
2016-11-29,2017,0,,NOP,LAL,105,88,1
2016-11-29,2017,0,,MIL,CLE,118,101,1
2016-11-29,2017,0,,SAS,ORL,83,95,1
2016-11-29,2017,0,,UTA,HOU,120,101,1
2016-11-30,2017,0,,BOS,DET,114,121,1
2016-11-30,2017,0,,TOR,MEM,120,105,1
2016-11-30,2017,0,,OKC,WAS,126,115,1
2016-11-30,2017,0,,MIN,NYK,104,106,1
2016-11-30,2017,0,,CHI,LAL,90,96,1
2016-11-30,2017,0,,DAL,SAS,87,94,1
2016-11-30,2017,0,,DEN,MIA,98,106,1
2016-11-30,2017,0,,PHO,ATL,109,107,1
2016-11-30,2017,0,,POR,IND,131,109,1
2016-12-01,2017,0,,CHO,DAL,97,87,1
2016-12-01,2017,0,,BRK,MIL,93,111,1
2016-12-01,2017,0,,MEM,ORL,95,94,1
2016-12-01,2017,0,,CLE,LAC,94,113,1
2016-12-01,2017,0,,UTA,MIA,110,111,1
2016-12-01,2017,0,,GSW,HOU,127,132,1
2016-12-02,2017,0,,PHI,ORL,88,105,1
2016-12-02,2017,0,,NYK,MIN,118,114,1
2016-12-02,2017,0,,TOR,LAL,113,80,1
2016-12-02,2017,0,,BOS,SAC,97,92,1
2016-12-02,2017,0,,CHI,CLE,111,105,1
2016-12-02,2017,0,,ATL,DET,85,121,1
2016-12-02,2017,0,,NOP,LAC,96,114,1
2016-12-02,2017,0,,SAS,WAS,107,105,1
2016-12-02,2017,0,,DEN,HOU,110,128,1
2016-12-03,2017,0,,MIL,BRK,112,103,1
2016-12-03,2017,0,,CHO,MIN,120,125,1
2016-12-03,2017,0,,PHI,BOS,106,107,1
2016-12-03,2017,0,,TOR,ATL,128,84,1
2016-12-03,2017,0,,MEM,LAL,103,100,1
2016-12-03,2017,0,,DAL,CHI,107,82,1
2016-12-03,2017,0,,UTA,DEN,105,98,1
2016-12-03,2017,0,,POR,MIA,99,92,1
2016-12-03,2017,0,,GSW,PHO,138,109,1
2016-12-04,2017,0,,DET,ORL,92,98,1
2016-12-04,2017,0,,OKC,NOP,101,92,1
2016-12-04,2017,0,,NYK,SAC,106,98,1
2016-12-04,2017,0,,LAC,IND,102,111,1
2016-12-05,2017,0,,PHI,DEN,98,106,1
2016-12-05,2017,0,,ATL,OKC,99,102,1
2016-12-05,2017,0,,BRK,WAS,113,118,1
2016-12-05,2017,0,,TOR,CLE,112,116,1
2016-12-05,2017,0,,MIL,SAS,96,97,1
2016-12-05,2017,0,,CHI,POR,110,112,1
2016-12-05,2017,0,,NOP,MEM,108,110,1
2016-12-05,2017,0,,HOU,BOS,107,106,1
2016-12-05,2017,0,,DAL,CHO,101,109,1
2016-12-05,2017,0,,GSW,IND,142,106,1
2016-12-05,2017,0,,LAL,UTA,101,107,1
2016-12-06,2017,0,,WAS,ORL,116,124,1
2016-12-06,2017,0,,DET,CHI,102,91,1
2016-12-06,2017,0,,MIA,NYK,103,114,1
2016-12-06,2017,0,,MEM,PHI,96,91,1
2016-12-06,2017,0,,MIN,SAS,91,105,1
2016-12-06,2017,0,,UTA,PHO,112,105,1
2016-12-07,2017,0,,CHO,DET,87,77,1
2016-12-07,2017,0,,ORL,BOS,87,117,1
2016-12-07,2017,0,,ATL,MIA,103,95,1
2016-12-07,2017,0,,BRK,DEN,116,111,1
2016-12-07,2017,0,,HOU,LAL,134,95,1
2016-12-07,2017,0,,NYK,CLE,94,126,1
2016-12-07,2017,0,,MIL,POR,115,107,1
2016-12-07,2017,0,,DAL,SAC,89,120,1
2016-12-07,2017,0,,PHO,IND,94,109,1
2016-12-07,2017,0,,LAC,GSW,98,115,1
2016-12-08,2017,0,,TOR,MIN,124,110,1
2016-12-08,2017,0,,WAS,DEN,92,85,1
2016-12-08,2017,0,,NOP,PHI,88,99,1
2016-12-08,2017,0,,MEM,POR,88,86,1
2016-12-08,2017,0,,UTA,GSW,99,106,1
2016-12-08,2017,0,,CHI,SAS,95,91,1
2016-12-09,2017,0,,CHO,ORL,109,88,1
2016-12-09,2017,0,,CLE,MIA,114,84,1
2016-12-09,2017,0,,BOS,TOR,94,101,1
2016-12-09,2017,0,,MIN,DET,90,117,1
2016-12-09,2017,0,,OKC,HOU,99,102,1
2016-12-09,2017,0,,MIL,ATL,110,114,1
2016-12-09,2017,0,,DAL,IND,111,103,1
2016-12-09,2017,0,,SAC,NYK,100,103,1
2016-12-09,2017,0,,LAL,PHO,115,119,1
2016-12-10,2017,0,,ORL,DEN,113,121,1
2016-12-10,2017,0,,IND,POR,118,111,1
2016-12-10,2017,0,,WAS,MIL,110,105,1
2016-12-10,2017,0,,CLE,CHO,116,105,1
2016-12-10,2017,0,,HOU,DAL,109,87,1
2016-12-10,2017,0,,CHI,MIA,105,100,1
2016-12-10,2017,0,,MEM,GSW,110,89,1
2016-12-10,2017,0,,SAS,BRK,130,101,1
2016-12-10,2017,0,,UTA,SAC,104,84,1
2016-12-10,2017,0,,LAC,NOP,133,105,1
2016-12-11,2017,0,,DET,PHI,79,97,1
2016-12-11,2017,0,,OKC,BOS,99,96,1
2016-12-11,2017,0,,MIN,GSW,108,116,1
2016-12-11,2017,0,,PHO,NOP,119,120,1
2016-12-11,2017,0,,LAL,NYK,112,118,1
2016-12-12,2017,0,,IND,CHO,110,94,1
2016-12-12,2017,0,,TOR,MIL,122,100,1
2016-12-12,2017,0,,MIA,WAS,112,101,1
2016-12-12,2017,0,,HOU,BRK,122,118,1
2016-12-12,2017,0,,DAL,DEN,112,92,1
2016-12-12,2017,0,,SAC,LAL,116,92,1
2016-12-12,2017,0,,LAC,POR,121,120,1
2016-12-13,2017,0,,CLE,MEM,103,86,1
2016-12-13,2017,0,,ATL,ORL,120,131,1
2016-12-13,2017,0,,NOP,GSW,109,113,1
2016-12-13,2017,0,,CHI,MIN,94,99,1
2016-12-13,2017,0,,PHO,NYK,113,111,1
2016-12-13,2017,0,,POR,OKC,114,95,1
2016-12-14,2017,0,,PHI,TOR,114,123,1
2016-12-14,2017,0,,ORL,LAC,108,113,1
2016-12-14,2017,0,,WAS,CHO,109,106,1
2016-12-14,2017,0,,MIA,IND,95,89,1
2016-12-14,2017,0,,BRK,LAL,107,97,1
2016-12-14,2017,0,,HOU,SAC,132,98,1
2016-12-14,2017,0,,MEM,CLE,93,85,1
2016-12-14,2017,0,,DAL,DET,85,95,1
2016-12-14,2017,0,,UTA,OKC,109,89,1
2016-12-14,2017,0,,SAS,BOS,108,101,1
2016-12-15,2017,0,,NOP,IND,102,95,1
2016-12-15,2017,0,,MIL,CHI,108,97,1
2016-12-15,2017,0,,PHO,SAS,92,107,1
2016-12-15,2017,0,,DEN,POR,132,120,1
2016-12-15,2017,0,,GSW,NYK,103,90,1
2016-12-16,2017,0,,ORL,BRK,118,111,1
2016-12-16,2017,0,,WAS,DET,122,108,1
2016-12-16,2017,0,,BOS,CHO,96,88,1
2016-12-16,2017,0,,TOR,ATL,121,125,1
2016-12-16,2017,0,,HOU,NOP,122,100,1
2016-12-16,2017,0,,MIA,LAC,98,102,1
2016-12-16,2017,0,,PHI,LAL,89,100,1
2016-12-16,2017,0,,CHI,MIL,69,95,1
2016-12-16,2017,0,,MEM,SAC,92,96,1
2016-12-16,2017,0,,UTA,DAL,103,100,1
2016-12-17,2017,0,,OKC,PHO,114,101,1
2016-12-17,2017,0,,DET,IND,90,105,1
2016-12-17,2017,0,,ATL,CHO,99,107,1
2016-12-17,2017,0,,CLE,LAL,119,108,1
2016-12-17,2017,0,,MIN,HOU,109,111,1
2016-12-17,2017,0,,DEN,NYK,127,114,1
2016-12-17,2017,0,,GSW,POR,135,90,1
2016-12-18,2017,0,,WAS,LAC,117,110,1
2016-12-18,2017,0,,DAL,SAC,99,79,1
2016-12-18,2017,0,,ORL,TOR,79,109,1
2016-12-18,2017,0,,PHI,BRK,108,107,1
2016-12-18,2017,0,,MIA,BOS,95,105,1
2016-12-18,2017,0,,MEM,UTA,73,82,1
2016-12-18,2017,0,,SAS,NOP,113,100,1
2016-12-19,2017,0,,IND,WAS,107,105,1
2016-12-19,2017,0,,OKC,ATL,108,110,1
2016-12-19,2017,0,,MIN,PHO,115,108,1
2016-12-19,2017,0,,CHI,DET,113,82,1
2016-12-19,2017,0,,DEN,DAL,117,107,1
2016-12-20,2017,0,,PHI,NOP,93,108,1
2016-12-20,2017,0,,CHO,LAL,117,113,1
2016-12-20,2017,0,,TOR,BRK,116,104,1
2016-12-20,2017,0,,NYK,IND,118,111,1
2016-12-20,2017,0,,MIA,ORL,130,136,1
2016-12-20,2017,0,,HOU,SAS,100,102,1
2016-12-20,2017,0,,MEM,BOS,109,112,1
2016-12-20,2017,0,,MIL,CLE,108,114,1
2016-12-20,2017,0,,SAC,POR,126,121,1
2016-12-20,2017,0,,LAC,DEN,119,102,1
2016-12-20,2017,0,,GSW,UTA,104,74,1
2016-12-21,2017,0,,CLE,MIL,113,102,1
2016-12-21,2017,0,,DET,MEM,86,98,1
2016-12-21,2017,0,,ATL,MIN,84,92,1
2016-12-21,2017,0,,CHI,WAS,97,107,1
2016-12-21,2017,0,,NOP,OKC,110,121,1
2016-12-21,2017,0,,PHO,HOU,111,125,1
2016-12-21,2017,0,,UTA,SAC,93,94,1
2016-12-21,2017,0,,POR,DAL,95,96,1
2016-12-22,2017,0,,IND,BOS,102,109,1
2016-12-22,2017,0,,BRK,GSW,101,117,1
2016-12-22,2017,0,,NYK,ORL,106,95,1
2016-12-22,2017,0,,MIA,LAL,115,107,1
2016-12-22,2017,0,,LAC,SAS,106,101,1
2016-12-23,2017,0,,ORL,LAL,109,90,1
2016-12-23,2017,0,,CHO,CHI,103,91,1
2016-12-23,2017,0,,CLE,BRK,119,99,1
2016-12-23,2017,0,,DET,GSW,113,119,1
2016-12-23,2017,0,,BOS,OKC,112,117,1
2016-12-23,2017,0,,NOP,MIA,91,87,1
2016-12-23,2017,0,,MEM,HOU,115,109,1
2016-12-23,2017,0,,MIN,SAC,105,109,1
2016-12-23,2017,0,,MIL,WAS,123,96,1
2016-12-23,2017,0,,DEN,ATL,108,109,1
2016-12-23,2017,0,,PHO,PHI,123,116,1
2016-12-23,2017,0,,UTA,TOR,98,104,1
2016-12-23,2017,0,,POR,SAS,90,110,1
2016-12-23,2017,0,,LAC,DAL,88,90,1
2016-12-25,2017,0,,NYK,BOS,114,119,1
2016-12-25,2017,0,,CLE,GSW,109,108,1
2016-12-25,2017,0,,SAS,CHI,119,100,1
2016-12-25,2017,0,,OKC,MIN,112,100,1
2016-12-25,2017,0,,LAL,LAC,111,102,1
2016-12-26,2017,0,,ORL,MEM,112,102,1
2016-12-26,2017,0,,WAS,MIL,107,102,1
2016-12-26,2017,0,,DET,CLE,106,90,1
2016-12-26,2017,0,,BRK,CHO,120,118,1
2016-12-26,2017,0,,HOU,PHO,131,115,1
2016-12-26,2017,0,,MIN,ATL,104,90,1
2016-12-26,2017,0,,NOP,DAL,111,104,1
2016-12-26,2017,0,,CHI,IND,90,85,1
2016-12-26,2017,0,,POR,TOR,91,95,1
2016-12-26,2017,0,,SAC,PHI,102,100,1
2016-12-26,2017,0,,LAC,DEN,102,106,1
2016-12-27,2017,0,,MIA,OKC,94,106,1
2016-12-27,2017,0,,BOS,MEM,113,103,1
2016-12-27,2017,0,,DAL,HOU,107,123,1
2016-12-27,2017,0,,LAL,UTA,100,102,1
2016-12-28,2017,0,,WAS,IND,111,105,1
2016-12-28,2017,0,,ORL,CHO,101,120,1
2016-12-28,2017,0,,DET,MIL,94,119,1
2016-12-28,2017,0,,ATL,NYK,102,98,1
2016-12-28,2017,0,,CHI,BRK,101,99,1
2016-12-28,2017,0,,NOP,LAC,102,98,1
2016-12-28,2017,0,,SAS,PHO,119,98,1
2016-12-28,2017,0,,DEN,MIN,105,103,1
2016-12-28,2017,0,,POR,SAC,102,89,1
2016-12-28,2017,0,,GSW,TOR,121,111,1
2016-12-29,2017,0,,CHO,MIA,91,82,1
2016-12-29,2017,0,,MEM,OKC,114,80,1
2016-12-29,2017,0,,CLE,BOS,124,118,1
2016-12-29,2017,0,,UTA,PHI,100,83,1
2016-12-29,2017,0,,PHO,TOR,99,91,1
2016-12-29,2017,0,,LAL,DAL,89,101,1
2016-12-30,2017,0,,IND,CHI,111,101,1
2016-12-30,2017,0,,WAS,BRK,118,95,1
2016-12-30,2017,0,,BOS,MIA,117,114,1
2016-12-30,2017,0,,MIN,MIL,116,99,1
2016-12-30,2017,0,,ATL,DET,105,98,1
2016-12-30,2017,0,,HOU,LAC,140,116,1
2016-12-30,2017,0,,NOP,NYK,104,92,1
2016-12-30,2017,0,,SAS,POR,110,94,1
2016-12-30,2017,0,,DEN,PHI,122,124,1
2016-12-30,2017,0,,GSW,DAL,108,99,1
2016-12-31,2017,0,,SAC,MEM,98,112,1
2016-12-31,2017,0,,CHO,CLE,109,121,1
2016-12-31,2017,0,,CHI,MIL,96,116,1
2016-12-31,2017,0,,UTA,PHO,91,86,1
2016-12-31,2017,0,,HOU,NYK,129,122,1
2016-12-31,2017,0,,OKC,LAC,114,88,1
2017-01-01,2017,0,,MIA,DET,98,107,1
2017-01-01,2017,0,,ATL,SAS,114,112,1
2017-01-01,2017,0,,IND,ORL,117,104,1
2017-01-01,2017,0,,MIN,POR,89,95,1
2017-01-01,2017,0,,LAL,TOR,114,123,1
2017-01-02,2017,0,,MIL,OKC,98,94,1
2017-01-02,2017,0,,CLE,NOP,90,82,1
2017-01-02,2017,0,,NYK,ORL,103,115,1
2017-01-02,2017,0,,BRK,UTA,89,101,1
2017-01-02,2017,0,,CHI,CHO,118,111,1
2017-01-02,2017,0,,HOU,WAS,101,91,1
2017-01-02,2017,0,,GSW,DEN,127,119,1
2017-01-02,2017,0,,LAC,PHO,109,98,1
2017-01-03,2017,0,,PHI,MIN,93,91,1
2017-01-03,2017,0,,DET,IND,116,121,1
2017-01-03,2017,0,,BOS,UTA,115,104,1
2017-01-03,2017,0,,SAS,TOR,110,82,1
2017-01-03,2017,0,,DAL,WAS,113,105,1
2017-01-03,2017,0,,PHO,MIA,99,90,1
2017-01-03,2017,0,,DEN,SAC,113,120,1
2017-01-03,2017,0,,LAL,MEM,116,102,1
2017-01-04,2017,0,,ORL,ATL,92,111,1
2017-01-04,2017,0,,CHO,OKC,123,112,1
2017-01-04,2017,0,,NYK,MIL,104,105,1
2017-01-04,2017,0,,CLE,CHI,94,106,1
2017-01-04,2017,0,,GSW,POR,125,117,1
2017-01-04,2017,0,,SAC,MIA,102,107,1
2017-01-04,2017,0,,LAC,MEM,115,106,1
2017-01-05,2017,0,,IND,BRK,121,109,1
2017-01-05,2017,0,,DET,CHO,115,114,1
2017-01-05,2017,0,,TOR,UTA,101,93,1
2017-01-05,2017,0,,NOP,ATL,94,99,1
2017-01-05,2017,0,,HOU,OKC,118,116,1
2017-01-05,2017,0,,DAL,PHO,95,102,1
2017-01-05,2017,0,,DEN,SAS,99,127,1
2017-01-05,2017,0,,POR,LAL,118,109,1
2017-01-06,2017,0,,WAS,MIN,112,105,1
2017-01-06,2017,0,,ORL,HOU,93,100,1
2017-01-06,2017,0,,BOS,PHI,110,106,1
2017-01-06,2017,0,,BRK,CLE,108,116,1
2017-01-06,2017,0,,MIL,NYK,111,116,1
2017-01-06,2017,0,,SAC,LAC,98,106,1
2017-01-06,2017,0,,GSW,MEM,119,128,1
2017-01-06,2017,0,,LAL,MIA,127,100,1
2017-01-07,2017,0,,IND,NYK,123,109,1
2017-01-07,2017,0,,BOS,NOP,117,108,1
2017-01-07,2017,0,,OKC,DEN,121,106,1
2017-01-07,2017,0,,CHI,TOR,123,118,1
2017-01-07,2017,0,,MIN,UTA,92,94,1
2017-01-07,2017,0,,DAL,ATL,82,97,1
2017-01-07,2017,0,,SAS,CHO,102,85,1
2017-01-08,2017,0,,BRK,PHI,95,105,1
2017-01-08,2017,0,,MIL,WAS,101,107,1
2017-01-08,2017,0,,LAC,MIA,98,86,1
2017-01-08,2017,0,,TOR,HOU,122,129,1
2017-01-08,2017,0,,MEM,UTA,88,79,1
2017-01-08,2017,0,,PHO,CLE,116,120,1
2017-01-08,2017,0,,SAC,GSW,106,117,1
2017-01-08,2017,0,,POR,DET,124,125,1
2017-01-08,2017,0,,LAL,ORL,111,95,1
2017-01-09,2017,0,,NYK,NOP,96,110,1
2017-01-09,2017,0,,MIN,DAL,101,92,1
2017-01-09,2017,0,,CHI,OKC,94,109,1
2017-01-10,2017,0,,WAS,CHI,101,99,1
2017-01-10,2017,0,,BRK,ATL,97,117,1
2017-01-10,2017,0,,TOR,BOS,114,106,1
2017-01-10,2017,0,,HOU,CHO,121,114,1
2017-01-10,2017,0,,SAS,MIL,107,109,1
2017-01-10,2017,0,,UTA,CLE,100,92,1
2017-01-10,2017,0,,SAC,DET,100,94,1
2017-01-10,2017,0,,GSW,MIA,107,95,1
2017-01-10,2017,0,,LAL,POR,87,108,1
2017-01-11,2017,0,,PHI,NYK,98,97,1
2017-01-11,2017,0,,BOS,WAS,117,108,1
2017-01-11,2017,0,,OKC,MEM,103,95,1
2017-01-11,2017,0,,MIN,HOU,119,105,1
2017-01-11,2017,0,,LAC,ORL,105,96,1
2017-01-11,2017,0,,POR,CLE,102,86,1
2017-01-12,2017,1,,DEN,IND,140,112,0
2017-01-12,2017,0,,BRK,NOP,95,104,1
2017-01-12,2017,0,,NYK,CHI,104,89,1
2017-01-12,2017,0,,SAS,LAL,134,94,1
2017-01-12,2017,0,,GSW,DET,127,107,1
2017-01-12,2017,1,,DAL,PHO,113,108,0
2017-01-13,2017,0,,PHI,CHO,102,93,1
2017-01-13,2017,0,,TOR,BRK,132,113,1
2017-01-13,2017,0,,HOU,MEM,105,110,1
2017-01-13,2017,0,,MIN,OKC,96,86,1
2017-01-13,2017,0,,ATL,BOS,101,103,1
2017-01-13,2017,0,,MIL,MIA,116,108,1
2017-01-13,2017,0,,POR,ORL,109,115,1
2017-01-13,2017,0,,UTA,DET,110,77,1
2017-01-13,2017,0,,SAC,CLE,108,120,1
2017-01-14,2017,0,,LAC,LAL,113,97,1
2017-01-14,2017,0,,CHI,NOP,107,99,1
2017-01-14,2017,1,,PHO,SAS,108,105,0
2017-01-14,2017,0,,WAS,PHI,109,93,1
2017-01-14,2017,0,,UTA,ORL,114,107,1
2017-01-15,2017,0,,DAL,MIN,98,87,1
2017-01-15,2017,0,,ATL,MIL,111,98,1
2017-01-15,2017,0,,TOR,NYK,116,101,1
2017-01-15,2017,0,,BRK,HOU,112,137,1
2017-01-15,2017,0,,MEM,CHI,104,108,1
2017-01-15,2017,0,,SAC,OKC,118,122,1
2017-01-15,2017,0,,LAL,DET,97,102,1
2017-01-16,2017,0,,NYK,ATL,107,108,1
2017-01-16,2017,0,,WAS,POR,120,101,1
2017-01-16,2017,0,,MIL,PHI,104,113,1
2017-01-16,2017,0,,IND,NOP,98,95,1
2017-01-16,2017,0,,DEN,ORL,125,112,1
2017-01-16,2017,0,,BOS,CHO,108,98,1
2017-01-16,2017,0,,GSW,CLE,126,91,1
2017-01-16,2017,0,,PHO,UTA,101,106,1
2017-01-16,2017,0,,LAC,OKC,120,98,1
2017-01-17,2017,0,,MIA,HOU,109,103,1
2017-01-17,2017,0,,BRK,TOR,109,119,1
2017-01-17,2017,0,,CHI,DAL,98,99,1
2017-01-17,2017,0,,SAS,MIN,122,114,1
2017-01-17,2017,0,,LAL,DEN,121,127,1
2017-01-18,2017,0,,PHI,TOR,94,89,1
2017-01-18,2017,0,,CHO,POR,107,85,1
2017-01-18,2017,0,,WAS,MEM,104,101,1
2017-01-18,2017,0,,BOS,NYK,106,117,1
2017-01-18,2017,0,,NOP,ORL,118,98,1
2017-01-18,2017,0,,HOU,MIL,111,92,1
2017-01-18,2017,0,,DET,ATL,118,95,1
2017-01-18,2017,0,,SAC,IND,100,106,1
2017-01-18,2017,0,,GSW,OKC,121,100,1
2017-01-19,2017,0,,CLE,PHO,118,103,1
2017-01-19,2017,0,,MIA,DAL,99,95,1
2017-01-19,2017,0,,NYK,WAS,110,113,1
2017-01-19,2017,0,,SAS,DEN,118,104,1
2017-01-19,2017,0,,LAC,MIN,101,104,1
2017-01-20,2017,0,,PHI,POR,93,92,1
2017-01-20,2017,0,,ORL,MIL,112,96,1
2017-01-20,2017,0,,CHO,TOR,113,78,1
2017-01-20,2017,0,,NOP,BRK,114,143,1
2017-01-20,2017,0,,HOU,GSW,108,125,1
2017-01-20,2017,0,,ATL,CHI,102,93,1
2017-01-20,2017,0,,MEM,SAC,107,91,1
2017-01-20,2017,0,,DAL,UTA,107,112,1
2017-01-20,2017,0,,LAL,IND,108,96,1
2017-01-21,2017,0,,BOS,POR,123,127,1
2017-01-21,2017,0,,DET,WAS,113,112,1
2017-01-21,2017,0,,CHO,BRK,112,105,1
2017-01-21,2017,0,,ATL,PHI,110,93,1
2017-01-21,2017,0,,MIA,MIL,109,97,1
2017-01-21,2017,0,,NYK,PHO,105,107,1
2017-01-21,2017,0,,MEM,HOU,95,119,1
2017-01-21,2017,0,,CLE,SAS,115,118,1
2017-01-21,2017,0,,CHI,SAC,102,99,1
2017-01-21,2017,0,,DEN,LAC,123,98,1
2017-01-21,2017,0,,UTA,IND,109,100,1
2017-01-22,2017,0,,ORL,GSW,98,118,1
2017-01-22,2017,0,,DAL,LAL,122,73,1
2017-01-22,2017,0,,TOR,PHO,103,115,1
2017-01-22,2017,0,,MIN,DEN,111,108,1
2017-01-23,2017,0,,CHO,WAS,99,109,1
2017-01-23,2017,0,,MIA,GSW,105,102,1
2017-01-23,2017,0,,DET,SAC,104,109,1
2017-01-23,2017,0,,BRK,SAS,86,112,1
2017-01-23,2017,0,,ATL,LAC,105,115,1
2017-01-23,2017,0,,MIL,HOU,127,114,1
2017-01-23,2017,0,,IND,NYK,103,109,1
2017-01-23,2017,0,,NOP,CLE,124,122,1
2017-01-23,2017,0,,UTA,OKC,95,97,1
2017-01-24,2017,0,,ORL,CHI,92,100,1
2017-01-24,2017,0,,WAS,BOS,123,108,1
2017-01-24,2017,0,,TOR,SAS,106,108,1
2017-01-24,2017,0,,PHI,LAC,121,110,1
2017-01-24,2017,0,,DEN,UTA,103,93,1
2017-01-24,2017,0,,PHO,MIN,111,112,1
2017-01-25,2017,0,,CLE,SAC,112,116,1
2017-01-25,2017,0,,BRK,MIA,106,109,1
2017-01-25,2017,0,,BOS,HOU,120,109,1
2017-01-25,2017,0,,MIL,PHI,109,114,1
2017-01-25,2017,0,,MEM,TOR,101,99,1
2017-01-25,2017,0,,CHO,GSW,103,113,1
2017-01-25,2017,0,,NOP,OKC,105,114,1
2017-01-25,2017,0,,CHI,ATL,114,119,1
2017-01-25,2017,0,,DAL,NYK,103,95,1
2017-01-25,2017,0,,POR,LAL,105,98,1
2017-01-26,2017,0,,MIN,IND,103,109,1
2017-01-26,2017,0,,OKC,DAL,109,98,1
2017-01-26,2017,0,,DEN,PHO,127,120,1
2017-01-26,2017,0,,UTA,LAL,96,88,1
2017-01-27,2017,0,,IND,SAC,115,111,1
2017-01-27,2017,0,,BOS,ORL,128,98,1
2017-01-27,2017,0,,CLE,BRK,124,116,1
2017-01-27,2017,0,,TOR,MIL,102,86,1
2017-01-27,2017,0,,NYK,CHO,110,107,1
2017-01-27,2017,0,,ATL,WAS,86,112,1
2017-01-27,2017,0,,CHI,MIA,88,100,1
2017-01-27,2017,0,,NOP,SAS,119,103,1
2017-01-27,2017,0,,PHI,HOU,118,123,1
2017-01-27,2017,0,,POR,MEM,112,109,1
2017-01-28,2017,0,,CHO,SAC,106,109,1
2017-01-28,2017,0,,MIA,DET,116,103,1
2017-01-28,2017,0,,MIL,BOS,108,112,1
2017-01-28,2017,0,,GSW,LAC,144,98,1
2017-01-28,2017,0,,UTA,MEM,95,102,1
2017-01-28,2017,0,,PHO,DEN,112,123,1
2017-01-28,2017,0,,MIN,BRK,129,109,1
2017-01-29,2017,0,,ATL,NYK,142,139,1
2017-01-29,2017,0,,CLE,OKC,107,91,1
2017-01-29,2017,0,,TOR,ORL,113,114,1
2017-01-29,2017,0,,NOP,WAS,94,107,1
2017-01-29,2017,0,,IND,HOU,120,101,1
2017-01-29,2017,0,,CHI,PHI,121,108,1
2017-01-29,2017,0,,SAS,DAL,101,105,1
2017-01-29,2017,0,,POR,GSW,111,113,1
2017-01-30,2017,0,,PHI,SAC,122,119,1
2017-01-30,2017,0,,MIA,BRK,104,96,1
2017-01-30,2017,0,,MIN,ORL,111,105,1
2017-01-30,2017,0,,BOS,DET,113,109,1
2017-01-30,2017,0,,DAL,CLE,104,97,1
2017-01-30,2017,0,,PHO,MEM,96,115,1
2017-01-31,2017,0,,WAS,NYK,117,101,1
2017-01-31,2017,0,,TOR,NOP,108,106,1
2017-01-31,2017,0,,HOU,SAC,105,83,1
2017-01-31,2017,0,,SAS,OKC,108,94,1
2017-01-31,2017,0,,POR,CHO,115,98,1
2017-01-31,2017,0,,LAL,DEN,120,116,1
2017-02-01,2017,0,,CLE,MIN,125,97,1
2017-02-01,2017,0,,ORL,IND,88,98,1
2017-02-01,2017,0,,BOS,TOR,109,104,1
2017-02-01,2017,0,,MIA,ATL,116,93,1
2017-02-01,2017,0,,BRK,NYK,90,95,1
2017-02-01,2017,0,,DET,NOP,118,98,1
2017-02-01,2017,0,,DAL,PHI,113,95,1
2017-02-01,2017,0,,UTA,MIL,104,88,1
2017-02-01,2017,0,,DEN,MEM,99,119,1
2017-02-01,2017,0,,PHO,LAC,114,124,1
2017-02-01,2017,0,,OKC,CHI,100,128,1
2017-02-01,2017,0,,GSW,CHO,126,111,1
2017-02-02,2017,0,,WAS,LAL,116,108,1
2017-02-02,2017,0,,HOU,ATL,108,113,1
2017-02-02,2017,0,,SAS,PHI,102,86,1
2017-02-02,2017,0,,LAC,GSW,120,133,1
2017-02-03,2017,0,,ORL,TOR,102,94,1
2017-02-03,2017,0,,DET,MIN,116,108,1
2017-02-03,2017,0,,BRK,IND,97,106,1
2017-02-03,2017,0,,OKC,MEM,114,102,1
2017-02-03,2017,0,,HOU,CHI,121,117,1
2017-02-03,2017,0,,BOS,LAL,113,107,1
2017-02-03,2017,0,,DEN,MIL,121,117,1
2017-02-03,2017,0,,POR,DAL,104,108,1
2017-02-03,2017,0,,SAC,PHO,103,105,1
2017-02-04,2017,0,,ATL,ORL,113,86,1
2017-02-04,2017,0,,IND,DET,105,84,1
2017-02-04,2017,0,,WAS,NOP,105,91,1
2017-02-04,2017,0,,MIA,PHI,125,102,1
2017-02-04,2017,0,,NYK,CLE,104,111,1
2017-02-04,2017,0,,PHO,MIL,112,137,1
2017-02-04,2017,0,,MIN,MEM,99,107,1
2017-02-04,2017,0,,SAS,DEN,121,97,1
2017-02-04,2017,0,,UTA,CHO,105,98,1
2017-02-04,2017,0,,SAC,GSW,109,106,1
2017-02-05,2017,0,,BRK,TOR,95,103,1
2017-02-05,2017,0,,BOS,LAC,107,102,1
2017-02-05,2017,0,,OKC,POR,105,99,1
2017-02-06,2017,0,,NYK,LAL,107,121,1
2017-02-06,2017,0,,IND,OKC,93,90,1
2017-02-06,2017,0,,WAS,CLE,135,140,1
2017-02-06,2017,0,,TOR,LAC,118,109,1
2017-02-06,2017,0,,ATL,UTA,95,120,1
2017-02-06,2017,0,,DET,PHI,113,96,1
2017-02-06,2017,0,,NOP,PHO,111,106,1
2017-02-06,2017,0,,MIN,MIA,113,115,1
2017-02-06,2017,0,,DEN,DAL,110,87,1
2017-02-06,2017,0,,MEM,SAS,89,74,1
2017-02-06,2017,0,,SAC,CHI,107,112,1
2017-02-07,2017,0,,CHO,BRK,111,107,1
2017-02-07,2017,0,,HOU,ORL,128,104,1
2017-02-07,2017,0,,DAL,POR,113,114,1
2017-02-08,2017,0,,PHI,SAS,103,111,1
2017-02-08,2017,0,,IND,CLE,117,132,1
2017-02-08,2017,0,,DET,LAL,121,102,1
2017-02-08,2017,0,,BRK,WAS,110,114,1
2017-02-08,2017,0,,ATL,DEN,117,106,1
2017-02-08,2017,0,,NYK,LAC,115,119,1
2017-02-08,2017,0,,MIN,TOR,112,109,1
2017-02-08,2017,0,,MEM,PHO,110,91,1
2017-02-08,2017,0,,NOP,UTA,94,127,1
2017-02-08,2017,0,,MIL,MIA,88,106,1
2017-02-08,2017,0,,SAC,BOS,108,92,1
2017-02-08,2017,0,,GSW,CHI,123,92,1
2017-02-09,2017,0,,CHO,HOU,95,107,1
2017-02-09,2017,0,,ORL,PHI,111,112,1
2017-02-09,2017,0,,OKC,CLE,118,109,1
2017-02-09,2017,0,,DAL,UTA,112,105,1
2017-02-09,2017,0,,POR,BOS,111,120,1
2017-02-10,2017,0,,BRK,MIA,99,108,1
2017-02-10,2017,0,,NYK,DEN,123,131,1
2017-02-10,2017,0,,DET,SAS,92,103,1
2017-02-10,2017,0,,MIL,LAL,114,122,1
2017-02-10,2017,0,,MIN,NOP,106,122,1
2017-02-10,2017,0,,MEM,GSW,107,122,1
2017-02-10,2017,0,,WAS,IND,112,107,1
2017-02-10,2017,0,,PHO,CHI,115,97,1
2017-02-10,2017,0,,SAC,ATL,108,107,1
2017-02-11,2017,0,,CHO,LAC,102,107,1
2017-02-11,2017,0,,IND,MIL,100,116,1
2017-02-11,2017,0,,CLE,DEN,125,109,1
2017-02-11,2017,0,,PHI,MIA,117,109,1
2017-02-11,2017,0,,OKC,GSW,114,130,1
2017-02-11,2017,0,,HOU,PHO,133,102,1
2017-02-11,2017,0,,DAL,ORL,112,80,1
2017-02-11,2017,0,,UTA,BOS,104,112,1
2017-02-12,2017,0,,MIN,CHI,117,89,1
2017-02-12,2017,0,,NYK,SAS,94,90,1
2017-02-12,2017,0,,TOR,DET,101,102,1
2017-02-12,2017,0,,SAC,NOP,105,99,1
2017-02-13,2017,0,,IND,SAS,106,110,1
2017-02-13,2017,0,,CHO,PHI,99,105,1
2017-02-13,2017,0,,BRK,MEM,103,112,1
2017-02-13,2017,0,,MIA,ORL,107,116,1
2017-02-13,2017,0,,MIL,DET,102,89,1
2017-02-13,2017,0,,WAS,OKC,120,98,1
2017-02-13,2017,0,,DAL,BOS,98,111,1
2017-02-13,2017,0,,DEN,GSW,132,110,1
2017-02-13,2017,0,,PHO,NOP,108,110,1
2017-02-13,2017,0,,UTA,LAC,72,88,1
2017-02-13,2017,0,,POR,ATL,104,109,1
2017-02-14,2017,0,,MIN,CLE,108,116,1
2017-02-14,2017,0,,CHI,TOR,105,94,1
2017-02-14,2017,0,,LAL,SAC,96,97,1
2017-02-15,2017,0,,ORL,SAS,79,107,1
2017-02-15,2017,0,,CLE,IND,113,104,1
2017-02-15,2017,0,,BOS,PHI,116,108,1
2017-02-15,2017,0,,TOR,CHO,90,85,1
2017-02-15,2017,0,,BRK,MIL,125,129,1
2017-02-15,2017,0,,DET,DAL,98,91,1
2017-02-15,2017,0,,MEM,NOP,91,95,1
2017-02-15,2017,0,,HOU,MIA,109,117,1
2017-02-15,2017,0,,UTA,POR,111,88,1
2017-02-15,2017,0,,DEN,MIN,99,112,1
2017-02-15,2017,0,,PHO,LAL,137,101,1
2017-02-15,2017,0,,OKC,NYK,116,105,1
2017-02-15,2017,0,,GSW,SAC,109,86,1
2017-02-15,2017,0,,LAC,ATL,99,84,1
2017-02-16,2017,0,,IND,WAS,98,111,1
2017-02-16,2017,0,,CHI,BOS,104,103,1
2017-02-23,2017,0,,ORL,POR,103,112,1
2017-02-23,2017,0,,DET,CHO,114,108,1
2017-02-23,2017,0,,NOP,HOU,99,129,1
2017-02-23,2017,0,,CLE,NYK,119,104,1
2017-02-23,2017,0,,SAC,DEN,116,100,1
2017-02-23,2017,0,,GSW,LAC,123,113,1
2017-02-24,2017,0,,IND,MEM,102,92,1
2017-02-24,2017,0,,PHI,WAS,120,112,1
2017-02-24,2017,0,,CHI,PHO,128,121,1
2017-02-24,2017,0,,MIL,UTA,95,109,1
2017-02-24,2017,0,,ATL,MIA,90,108,1
2017-02-24,2017,0,,TOR,BOS,107,97,1
2017-02-24,2017,0,,MIN,DAL,97,84,1
2017-02-24,2017,0,,OKC,LAL,110,93,1
2017-02-24,2017,0,,DEN,BRK,129,109,1
2017-02-24,2017,0,,LAC,SAS,97,105,1
2017-02-25,2017,0,,SAC,CHO,85,99,1
2017-02-25,2017,0,,ORL,ATL,105,86,1
2017-02-25,2017,0,,NYK,PHI,110,109,1
2017-02-25,2017,0,,MIA,IND,113,95,1
2017-02-25,2017,0,,CLE,CHI,99,117,1
2017-02-25,2017,0,,DAL,NOP,96,83,1
2017-02-25,2017,0,,HOU,MIN,142,130,1
2017-02-25,2017,0,,GSW,BRK,112,95,1
2017-02-26,2017,0,,MIL,PHO,100,96,1
2017-02-26,2017,0,,LAL,SAS,98,119,1
2017-02-26,2017,0,,DEN,MEM,98,105,1
2017-02-26,2017,0,,WAS,UTA,92,102,1
2017-02-26,2017,0,,DET,BOS,98,104,1
2017-02-26,2017,0,,TOR,POR,112,106,1
2017-02-26,2017,0,,OKC,NOP,118,110,1
2017-02-26,2017,0,,LAC,CHO,124,121,1
2017-02-27,2017,0,,NYK,TOR,91,92,1
2017-02-27,2017,0,,CLE,MIL,102,95,1
2017-02-27,2017,0,,PHI,GSW,108,119,1
2017-02-27,2017,0,,BOS,ATL,98,114,1
2017-02-27,2017,0,,DAL,MIA,96,89,1
2017-02-27,2017,0,,HOU,IND,108,117,1
2017-02-27,2017,0,,SAC,MIN,88,102,1
2017-02-28,2017,0,,WAS,GSW,112,108,1
2017-02-28,2017,0,,DET,POR,120,113,1
2017-02-28,2017,0,,CHI,DEN,107,125,1
2017-02-28,2017,0,,OKC,UTA,109,106,1
2017-02-28,2017,0,,MEM,PHO,130,112,1
2017-02-28,2017,0,,LAL,CHO,104,109,1
2017-03-01,2017,0,,ORL,NYK,90,101,1
2017-03-01,2017,0,,MIA,PHI,125,98,1
2017-03-01,2017,0,,ATL,DAL,100,95,1
2017-03-01,2017,0,,TOR,WAS,96,105,1
2017-03-01,2017,0,,NOP,DET,109,86,1
2017-03-01,2017,0,,MIL,DEN,98,110,1
2017-03-01,2017,0,,BOS,CLE,103,99,1
2017-03-01,2017,0,,SAS,IND,100,99,1
2017-03-01,2017,0,,UTA,MIN,80,107,1
2017-03-01,2017,0,,SAC,BRK,100,109,1
2017-03-01,2017,0,,LAC,HOU,103,122,1
2017-03-02,2017,0,,CHI,GSW,94,87,1
2017-03-02,2017,0,,PHO,CHO,120,103,1
2017-03-02,2017,0,,POR,OKC,114,109,1
2017-03-03,2017,0,,PHI,NYK,105,102,1
2017-03-03,2017,0,,ORL,MIA,110,99,1
2017-03-03,2017,0,,ATL,CLE,130,135,1
2017-03-03,2017,0,,WAS,TOR,106,114,1
2017-03-03,2017,0,,MIL,LAC,112,101,1
2017-03-03,2017,0,,DAL,MEM,104,100,1
2017-03-03,2017,0,,UTA,BRK,112,97,1
2017-03-03,2017,0,,PHO,OKC,118,111,1
2017-03-03,2017,0,,NOP,SAS,98,101,1
2017-03-03,2017,0,,LAL,BOS,95,115,1
2017-03-04,2017,0,,PHI,DET,106,136,1
2017-03-04,2017,0,,MIA,CLE,120,92,1
2017-03-04,2017,0,,MIL,TOR,101,94,1
2017-03-04,2017,0,,CHI,LAC,91,101,1
2017-03-04,2017,0,,SAS,MIN,97,90,1
2017-03-04,2017,0,,DEN,CHO,102,112,1
2017-03-04,2017,0,,HOU,MEM,123,108,1
2017-03-04,2017,0,,POR,BRK,130,116,1
2017-03-05,2017,0,,ATL,IND,96,97,1
2017-03-05,2017,0,,NYK,GSW,105,112,1
2017-03-05,2017,0,,PHO,BOS,109,106,1
2017-03-05,2017,0,,WAS,ORL,115,114,1
2017-03-05,2017,0,,SAC,UTA,109,110,1
2017-03-05,2017,0,,DAL,OKC,104,89,1
2017-03-05,2017,0,,LAL,NOP,97,105,1
2017-03-06,2017,0,,ORL,NYK,105,113,1
2017-03-06,2017,0,,PHI,MIL,98,112,1
2017-03-06,2017,0,,CLE,MIA,98,106,1
2017-03-06,2017,0,,DET,CHI,109,95,1
2017-03-06,2017,0,,ATL,GSW,111,119,1
2017-03-06,2017,0,,CHO,IND,100,88,1
2017-03-06,2017,0,,MEM,BRK,109,122,1
2017-03-06,2017,0,,SAS,HOU,112,110,1
2017-03-06,2017,0,,UTA,NOP,88,83,1
2017-03-06,2017,0,,DEN,SAC,108,96,1
2017-03-06,2017,0,,LAC,BOS,116,102,1
2017-03-07,2017,0,,OKC,POR,121,126,1
2017-03-07,2017,0,,DAL,LAL,122,111,1
2017-03-07,2017,0,,PHO,WAS,127,131,1
2017-03-08,2017,0,,ORL,CHI,98,91,1
2017-03-08,2017,0,,ATL,BRK,110,105,1
2017-03-08,2017,0,,MIA,CHO,108,101,1
2017-03-08,2017,0,,IND,DET,115,98,1
2017-03-08,2017,0,,MIL,NYK,104,93,1
2017-03-08,2017,0,,HOU,UTA,108,115,1
2017-03-08,2017,0,,NOP,TOR,87,94,1
2017-03-08,2017,0,,MIN,LAC,107,91,1
2017-03-08,2017,0,,SAS,SAC,114,104,1
2017-03-08,2017,0,,DEN,WAS,113,123,1
2017-03-08,2017,0,,GSW,BOS,86,99,1
2017-03-09,2017,0,,DET,CLE,106,101,1
2017-03-09,2017,0,,OKC,SAS,102,92,1
2017-03-09,2017,0,,MEM,LAC,98,114,1
2017-03-09,2017,0,,POR,PHI,114,108,1
2017-03-09,2017,0,,PHO,LAL,110,122,1
2017-03-10,2017,0,,CHO,ORL,121,81,1
2017-03-10,2017,0,,MIN,GSW,103,102,1
2017-03-10,2017,0,,CHI,HOU,94,115,1
2017-03-10,2017,0,,ATL,TOR,105,99,1
2017-03-10,2017,0,,MIL,IND,99,85,1
2017-03-10,2017,0,,DEN,BOS,119,99,1
2017-03-10,2017,0,,DAL,BRK,105,96,1
2017-03-10,2017,0,,SAC,WAS,122,130,1
2017-03-11,2017,0,,OKC,UTA,112,104,1
2017-03-11,2017,0,,LAC,PHI,112,100,1
2017-03-11,2017,0,,DET,NYK,112,92,1
2017-03-11,2017,0,,CHO,NOP,122,125,1
2017-03-11,2017,0,,ORL,CLE,104,116,1
2017-03-11,2017,0,,MIL,MIN,102,95,1
2017-03-11,2017,0,,MIA,TOR,104,89,1
2017-03-11,2017,0,,SAS,GSW,107,85,1
2017-03-11,2017,0,,DAL,PHO,98,100,1
2017-03-11,2017,0,,MEM,ATL,90,107,1
2017-03-11,2017,0,,POR,WAS,124,125,1
2017-03-11,2017,0,,SAC,DEN,92,105,1
2017-03-12,2017,0,,BOS,CHI,100,80,1
2017-03-12,2017,0,,BRK,NYK,120,112,1
2017-03-12,2017,0,,IND,MIA,102,98,1
2017-03-12,2017,0,,HOU,CLE,117,112,1
2017-03-12,2017,0,,PHO,POR,101,110,1
2017-03-12,2017,0,,LAL,PHI,116,118,1
2017-03-13,2017,0,,CHO,CHI,109,115,1
2017-03-13,2017,0,,TOR,DAL,100,78,1
2017-03-13,2017,0,,SAS,ATL,107,99,1
2017-03-13,2017,0,,MEM,MIL,113,93,1
2017-03-13,2017,0,,MIN,WAS,119,104,1
2017-03-13,2017,0,,UTA,LAC,114,108,1
2017-03-13,2017,0,,DEN,LAL,129,101,1
2017-03-13,2017,0,,SAC,ORL,120,115,1
2017-03-14,2017,0,,CLE,DET,128,96,1
2017-03-14,2017,0,,BRK,OKC,104,122,1
2017-03-14,2017,0,,NYK,IND,87,81,1
2017-03-14,2017,0,,NOP,POR,100,77,1
2017-03-14,2017,0,,GSW,PHI,106,104,1
2017-03-15,2017,0,,IND,CHO,98,77,1
2017-03-15,2017,0,,WAS,DAL,107,112,1
2017-03-15,2017,0,,BOS,MIN,117,104,1
2017-03-15,2017,0,,MIA,NOP,120,112,1
2017-03-15,2017,0,,DET,UTA,83,97,1
2017-03-15,2017,0,,CHI,MEM,91,98,1
2017-03-15,2017,0,,SAS,POR,106,110,1
2017-03-15,2017,0,,HOU,LAL,139,100,1
2017-03-15,2017,0,,PHO,SAC,101,107,1
2017-03-15,2017,0,,LAC,MIL,96,97,1
2017-03-16,2017,0,,TOR,OKC,102,123,1
2017-03-16,2017,0,,CLE,UTA,91,83,1
2017-03-16,2017,0,,NYK,BRK,110,121,1
2017-03-16,2017,0,,ATL,MEM,91,103,1
2017-03-16,2017,0,,DEN,LAC,129,114,1
2017-03-16,2017,0,,GSW,ORL,122,92,1
2017-03-17,2017,0,,PHI,DAL,116,74,1
2017-03-17,2017,0,,WAS,CHI,112,107,1
2017-03-17,2017,0,,DET,TOR,75,87,1
2017-03-17,2017,0,,BRK,BOS,95,98,1
2017-03-17,2017,0,,MIA,MIN,123,105,1
2017-03-17,2017,0,,NOP,HOU,128,112,1
2017-03-17,2017,0,,PHO,ORL,103,109,1
2017-03-17,2017,0,,LAL,MIL,103,107,1
2017-03-18,2017,0,,OKC,SAC,110,94,1
2017-03-18,2017,0,,ATL,POR,97,113,1
2017-03-18,2017,0,,CHO,WAS,98,93,1
2017-03-18,2017,0,,LAC,CLE,108,78,1
2017-03-18,2017,0,,MEM,SAS,104,96,1
2017-03-18,2017,0,,CHI,UTA,95,86,1
2017-03-18,2017,0,,DEN,HOU,105,109,1
2017-03-18,2017,0,,GSW,MIL,117,92,1
2017-03-19,2017,0,,BRK,DAL,104,111,1
2017-03-19,2017,0,,PHI,BOS,105,99,1
2017-03-19,2017,0,,DET,PHO,112,95,1
2017-03-19,2017,0,,NOP,MIN,123,109,1
2017-03-19,2017,0,,TOR,IND,116,91,1
2017-03-19,2017,0,,MIA,POR,104,115,1
2017-03-19,2017,0,,SAS,SAC,118,102,1
2017-03-19,2017,0,,LAL,CLE,120,125,1
2017-03-20,2017,0,,IND,UTA,107,100,1
2017-03-20,2017,0,,ORL,PHI,112,109,1
2017-03-20,2017,0,,CHO,ATL,105,90,1
2017-03-20,2017,0,,BOS,WAS,110,102,1
2017-03-20,2017,0,,HOU,DEN,125,124,1
2017-03-20,2017,0,,OKC,GSW,95,111,1
2017-03-20,2017,0,,LAC,NYK,114,105,1
2017-03-21,2017,0,,TOR,CHI,122,120,1
2017-03-21,2017,0,,MIA,PHO,112,97,1
2017-03-21,2017,0,,BRK,DET,98,96,1
2017-03-21,2017,0,,NOP,MEM,95,82,1
2017-03-21,2017,0,,DAL,GSW,87,112,1
2017-03-21,2017,0,,MIN,SAS,93,100,1
2017-03-21,2017,0,,POR,MIL,90,93,1
2017-03-21,2017,0,,LAL,LAC,109,133,1
2017-03-22,2017,0,,ORL,CHO,102,109,1
2017-03-22,2017,0,,BOS,IND,109,100,1
2017-03-22,2017,0,,OKC,PHI,122,97,1
2017-03-22,2017,0,,WAS,ATL,104,100,1
2017-03-22,2017,0,,CHI,DET,117,95,1
2017-03-22,2017,0,,DEN,CLE,126,113,1
2017-03-22,2017,0,,UTA,NYK,108,101,1
2017-03-22,2017,0,,SAC,MIL,98,116,1
2017-03-23,2017,0,,BRK,PHO,126,98,1
2017-03-23,2017,0,,MIA,TOR,84,101,1
2017-03-23,2017,0,,DAL,LAC,97,95,1
2017-03-23,2017,0,,SAS,MEM,97,90,1
2017-03-23,2017,0,,POR,NYK,110,95,1
2017-03-24,2017,0,,CHO,CLE,105,112,1
2017-03-24,2017,0,,IND,DEN,117,125,1
2017-03-24,2017,0,,WAS,BRK,129,108,1
2017-03-24,2017,0,,ORL,DET,115,87,1
2017-03-24,2017,0,,BOS,PHO,130,120,1
2017-03-24,2017,0,,MIL,ATL,100,97,1
2017-03-24,2017,0,,HOU,NOP,117,107,1
2017-03-24,2017,0,,CHI,PHI,107,117,1
2017-03-24,2017,0,,LAL,MIN,130,119,1
2017-03-24,2017,0,,GSW,SAC,114,100,1
2017-03-25,2017,0,,LAC,UTA,108,95,1
2017-03-25,2017,0,,CLE,WAS,115,127,1
2017-03-25,2017,0,,DAL,TOR,86,94,1
2017-03-25,2017,0,,SAS,NYK,106,98,1
2017-03-25,2017,0,,POR,MIN,112,100,1
2017-03-26,2017,0,,CHO,PHO,120,106,1
2017-03-26,2017,0,,ATL,BRK,92,107,1
2017-03-26,2017,0,,LAC,SAC,97,98,1
2017-03-26,2017,0,,HOU,OKC,137,125,1
2017-03-26,2017,0,,MIL,CHI,94,109,1
2017-03-26,2017,0,,IND,PHI,107,94,1
2017-03-26,2017,0,,BOS,MIA,112,108,1
2017-03-26,2017,0,,GSW,MEM,106,94,1
2017-03-26,2017,0,,DEN,NOP,90,115,1
2017-03-26,2017,0,,LAL,POR,81,97,1
2017-03-27,2017,0,,TOR,ORL,131,112,1
2017-03-27,2017,0,,NYK,DET,109,95,1
2017-03-27,2017,0,,SAS,CLE,103,74,1
2017-03-27,2017,0,,DAL,OKC,91,92,1
2017-03-27,2017,0,,SAC,MEM,91,90,1
2017-03-27,2017,0,,UTA,NOP,108,100,1
2017-03-28,2017,0,,IND,MIN,114,115,1
2017-03-28,2017,0,,CHO,MIL,108,118,1
2017-03-28,2017,0,,DET,MIA,96,97,1
2017-03-28,2017,0,,BRK,PHI,101,106,1
2017-03-28,2017,0,,ATL,PHO,95,91,1
2017-03-28,2017,0,,HOU,GSW,106,113,1
2017-03-28,2017,0,,POR,DEN,122,113,1
2017-03-28,2017,0,,LAL,WAS,108,119,1
2017-03-29,2017,0,,PHI,ATL,92,99,1
2017-03-29,2017,0,,ORL,OKC,106,114,1
2017-03-29,2017,0,,BOS,MIL,100,103,1
2017-03-29,2017,0,,NYK,MIA,88,105,1
2017-03-29,2017,0,,TOR,CHO,106,110,1
2017-03-29,2017,0,,NOP,DAL,121,118,1
2017-03-29,2017,0,,MEM,IND,110,97,1
2017-03-29,2017,0,,SAS,GSW,98,110,1
2017-03-29,2017,0,,SAC,UTA,82,112,1
2017-03-29,2017,0,,LAC,WAS,133,124,1
2017-03-30,2017,0,,DET,BRK,90,89,1
2017-03-30,2017,0,,CHI,CLE,99,93,1
2017-03-30,2017,0,,MIN,LAL,119,104,1
2017-03-30,2017,0,,PHO,LAC,118,124,1
2017-03-30,2017,0,,POR,HOU,117,107,1
2017-03-31,2017,0,,TOR,IND,111,100,1
2017-03-31,2017,0,,CHO,DEN,122,114,1
2017-03-31,2017,0,,BOS,ORL,117,116,1
2017-03-31,2017,0,,CLE,PHI,122,105,1
2017-03-31,2017,0,,MIL,DET,108,105,1
2017-03-31,2017,0,,MEM,DAL,99,90,1
2017-03-31,2017,0,,NOP,SAC,117,89,1
2017-03-31,2017,0,,MIA,NYK,94,98,1
2017-03-31,2017,0,,OKC,SAS,95,100,1
2017-03-31,2017,0,,UTA,WAS,95,88,1
2017-03-31,2017,0,,GSW,HOU,107,98,1
2017-04-01,2017,0,,LAC,LAL,115,104,1
2017-04-01,2017,0,,CHI,ATL,106,104,1
2017-04-01,2017,0,,BRK,ORL,121,111,1
2017-04-01,2017,0,,MIN,SAC,117,123,1
2017-04-01,2017,0,,POR,PHO,130,117,1
2017-04-02,2017,0,,NYK,BOS,94,110,1
2017-04-02,2017,0,,OKC,CHO,101,113,1
2017-04-02,2017,0,,MIL,DAL,105,109,1
2017-04-02,2017,0,,LAL,MEM,108,103,1
2017-04-02,2017,0,,SAS,UTA,109,103,1
2017-04-02,2017,0,,CLE,IND,135,130,1
2017-04-02,2017,0,,MIA,DEN,113,116,1
2017-04-02,2017,0,,BRK,ATL,91,82,1
2017-04-02,2017,0,,NOP,CHI,110,117,1
2017-04-02,2017,0,,TOR,PHI,113,105,1
2017-04-02,2017,0,,GSW,WAS,139,115,1
2017-04-02,2017,0,,PHO,HOU,116,123,1
2017-04-03,2017,0,,MIN,POR,110,109,1
2017-04-04,2017,0,,CLE,ORL,122,102,1
2017-04-04,2017,0,,WAS,CHO,118,111,1
2017-04-04,2017,0,,PHI,BRK,118,141,1
2017-04-04,2017,0,,IND,TOR,108,90,1
2017-04-04,2017,0,,OKC,MIL,110,79,1
2017-04-04,2017,0,,NYK,CHI,100,91,1
2017-04-04,2017,0,,NOP,DEN,131,134,1
2017-04-04,2017,0,,SAS,MEM,95,89,1
2017-04-04,2017,0,,UTA,POR,106,87,1
2017-04-04,2017,0,,GSW,MIN,121,107,1
2017-04-04,2017,0,,SAC,DAL,98,87,1
2017-04-05,2017,0,,CHO,MIA,99,112,1
2017-04-05,2017,0,,DET,TOR,102,105,1
2017-04-05,2017,0,,BOS,CLE,91,114,1
2017-04-05,2017,0,,MEM,OKC,100,103,1
2017-04-05,2017,0,,HOU,DEN,110,104,1
2017-04-05,2017,0,,SAS,LAL,95,102,1
2017-04-05,2017,0,,PHO,GSW,111,120,1
2017-04-05,2017,0,,LAC,DAL,112,101,1
2017-04-06,2017,0,,IND,MIL,104,89,1
2017-04-06,2017,0,,ORL,BRK,115,107,1
2017-04-06,2017,0,,PHI,CHI,90,102,1
2017-04-06,2017,0,,NYK,WAS,103,106,1
2017-04-06,2017,0,,ATL,BOS,123,116,1
2017-04-06,2017,0,,POR,MIN,105,98,1
2017-04-07,2017,0,,TOR,MIA,96,94,1
2017-04-07,2017,0,,CLE,ATL,100,114,1
2017-04-07,2017,0,,HOU,DET,109,114,1
2017-04-07,2017,0,,MEM,NYK,101,88,1
2017-04-07,2017,0,,DAL,SAS,89,102,1
2017-04-07,2017,0,,DEN,NOP,122,106,1
2017-04-07,2017,0,,UTA,MIN,120,113,1
2017-04-07,2017,0,,PHO,OKC,120,99,1
2017-04-07,2017,0,,LAL,SAC,98,94,1
2017-04-08,2017,0,,BRK,CHI,107,106,1
2017-04-08,2017,0,,ORL,IND,112,127,1
2017-04-08,2017,0,,CHO,BOS,114,121,1
2017-04-08,2017,0,,WAS,MIA,103,106,1
2017-04-08,2017,0,,PHI,MIL,82,90,1
2017-04-08,2017,0,,SAS,LAC,87,98,1
2017-04-08,2017,0,,POR,UTA,101,86,1
2017-04-08,2017,0,,GSW,NOP,123,101,1
2017-04-09,2017,0,,NYK,TOR,97,110,1
2017-04-09,2017,0,,ATL,CLE,126,125,1
2017-04-09,2017,0,,DEN,OKC,105,106,1
2017-04-09,2017,0,,PHO,DAL,124,111,1
2017-04-09,2017,0,,MEM,DET,90,103,1
2017-04-09,2017,0,,SAC,HOU,128,135,1
2017-04-09,2017,0,,LAL,MIN,110,109,1
2017-04-10,2017,0,,PHI,IND,111,120,1
2017-04-10,2017,0,,BOS,BRK,114,105,1
2017-04-10,2017,0,,MIA,CLE,124,121,1
2017-04-10,2017,0,,CHI,ORL,122,75,1
2017-04-10,2017,0,,DET,WAS,101,105,1
2017-04-10,2017,0,,MIL,CHO,89,79,1
2017-04-10,2017,0,,POR,SAS,99,98,1
2017-04-10,2017,0,,LAC,HOU,125,96,1
2017-04-10,2017,0,,GSW,UTA,99,105,1
2017-04-11,2017,0,,ATL,CHO,103,76,1
2017-04-11,2017,0,,MIN,OKC,98,100,1
2017-04-11,2017,0,,DAL,DEN,91,109,1
2017-04-11,2017,0,,LAL,NOP,108,96,1
2017-04-11,2017,0,,SAC,PHO,129,104,1
2017-04-12,2017,0,,MEM,DAL,93,100,1
2017-04-12,2017,0,,HOU,MIN,123,118,1
2017-04-12,2017,0,,OKC,DEN,105,111,1
2017-04-12,2017,0,,ORL,DET,113,109,1
2017-04-12,2017,0,,NYK,PHI,114,113,1
2017-04-12,2017,0,,IND,ATL,104,86,1
2017-04-12,2017,0,,BOS,MIL,112,94,1
2017-04-12,2017,0,,CLE,TOR,83,98,1
2017-04-12,2017,0,,CHI,BRK,112,73,1
2017-04-12,2017,0,,MIA,WAS,110,102,1
2017-04-12,2017,0,,UTA,SAS,101,97,1
2017-04-12,2017,0,,POR,NOP,100,103,1
2017-04-12,2017,0,,LAC,SAC,115,95,1
2017-04-12,2017,0,,GSW,LAL,109,94,1
2017-10-17,2018,0,,CLE,BOS,102,99,1
2017-10-17,2018,0,,GSW,HOU,121,122,1
2017-10-18,2018,0,,WAS,PHI,120,115,1
2017-10-18,2018,0,,IND,BRK,140,131,1
2017-10-18,2018,0,,DET,CHO,102,90,1
2017-10-18,2018,0,,ORL,MIA,116,109,1
2017-10-18,2018,0,,BOS,MIL,100,108,1
2017-10-18,2018,0,,MEM,NOP,103,91,1
2017-10-18,2018,0,,DAL,ATL,111,117,1
2017-10-18,2018,0,,UTA,DEN,106,96,1
2017-10-18,2018,0,,SAS,MIN,107,99,1
2017-10-18,2018,0,,SAC,HOU,100,105,1
2017-10-18,2018,0,,PHO,POR,76,124,1
2017-10-19,2018,0,,TOR,CHI,117,100,1
2017-10-19,2018,0,,OKC,NYK,105,84,1
2017-10-19,2018,0,,LAL,LAC,92,108,1
2017-10-20,2018,0,,IND,POR,96,114,1
2017-10-20,2018,0,,MIL,CLE,97,116,1
2017-10-20,2018,0,,PHI,BOS,92,102,1
2017-10-20,2018,0,,WAS,DET,115,111,1
2017-10-20,2018,0,,CHO,ATL,109,91,1
2017-10-20,2018,0,,BRK,ORL,126,121,1
2017-10-20,2018,0,,MIN,UTA,100,97,1
2017-10-20,2018,0,,DAL,SAC,88,93,1
2017-10-20,2018,0,,NOP,GSW,120,128,1
2017-10-20,2018,0,,PHO,LAL,130,132,1
2017-10-21,2018,0,,TOR,PHI,128,94,1
2017-10-21,2018,0,,CHI,SAS,77,87,1
2017-10-21,2018,0,,CLE,ORL,93,114,1
2017-10-21,2018,0,,HOU,DAL,107,91,1
2017-10-21,2018,0,,NYK,DET,107,111,1
2017-10-21,2018,0,,MIA,IND,112,108,1
2017-10-21,2018,0,,MEM,GSW,111,101,1
2017-10-21,2018,0,,MIL,POR,113,110,1
2017-10-21,2018,0,,DEN,SAC,96,79,1
2017-10-21,2018,0,,UTA,OKC,96,87,1
2017-10-21,2018,0,,LAC,PHO,130,88,1
2017-10-22,2018,0,,BRK,ATL,116,104,1
2017-10-22,2018,0,,OKC,MIN,113,115,1
2017-10-22,2018,0,,LAL,NOP,112,119,1
2017-10-23,2018,0,,DET,PHI,86,97,1
2017-10-23,2018,0,,MIA,ATL,104,93,1
2017-10-23,2018,0,,MIL,CHO,103,94,1
2017-10-23,2018,0,,HOU,MEM,90,98,1
2017-10-23,2018,0,,DAL,GSW,103,133,1
2017-10-23,2018,0,,SAS,TOR,101,97,1
2017-10-23,2018,0,,DEN,WAS,104,109,1
2017-10-23,2018,0,,PHO,SAC,117,115,1
2017-10-24,2018,0,,ORL,BRK,125,121,1
2017-10-24,2018,0,,CLE,CHI,119,112,1
2017-10-24,2018,0,,BOS,NYK,110,89,1
2017-10-24,2018,0,,MIN,IND,107,130,1
2017-10-24,2018,0,,POR,NOP,103,93,1
2017-10-24,2018,0,,LAC,UTA,102,84,1
2017-10-25,2018,0,,PHI,HOU,104,105,1
2017-10-25,2018,0,,DET,MIN,122,101,1
2017-10-25,2018,0,,CHO,DEN,110,93,1
2017-10-25,2018,0,,BRK,CLE,112,107,1
2017-10-25,2018,0,,MIA,SAS,100,117,1
2017-10-25,2018,0,,OKC,IND,114,96,1
2017-10-25,2018,0,,DAL,MEM,103,94,1
2017-10-25,2018,0,,PHO,UTA,97,88,1
2017-10-25,2018,0,,LAL,WAS,102,99,1
2017-10-25,2018,0,,GSW,TOR,117,112,1
2017-10-26,2018,0,,MEM,DAL,96,91,1
2017-10-26,2018,0,,CHI,ATL,91,86,1
2017-10-26,2018,0,,MIL,BOS,89,96,1
2017-10-26,2018,0,,POR,LAC,103,104,1
2017-10-26,2018,0,,SAC,NOP,106,114,1
2017-10-27,2018,0,,ORL,SAS,114,87,1
2017-10-27,2018,0,,CHO,HOU,93,109,1
2017-10-27,2018,0,,ATL,DEN,100,105,1
2017-10-27,2018,0,,NYK,BRK,107,86,1
2017-10-27,2018,0,,MIN,OKC,119,116,1
2017-10-27,2018,0,,GSW,WAS,120,117,1
2017-10-27,2018,0,,LAL,TOR,92,101,1
2017-10-28,2018,0,,NOP,CLE,123,101,1
2017-10-28,2018,0,,MIA,BOS,90,96,1
2017-10-28,2018,0,,CHI,OKC,69,101,1
2017-10-28,2018,0,,MEM,HOU,103,89,1
2017-10-28,2018,0,,DAL,PHI,110,112,1
2017-10-28,2018,0,,UTA,LAL,96,81,1
2017-10-28,2018,0,,POR,PHO,114,107,1
2017-10-28,2018,0,,LAC,DET,87,95,1
2017-10-29,2018,0,,ATL,MIL,106,117,1
2017-10-29,2018,0,,IND,SAS,97,94,1
2017-10-29,2018,0,,SAC,WAS,83,110,1
2017-10-29,2018,0,,BRK,DEN,111,124,1
2017-10-29,2018,0,,CHO,ORL,120,113,1
2017-10-29,2018,0,,CLE,NYK,95,114,1
2017-10-29,2018,0,,GSW,DET,107,115,1
2017-10-30,2018,0,,BOS,SAS,108,94,1
2017-10-30,2018,0,,MIA,MIN,122,125,1
2017-10-30,2018,0,,NYK,DEN,116,110,1
2017-10-30,2018,0,,NOP,ORL,99,115,1
2017-10-30,2018,0,,MEM,CHO,99,104,1
2017-10-30,2018,0,,HOU,PHI,107,115,1
2017-10-30,2018,0,,UTA,DAL,104,89,1
2017-10-30,2018,0,,POR,TOR,85,99,1
2017-10-30,2018,0,,LAC,GSW,113,141,1
2017-10-31,2018,0,,IND,SAC,101,83,1
2017-10-31,2018,0,,BRK,PHO,114,122,1
2017-10-31,2018,0,,MIL,OKC,91,110,1
2017-10-31,2018,0,,LAL,DET,113,93,1
2017-11-01,2018,0,,WAS,PHO,116,122,1
2017-11-01,2018,0,,CHO,MIL,126,121,1
2017-11-01,2018,0,,PHI,ATL,119,109,1
2017-11-01,2018,0,,CLE,IND,107,124,1
2017-11-01,2018,0,,BOS,SAC,113,86,1
2017-11-01,2018,0,,MIA,CHI,97,91,1
2017-11-01,2018,0,,NYK,HOU,97,119,1
2017-11-01,2018,0,,MEM,ORL,99,101,1
2017-11-01,2018,0,,NOP,MIN,98,104,1
2017-11-01,2018,0,,UTA,POR,112,103,1
2017-11-01,2018,0,,DEN,TOR,129,111,1
2017-11-01,2018,0,,LAC,DAL,119,98,1
2017-11-02,2018,0,,SAS,GSW,92,112,1
2017-11-02,2018,0,,POR,LAL,113,110,1
2017-11-03,2018,0,,ORL,CHI,83,105,1
2017-11-03,2018,0,,DET,MIL,105,96,1
2017-11-03,2018,0,,PHI,IND,121,110,1
2017-11-03,2018,0,,WAS,CLE,122,130,1
2017-11-03,2018,0,,NYK,PHO,120,107,1
2017-11-03,2018,0,,ATL,HOU,104,119,1
2017-11-03,2018,0,,DAL,NOP,94,99,1
2017-11-03,2018,0,,SAS,CHO,108,101,1
2017-11-03,2018,0,,UTA,TOR,100,109,1
2017-11-03,2018,0,,DEN,MIA,95,94,1
2017-11-03,2018,0,,OKC,BOS,94,101,1
2017-11-03,2018,0,,LAL,BRK,124,112,1
2017-11-04,2018,0,,LAC,MEM,104,113,1
2017-11-04,2018,0,,DET,SAC,108,99,1
2017-11-04,2018,0,,MIN,DAL,112,99,1
2017-11-04,2018,0,,CHI,NOP,90,96,1
2017-11-04,2018,0,,DEN,GSW,108,127,1
2017-11-05,2018,0,,CLE,ATL,115,117,1
2017-11-05,2018,0,,LAC,MIA,101,104,1
2017-11-05,2018,0,,TOR,WAS,96,107,1
2017-11-05,2018,0,,ORL,BOS,88,104,1
2017-11-05,2018,0,,HOU,UTA,137,110,1
2017-11-05,2018,0,,SAS,PHO,112,95,1
2017-11-05,2018,0,,NYK,IND,108,101,1
2017-11-05,2018,0,,MIN,CHO,112,94,1
2017-11-05,2018,0,,POR,OKC,103,99,1
2017-11-05,2018,0,,LAL,MEM,107,102,1
2017-11-06,2018,0,,ATL,BOS,107,110,1
2017-11-06,2018,0,,PHO,BRK,92,98,1
2017-11-06,2018,0,,GSW,MIA,97,80,1
2017-11-07,2018,0,,WAS,DAL,99,113,1
2017-11-07,2018,0,,CLE,MIL,124,119,1
2017-11-07,2018,0,,IND,NOP,112,117,1
2017-11-07,2018,0,,NYK,CHO,118,113,1
2017-11-07,2018,0,,TOR,CHI,119,114,1
2017-11-07,2018,0,,SAS,LAC,120,107,1
2017-11-07,2018,0,,UTA,PHI,97,104,1
2017-11-07,2018,0,,DEN,BRK,112,104,1
2017-11-07,2018,0,,SAC,OKC,94,86,1
2017-11-07,2018,0,,POR,MEM,97,98,1
2017-11-08,2018,0,,ORL,NYK,112,99,1
2017-11-08,2018,0,,DET,IND,114,97,1
2017-11-08,2018,0,,BOS,LAL,107,96,1
2017-11-08,2018,0,,PHO,MIA,115,126,1
2017-11-08,2018,0,,GSW,MIN,125,101,1
2017-11-09,2018,0,,WAS,LAL,111,95,1
2017-11-09,2018,0,,TOR,NOP,122,118,1
2017-11-09,2018,0,,HOU,CLE,117,113,1
2017-11-09,2018,0,,SAC,PHI,109,108,1
2017-11-09,2018,0,,DEN,OKC,102,94,1
2017-11-10,2018,0,,DET,ATL,111,104,1
2017-11-10,2018,0,,BOS,CHO,90,87,1
2017-11-10,2018,0,,CHI,IND,87,105,1
2017-11-10,2018,0,,SAS,MIL,87,94,1
2017-11-10,2018,0,,OKC,LAC,120,111,1
2017-11-10,2018,0,,UTA,MIA,74,84,1
2017-11-10,2018,0,,PHO,ORL,112,128,1
2017-11-10,2018,0,,POR,BRK,97,101,1
2017-11-11,2018,0,,WAS,ATL,113,94,1
2017-11-11,2018,0,,NOP,LAC,111,103,1
2017-11-11,2018,0,,NYK,SAC,118,91,1
2017-11-11,2018,0,,HOU,MEM,111,96,1
2017-11-11,2018,0,,DAL,CLE,104,111,1
2017-11-11,2018,0,,MIL,LAL,98,90,1
2017-11-11,2018,0,,GSW,PHI,135,114,1
2017-11-11,2018,0,,SAS,CHI,133,94,1
2017-11-11,2018,0,,UTA,BRK,114,106,1
2017-11-11,2018,0,,DEN,ORL,125,107,1
2017-11-11,2018,0,,PHO,MIN,118,110,1
2017-11-12,2018,0,,BOS,TOR,95,94,1
2017-11-12,2018,0,,DET,MIA,112,103,1
2017-11-12,2018,0,,IND,HOU,95,118,1
2017-11-12,2018,0,,OKC,DAL,112,99,1
2017-11-13,2018,0,,WAS,SAC,110,92,1
2017-11-13,2018,0,,NYK,CLE,101,104,1
2017-11-13,2018,0,,MIL,MEM,110,103,1
2017-11-13,2018,0,,NOP,ATL,106,105,1
2017-11-13,2018,0,,UTA,MIN,98,109,1
2017-11-13,2018,0,,PHO,LAL,93,100,1
2017-11-13,2018,0,,POR,DEN,99,82,1
2017-11-13,2018,0,,GSW,ORL,110,100,1
2017-11-13,2018,0,,LAC,PHI,105,109,1
2017-11-14,2018,0,,BRK,BOS,102,109,1
2017-11-14,2018,0,,HOU,TOR,113,129,1
2017-11-14,2018,0,,DAL,SAS,91,97,1
2017-11-15,2018,0,,MIA,WAS,93,102,1
2017-11-15,2018,0,,ATL,SAC,126,80,1
2017-11-15,2018,0,,NYK,UTA,106,101,1
2017-11-15,2018,0,,MIN,SAS,98,86,1
2017-11-15,2018,0,,NOP,TOR,116,125,1
2017-11-15,2018,0,,MEM,IND,113,116,1
2017-11-15,2018,0,,CHO,CLE,107,115,1
2017-11-15,2018,0,,OKC,CHI,92,79,1
2017-11-15,2018,0,,MIL,DET,99,95,1
2017-11-15,2018,0,,POR,ORL,99,94,1
2017-11-15,2018,0,,LAL,PHI,109,115,1
2017-11-16,2018,0,,BOS,GSW,92,88,1
2017-11-16,2018,0,,PHO,HOU,116,142,1
2017-11-17,2018,0,,WAS,MIA,88,91,1
2017-11-17,2018,0,,IND,DET,107,100,1
2017-11-17,2018,0,,CLE,LAC,118,113,1
2017-11-17,2018,0,,BRK,UTA,118,107,1
2017-11-17,2018,0,,TOR,NYK,107,84,1
2017-11-17,2018,0,,CHI,CHO,123,120,1
2017-11-17,2018,0,,SAS,OKC,104,101,1
2017-11-17,2018,0,,DAL,MIN,87,111,1
2017-11-17,2018,0,,SAC,POR,86,82,1
2017-11-17,2018,0,,LAL,PHO,113,122,1
2017-11-17,2018,0,,DEN,NOP,146,114,1
2017-11-18,2018,0,,CHO,LAC,102,87,1
2017-11-18,2018,0,,ORL,UTA,85,125,1
2017-11-18,2018,0,,ATL,BOS,99,110,1
2017-11-18,2018,0,,PHI,GSW,116,124,1
2017-11-18,2018,0,,MEM,HOU,83,105,1
2017-11-18,2018,0,,DAL,MIL,111,79,1
2017-11-18,2018,0,,POR,SAC,102,90,1
2017-11-19,2018,0,,TOR,WAS,100,91,1
2017-11-19,2018,0,,MIA,IND,95,120,1
2017-11-19,2018,0,,BRK,GSW,111,118,1
2017-11-19,2018,0,,MIN,DET,97,100,1
2017-11-19,2018,0,,PHO,CHI,113,105,1
2017-11-19,2018,0,,LAL,DEN,127,109,1
2017-11-20,2018,0,,PHI,UTA,107,86,1
2017-11-20,2018,0,,DET,CLE,88,116,1
2017-11-20,2018,0,,ORL,IND,97,105,1
2017-11-20,2018,0,,CHO,MIN,118,102,1
2017-11-20,2018,0,,NYK,LAC,107,85,1
2017-11-20,2018,0,,MIL,WAS,88,99,1
2017-11-20,2018,0,,NOP,OKC,114,107,1
2017-11-20,2018,0,,MEM,POR,92,100,1
2017-11-20,2018,0,,DAL,BOS,102,110,1
2017-11-20,2018,0,,SAS,ATL,96,85,1
2017-11-20,2018,0,,SAC,DEN,98,114,1
2017-11-21,2018,0,,LAL,CHI,103,94,1
2017-11-22,2018,0,,CLE,BRK,119,109,1
2017-11-22,2018,0,,CHO,WAS,129,124,1
2017-11-22,2018,0,,PHI,POR,101,81,1
2017-11-22,2018,0,,ATL,LAC,103,116,1
2017-11-22,2018,0,,MIA,BOS,104,98,1
2017-11-22,2018,0,,NYK,TOR,108,100,1
2017-11-22,2018,0,,NOP,SAS,107,90,1
2017-11-22,2018,0,,HOU,DEN,125,95,1
2017-11-22,2018,0,,MIN,ORL,124,118,1
2017-11-22,2018,0,,MEM,DAL,94,95,1
2017-11-22,2018,0,,OKC,GSW,108,91,1
2017-11-22,2018,0,,UTA,CHI,110,80,1
2017-11-22,2018,0,,PHO,MIL,107,113,1
2017-11-22,2018,0,,SAC,LAL,113,102,1
2017-11-24,2018,0,,BRK,POR,125,127,1
2017-11-24,2018,0,,ATL,NYK,116,104,1
2017-11-24,2018,0,,BOS,ORL,118,103,1
2017-11-24,2018,0,,OKC,DET,98,99,1
2017-11-24,2018,0,,IND,TOR,107,104,1
2017-11-24,2018,0,,CLE,CHO,100,99,1
2017-11-24,2018,0,,MIN,MIA,97,109,1
2017-11-24,2018,0,,PHO,NOP,91,115,1
2017-11-24,2018,0,,DEN,MEM,104,92,1
2017-11-24,2018,0,,GSW,CHI,143,94,1
2017-11-25,2018,0,,CHO,SAS,86,106,1
2017-11-25,2018,0,,WAS,POR,105,108,1
2017-11-25,2018,0,,PHI,ORL,130,111,1
2017-11-25,2018,0,,ATL,TOR,78,112,1
2017-11-25,2018,0,,HOU,NYK,117,102,1
2017-11-25,2018,0,,IND,BOS,98,108,1
2017-11-25,2018,0,,GSW,NOP,110,95,1
2017-11-25,2018,0,,DAL,OKC,97,81,1
2017-11-25,2018,0,,UTA,MIL,121,108,1
2017-11-25,2018,0,,SAC,LAC,95,97,1
2017-11-26,2018,0,,MIN,PHO,119,108,1
2017-11-26,2018,0,,CHI,MIA,93,100,1
2017-11-26,2018,0,,MEM,BRK,88,98,1
2017-11-27,2018,0,,IND,ORL,121,109,1
2017-11-27,2018,0,,PHI,CLE,91,113,1
2017-11-27,2018,0,,NYK,POR,91,103,1
2017-11-27,2018,0,,BOS,DET,108,118,1
2017-11-27,2018,0,,HOU,BRK,117,103,1
2017-11-27,2018,0,,SAS,DAL,115,108,1
2017-11-27,2018,0,,GSW,SAC,106,110,1
2017-11-27,2018,0,,LAC,LAL,120,115,1
2017-11-28,2018,0,,CLE,MIA,108,97,1
2017-11-28,2018,0,,MIN,WAS,89,92,1
2017-11-28,2018,0,,CHI,PHO,99,104,1
2017-11-28,2018,0,,UTA,DEN,106,77,1
2017-11-28,2018,0,,SAC,MIL,87,112,1
2017-11-29,2018,0,,PHI,WAS,118,113,1
2017-11-29,2018,0,,DET,PHO,131,107,1
2017-11-29,2018,0,,ORL,OKC,121,108,1
2017-11-29,2018,0,,TOR,CHO,126,113,1
2017-11-29,2018,0,,NYK,MIA,115,86,1
2017-11-29,2018,0,,HOU,IND,118,97,1
2017-11-29,2018,0,,NOP,MIN,102,120,1
2017-11-29,2018,0,,SAS,MEM,104,95,1
2017-11-29,2018,0,,DAL,BRK,104,109,1
2017-11-29,2018,0,,LAL,GSW,123,127,1
2017-11-30,2018,0,,BOS,PHI,108,97,1
2017-11-30,2018,0,,ATL,CLE,114,121,1
2017-11-30,2018,0,,DEN,CHI,111,110,1
2017-11-30,2018,0,,POR,MIL,91,103,1
2017-11-30,2018,0,,LAC,UTA,107,126,1
2017-12-01,2018,0,,WAS,DET,109,91,1
2017-12-01,2018,0,,ORL,GSW,112,133,1
2017-12-01,2018,0,,TOR,IND,120,115,1
2017-12-01,2018,0,,MIA,CHO,105,100,1
2017-12-01,2018,0,,MEM,SAS,79,95,1
2017-12-01,2018,0,,OKC,MIN,111,107,1
2017-12-01,2018,0,,CHI,SAC,106,107,1
2017-12-01,2018,0,,UTA,NOP,114,108,1
2017-12-02,2018,0,,BOS,PHO,116,111,1
2017-12-02,2018,0,,DAL,LAC,108,82,1
2017-12-02,2018,0,,BRK,ATL,102,114,1
2017-12-02,2018,0,,PHI,DET,108,103,1
2017-12-02,2018,0,,CLE,MEM,116,111,1
2017-12-02,2018,0,,MIL,SAC,109,104,1
2017-12-02,2018,0,,DEN,LAL,115,100,1
2017-12-02,2018,0,,POR,NOP,116,123,1
2017-12-03,2018,0,,NYK,ORL,100,105,1
2017-12-03,2018,0,,MIA,GSW,95,123,1
2017-12-03,2018,0,,MIN,LAC,112,106,1
2017-12-03,2018,0,,OKC,SAS,90,87,1
2017-12-03,2018,0,,LAL,HOU,95,118,1
2017-12-04,2018,0,,CHO,ORL,104,94,1
2017-12-04,2018,0,,PHI,PHO,101,115,1
2017-12-04,2018,0,,IND,NYK,115,97,1
2017-12-04,2018,0,,BOS,MIL,111,100,1
2017-12-04,2018,0,,ATL,BRK,90,110,1
2017-12-04,2018,0,,MEM,MIN,95,92,1
2017-12-04,2018,0,,NOP,GSW,115,125,1
2017-12-04,2018,0,,CHI,CLE,91,113,1
2017-12-04,2018,0,,DAL,DEN,122,105,1
2017-12-04,2018,0,,SAS,DET,96,93,1
2017-12-04,2018,0,,UTA,WAS,116,69,1
2017-12-05,2018,0,,TOR,PHO,126,113,1
2017-12-05,2018,0,,OKC,UTA,100,94,1
2017-12-05,2018,0,,POR,WAS,92,106,1
2017-12-06,2018,0,,CLE,SAC,101,95,1
2017-12-06,2018,0,,ORL,ATL,110,106,1
2017-12-06,2018,0,,IND,CHI,98,96,1
2017-12-06,2018,0,,BOS,DAL,97,90,1
2017-12-06,2018,0,,NYK,MEM,99,88,1
2017-12-06,2018,0,,CHO,GSW,87,101,1
2017-12-06,2018,0,,MIL,DET,104,100,1
2017-12-06,2018,0,,NOP,DEN,123,114,1
2017-12-06,2018,0,,SAS,MIA,117,105,1
2017-12-06,2018,0,,LAC,MIN,107,113,1
2017-12-07,2018,0,,PHI,LAL,104,107,1
2017-12-07,2018,0,,PHO,WAS,99,109,1
2017-12-07,2018,1,,BRK,OKC,100,95,0
2017-12-07,2018,0,,UTA,HOU,101,112,1
2017-12-08,2018,0,,CHO,CHI,111,119,1
2017-12-08,2018,0,,ORL,DEN,89,103,1
2017-12-08,2018,0,,DET,GSW,98,102,1
2017-12-08,2018,0,,IND,CLE,106,102,1
2017-12-08,2018,0,,MIL,DAL,109,102,1
2017-12-08,2018,0,,NOP,SAC,109,116,1
2017-12-08,2018,0,,MEM,TOR,107,116,1
2017-12-08,2018,0,,SAS,BOS,105,102,1
2017-12-09,2018,0,,LAC,WAS,113,112,1
2017-12-09,2018,1,,BRK,MIA,89,101,0
2017-12-09,2018,0,,CHO,LAL,99,110,1
2017-12-09,2018,0,,ATL,ORL,117,110,1
2017-12-09,2018,0,,CHI,NYK,104,102,1
2017-12-09,2018,0,,CLE,PHI,105,98,1
2017-12-09,2018,0,,MIL,UTA,117,100,1
2017-12-09,2018,0,,MEM,OKC,101,102,1
2017-12-09,2018,0,,PHO,SAS,101,104,1
2017-12-09,2018,0,,POR,HOU,117,124,1
2017-12-10,2018,0,,SAC,TOR,87,102,1
2017-12-10,2018,0,,DET,BOS,81,91,1
2017-12-10,2018,0,,IND,DEN,126,116,1
2017-12-10,2018,0,,NOP,PHI,131,124,1
2017-12-10,2018,0,,MIN,DAL,97,92,1
2017-12-10,2018,0,,NYK,ATL,111,107,1
2017-12-11,2018,0,,OKC,CHO,103,116,1
2017-12-11,2018,0,,CHI,BOS,108,85,1
2017-12-11,2018,0,,HOU,NOP,130,123,1
2017-12-11,2018,0,,MEM,MIA,82,107,1
2017-12-11,2018,0,,LAC,TOR,96,91,1
2017-12-11,2018,0,,GSW,POR,111,104,1
2017-12-12,2018,0,,NYK,LAL,113,109,1
2017-12-12,2018,0,,CLE,ATL,123,114,1
2017-12-12,2018,0,,DET,DEN,84,103,1
2017-12-12,2018,0,,BRK,WAS,103,98,1
2017-12-12,2018,0,,DAL,SAS,95,89,1
2017-12-12,2018,0,,MIN,PHI,112,118,1
2017-12-12,2018,0,,SAC,PHO,99,92,1
2017-12-13,2018,0,,ORL,LAC,95,106,1
2017-12-13,2018,0,,IND,OKC,95,100,1
2017-12-13,2018,0,,WAS,MEM,93,87,1
2017-12-13,2018,0,,MIA,POR,95,102,1
2017-12-13,2018,0,,BOS,DEN,124,118,1
2017-12-13,2018,0,,NOP,MIL,115,108,1
2017-12-13,2018,0,,CHI,UTA,103,100,1
2017-12-13,2018,0,,PHO,TOR,109,115,1
2017-12-13,2018,0,,HOU,CHO,108,96,1
2017-12-14,2018,0,,ATL,DET,91,105,1
2017-12-14,2018,0,,BRK,NYK,104,111,1
2017-12-14,2018,0,,MIN,SAC,119,96,1
2017-12-14,2018,0,,CLE,LAL,121,112,1
2017-12-14,2018,0,,GSW,DAL,112,97,1
2017-12-15,2018,0,,PHI,OKC,117,119,1
2017-12-15,2018,0,,CHO,MIA,98,104,1
2017-12-15,2018,0,,IND,DET,98,104,1
2017-12-15,2018,0,,ORL,POR,88,95,1
2017-12-15,2018,0,,WAS,LAC,100,91,1
2017-12-15,2018,0,,BOS,UTA,95,107,1
2017-12-15,2018,0,,TOR,BRK,120,87,1
2017-12-15,2018,0,,MEM,ATL,96,94,1
2017-12-15,2018,0,,MIL,CHI,109,115,1
2017-12-15,2018,0,,DEN,NOP,117,111,1
2017-12-15,2018,0,,HOU,SAS,124,109,1
2017-12-16,2018,0,,CHO,POR,91,93,1
2017-12-16,2018,0,,CLE,UTA,109,100,1
2017-12-16,2018,0,,NYK,OKC,111,96,1
2017-12-16,2018,0,,MIN,PHO,106,108,1
2017-12-16,2018,0,,HOU,MIL,115,111,1
2017-12-16,2018,0,,MIA,LAC,90,85,1
2017-12-16,2018,0,,SAS,DAL,98,96,1
2017-12-16,2018,0,,MEM,BOS,93,102,1
2017-12-17,2018,0,,TOR,SAC,108,93,1
2017-12-17,2018,0,,DET,ORL,114,110,1
2017-12-17,2018,0,,WAS,CLE,99,106,1
2017-12-17,2018,0,,BRK,IND,97,109,1
2017-12-18,2018,0,,CHO,NYK,109,91,1
2017-12-18,2018,0,,IND,BOS,111,112,1
2017-12-18,2018,0,,ATL,MIA,110,104,1
2017-12-18,2018,0,,CHI,PHI,117,115,1
2017-12-18,2018,0,,OKC,DEN,95,94,1
2017-12-18,2018,0,,HOU,UTA,120,99,1
2017-12-18,2018,0,,MIN,POR,108,107,1
2017-12-18,2018,0,,SAS,LAC,109,91,1
2017-12-18,2018,0,,DAL,PHO,91,97,1
2017-12-18,2018,0,,LAL,GSW,114,116,1
2017-12-19,2018,0,,PHI,SAC,95,101,1
2017-12-19,2018,0,,WAS,NOP,116,106,1
2017-12-19,2018,0,,MIL,CLE,119,116,1
2017-12-20,2018,0,,CHO,TOR,111,129,1
2017-12-20,2018,0,,BRK,SAC,99,104,1
2017-12-20,2018,0,,BOS,MIA,89,90,1
2017-12-20,2018,0,,ATL,IND,95,105,1
2017-12-20,2018,0,,CHI,ORL,112,94,1
2017-12-20,2018,0,,OKC,UTA,107,79,1
2017-12-20,2018,0,,HOU,LAL,116,122,1
2017-12-20,2018,0,,DAL,DET,110,93,1
2017-12-20,2018,0,,DEN,MIN,104,112,1
2017-12-20,2018,0,,POR,SAS,91,93,1
2017-12-20,2018,0,,LAC,PHO,108,95,1
2017-12-20,2018,0,,GSW,MEM,97,84,1
2017-12-21,2018,0,,PHI,TOR,109,114,1
2017-12-21,2018,0,,CLE,CHI,115,112,1
2017-12-21,2018,0,,NYK,BOS,102,93,1
2017-12-21,2018,0,,PHO,MEM,97,95,1
2017-12-21,2018,0,,UTA,SAS,100,89,1
2017-12-22,2018,0,,ORL,NOP,97,111,1
2017-12-22,2018,0,,DET,NYK,104,101,1
2017-12-22,2018,0,,BRK,WAS,119,84,1
2017-12-22,2018,0,,HOU,LAC,118,128,1
2017-12-22,2018,0,,MIL,CHO,109,104,1
2017-12-22,2018,0,,MIA,DAL,113,101,1
2017-12-22,2018,0,,OKC,ATL,120,117,1
2017-12-22,2018,0,,POR,DEN,85,102,1
2017-12-22,2018,0,,GSW,LAL,113,106,1
2017-12-23,2018,0,,TOR,PHI,102,86,1
2017-12-23,2018,0,,IND,BRK,123,119,1
2017-12-23,2018,0,,CHO,MIL,111,106,1
2017-12-23,2018,0,,WAS,ORL,130,103,1
2017-12-23,2018,0,,ATL,DAL,112,107,1
2017-12-23,2018,0,,BOS,CHI,117,92,1
2017-12-23,2018,0,,MEM,LAC,115,112,1
2017-12-23,2018,0,,MIA,NOP,94,109,1
2017-12-23,2018,0,,UTA,OKC,89,103,1
2017-12-23,2018,0,,GSW,DEN,81,96,1
2017-12-23,2018,0,,PHO,MIN,106,115,1
2017-12-23,2018,0,,LAL,POR,92,95,1
2017-12-23,2018,0,,SAC,SAS,99,108,1
2017-12-25,2018,0,,NYK,PHI,98,105,1
2017-12-25,2018,0,,GSW,CLE,99,92,1
2017-12-25,2018,0,,BOS,WAS,103,111,1
2017-12-25,2018,0,,OKC,HOU,112,107,1
2017-12-25,2018,0,,LAL,MIN,104,121,1
2017-12-26,2018,0,,DET,IND,107,83,1
2017-12-26,2018,0,,DAL,TOR,98,93,1
2017-12-26,2018,0,,MIA,ORL,107,89,1
2017-12-26,2018,0,,MIL,CHI,106,115,1
2017-12-26,2018,0,,SAS,BRK,109,97,1
2017-12-26,2018,0,,DEN,UTA,107,83,1
2017-12-26,2018,0,,PHO,MEM,99,97,1
2017-12-26,2018,0,,LAC,SAC,122,95,1
2017-12-27,2018,0,,CHO,BOS,91,102,1
2017-12-27,2018,0,,IND,DAL,94,98,1
2017-12-27,2018,0,,ATL,WAS,113,99,1
2017-12-27,2018,0,,MIN,DEN,128,125,1
2017-12-27,2018,0,,OKC,TOR,124,107,1
2017-12-27,2018,0,,NOP,BRK,128,113,1
2017-12-27,2018,0,,CHI,NYK,92,87,1
2017-12-27,2018,0,,SAC,CLE,109,95,1
2017-12-27,2018,0,,GSW,UTA,126,101,1
2017-12-27,2018,0,,LAL,MEM,99,109,1
2017-12-28,2018,0,,ORL,DET,102,89,1
2017-12-28,2018,0,,BOS,HOU,99,98,1
2017-12-28,2018,0,,MIL,MIN,102,96,1
2017-12-28,2018,0,,SAS,NYK,119,107,1
2017-12-28,2018,0,,POR,PHI,114,110,1
2017-12-29,2018,0,,WAS,HOU,121,103,1
2017-12-29,2018,0,,TOR,ATL,111,98,1
2017-12-29,2018,0,,CHI,IND,119,107,1
2017-12-29,2018,0,,OKC,MIL,95,97,1
2017-12-29,2018,0,,NOP,DAL,120,128,1
2017-12-29,2018,0,,MIA,BRK,87,111,1
2017-12-29,2018,0,,SAC,PHO,101,111,1
2017-12-29,2018,0,,GSW,CHO,100,111,1
2017-12-29,2018,0,,LAL,LAC,106,121,1
2017-12-30,2018,0,,DET,SAS,93,79,1
2017-12-30,2018,0,,ORL,MIA,111,117,1
2017-12-30,2018,0,,NOP,NYK,103,105,1
2017-12-30,2018,0,,ATL,POR,104,89,1
2017-12-30,2018,0,,UTA,CLE,104,101,1
2017-12-30,2018,0,,GSW,MEM,141,128,1
2017-12-30,2018,0,,DEN,PHI,102,107,1
2017-12-31,2018,0,,WAS,CHI,114,110,1
2017-12-31,2018,0,,IND,MIN,90,107,1
2017-12-31,2018,0,,BOS,BRK,108,105,1
2017-12-31,2018,0,,SAC,MEM,96,114,1
2017-12-31,2018,0,,LAC,CHO,106,98,1
2017-12-31,2018,0,,OKC,DAL,113,116,1
2017-12-31,2018,0,,HOU,LAL,148,142,1
2017-12-31,2018,0,,PHO,PHI,110,123,1
2018-01-01,2018,0,,TOR,MIL,131,127,1
2018-01-01,2018,0,,BRK,ORL,98,95,1
2018-01-01,2018,0,,CHI,POR,120,124,1
2018-01-01,2018,0,,MIN,LAL,114,96,1
2018-01-02,2018,0,,CLE,POR,127,110,1
2018-01-02,2018,0,,NYK,SAS,91,100,1
2018-01-02,2018,0,,PHO,ATL,104,103,1
2018-01-02,2018,0,,SAC,CHO,111,131,1
2018-01-02,2018,0,,LAC,MEM,113,105,1
2018-01-03,2018,0,,ORL,HOU,98,116,1
2018-01-03,2018,0,,WAS,NYK,121,103,1
2018-01-03,2018,0,,PHI,SAS,112,106,1
2018-01-03,2018,0,,MIA,DET,111,104,1
2018-01-03,2018,0,,BRK,MIN,98,97,1
2018-01-03,2018,0,,CHI,TOR,115,124,1
2018-01-03,2018,0,,BOS,CLE,102,88,1
2018-01-03,2018,0,,MIL,IND,122,101,1
2018-01-03,2018,0,,DAL,GSW,122,125,1
2018-01-03,2018,0,,UTA,NOP,98,108,1
2018-01-03,2018,0,,DEN,PHO,134,111,1
2018-01-03,2018,0,,LAL,OKC,96,133,1
2018-01-04,2018,0,,HOU,GSW,114,124,1
2018-01-04,2018,0,,LAC,OKC,117,127,1
2018-01-05,2018,0,,PHI,DET,114,78,1
2018-01-05,2018,0,,BOS,MIN,91,84,1
2018-01-05,2018,0,,MIL,TOR,110,129,1
2018-01-05,2018,0,,MIA,NYK,107,103,1
2018-01-05,2018,0,,SAS,PHO,103,89,1
2018-01-05,2018,0,,DAL,CHI,124,127,1
2018-01-05,2018,0,,DEN,UTA,99,91,1
2018-01-05,2018,0,,MEM,WAS,100,102,1
2018-01-05,2018,0,,POR,ATL,110,89,1
2018-01-05,2018,0,,LAL,CHO,94,108,1
2018-01-06,2018,0,,LAC,GSW,105,121,1
2018-01-06,2018,0,,BRK,BOS,85,87,1
2018-01-06,2018,0,,ORL,CLE,127,131,1
2018-01-06,2018,0,,DET,HOU,108,101,1
2018-01-06,2018,0,,IND,CHI,125,86,1
2018-01-06,2018,0,,WAS,MIL,103,110,1
2018-01-06,2018,0,,MIN,NOP,116,98,1
2018-01-06,2018,0,,SAC,DEN,106,98,1
2018-01-07,2018,0,,MIA,UTA,103,102,1
2018-01-07,2018,0,,DAL,NYK,96,100,1
2018-01-07,2018,0,,PHO,OKC,114,100,1
2018-01-07,2018,0,,POR,SAS,111,110,1
2018-01-07,2018,0,,LAL,ATL,132,113,1
2018-01-08,2018,0,,IND,MIL,109,96,1
2018-01-08,2018,0,,BRK,TOR,113,114,1
2018-01-08,2018,0,,NOP,DET,112,109,1
2018-01-08,2018,0,,MIN,CLE,127,99,1
2018-01-08,2018,0,,CHI,HOU,107,116,1
2018-01-08,2018,0,,SAC,SAS,100,107,1
2018-01-08,2018,0,,GSW,DEN,124,114,1
2018-01-08,2018,0,,LAC,ATL,108,107,1
2018-01-09,2018,0,,TOR,MIA,89,90,1
2018-01-09,2018,0,,OKC,POR,106,117,1
2018-01-09,2018,0,,DAL,ORL,114,99,1
2018-01-09,2018,0,,LAL,SAC,99,86,1
2018-01-10,2018,0,,CHO,DAL,111,115,1
2018-01-10,2018,0,,WAS,UTA,104,107,1
2018-01-10,2018,0,,IND,MIA,106,114,1
2018-01-10,2018,0,,BRK,DET,80,114,1
2018-01-10,2018,0,,NYK,CHI,119,122,1
2018-01-10,2018,0,,MEM,NOP,105,102,1
2018-01-10,2018,0,,MIN,OKC,104,88,1
2018-01-10,2018,0,,MIL,ORL,110,103,1
2018-01-10,2018,0,,HOU,POR,121,112,1
2018-01-10,2018,0,,DEN,ATL,97,110,1
2018-01-10,2018,0,,GSW,LAC,106,125,1
2018-01-11,2018,0,,TOR,CLE,133,99,1
2018-01-11,2018,0,,SAC,LAC,115,121,1
2018-01-11,2018,0,,LAL,SAS,93,81,1
2018-01-11,2018,1,,BOS,PHI,114,103,0
2018-01-12,2018,0,,CHO,UTA,99,88,1
2018-01-12,2018,0,,WAS,ORL,125,119,1
2018-01-12,2018,0,,IND,CLE,97,95,1
2018-01-12,2018,0,,ATL,BRK,105,110,1
2018-01-12,2018,0,,NOP,POR,119,113,1
2018-01-12,2018,0,,MIL,GSW,94,108,1
2018-01-12,2018,0,,MIN,NYK,118,108,1
2018-01-12,2018,0,,DEN,MEM,87,78,1
2018-01-12,2018,0,,PHO,HOU,95,112,1
2018-01-13,2018,0,,DAL,LAL,101,107,1
2018-01-13,2018,0,,LAC,SAC,126,105,1
2018-01-13,2018,0,,CHO,OKC,91,101,1
2018-01-13,2018,0,,WAS,BRK,119,113,1
2018-01-13,2018,0,,TOR,GSW,125,127,1
2018-01-13,2018,0,,CHI,DET,107,105,1
2018-01-13,2018,0,,SAS,DEN,112,80,1
2018-01-14,2018,0,,MIA,MIL,97,79,1
2018-01-14,2018,0,,NYK,NOP,118,123,1
2018-01-14,2018,0,,PHO,IND,97,120,1
2018-01-14,2018,0,,MIN,POR,120,103,1
2018-01-15,2018,0,,DET,CHO,107,118,1
2018-01-15,2018,0,,PHI,TOR,117,111,1
2018-01-15,2018,0,,WAS,MIL,95,104,1
2018-01-15,2018,0,,ATL,SAS,102,99,1
2018-01-15,2018,0,,BRK,NYK,104,119,1
2018-01-15,2018,0,,CHI,MIA,119,111,1
2018-01-15,2018,0,,MEM,LAL,123,114,1
2018-01-15,2018,0,,OKC,SAC,95,88,1
2018-01-15,2018,0,,CLE,GSW,108,118,1
2018-01-15,2018,0,,UTA,IND,94,109,1
2018-01-15,2018,0,,LAC,HOU,113,102,1
2018-01-16,2018,0,,ORL,MIN,108,102,1
2018-01-16,2018,0,,BOS,NOP,113,116,1
2018-01-16,2018,0,,DEN,DAL,105,102,1
2018-01-16,2018,0,,POR,PHO,118,111,1
2018-01-17,2018,0,,CHO,WAS,133,109,1
2018-01-17,2018,0,,TOR,DET,96,91,1
2018-01-17,2018,0,,BRK,SAS,95,100,1
2018-01-17,2018,0,,ATL,NOP,94,93,1
2018-01-17,2018,0,,CHI,GSW,112,119,1
2018-01-17,2018,0,,MIL,MIA,101,106,1
2018-01-17,2018,0,,MEM,NYK,105,99,1
2018-01-17,2018,0,,OKC,LAL,114,90,1
2018-01-17,2018,0,,SAC,UTA,105,120,1
2018-01-17,2018,0,,LAC,DEN,109,104,1
2018-01-18,2018,0,,BOS,PHI,80,89,1
2018-01-18,2018,0,,CLE,ORL,104,103,1
2018-01-18,2018,0,,HOU,MIN,116,98,1
2018-01-18,2018,0,,POR,IND,100,86,1
2018-01-19,2018,0,,TOR,SAS,86,83,1
2018-01-19,2018,0,,BRK,MIA,101,95,1
2018-01-19,2018,0,,DET,WAS,112,122,1
2018-01-19,2018,0,,MEM,SAC,106,88,1
2018-01-19,2018,0,,DEN,PHO,100,108,1
2018-01-19,2018,0,,UTA,NYK,115,117,1
2018-01-19,2018,0,,LAL,IND,99,86,1
2018-01-20,2018,0,,CLE,OKC,124,148,1
2018-01-20,2018,0,,ATL,CHI,97,113,1
2018-01-20,2018,0,,NOP,MEM,111,104,1
2018-01-20,2018,0,,CHO,MIA,105,106,1
2018-01-20,2018,0,,PHI,MIL,116,94,1
2018-01-20,2018,0,,HOU,GSW,116,108,1
2018-01-20,2018,0,,UTA,LAC,125,113,1
2018-01-20,2018,0,,MIN,TOR,115,109,1
2018-01-20,2018,0,,POR,DAL,117,108,1
2018-01-21,2018,0,,BOS,ORL,95,103,1
2018-01-21,2018,0,,LAL,NYK,127,107,1
2018-01-21,2018,0,,DET,BRK,100,101,1
2018-01-21,2018,0,,SAS,IND,86,94,1
2018-01-22,2018,0,,CHO,SAC,112,107,1
2018-01-22,2018,0,,ATL,UTA,104,90,1
2018-01-22,2018,0,,NOP,CHI,132,128,1
2018-01-22,2018,0,,MIL,PHO,109,105,1
2018-01-22,2018,0,,HOU,MIA,99,90,1
2018-01-22,2018,0,,MEM,PHI,105,101,1
2018-01-22,2018,0,,DAL,WAS,98,75,1
2018-01-22,2018,0,,DEN,POR,104,101,1
2018-01-22,2018,0,,LAC,MIN,118,126,1
2018-01-23,2018,0,,ORL,SAC,99,105,1
2018-01-23,2018,0,,SAS,CLE,114,102,1
2018-01-23,2018,0,,OKC,BRK,109,108,1
2018-01-23,2018,0,,GSW,NYK,123,112,1
2018-01-23,2018,0,,LAL,BOS,108,107,1
2018-01-24,2018,0,,CHO,NOP,96,101,1
2018-01-24,2018,0,,PHI,CHI,115,101,1
2018-01-24,2018,0,,DET,UTA,95,98,1
2018-01-24,2018,0,,IND,PHO,116,101,1
2018-01-24,2018,0,,ATL,TOR,93,108,1
2018-01-24,2018,0,,MEM,SAS,85,108,1
2018-01-24,2018,0,,DAL,HOU,97,104,1
2018-01-24,2018,0,,POR,MIN,123,114,1
2018-01-24,2018,0,,LAC,BOS,102,113,1
2018-01-25,2018,0,,MIA,SAC,88,89,1
2018-01-25,2018,0,,OKC,WAS,121,112,1
2018-01-25,2018,0,,DEN,NYK,130,118,1
2018-01-25,2018,0,,GSW,MIN,126,113,1
2018-01-26,2018,0,,CHO,ATL,121,110,1
2018-01-26,2018,0,,TOR,UTA,93,97,1
2018-01-26,2018,0,,CLE,IND,115,108,1
2018-01-26,2018,0,,MEM,LAC,100,109,1
2018-01-26,2018,0,,NOP,HOU,115,113,1
2018-01-26,2018,0,,CHI,LAL,103,108,1
2018-01-26,2018,0,,MIL,BRK,116,91,1
2018-01-26,2018,0,,DAL,POR,93,107,1
2018-01-26,2018,0,,SAS,PHI,78,97,1
2018-01-26,2018,0,,PHO,NYK,85,107,1
2018-01-27,2018,0,,DET,OKC,108,121,1
2018-01-27,2018,0,,IND,ORL,114,112,1
2018-01-27,2018,0,,ATL,WAS,104,129,1
2018-01-27,2018,0,,MIA,CHO,95,91,1
2018-01-27,2018,0,,GSW,BOS,109,105,1
2018-01-27,2018,0,,DEN,DAL,91,89,1
2018-01-27,2018,0,,MIN,BRK,111,97,1
2018-01-28,2018,0,,CHI,MIL,96,110,1
2018-01-28,2018,0,,HOU,PHO,113,102,1
2018-01-28,2018,0,,NOP,LAC,103,112,1
2018-01-28,2018,0,,CLE,DET,121,104,1
2018-01-28,2018,0,,TOR,LAL,123,111,1
2018-01-28,2018,0,,OKC,PHI,122,112,1
2018-01-28,2018,0,,SAS,SAC,113,98,1
2018-01-29,2018,0,,IND,CHO,105,96,1
2018-01-29,2018,0,,ATL,MIN,105,100,1
2018-01-29,2018,0,,MIL,PHI,107,95,1
2018-01-29,2018,0,,MEM,PHO,120,109,1
2018-01-29,2018,0,,DAL,MIA,88,95,1
2018-01-29,2018,0,,DEN,BOS,110,111,1
2018-01-30,2018,0,,WAS,OKC,102,96,1
2018-01-30,2018,0,,NYK,BRK,111,95,1
2018-01-30,2018,0,,TOR,MIN,109,104,1
2018-01-30,2018,0,,DET,CLE,125,114,1
2018-01-30,2018,0,,NOP,SAC,103,114,1
2018-01-30,2018,0,,HOU,ORL,114,107,1
2018-01-30,2018,0,,SAS,DEN,106,104,1
2018-01-30,2018,0,,UTA,GSW,129,99,1
2018-01-30,2018,0,,LAC,POR,96,104,1
2018-01-31,2018,0,,ORL,LAL,127,105,1
2018-01-31,2018,0,,IND,MEM,105,101,1
2018-01-31,2018,0,,BRK,PHI,116,108,1
2018-01-31,2018,0,,ATL,CHO,110,123,1
2018-01-31,2018,0,,CLE,MIA,91,89,1
2018-01-31,2018,0,,BOS,NYK,103,73,1
2018-01-31,2018,0,,POR,CHI,124,108,1
2018-01-31,2018,0,,PHO,DAL,102,88,1
2018-02-01,2018,0,,WAS,TOR,122,119,1
2018-02-01,2018,0,,DET,MEM,104,102,1
2018-02-01,2018,0,,SAS,HOU,91,102,1
2018-02-01,2018,0,,MIN,MIL,108,89,1
2018-02-01,2018,0,,DEN,OKC,127,124,1
2018-02-02,2018,0,,CHO,IND,133,126,1
2018-02-02,2018,0,,BRK,LAL,99,102,1
2018-02-02,2018,0,,TOR,POR,130,105,1
2018-02-02,2018,0,,BOS,ATL,119,110,1
2018-02-02,2018,0,,PHI,MIA,103,97,1
2018-02-02,2018,0,,MIL,NYK,92,90,1
2018-02-02,2018,0,,PHO,UTA,97,129,1
2018-02-02,2018,0,,OKC,NOP,100,114,1
2018-02-02,2018,0,,SAC,GSW,104,119,1
2018-02-03,2018,0,,LAC,CHI,113,103,1
2018-02-03,2018,0,,DET,MIA,111,107,1
2018-02-03,2018,0,,ORL,WAS,98,115,1
2018-02-03,2018,0,,IND,PHI,100,92,1
2018-02-03,2018,0,,CLE,HOU,88,120,1
2018-02-03,2018,0,,DEN,GSW,115,108,1
2018-02-03,2018,0,,MIN,NOP,118,107,1
2018-02-03,2018,0,,SAS,UTA,111,120,1
2018-02-03,2018,0,,SAC,DAL,99,106,1
2018-02-04,2018,0,,BRK,MIL,94,109,1
2018-02-04,2018,0,,BOS,POR,97,96,1
2018-02-04,2018,0,,NYK,ATL,96,99,1
2018-02-04,2018,0,,TOR,MEM,101,86,1
2018-02-04,2018,0,,OKC,LAL,104,108,1
2018-02-04,2018,0,,PHO,CHO,110,115,1
2018-02-05,2018,0,,DET,POR,111,91,1
2018-02-05,2018,0,,IND,WAS,102,111,1
2018-02-05,2018,0,,MIA,ORL,109,111,1
2018-02-05,2018,0,,NOP,UTA,109,133,1
2018-02-05,2018,0,,DEN,CHO,121,104,1
2018-02-05,2018,0,,SAC,CHI,104,98,1
2018-02-05,2018,0,,LAC,DAL,104,101,1
2018-02-06,2018,0,,ORL,CLE,116,98,1
2018-02-06,2018,0,,ATL,MEM,108,82,1
2018-02-06,2018,0,,BRK,HOU,113,123,1
2018-02-06,2018,0,,TOR,BOS,111,91,1
2018-02-06,2018,0,,NYK,MIL,89,103,1
2018-02-06,2018,0,,PHI,WAS,115,102,1
2018-02-06,2018,0,,GSW,OKC,105,125,1
2018-02-06,2018,0,,LAL,PHO,112,93,1
2018-02-07,2018,0,,DET,BRK,115,106,1
2018-02-07,2018,0,,MIA,HOU,101,109,1
2018-02-07,2018,0,,MEM,UTA,88,92,1
2018-02-07,2018,0,,CLE,MIN,140,138,1
2018-02-07,2018,0,,PHO,SAS,81,129,1
2018-02-08,2018,0,,ORL,ATL,100,98,1
2018-02-08,2018,0,,TOR,NYK,113,88,1
2018-02-08,2018,0,,WAS,BOS,104,110,1
2018-02-08,2018,0,,POR,CHO,109,103,1
2018-02-08,2018,0,,GSW,DAL,121,103,1
2018-02-08,2018,0,,LAL,OKC,106,81,1
2018-02-09,2018,0,,DET,LAC,95,108,1
2018-02-09,2018,0,,PHI,NOP,100,82,1
2018-02-09,2018,0,,BOS,IND,91,97,1
2018-02-09,2018,0,,ATL,CLE,107,123,1
2018-02-09,2018,0,,MIA,MIL,91,85,1
2018-02-09,2018,0,,HOU,DEN,130,104,1
2018-02-09,2018,0,,UTA,CHO,106,94,1
2018-02-09,2018,0,,CHI,MIN,114,113,1
2018-02-09,2018,0,,SAC,POR,100,118,1
2018-02-10,2018,0,,BRK,NOP,128,138,1
2018-02-10,2018,0,,ORL,MIL,104,111,1
2018-02-10,2018,0,,PHI,LAC,112,98,1
2018-02-10,2018,0,,CHI,WAS,90,101,1
2018-02-10,2018,0,,GSW,SAS,122,105,1
2018-02-10,2018,0,,DAL,LAL,130,123,1
2018-02-10,2018,0,,PHO,DEN,113,123,1
2018-02-11,2018,0,,CHO,TOR,103,123,1
2018-02-11,2018,0,,ATL,DET,118,115,1
2018-02-11,2018,0,,BOS,CLE,99,121,1
2018-02-11,2018,0,,IND,NYK,121,113,1
2018-02-11,2018,0,,HOU,DAL,104,97,1
2018-02-11,2018,0,,MIN,SAC,111,106,1
2018-02-11,2018,0,,OKC,MEM,110,92,1
2018-02-11,2018,0,,POR,UTA,96,115,1
2018-02-12,2018,0,,PHI,NYK,108,92,1
2018-02-12,2018,0,,DET,NOP,103,118,1
2018-02-12,2018,0,,BRK,LAC,101,114,1
2018-02-12,2018,0,,CHI,ORL,105,101,1
2018-02-12,2018,0,,UTA,SAS,101,99,1
2018-02-12,2018,0,,GSW,PHO,129,83,1
2018-02-13,2018,0,,TOR,MIA,115,112,1
2018-02-13,2018,0,,MIN,HOU,108,126,1
2018-02-13,2018,0,,OKC,CLE,112,120,1
2018-02-13,2018,0,,MIL,ATL,97,92,1
2018-02-13,2018,0,,DAL,SAC,109,114,1
2018-02-13,2018,0,,DEN,SAS,117,109,1
2018-02-14,2018,0,,ORL,CHO,102,104,1
2018-02-14,2018,0,,DET,ATL,104,98,1
2018-02-14,2018,0,,PHI,MIA,104,102,1
2018-02-14,2018,0,,BRK,IND,103,108,1
2018-02-14,2018,0,,NYK,WAS,113,118,1
2018-02-14,2018,0,,HOU,SAC,100,91,1
2018-02-14,2018,0,,NOP,LAL,139,117,1
2018-02-14,2018,0,,MEM,OKC,114,121,1
2018-02-14,2018,0,,BOS,LAC,119,129,1
2018-02-14,2018,0,,CHI,TOR,98,122,1
2018-02-14,2018,0,,UTA,PHO,107,97,1
2018-02-14,2018,0,,POR,GSW,123,117,1
2018-02-15,2018,0,,MIL,DEN,123,134,1
2018-02-15,2018,0,,MIN,LAL,119,111,1
2018-02-22,2018,0,,CHO,BRK,111,96,1
2018-02-22,2018,0,,ORL,NYK,113,120,1
2018-02-22,2018,0,,CHI,PHI,115,116,1
2018-02-22,2018,0,,CLE,WAS,103,110,1
2018-02-22,2018,0,,SAC,OKC,107,110,1
2018-02-22,2018,0,,GSW,LAC,134,127,1
2018-02-23,2018,0,,IND,ATL,116,93,1
2018-02-23,2018,0,,WAS,CHO,105,122,1
2018-02-23,2018,0,,DET,BOS,98,110,1
2018-02-23,2018,0,,TOR,MIL,119,122,1
2018-02-23,2018,0,,HOU,MIN,120,102,1
2018-02-23,2018,0,,NOP,MIA,124,123,1
2018-02-23,2018,0,,MEM,CLE,89,112,1
2018-02-23,2018,0,,DEN,SAS,122,119,1
2018-02-23,2018,0,,PHO,LAC,117,128,1
2018-02-23,2018,0,,UTA,POR,81,100,1
2018-02-23,2018,0,,LAL,DAL,124,102,1
2018-02-24,2018,0,,PHI,ORL,116,105,1
2018-02-24,2018,0,,MIA,MEM,115,89,1
2018-02-24,2018,0,,NYK,BOS,112,121,1
2018-02-24,2018,0,,GSW,OKC,112,80,1
2018-02-24,2018,0,,PHO,POR,104,106,1
2018-02-24,2018,0,,MIN,CHI,122,104,1
2018-02-24,2018,0,,UTA,DAL,97,90,1
2018-02-24,2018,0,,SAC,LAL,108,113,1
2018-02-25,2018,0,,CHO,DET,114,98,1
2018-02-25,2018,0,,MIL,NOP,121,123,1
2018-02-25,2018,0,,CLE,SAS,94,110,1
2018-02-25,2018,0,,DEN,HOU,114,119,1
2018-02-25,2018,0,,WAS,PHI,109,94,1
2018-02-26,2018,0,,TOR,DET,123,94,1
2018-02-26,2018,0,,NYK,GSW,111,125,1
2018-02-26,2018,0,,ATL,LAL,104,123,1
2018-02-26,2018,0,,BOS,MEM,109,98,1
2018-02-26,2018,0,,BRK,CHI,104,87,1
2018-02-26,2018,0,,OKC,ORL,112,105,1
2018-02-26,2018,0,,NOP,PHO,125,116,1
2018-02-26,2018,0,,DAL,IND,109,103,1
2018-02-26,2018,0,,UTA,HOU,85,96,1
2018-02-26,2018,0,,SAC,MIN,100,118,1
2018-02-27,2018,0,,CLE,BRK,129,123,1
2018-02-27,2018,0,,CHO,CHI,118,103,1
2018-02-27,2018,0,,MIA,PHI,102,101,1
2018-02-27,2018,0,,MIL,WAS,104,107,1
2018-02-27,2018,0,,POR,SAC,116,99,1
2018-02-27,2018,0,,DEN,LAC,120,122,1
2018-02-28,2018,0,,ORL,TOR,104,117,1
2018-02-28,2018,0,,DET,MIL,110,87,1
2018-02-28,2018,0,,ATL,IND,107,102,1
2018-02-28,2018,0,,BOS,CHO,134,106,1
2018-02-28,2018,0,,WAS,GSW,101,109,1
2018-02-28,2018,0,,MEM,PHO,102,110,1
2018-02-28,2018,0,,DAL,OKC,110,111,1
2018-02-28,2018,0,,SAS,NOP,116,121,1
2018-02-28,2018,0,,LAC,HOU,92,105,1
2018-03-01,2018,0,,MIA,LAL,113,131,1
2018-03-01,2018,0,,CLE,PHI,97,108,1
2018-03-01,2018,0,,SAC,BRK,116,111,1
2018-03-01,2018,0,,POR,MIN,108,99,1
2018-03-02,2018,0,,PHI,CHO,110,99,1
2018-03-02,2018,0,,ORL,DET,115,106,1
2018-03-02,2018,0,,ATL,GSW,109,114,1
2018-03-02,2018,0,,MIL,IND,96,103,1
2018-03-02,2018,0,,MEM,DEN,102,108,1
2018-03-02,2018,0,,CHI,DAL,108,100,1
2018-03-02,2018,0,,WAS,TOR,95,102,1
2018-03-02,2018,0,,PHO,OKC,116,124,1
2018-03-02,2018,0,,UTA,MIN,116,108,1
2018-03-02,2018,0,,LAC,NYK,128,105,1
2018-03-03,2018,0,,ORL,MEM,107,100,1
2018-03-03,2018,0,,MIA,DET,105,96,1
2018-03-03,2018,0,,CLE,DEN,117,126,1
2018-03-03,2018,0,,HOU,BOS,123,120,1
2018-03-03,2018,0,,SAS,LAL,112,116,1
2018-03-03,2018,0,,POR,OKC,108,100,1
2018-03-03,2018,0,,SAC,UTA,91,98,1
2018-03-04,2018,0,,ATL,PHO,113,112,1
2018-03-04,2018,0,,WAS,IND,95,98,1
2018-03-04,2018,0,,TOR,CHO,103,98,1
2018-03-04,2018,0,,DAL,NOP,109,126,1
2018-03-04,2018,0,,MIL,PHI,118,110,1
2018-03-04,2018,0,,LAC,BRK,123,120,1
2018-03-04,2018,0,,SAC,NYK,102,99,1
2018-03-05,2018,0,,CLE,DET,112,90,1
2018-03-05,2018,0,,IND,MIL,92,89,1
2018-03-05,2018,0,,MIA,PHO,125,103,1
2018-03-05,2018,0,,CHI,BOS,89,105,1
2018-03-05,2018,0,,SAS,MEM,100,98,1
2018-03-05,2018,0,,UTA,ORL,94,80,1
2018-03-05,2018,0,,LAL,POR,103,108,1
2018-03-06,2018,0,,TOR,ATL,106,90,1
2018-03-06,2018,0,,WAS,MIA,117,113,1
2018-03-06,2018,0,,CHO,PHI,114,128,1
2018-03-06,2018,0,,OKC,HOU,112,122,1
2018-03-06,2018,0,,DAL,DEN,118,107,1
2018-03-06,2018,0,,POR,NYK,111,87,1
2018-03-06,2018,0,,GSW,BRK,114,101,1
2018-03-06,2018,0,,LAC,NOP,116,121,1
2018-03-07,2018,0,,IND,UTA,84,104,1
2018-03-07,2018,0,,DET,TOR,119,121,1
2018-03-07,2018,0,,CHI,MEM,119,110,1
2018-03-07,2018,0,,MIL,HOU,99,110,1
2018-03-07,2018,0,,SAC,NOP,101,114,1
2018-03-07,2018,0,,LAL,ORL,108,107,1
2018-03-07,2018,0,,DEN,CLE,108,113,1
2018-03-08,2018,0,,CHO,BRK,111,125,1
2018-03-08,2018,0,,MIA,PHI,108,99,1
2018-03-08,2018,0,,OKC,PHO,115,87,1
2018-03-08,2018,0,,MIN,BOS,109,117,1
2018-03-08,2018,0,,GSW,SAS,110,107,1
2018-03-09,2018,0,,IND,ATL,112,87,1
2018-03-09,2018,0,,DET,CHI,99,83,1
2018-03-09,2018,0,,TOR,HOU,108,105,1
2018-03-09,2018,0,,MIL,NYK,120,112,1
2018-03-09,2018,0,,MEM,UTA,78,95,1
2018-03-09,2018,0,,NOP,WAS,97,116,1
2018-03-09,2018,0,,DEN,LAL,125,116,1
2018-03-09,2018,0,,POR,GSW,125,108,1
2018-03-09,2018,0,,SAC,ORL,94,88,1
2018-03-09,2018,0,,LAC,CLE,116,102,1
2018-03-10,2018,0,,CHO,PHO,122,115,1
2018-03-10,2018,0,,MIA,WAS,129,102,1
2018-03-10,2018,0,,DAL,MEM,114,80,1
2018-03-10,2018,0,,OKC,SAS,104,94,1
2018-03-10,2018,0,,LAC,ORL,113,105,1
2018-03-11,2018,0,,NYK,TOR,106,132,1
2018-03-11,2018,0,,MIN,GSW,109,103,1
2018-03-11,2018,0,,ATL,CHI,122,129,1
2018-03-11,2018,0,,NOP,UTA,99,116,1
2018-03-11,2018,0,,DEN,SAC,130,104,1
2018-03-11,2018,0,,DAL,HOU,82,105,1
2018-03-11,2018,0,,BRK,PHI,97,120,1
2018-03-11,2018,0,,BOS,IND,97,99,1
2018-03-11,2018,0,,LAL,CLE,127,113,1
2018-03-12,2018,0,,HOU,SAS,109,93,1
2018-03-12,2018,0,,MEM,MIL,103,121,1
2018-03-12,2018,0,,OKC,SAC,106,101,1
2018-03-12,2018,0,,POR,MIA,115,99,1
2018-03-13,2018,0,,PHI,IND,98,101,1
2018-03-13,2018,0,,WAS,MIN,111,116,1
2018-03-13,2018,0,,NYK,DAL,97,110,1
2018-03-13,2018,0,,ATL,OKC,107,119,1
2018-03-13,2018,0,,BRK,TOR,102,116,1
2018-03-13,2018,0,,CHI,LAC,106,112,1
2018-03-13,2018,0,,NOP,CHO,119,115,1
2018-03-13,2018,0,,SAS,ORL,108,72,1
2018-03-13,2018,0,,UTA,DET,110,79,1
2018-03-13,2018,0,,PHO,CLE,107,129,1
2018-03-13,2018,0,,LAL,DEN,112,103,1
2018-03-14,2018,0,,ORL,MIL,126,117,1
2018-03-14,2018,0,,BOS,WAS,124,125,1
2018-03-14,2018,0,,SAC,MIA,123,119,1
2018-03-14,2018,0,,GSW,LAL,117,106,1
2018-03-15,2018,0,,IND,TOR,99,106,1
2018-03-15,2018,0,,NYK,PHI,110,118,1
2018-03-15,2018,0,,ATL,CHO,117,129,1
2018-03-15,2018,0,,HOU,LAC,101,96,1
2018-03-15,2018,0,,MEM,CHI,110,111,1
2018-03-15,2018,0,,SAS,NOP,98,93,1
2018-03-15,2018,0,,UTA,PHO,116,88,1
2018-03-15,2018,0,,DEN,DET,120,113,1
2018-03-15,2018,0,,POR,CLE,113,105,1
2018-03-16,2018,0,,ORL,BOS,83,92,1
2018-03-16,2018,0,,PHI,BRK,120,116,1
2018-03-16,2018,0,,TOR,DAL,122,115,1
2018-03-16,2018,0,,OKC,LAC,121,113,1
2018-03-16,2018,0,,GSW,SAC,93,98,1
2018-03-16,2018,0,,LAL,MIA,91,92,1
2018-03-17,2018,0,,MIL,ATL,122,117,1
2018-03-17,2018,0,,NOP,HOU,101,107,1
2018-03-17,2018,0,,WAS,IND,109,102,1
2018-03-17,2018,0,,NYK,CHO,124,101,1
2018-03-17,2018,0,,BRK,DAL,114,106,1
2018-03-17,2018,0,,CHI,CLE,109,114,1
2018-03-17,2018,0,,MEM,DEN,101,94,1
2018-03-17,2018,0,,SAS,MIN,117,101,1
2018-03-17,2018,0,,UTA,SAC,103,97,1
2018-03-17,2018,0,,PHO,GSW,109,124,1
2018-03-17,2018,0,,POR,DET,100,87,1
2018-03-18,2018,0,,TOR,OKC,125,132,1
2018-03-18,2018,0,,NOP,BOS,108,89,1
2018-03-18,2018,0,,MIN,HOU,120,129,1
2018-03-18,2018,0,,LAC,POR,109,122,1
2018-03-19,2018,0,,CLE,MIL,124,117,1
2018-03-19,2018,0,,PHI,CHO,108,94,1
2018-03-19,2018,0,,IND,LAL,110,100,1
2018-03-19,2018,0,,NYK,CHI,110,92,1
2018-03-19,2018,0,,BRK,MEM,118,115,1
2018-03-19,2018,0,,MIA,DEN,149,141,1
2018-03-19,2018,0,,SAS,GSW,89,75,1
2018-03-19,2018,0,,SAC,DET,90,106,1
2018-03-20,2018,0,,ORL,TOR,86,93,1
2018-03-20,2018,0,,MIN,LAC,123,109,1
2018-03-20,2018,0,,BOS,OKC,100,99,1
2018-03-20,2018,0,,NOP,DAL,115,105,1
2018-03-20,2018,0,,UTA,ATL,94,99,1
2018-03-20,2018,0,,PHO,DET,88,115,1
2018-03-20,2018,0,,POR,HOU,111,115,1
2018-03-21,2018,0,,PHI,MEM,119,105,1
2018-03-21,2018,0,,CLE,TOR,132,129,1
2018-03-21,2018,0,,MIA,NYK,119,98,1
2018-03-21,2018,0,,BRK,CHO,105,111,1
2018-03-21,2018,0,,CHI,DEN,102,135,1
2018-03-21,2018,0,,MIL,LAC,120,127,1
2018-03-21,2018,0,,NOP,IND,96,92,1
2018-03-21,2018,0,,SAS,WAS,98,90,1
2018-03-22,2018,0,,CHO,MEM,140,79,1
2018-03-22,2018,0,,ORL,PHI,98,118,1
2018-03-22,2018,0,,NOP,LAL,128,125,1
2018-03-22,2018,0,,HOU,DET,100,96,1
2018-03-22,2018,0,,DAL,UTA,112,119,1
2018-03-22,2018,0,,SAC,ATL,105,90,1
2018-03-23,2018,0,,WAS,DEN,100,108,1
2018-03-23,2018,0,,IND,LAC,109,104,1
2018-03-23,2018,0,,TOR,BRK,116,112,1
2018-03-23,2018,0,,CLE,PHO,120,95,1
2018-03-23,2018,0,,NYK,MIN,104,108,1
2018-03-23,2018,0,,CHI,MIL,105,118,1
2018-03-23,2018,0,,OKC,MIA,105,99,1
2018-03-23,2018,0,,SAS,UTA,124,120,1
2018-03-23,2018,0,,POR,BOS,100,105,1
2018-03-23,2018,0,,GSW,ATL,106,94,1
2018-03-24,2018,0,,PHI,MIN,120,108,1
2018-03-24,2018,0,,ORL,PHO,105,99,1
2018-03-24,2018,0,,DET,CHI,117,95,1
2018-03-24,2018,0,,MEM,LAL,93,100,1
2018-03-24,2018,0,,HOU,NOP,114,91,1
2018-03-24,2018,0,,DAL,CHO,98,102,1
2018-03-25,2018,0,,BRK,CLE,114,121,1
2018-03-25,2018,0,,MIL,SAS,106,103,1
2018-03-25,2018,0,,IND,MIA,113,107,1
2018-03-25,2018,0,,TOR,LAC,106,117,1
2018-03-25,2018,0,,WAS,NYK,97,101,1
2018-03-25,2018,0,,SAC,BOS,93,104,1
2018-03-25,2018,0,,OKC,POR,105,108,1
2018-03-25,2018,0,,HOU,ATL,118,99,1
2018-03-25,2018,0,,GSW,UTA,91,110,1
2018-03-26,2018,0,,DET,LAL,112,106,1
2018-03-26,2018,0,,PHI,DEN,123,104,1
2018-03-26,2018,0,,CHO,NYK,137,128,1
2018-03-26,2018,0,,MIN,MEM,93,101,1
2018-03-26,2018,0,,PHO,BOS,94,102,1
2018-03-27,2018,0,,WAS,SAS,116,106,1
2018-03-27,2018,0,,TOR,DEN,114,110,1
2018-03-27,2018,0,,HOU,CHI,118,86,1
2018-03-27,2018,0,,NOP,POR,103,107,1
2018-03-27,2018,0,,MIA,CLE,98,79,1
2018-03-27,2018,0,,SAC,DAL,97,103,1
2018-03-27,2018,0,,GSW,IND,81,92,1
2018-03-27,2018,0,,LAC,MIL,105,98,1
2018-03-28,2018,0,,PHI,NYK,118,101,1
2018-03-28,2018,0,,CHO,CLE,105,118,1
2018-03-28,2018,0,,ORL,BRK,104,111,1
2018-03-28,2018,0,,MEM,POR,108,103,1
2018-03-28,2018,0,,MIN,ATL,126,114,1
2018-03-28,2018,0,,UTA,BOS,94,97,1
2018-03-28,2018,0,,PHO,LAC,99,111,1
2018-03-28,2018,0,,LAL,DAL,103,93,1
2018-03-29,2018,0,,DET,WAS,103,92,1
2018-03-29,2018,0,,MIA,CHI,103,92,1
2018-03-29,2018,0,,SAS,OKC,103,99,1
2018-03-29,2018,0,,SAC,IND,103,106,1
2018-03-29,2018,0,,GSW,MIL,107,116,1
2018-03-30,2018,0,,ORL,CHI,82,90,1
2018-03-30,2018,0,,ATL,PHI,91,101,1
2018-03-30,2018,0,,CLE,NOP,107,102,1
2018-03-30,2018,0,,HOU,PHO,104,103,1
2018-03-30,2018,0,,OKC,DEN,125,126,1
2018-03-30,2018,0,,DAL,MIN,92,93,1
2018-03-30,2018,0,,UTA,MEM,107,97,1
2018-03-30,2018,0,,POR,LAC,105,96,1
2018-03-30,2018,0,,LAL,MIL,122,124,1
2018-03-31,2018,0,,WAS,CHO,107,93,1
2018-03-31,2018,0,,NYK,DET,109,115,1
2018-03-31,2018,0,,BOS,TOR,110,99,1
2018-03-31,2018,0,,MIA,BRK,109,110,1
2018-03-31,2018,0,,SAC,GSW,96,112,1
2018-04-01,2018,0,,CHO,PHI,102,119,1
2018-04-01,2018,0,,LAC,IND,104,111,1
2018-04-01,2018,0,,SAS,HOU,100,83,1
2018-04-01,2018,0,,CHI,WAS,113,94,1
2018-04-01,2018,0,,NOP,OKC,104,109,1
2018-04-01,2018,0,,BRK,DET,96,108,1
2018-04-01,2018,0,,CLE,DAL,98,87,1
2018-04-01,2018,0,,ATL,ORL,94,88,1
2018-04-01,2018,0,,MIN,UTA,97,121,1
2018-04-01,2018,0,,DEN,MIL,128,125,1
2018-04-01,2018,0,,GSW,PHO,117,107,1
2018-04-01,2018,0,,POR,MEM,113,98,1
2018-04-01,2018,0,,LAL,SAC,83,84,1
2018-04-03,2018,0,,PHI,BRK,121,95,1
2018-04-03,2018,0,,CLE,TOR,112,106,1
2018-04-03,2018,0,,NYK,ORL,73,97,1
2018-04-03,2018,0,,MIA,ATL,101,98,1
2018-04-03,2018,0,,HOU,WAS,120,104,1
2018-04-03,2018,0,,OKC,GSW,107,111,1
2018-04-03,2018,0,,MIL,BOS,106,102,1
2018-04-03,2018,0,,CHI,CHO,120,114,1
2018-04-03,2018,0,,DAL,POR,115,109,1
2018-04-03,2018,0,,DEN,IND,107,104,1
2018-04-03,2018,0,,UTA,LAL,117,110,1
2018-04-03,2018,0,,PHO,SAC,97,94,1
2018-04-03,2018,0,,LAC,SAS,113,110,1
2018-04-04,2018,0,,ORL,DAL,105,100,1
2018-04-04,2018,0,,DET,PHI,108,115,1
2018-04-04,2018,0,,ATL,MIA,86,115,1
2018-04-04,2018,0,,NOP,MEM,123,95,1
2018-04-04,2018,0,,TOR,BOS,96,78,1
2018-04-04,2018,0,,LAL,SAS,122,112,1
2018-04-05,2018,0,,IND,GSW,126,106,1
2018-04-05,2018,0,,MIL,BRK,111,119,1
2018-04-05,2018,0,,HOU,POR,96,94,1
2018-04-05,2018,0,,CLE,WAS,119,115,1
2018-04-05,2018,0,,UTA,LAC,117,95,1
2018-04-05,2018,0,,DEN,MIN,100,96,1
2018-04-06,2018,0,,WAS,ATL,97,103,1
2018-04-06,2018,0,,PHI,CLE,132,130,1
2018-04-06,2018,0,,ORL,CHO,100,137,1
2018-04-06,2018,0,,DET,DAL,113,106,1
2018-04-06,2018,0,,TOR,IND,92,73,1
2018-04-06,2018,0,,NYK,MIA,122,98,1
2018-04-06,2018,0,,BOS,CHI,111,104,1
2018-04-06,2018,0,,MEM,SAC,93,94,1
2018-04-06,2018,0,,PHO,NOP,103,122,1
2018-04-06,2018,0,,LAL,MIN,96,113,1
2018-04-07,2018,0,,LAC,DEN,115,134,1
2018-04-07,2018,0,,NYK,MIL,102,115,1
2018-04-07,2018,0,,CHI,BRK,96,124,1
2018-04-07,2018,0,,HOU,OKC,102,108,1
2018-04-07,2018,0,,GSW,NOP,120,126,1
2018-04-07,2018,0,,SAS,POR,116,105,1
2018-04-08,2018,0,,CHO,IND,117,123,1
2018-04-08,2018,0,,PHI,DAL,109,97,1
2018-04-08,2018,0,,BOS,ATL,106,112,1
2018-04-08,2018,0,,MEM,DET,130,117,1
2018-04-08,2018,0,,TOR,ORL,112,101,1
2018-04-08,2018,0,,LAL,UTA,97,112,1
2018-04-08,2018,0,,PHO,GSW,100,117,1
2018-04-09,2018,0,,DET,TOR,98,108,1
2018-04-09,2018,0,,BRK,CHI,114,105,1
2018-04-09,2018,0,,NYK,CLE,109,123,1
2018-04-09,2018,0,,MIA,OKC,93,115,1
2018-04-09,2018,0,,MIL,ORL,102,86,1
2018-04-09,2018,0,,MIN,MEM,113,94,1
2018-04-09,2018,0,,SAS,SAC,98,85,1
2018-04-09,2018,0,,DEN,POR,88,82,1
2018-04-09,2018,0,,LAC,NOP,100,113,1
2018-04-10,2018,0,,IND,CHO,93,119,1
2018-04-10,2018,0,,ATL,PHI,113,121,1
2018-04-10,2018,0,,WAS,BOS,113,101,1
2018-04-10,2018,0,,DAL,PHO,97,124,1
2018-04-10,2018,0,,UTA,GSW,119,79,1
2018-04-10,2018,0,,LAL,HOU,99,105,1
2018-04-11,2018,0,,BOS,BRK,110,97,1
2018-04-11,2018,0,,MIN,DEN,112,106,1
2018-04-11,2018,0,,MIA,TOR,116,109,1
2018-04-11,2018,0,,CHI,DET,87,119,1
2018-04-11,2018,0,,NOP,SAS,122,98,1
2018-04-11,2018,0,,PHI,MIL,130,95,1
2018-04-11,2018,0,,OKC,MEM,137,123,1
2018-04-11,2018,0,,CLE,NYK,98,110,1
2018-04-11,2018,0,,ORL,WAS,101,92,1
2018-04-11,2018,0,,SAC,HOU,96,83,1
2018-04-11,2018,0,,LAC,LAL,100,115,1
2018-04-11,2018,0,,POR,UTA,102,93,1
2018-10-16,2019,0,,BOS,PHI,105,87,1
2018-10-16,2019,0,,GSW,OKC,108,100,1
2018-10-17,2019,0,,ORL,MIA,104,101,1
2018-10-17,2019,0,,IND,MEM,111,83,1
2018-10-17,2019,0,,DET,BRK,103,100,1
2018-10-17,2019,0,,CHO,MIL,112,113,1
2018-10-17,2019,0,,NYK,ATL,126,107,1
2018-10-17,2019,0,,TOR,CLE,116,104,1
2018-10-17,2019,0,,HOU,NOP,112,131,1
2018-10-17,2019,0,,SAS,MIN,112,108,1
2018-10-17,2019,0,,SAC,UTA,117,123,1
2018-10-17,2019,0,,PHO,DAL,121,100,1
2018-10-17,2019,0,,LAC,DEN,98,107,1
2018-10-18,2019,0,,PHI,CHI,127,108,1
2018-10-18,2019,0,,WAS,MIA,112,113,1
2018-10-18,2019,0,,POR,LAL,128,119,1
2018-10-19,2019,0,,ORL,CHO,88,120,1
2018-10-19,2019,0,,BRK,NYK,107,105,1
2018-10-19,2019,0,,MIN,CLE,131,123,1
2018-10-19,2019,0,,TOR,BOS,113,101,1
2018-10-19,2019,0,,NOP,SAC,149,129,1
2018-10-19,2019,0,,MEM,ATL,131,117,1
2018-10-19,2019,0,,MIL,IND,118,101,1
2018-10-19,2019,0,,UTA,GSW,123,124,1
2018-10-19,2019,0,,LAC,OKC,108,92,1
2018-10-20,2019,0,,IND,BRK,132,112,1
2018-10-20,2019,0,,WAS,TOR,113,117,1
2018-10-20,2019,0,,NYK,BOS,101,103,1
2018-10-20,2019,0,,PHI,ORL,116,115,1
2018-10-20,2019,0,,CHI,DET,116,118,1
2018-10-20,2019,0,,MIA,CHO,112,113,1
2018-10-20,2019,0,,DAL,MIN,140,136,1
2018-10-20,2019,0,,DEN,PHO,119,91,1
2018-10-20,2019,0,,POR,SAS,121,108,1
2018-10-20,2019,0,,LAL,HOU,115,124,1
2018-10-21,2019,0,,CLE,ATL,111,133,1
2018-10-21,2019,0,,OKC,SAC,120,131,1
2018-10-21,2019,0,,DEN,GSW,100,98,1
2018-10-21,2019,0,,LAC,HOU,115,112,1
2018-10-22,2019,0,,BOS,ORL,90,93,1
2018-10-22,2019,0,,TOR,CHO,127,106,1
2018-10-22,2019,0,,MIN,IND,101,91,1
2018-10-22,2019,0,,MIL,NYK,124,113,1
2018-10-22,2019,0,,DAL,CHI,115,109,1
2018-10-22,2019,0,,UTA,MEM,84,92,1
2018-10-22,2019,0,,POR,WAS,124,125,1
2018-10-22,2019,0,,LAL,SAS,142,143,1
2018-10-22,2019,0,,GSW,PHO,123,103,1
2018-10-23,2019,0,,DET,PHI,133,132,1
2018-10-23,2019,0,,NOP,LAC,116,109,1
2018-10-23,2019,0,,DEN,SAC,126,112,1
2018-10-24,2019,0,,CLE,BRK,86,102,1
2018-10-24,2019,0,,ATL,DAL,111,104,1
2018-10-24,2019,0,,MIA,NYK,110,87,1
2018-10-24,2019,0,,TOR,MIN,112,105,1
2018-10-24,2019,0,,HOU,UTA,89,100,1
2018-10-24,2019,0,,CHI,CHO,112,110,1
2018-10-24,2019,0,,SAS,IND,96,116,1
2018-10-24,2019,0,,MIL,PHI,123,108,1
2018-10-24,2019,0,,PHO,LAL,113,131,1
2018-10-24,2019,0,,SAC,MEM,97,92,1
2018-10-24,2019,0,,GSW,WAS,144,122,1
2018-10-25,2019,0,,ORL,POR,114,128,1
2018-10-25,2019,0,,DET,CLE,110,103,1
2018-10-25,2019,0,,OKC,BOS,95,101,1
2018-10-25,2019,0,,LAL,DEN,121,114,1
2018-10-26,2019,0,,CHO,CHI,135,106,1
2018-10-26,2019,0,,TOR,DAL,116,107,1
2018-10-26,2019,0,,NYK,GSW,100,128,1
2018-10-26,2019,0,,NOP,BRK,117,115,1
2018-10-26,2019,0,,HOU,LAC,113,133,1
2018-10-26,2019,0,,MIN,MIL,95,125,1
2018-10-26,2019,0,,SAC,WAS,116,112,1
2018-10-27,2019,0,,NOP,UTA,111,132,1
2018-10-27,2019,0,,DET,BOS,89,109,1
2018-10-27,2019,0,,CLE,IND,107,119,1
2018-10-27,2019,0,,PHI,CHO,105,103,1
2018-10-27,2019,0,,ATL,CHI,85,97,1
2018-10-27,2019,0,,MEM,PHO,117,96,1
2018-10-27,2019,0,,MIA,POR,120,111,1
2018-10-27,2019,0,,SAS,LAL,110,106,1
2018-10-27,2019,0,,MIL,ORL,113,91,1
2018-10-28,2019,0,,BRK,GSW,114,120,1
2018-10-28,2019,0,,OKC,PHO,117,110,1
2018-10-28,2019,0,,DAL,UTA,104,113,1
2018-10-28,2019,0,,LAC,WAS,136,104,1
2018-10-29,2019,0,,PHI,ATL,113,92,1
2018-10-29,2019,0,,IND,POR,93,103,1
2018-10-29,2019,0,,NYK,BRK,115,96,1
2018-10-29,2019,0,,MIA,SAC,113,123,1
2018-10-29,2019,0,,MIN,LAL,124,120,1
2018-10-29,2019,0,,CHI,GSW,124,149,1
2018-10-29,2019,0,,MIL,TOR,124,109,1
2018-10-29,2019,0,,SAS,DAL,113,108,1
2018-10-29,2019,0,,DEN,NOP,116,111,1
2018-10-30,2019,0,,CHO,MIA,125,113,1
2018-10-30,2019,0,,ORL,SAC,99,107,1
2018-10-30,2019,0,,CLE,ATL,136,114,1
2018-10-30,2019,0,,TOR,PHI,129,112,1
2018-10-30,2019,0,,BOS,DET,108,105,1
2018-10-30,2019,0,,HOU,POR,85,104,1
2018-10-30,2019,0,,MEM,WAS,107,95,1
2018-10-30,2019,0,,OKC,LAC,128,110,1
2018-10-31,2019,0,,BRK,DET,120,119,1
2018-10-31,2019,0,,MIN,UTA,128,125,1
2018-10-31,2019,0,,CHI,DEN,107,108,1
2018-10-31,2019,0,,NYK,IND,101,107,1
2018-10-31,2019,0,,PHO,SAS,90,120,1
2018-10-31,2019,0,,GSW,NOP,131,121,1
2018-10-31,2019,0,,LAL,DAL,114,113,1
2018-11-01,2019,0,,CHO,OKC,107,111,1
2018-11-01,2019,0,,CLE,DEN,91,110,1
2018-11-01,2019,0,,PHI,LAC,122,113,1
2018-11-01,2019,0,,ATL,SAC,115,146,1
2018-11-01,2019,0,,BOS,MIL,117,113,1
2018-11-01,2019,0,,POR,NOP,132,119,1
2018-11-02,2019,0,,ORL,LAC,95,120,1
2018-11-02,2019,0,,BRK,HOU,111,119,1
2018-11-02,2019,0,,WAS,OKC,111,134,1
2018-11-02,2019,0,,CHI,IND,105,107,1
2018-11-02,2019,0,,DAL,NYK,106,118,1
2018-11-02,2019,0,,UTA,MEM,100,110,1
2018-11-02,2019,0,,PHO,TOR,98,107,1
2018-11-02,2019,0,,GSW,MIN,116,99,1
2018-11-03,2019,0,,PHI,DET,109,99,1
2018-11-03,2019,0,,CHO,CLE,126,94,1
2018-11-03,2019,0,,IND,BOS,102,101,1
2018-11-03,2019,0,,ATL,MIA,123,118,1
2018-11-03,2019,0,,CHI,HOU,88,96,1
2018-11-03,2019,0,,SAS,NOP,109,95,1
2018-11-03,2019,0,,DEN,UTA,103,88,1
2018-11-03,2019,0,,POR,LAL,110,114,1
2018-11-04,2019,0,,MIL,SAC,144,109,1
2018-11-04,2019,0,,WAS,NYK,108,95,1
2018-11-04,2019,0,,BRK,PHI,122,97,1
2018-11-04,2019,0,,SAS,ORL,110,117,1
2018-11-04,2019,0,,PHO,MEM,102,100,1
2018-11-04,2019,0,,POR,MIN,111,81,1
2018-11-04,2019,0,,LAL,TOR,107,121,1
2018-11-05,2019,0,,IND,HOU,94,98,1
2018-11-05,2019,0,,DET,MIA,115,120,1
2018-11-05,2019,0,,ORL,CLE,102,100,1
2018-11-05,2019,0,,NYK,CHI,115,116,1
2018-11-05,2019,0,,OKC,NOP,122,116,1
2018-11-05,2019,0,,UTA,TOR,111,124,1
2018-11-05,2019,0,,DEN,BOS,115,107,1
2018-11-05,2019,0,,LAC,MIN,120,109,1
2018-11-05,2019,0,,GSW,MEM,117,101,1
2018-11-06,2019,0,,CHO,ATL,113,102,1
2018-11-06,2019,0,,DAL,WAS,119,100,1
2018-11-06,2019,0,,PHO,BRK,82,104,1
2018-11-06,2019,0,,POR,MIL,118,103,1
2018-11-07,2019,0,,CLE,OKC,86,95,1
2018-11-07,2019,0,,ORL,DET,96,103,1
2018-11-07,2019,0,,MIA,SAS,95,88,1
2018-11-07,2019,0,,ATL,NYK,107,112,1
2018-11-07,2019,0,,MEM,DEN,89,87,1
2018-11-07,2019,0,,NOP,CHI,107,98,1
2018-11-07,2019,0,,IND,PHI,94,100,1
2018-11-07,2019,0,,UTA,DAL,117,102,1
2018-11-07,2019,0,,SAC,TOR,105,114,1
2018-11-07,2019,0,,LAL,MIN,114,110,1
2018-11-08,2019,0,,OKC,HOU,98,80,1
2018-11-08,2019,0,,PHO,BOS,109,116,1
2018-11-08,2019,0,,POR,LAC,116,105,1
2018-11-08,2019,0,,GSW,MIL,111,134,1
2018-11-09,2019,0,,PHI,CHO,133,132,1
2018-11-09,2019,0,,ORL,WAS,117,108,1
2018-11-09,2019,0,,ATL,DET,109,124,1
2018-11-09,2019,0,,MIA,IND,102,110,1
2018-11-09,2019,0,,DEN,BRK,110,112,1
2018-11-09,2019,0,,UTA,BOS,123,115,1
2018-11-09,2019,0,,SAC,MIN,121,110,1
2018-11-10,2019,0,,TOR,NYK,128,112,1
2018-11-10,2019,0,,LAC,MIL,128,126,1
2018-11-10,2019,0,,NOP,PHO,119,99,1
2018-11-10,2019,0,,MEM,PHI,112,106,1
2018-11-10,2019,0,,MIA,WAS,110,116,1
2018-11-10,2019,0,,CHI,CLE,99,98,1
2018-11-10,2019,0,,SAS,HOU,96,89,1
2018-11-10,2019,0,,GSW,BRK,116,100,1
2018-11-10,2019,0,,DAL,OKC,111,96,1
2018-11-10,2019,0,,SAC,LAL,86,101,1
2018-11-11,2019,0,,DET,CHO,103,113,1
2018-11-11,2019,0,,HOU,IND,115,103,1
2018-11-11,2019,0,,NYK,ORL,89,115,1
2018-11-11,2019,0,,DEN,MIL,114,121,1
2018-11-11,2019,0,,POR,BOS,100,94,1
2018-11-11,2019,0,,LAL,ATL,107,106,1
2018-11-12,2019,0,,WAS,ORL,117,109,1
2018-11-12,2019,0,,TOR,NOP,110,126,1
2018-11-12,2019,0,,MIA,PHI,114,124,1
2018-11-12,2019,0,,OKC,PHO,118,101,1
2018-11-12,2019,0,,MEM,UTA,88,96,1
2018-11-12,2019,0,,CHI,DAL,98,103,1
2018-11-12,2019,0,,MIN,BRK,120,113,1
2018-11-12,2019,0,,SAC,SAS,104,99,1
2018-11-12,2019,0,,LAC,GSW,121,116,1
2018-11-13,2019,0,,CLE,CHO,113,89,1
2018-11-13,2019,0,,DEN,HOU,99,109,1
2018-11-13,2019,0,,GSW,ATL,110,103,1
2018-11-14,2019,0,,ORL,PHI,111,106,1
2018-11-14,2019,0,,WAS,CLE,119,95,1
2018-11-14,2019,0,,BOS,CHI,111,82,1
2018-11-14,2019,0,,BRK,MIA,107,120,1
2018-11-14,2019,0,,TOR,DET,104,106,1
2018-11-14,2019,0,,MIN,NOP,107,100,1
2018-11-14,2019,0,,OKC,NYK,128,103,1
2018-11-14,2019,0,,MIL,MEM,113,116,1
2018-11-14,2019,0,,DAL,UTA,118,68,1
2018-11-14,2019,0,,PHO,SAS,116,96,1
2018-11-14,2019,0,,LAL,POR,126,117,1
2018-11-15,2019,0,,HOU,GSW,107,86,1
2018-11-15,2019,0,,DEN,ATL,138,93,1
2018-11-15,2019,0,,LAC,SAS,116,111,1
2018-11-16,2019,0,,WAS,BRK,104,115,1
2018-11-16,2019,0,,PHI,UTA,113,107,1
2018-11-16,2019,0,,BOS,TOR,123,116,1
2018-11-16,2019,0,,IND,MIA,99,91,1
2018-11-16,2019,0,,NOP,NYK,129,124,1
2018-11-16,2019,0,,MIN,POR,112,96,1
2018-11-16,2019,0,,MEM,SAC,112,104,1
2018-11-16,2019,0,,MIL,CHI,123,104,1
2018-11-17,2019,0,,BRK,LAC,119,127,1
2018-11-17,2019,0,,IND,ATL,97,89,1
2018-11-17,2019,0,,ORL,LAL,130,117,1
2018-11-17,2019,0,,NOP,DEN,125,115,1
2018-11-17,2019,0,,CHO,PHI,119,122,1
2018-11-17,2019,0,,BOS,UTA,86,98,1
2018-11-17,2019,0,,HOU,SAC,132,112,1
2018-11-17,2019,0,,CHI,TOR,83,122,1
2018-11-17,2019,0,,DAL,GSW,112,109,1
2018-11-17,2019,0,,PHO,OKC,100,110,1
2018-11-18,2019,0,,MIN,MEM,87,100,1
2018-11-18,2019,0,,ORL,NYK,131,117,1
2018-11-18,2019,0,,MIA,LAL,97,113,1
2018-11-18,2019,0,,WAS,POR,109,119,1
2018-11-18,2019,0,,SAS,GSW,104,92,1
2018-11-19,2019,0,,DET,CLE,113,102,1
2018-11-19,2019,0,,IND,UTA,121,94,1
2018-11-19,2019,0,,PHI,PHO,119,114,1
2018-11-19,2019,0,,CHO,BOS,117,112,1
2018-11-19,2019,0,,ATL,LAC,119,127,1
2018-11-19,2019,0,,MIL,DEN,104,98,1
2018-11-19,2019,0,,NOP,SAS,140,126,1
2018-11-19,2019,0,,MEM,DAL,98,88,1
2018-11-19,2019,0,,SAC,OKC,117,113,1
2018-11-20,2019,0,,ORL,TOR,91,93,1
2018-11-20,2019,0,,WAS,LAC,125,118,1
2018-11-20,2019,0,,MIA,BRK,92,104,1
2018-11-20,2019,0,,NYK,POR,114,118,1
2018-11-21,2019,0,,CHO,IND,127,109,1
2018-11-21,2019,0,,PHI,NOP,121,120,1
2018-11-21,2019,0,,ATL,TOR,108,124,1
2018-11-21,2019,0,,BOS,NYK,109,117,1
2018-11-21,2019,0,,CHI,PHO,124,116,1
2018-11-21,2019,0,,CLE,LAL,105,109,1
2018-11-21,2019,0,,HOU,DET,126,124,1
2018-11-21,2019,0,,MIL,POR,143,100,1
2018-11-21,2019,0,,MIN,DEN,101,103,1
2018-11-21,2019,0,,SAS,MEM,103,104,1
2018-11-21,2019,0,,DAL,BRK,119,113,1
2018-11-21,2019,0,,UTA,SAC,110,119,1
2018-11-21,2019,0,,GSW,OKC,95,123,1
2018-11-23,2019,0,,BRK,MIN,102,112,1
2018-11-23,2019,0,,LAC,MEM,112,107,1
2018-11-23,2019,0,,DET,HOU,116,111,1
2018-11-23,2019,0,,PHI,CLE,112,121,1
2018-11-23,2019,0,,TOR,WAS,125,107,1
2018-11-23,2019,0,,NYK,NOP,114,109,1
2018-11-23,2019,0,,ATL,BOS,96,114,1
2018-11-23,2019,0,,CHI,MIA,96,103,1
2018-11-23,2019,0,,OKC,CHO,109,104,1
2018-11-23,2019,0,,IND,SAS,100,111,1
2018-11-23,2019,0,,MIL,PHO,114,116,1
2018-11-23,2019,0,,DEN,ORL,112,87,1
2018-11-23,2019,0,,LAL,UTA,90,83,1
2018-11-23,2019,0,,GSW,POR,125,97,1
2018-11-24,2019,0,,CLE,HOU,117,108,1
2018-11-24,2019,0,,WAS,NOP,124,114,1
2018-11-24,2019,0,,MIN,CHI,111,96,1
2018-11-24,2019,0,,OKC,DEN,98,105,1
2018-11-24,2019,0,,GSW,SAC,117,116,1
2018-11-24,2019,0,,DAL,BOS,113,104,1
2018-11-24,2019,0,,MIL,SAS,135,129,1
2018-11-25,2019,0,,LAL,ORL,104,108,1
2018-11-25,2019,0,,DET,PHO,118,107,1
2018-11-25,2019,0,,ATL,CHO,124,123,1
2018-11-25,2019,0,,MEM,NYK,98,103,1
2018-11-25,2019,0,,BRK,PHI,125,127,1
2018-11-25,2019,0,,TOR,MIA,125,115,1
2018-11-25,2019,0,,SAC,UTA,112,133,1
2018-11-25,2019,0,,POR,LAC,100,104,1
2018-11-26,2019,0,,CHO,MIL,110,107,1
2018-11-26,2019,0,,CLE,MIN,95,102,1
2018-11-26,2019,0,,WAS,HOU,135,131,1
2018-11-26,2019,0,,NOP,BOS,107,124,1
2018-11-26,2019,0,,CHI,SAS,107,108,1
2018-11-26,2019,0,,UTA,IND,88,121,1
2018-11-26,2019,0,,GSW,ORL,116,110,1
2018-11-27,2019,0,,DET,NYK,115,108,1
2018-11-27,2019,0,,MIA,ATL,113,115,1
2018-11-27,2019,0,,MEM,TOR,114,122,1
2018-11-27,2019,0,,PHO,IND,104,109,1
2018-11-27,2019,0,,DEN,LAL,117,85,1
2018-11-28,2019,0,,PHI,NYK,117,91,1
2018-11-28,2019,0,,CHO,ATL,108,94,1
2018-11-28,2019,0,,BRK,UTA,91,101,1
2018-11-28,2019,0,,NOP,WAS,125,104,1
2018-11-28,2019,0,,OKC,CLE,100,83,1
2018-11-28,2019,0,,HOU,DAL,108,128,1
2018-11-28,2019,0,,MIL,CHI,116,113,1
2018-11-28,2019,0,,MIN,SAS,128,89,1
2018-11-28,2019,0,,POR,ORL,115,112,1
2018-11-28,2019,0,,LAC,PHO,115,99,1
2018-11-29,2019,0,,TOR,GSW,131,128,1
2018-11-29,2019,0,,SAC,LAC,121,133,1
2018-11-29,2019,0,,LAL,IND,104,96,1
2018-11-30,2019,0,,PHI,WAS,123,98,1
2018-11-30,2019,0,,BOS,CLE,128,95,1
2018-11-30,2019,0,,CHO,UTA,111,119,1
2018-11-30,2019,0,,DET,CHI,107,88,1
2018-11-30,2019,0,,BRK,MEM,125,131,1
2018-11-30,2019,0,,MIA,NOP,106,101,1
2018-11-30,2019,0,,SAS,HOU,105,136,1
2018-11-30,2019,0,,OKC,ATL,124,109,1
2018-11-30,2019,0,,PHO,ORL,85,99,1
2018-11-30,2019,0,,POR,DEN,112,113,1
2018-11-30,2019,0,,LAL,DAL,114,103,1
2018-12-01,2019,0,,NYK,MIL,136,134,1
2018-12-01,2019,0,,DET,GSW,111,102,1
2018-12-01,2019,0,,WAS,BRK,102,88,1
2018-12-01,2019,0,,CLE,TOR,95,106,1
2018-12-01,2019,0,,MIN,BOS,109,118,1
2018-12-01,2019,0,,HOU,CHI,121,105,1
2018-12-01,2019,0,,SAC,IND,111,110,1
2018-12-02,2019,0,,LAL,PHO,120,96,1
2018-12-02,2019,0,,CHO,NOP,109,119,1
2018-12-02,2019,0,,MIA,UTA,102,100,1
2018-12-02,2019,0,,PHI,MEM,103,95,1
2018-12-02,2019,0,,SAS,POR,131,118,1
2018-12-02,2019,0,,DAL,LAC,114,110,1
2018-12-03,2019,0,,DET,OKC,83,110,1
2018-12-03,2019,0,,BRK,CLE,97,99,1
2018-12-03,2019,0,,NYK,WAS,107,110,1
2018-12-03,2019,0,,ATL,GSW,111,128,1
2018-12-03,2019,0,,TOR,DEN,103,106,1
2018-12-03,2019,0,,MIN,HOU,103,91,1
2018-12-03,2019,0,,NOP,LAC,126,129,1
2018-12-04,2019,0,,IND,CHI,96,90,1
2018-12-04,2019,0,,MIA,ORL,90,105,1
2018-12-04,2019,0,,DAL,POR,111,102,1
2018-12-04,2019,0,,PHO,SAC,105,122,1
2018-12-04,2019,0,,UTA,SAS,139,105,1
2018-12-05,2019,0,,CLE,GSW,105,129,1
2018-12-05,2019,0,,ORL,DEN,118,124,1
2018-12-05,2019,0,,ATL,WAS,117,131,1
2018-12-05,2019,0,,BRK,OKC,112,114,1
2018-12-05,2019,0,,TOR,PHI,113,102,1
2018-12-05,2019,0,,MIL,DET,115,92,1
2018-12-05,2019,0,,MEM,LAC,96,86,1
2018-12-05,2019,0,,NOP,DAL,132,106,1
2018-12-05,2019,0,,MIN,CHO,121,104,1
2018-12-05,2019,0,,LAL,SAS,121,113,1
2018-12-06,2019,0,,BOS,NYK,128,100,1
2018-12-06,2019,0,,POR,PHO,108,86,1
2018-12-06,2019,0,,UTA,HOU,118,91,1
2018-12-07,2019,0,,CHO,DEN,113,107,1
2018-12-07,2019,0,,DET,PHI,111,117,1
2018-12-07,2019,0,,ORL,IND,90,112,1
2018-12-07,2019,0,,BRK,TOR,106,105,1
2018-12-07,2019,0,,CLE,SAC,110,129,1
2018-12-07,2019,0,,CHI,OKC,114,112,1
2018-12-07,2019,0,,NOP,MEM,103,107,1
2018-12-07,2019,0,,SAS,LAL,133,120,1
2018-12-07,2019,0,,PHO,MIA,98,115,1
2018-12-07,2019,0,,MIL,GSW,95,105,1
2018-12-08,2019,0,,DAL,HOU,107,104,1
2018-12-08,2019,0,,IND,SAC,107,97,1
2018-12-08,2019,0,,ATL,DEN,106,98,1
2018-12-08,2019,0,,CLE,WAS,116,101,1
2018-12-08,2019,0,,NYK,BRK,104,112,1
2018-12-08,2019,0,,CHI,BOS,77,133,1
2018-12-08,2019,0,,MEM,LAL,88,111,1
2018-12-08,2019,0,,POR,MIN,113,105,1
2018-12-08,2019,0,,LAC,MIA,98,121,1
2018-12-09,2019,0,,DET,NOP,108,116,1
2018-12-09,2019,0,,TOR,MIL,99,104,1
2018-12-09,2019,0,,SAS,UTA,110,97,1
2018-12-09,2019,0,,NYK,CHO,107,119,1
2018-12-10,2019,0,,IND,WAS,109,101,1
2018-12-10,2019,0,,PHI,DET,116,102,1
2018-12-10,2019,0,,BOS,NOP,113,100,1
2018-12-10,2019,0,,CHI,SAC,89,108,1
2018-12-10,2019,0,,MIL,CLE,108,92,1
2018-12-10,2019,0,,OKC,UTA,122,113,1
2018-12-10,2019,0,,DAL,ORL,101,76,1
2018-12-10,2019,0,,DEN,MEM,105,99,1
2018-12-10,2019,0,,PHO,LAC,119,123,1
2018-12-10,2019,0,,GSW,MIN,116,108,1
2018-12-10,2019,0,,LAL,MIA,108,105,1
2018-12-11,2019,0,,HOU,POR,111,104,1
2018-12-11,2019,0,,SAS,PHO,111,86,1
2018-12-11,2019,0,,LAC,TOR,99,123,1
2018-12-12,2019,0,,PHI,BRK,124,127,1
2018-12-12,2019,0,,WAS,BOS,125,130,1
2018-12-12,2019,0,,CHO,DET,108,107,1
2018-12-12,2019,0,,IND,MIL,113,97,1
2018-12-12,2019,0,,CLE,NYK,113,106,1
2018-12-12,2019,0,,MEM,POR,92,83,1
2018-12-12,2019,0,,NOP,OKC,118,114,1
2018-12-12,2019,0,,DAL,ATL,114,107,1
2018-12-12,2019,0,,UTA,MIA,111,84,1
2018-12-12,2019,0,,SAC,MIN,141,130,1
2018-12-12,2019,0,,GSW,TOR,93,113,1
2018-12-13,2019,0,,HOU,LAL,126,111,1
2018-12-13,2019,0,,SAS,LAC,125,87,1
2018-12-13,2019,0,,PHO,DAL,99,89,1
2018-12-13,2019,1,,CHI,ORL,91,97,0
2018-12-14,2019,0,,CHO,NYK,124,126,1
2018-12-14,2019,0,,BOS,ATL,129,108,1
2018-12-14,2019,0,,BRK,WAS,125,118,1
2018-12-14,2019,0,,PHI,IND,101,113,1
2018-12-14,2019,0,,CLE,MIL,102,114,1
2018-12-14,2019,0,,MEM,MIA,97,100,1
2018-12-14,2019,0,,POR,TOR,128,122,1
2018-12-14,2019,0,,DEN,OKC,109,98,1
2018-12-14,2019,0,,SAC,GSW,125,130,1
2018-12-15,2019,1,,ORL,UTA,96,89,0
2018-12-15,2019,0,,CHO,LAL,100,128,1
2018-12-15,2019,0,,DET,BOS,113,104,1
2018-12-15,2019,0,,MEM,HOU,97,105,1
2018-12-15,2019,0,,SAS,CHI,93,98,1
2018-12-15,2019,0,,PHO,MIN,107,99,1
2018-12-15,2019,0,,OKC,LAC,110,104,1
2018-12-16,2019,0,,BRK,ATL,144,127,1
2018-12-16,2019,0,,CLE,PHI,105,128,1
2018-12-16,2019,0,,IND,NYK,110,99,1
2018-12-16,2019,0,,WAS,LAL,128,110,1
2018-12-16,2019,0,,NOP,MIA,96,102,1
2018-12-16,2019,0,,DAL,SAC,113,120,1
2018-12-16,2019,0,,DEN,TOR,95,86,1
2018-12-17,2019,0,,DET,MIL,104,107,1
2018-12-17,2019,0,,NYK,PHO,110,128,1
2018-12-17,2019,0,,MIN,SAC,132,105,1
2018-12-17,2019,0,,HOU,UTA,102,97,1
2018-12-17,2019,0,,OKC,CHI,121,96,1
2018-12-17,2019,0,,SAS,PHI,123,96,1
2018-12-17,2019,0,,LAC,POR,127,131,1
2018-12-17,2019,0,,GSW,MEM,110,93,1
2018-12-18,2019,0,,IND,CLE,91,92,1
2018-12-18,2019,0,,BRK,LAL,115,110,1
2018-12-18,2019,0,,ATL,WAS,118,110,1
2018-12-18,2019,0,,DEN,DAL,126,118,1
2018-12-19,2019,0,,PHI,NYK,131,109,1
2018-12-19,2019,0,,ORL,SAS,90,129,1
2018-12-19,2019,0,,CHO,CLE,110,99,1
2018-12-19,2019,0,,BOS,PHO,103,111,1
2018-12-19,2019,0,,TOR,IND,99,96,1
2018-12-19,2019,0,,HOU,WAS,136,118,1
2018-12-19,2019,0,,MIN,DET,123,129,1
2018-12-19,2019,0,,CHI,BRK,93,96,1
2018-12-19,2019,0,,MIL,NOP,123,115,1
2018-12-19,2019,0,,UTA,GSW,108,103,1
2018-12-19,2019,0,,SAC,OKC,113,132,1
2018-12-19,2019,0,,POR,MEM,99,92,1
2018-12-20,2019,0,,MIA,HOU,101,99,1
2018-12-20,2019,0,,LAC,DAL,125,121,1
2018-12-21,2019,0,,TOR,CLE,126,110,1
2018-12-21,2019,0,,CHO,DET,98,86,1
2018-12-21,2019,0,,BRK,IND,106,114,1
2018-12-21,2019,0,,NYK,ATL,107,114,1
2018-12-21,2019,0,,CHI,ORL,90,80,1
2018-12-21,2019,0,,BOS,MIL,107,120,1
2018-12-21,2019,0,,SAS,MIN,124,98,1
2018-12-21,2019,0,,SAC,MEM,102,99,1
2018-12-21,2019,0,,POR,UTA,90,120,1
2018-12-21,2019,0,,LAL,NOP,112,104,1
2018-12-22,2019,0,,LAC,DEN,132,111,1
2018-12-22,2019,0,,WAS,PHO,149,146,1
2018-12-22,2019,0,,PHI,TOR,126,101,1
2018-12-22,2019,0,,HOU,SAS,108,101,1
2018-12-22,2019,0,,MIA,MIL,94,87,1
2018-12-22,2019,0,,GSW,DAL,120,116,1
2018-12-22,2019,0,,UTA,OKC,106,107,1
2018-12-23,2019,0,,DET,ATL,95,98,1
2018-12-23,2019,0,,IND,WAS,105,89,1
2018-12-23,2019,0,,CLE,CHI,92,112,1
2018-12-23,2019,0,,BOS,CHO,119,103,1
2018-12-23,2019,0,,BRK,PHO,111,103,1
2018-12-23,2019,0,,ORL,MIA,91,115,1
2018-12-23,2019,0,,SAC,NOP,122,117,1
2018-12-23,2019,0,,OKC,MIN,112,114,1
2018-12-23,2019,0,,GSW,LAC,129,127,1
2018-12-23,2019,0,,POR,DAL,121,118,1
2018-12-23,2019,0,,LAL,MEM,99,107,1
2018-12-25,2019,0,,NYK,MIL,95,109,1
2018-12-25,2019,0,,HOU,OKC,113,109,1
2018-12-25,2019,0,,BOS,PHI,121,114,1
2018-12-25,2019,0,,GSW,LAL,101,127,1
2018-12-25,2019,0,,UTA,POR,117,96,1
2018-12-26,2019,0,,ORL,PHO,120,122,1
2018-12-26,2019,0,,DET,WAS,106,95,1
2018-12-26,2019,0,,MIA,TOR,104,106,1
2018-12-26,2019,0,,ATL,IND,121,129,1
2018-12-26,2019,0,,BRK,CHO,134,132,1
2018-12-26,2019,0,,CHI,MIN,94,119,1
2018-12-26,2019,0,,MEM,CLE,95,87,1
2018-12-26,2019,0,,SAS,DEN,111,103,1
2018-12-26,2019,0,,DAL,NOP,122,119,1
2018-12-26,2019,0,,LAC,SAC,127,118,1
2018-12-27,2019,0,,MIL,NYK,112,96,1
2018-12-27,2019,0,,HOU,BOS,127,113,1
2018-12-27,2019,0,,SAC,LAL,117,116,1
2018-12-27,2019,0,,UTA,PHI,97,114,1
2018-12-27,2019,0,,GSW,POR,109,110,1
2018-12-28,2019,0,,CHO,BRK,100,87,1
2018-12-28,2019,0,,WAS,CHI,92,101,1
2018-12-28,2019,0,,ORL,TOR,116,87,1
2018-12-28,2019,0,,IND,DET,125,88,1
2018-12-28,2019,0,,MIN,ATL,120,123,1
2018-12-28,2019,0,,NOP,DAL,114,112,1
2018-12-28,2019,0,,MIA,CLE,118,94,1
2018-12-28,2019,0,,DEN,SAS,102,99,1
2018-12-28,2019,0,,PHO,OKC,102,118,1
2018-12-28,2019,0,,LAL,LAC,107,118,1
2018-12-29,2019,0,,MIL,BRK,129,115,1
2018-12-29,2019,0,,NOP,HOU,104,108,1
2018-12-29,2019,0,,WAS,CHO,130,126,1
2018-12-29,2019,0,,ATL,CLE,111,108,1
2018-12-29,2019,0,,UTA,NYK,129,97,1
2018-12-29,2019,0,,MEM,BOS,103,112,1
2018-12-29,2019,0,,PHO,DEN,118,122,1
2018-12-29,2019,0,,POR,GSW,105,115,1
2018-12-29,2019,0,,LAC,SAS,111,122,1
2018-12-30,2019,0,,ORL,DET,109,107,1
2018-12-30,2019,0,,TOR,CHI,95,89,1
2018-12-30,2019,0,,MIA,MIN,104,113,1
2018-12-30,2019,0,,DAL,OKC,105,103,1
2018-12-30,2019,0,,POR,PHI,129,95,1
2018-12-30,2019,0,,LAL,SAC,121,114,1
2018-12-31,2019,0,,IND,ATL,116,108,1
2018-12-31,2019,0,,CHO,ORL,125,100,1
2018-12-31,2019,0,,SAS,BOS,120,111,1
2018-12-31,2019,0,,HOU,MEM,113,101,1
2018-12-31,2019,0,,OKC,DAL,122,102,1
2018-12-31,2019,0,,NOP,MIN,123,114,1
2018-12-31,2019,0,,PHO,GSW,109,132,1
2019-01-01,2019,0,,TOR,UTA,122,116,1
2019-01-01,2019,0,,MIL,DET,121,98,1
2019-01-01,2019,0,,DEN,NYK,115,108,1
2019-01-01,2019,0,,SAC,POR,108,113,1
2019-01-01,2019,0,,LAC,PHI,113,119,1
2019-01-02,2019,0,,CLE,MIA,92,117,1
2019-01-02,2019,0,,CHO,DAL,84,122,1
2019-01-02,2019,0,,WAS,ATL,114,98,1
2019-01-02,2019,0,,BRK,NOP,126,121,1
2019-01-02,2019,0,,CHI,ORL,84,112,1
2019-01-02,2019,0,,BOS,MIN,115,102,1
2019-01-02,2019,0,,MEM,DET,94,101,1
2019-01-02,2019,0,,PHO,PHI,127,132,1
2019-01-02,2019,0,,LAL,OKC,100,107,1
2019-01-03,2019,0,,SAS,TOR,125,107,1
2019-01-03,2019,0,,SAC,DEN,113,117,1
2019-01-03,2019,0,,GSW,HOU,134,135,1
2019-01-04,2019,0,,CLE,UTA,91,117,1
2019-01-04,2019,0,,MEM,BRK,100,109,1
2019-01-04,2019,0,,CHI,IND,116,119,1
2019-01-04,2019,0,,BOS,DAL,114,93,1
2019-01-04,2019,0,,MIA,WAS,115,109,1
2019-01-04,2019,0,,MIN,ORL,120,103,1
2019-01-04,2019,0,,MIL,ATL,144,112,1
2019-01-04,2019,0,,PHO,LAC,111,121,1
2019-01-04,2019,0,,POR,OKC,109,111,1
2019-01-04,2019,0,,LAL,NYK,112,119,1
2019-01-05,2019,0,,DEN,CHO,123,110,1
2019-01-05,2019,0,,DET,UTA,105,110,1
2019-01-05,2019,0,,PHI,DAL,106,100,1
2019-01-05,2019,0,,CLE,NOP,98,133,1
2019-01-05,2019,0,,SAS,MEM,108,88,1
2019-01-05,2019,0,,MIL,TOR,116,123,1
2019-01-05,2019,0,,SAC,GSW,123,127,1
2019-01-05,2019,0,,POR,HOU,110,101,1
2019-01-06,2019,0,,CHI,BRK,100,117,1
2019-01-06,2019,0,,MIN,LAL,108,86,1
2019-01-06,2019,0,,LAC,ORL,106,96,1
2019-01-06,2019,0,,ATL,MIA,106,82,1
2019-01-06,2019,0,,OKC,WAS,98,116,1
2019-01-06,2019,0,,TOR,IND,121,105,1
2019-01-06,2019,0,,PHO,CHO,113,119,1
2019-01-07,2019,0,,DET,SAS,107,119,1
2019-01-07,2019,0,,BOS,BRK,116,95,1
2019-01-07,2019,0,,MIL,UTA,114,102,1
2019-01-07,2019,0,,NOP,MEM,114,95,1
2019-01-07,2019,0,,HOU,DEN,125,113,1
2019-01-07,2019,0,,DAL,LAL,97,107,1
2019-01-07,2019,0,,POR,NYK,111,101,1
2019-01-07,2019,0,,SAC,ORL,111,95,1
2019-01-08,2019,0,,CLE,IND,115,123,1
2019-01-08,2019,0,,PHI,WAS,132,115,1
2019-01-08,2019,0,,MIA,DEN,99,103,1
2019-01-08,2019,0,,TOR,ATL,104,101,1
2019-01-08,2019,0,,OKC,MIN,117,119,1
2019-01-08,2019,0,,PHO,SAC,115,111,1
2019-01-08,2019,0,,LAC,CHO,128,109,1
2019-01-08,2019,0,,GSW,NYK,122,95,1
2019-01-09,2019,0,,WAS,PHI,123,106,1
2019-01-09,2019,0,,BOS,IND,135,108,1
2019-01-09,2019,0,,BRK,ATL,116,100,1
2019-01-09,2019,0,,HOU,MIL,109,116,1
2019-01-09,2019,0,,NOP,CLE,140,124,1
2019-01-09,2019,0,,MEM,SAS,96,86,1
2019-01-09,2019,0,,DAL,PHO,104,94,1
2019-01-09,2019,0,,UTA,ORL,106,93,1
2019-01-09,2019,0,,POR,CHI,124,112,1
2019-01-09,2019,0,,LAL,DET,113,100,1
2019-01-10,2019,0,,MIA,BOS,115,99,1
2019-01-10,2019,0,,DEN,LAC,121,100,1
2019-01-10,2019,0,,SAS,OKC,154,147,1
2019-01-10,2019,0,,SAC,DET,112,102,1
2019-01-11,2019,0,,WAS,MIL,113,106,1
2019-01-11,2019,0,,PHI,ATL,121,123,1
2019-01-11,2019,0,,NYK,IND,106,121,1
2019-01-11,2019,0,,TOR,BRK,122,105,1
2019-01-11,2019,0,,HOU,CLE,141,113,1
2019-01-11,2019,0,,MIN,DAL,115,119,1
2019-01-11,2019,0,,UTA,LAL,113,95,1
2019-01-11,2019,0,,POR,CHO,127,96,1
2019-01-11,2019,0,,GSW,CHI,146,109,1
2019-01-12,2019,0,,LAC,DET,104,109,1
2019-01-12,2019,0,,MIA,MEM,112,108,1
2019-01-12,2019,0,,ORL,BOS,105,103,1
2019-01-12,2019,0,,OKC,SAS,122,112,1
2019-01-12,2019,0,,MIN,NOP,110,106,1
2019-01-12,2019,0,,PHO,DEN,102,93,1
2019-01-12,2019,0,,SAC,CHO,104,97,1
2019-01-12,2019,0,,UTA,CHI,110,102,1
2019-01-13,2019,0,,NYK,PHI,105,108,1
2019-01-13,2019,0,,WAS,TOR,138,140,1
2019-01-13,2019,0,,ATL,MIL,114,133,1
2019-01-13,2019,0,,ORL,HOU,116,109,1
2019-01-13,2019,0,,DAL,GSW,114,119,1
2019-01-13,2019,0,,DEN,POR,116,113,1
2019-01-13,2019,0,,LAL,CLE,95,101,1
2019-01-14,2019,0,,BRK,BOS,109,102,1
2019-01-14,2019,0,,HOU,MEM,112,94,1
2019-01-14,2019,0,,SAS,CHO,93,108,1
2019-01-14,2019,0,,UTA,DET,100,94,1
2019-01-14,2019,0,,SAC,POR,115,107,1
2019-01-14,2019,0,,LAC,NOP,117,121,1
2019-01-15,2019,0,,IND,PHO,131,97,1
2019-01-15,2019,0,,PHI,MIN,149,107,1
2019-01-15,2019,0,,ATL,OKC,142,126,1
2019-01-15,2019,0,,MIL,MIA,124,86,1
2019-01-15,2019,0,,DEN,GSW,111,142,1
2019-01-15,2019,0,,LAL,CHI,107,100,1
2019-01-16,2019,0,,DET,ORL,120,115,1
2019-01-16,2019,0,,MEM,MIL,101,111,1
2019-01-16,2019,0,,HOU,BRK,142,145,1
2019-01-16,2019,0,,BOS,TOR,117,108,1
2019-01-16,2019,0,,DAL,SAS,101,105,1
2019-01-16,2019,0,,POR,CLE,129,112,1
2019-01-16,2019,0,,GSW,NOP,147,140,1
2019-01-16,2019,0,,LAC,UTA,109,129,1
2019-01-17,2019,0,,CHO,SAC,114,95,1
2019-01-17,2019,0,,IND,PHI,96,120,1
2019-01-17,2019,0,,TOR,PHO,111,109,1
2019-01-17,2019,0,,DEN,CHI,135,105,1
2019-01-17,2019,0,,OKC,LAL,128,138,1
2019-01-17,2019,1,,NYK,WAS,100,101,0
2019-01-18,2019,0,,BOS,MEM,122,116,1
2019-01-18,2019,0,,ORL,BRK,115,117,1
2019-01-18,2019,0,,DET,MIA,98,93,1
2019-01-18,2019,0,,MIN,SAS,113,116,1
2019-01-18,2019,0,,UTA,CLE,115,99,1
2019-01-18,2019,0,,LAC,GSW,94,112,1
2019-01-18,2019,0,,POR,NOP,128,112,1
2019-01-19,2019,0,,PHI,OKC,115,117,1
2019-01-19,2019,0,,CHO,PHO,135,115,1
2019-01-19,2019,0,,ORL,MIL,108,118,1
2019-01-19,2019,0,,IND,DAL,111,99,1
2019-01-19,2019,0,,DET,SAC,101,103,1
2019-01-19,2019,0,,ATL,BOS,105,113,1
2019-01-19,2019,0,,TOR,MEM,119,90,1
2019-01-19,2019,0,,CHI,MIA,103,117,1
2019-01-19,2019,0,,HOU,LAL,138,134,1
2019-01-19,2019,0,,DEN,CLE,124,102,1
2019-01-20,2019,0,,IND,CHO,120,95,1
2019-01-20,2019,0,,MIN,PHO,116,114,1
2019-01-20,2019,0,,SAS,LAC,95,103,1
2019-01-21,2019,0,,NYK,OKC,109,127,1
2019-01-21,2019,0,,CLE,CHI,88,104,1
2019-01-21,2019,0,,MIL,DAL,116,106,1
2019-01-21,2019,0,,WAS,DET,101,87,1
2019-01-21,2019,0,,ATL,ORL,103,122,1
2019-01-21,2019,0,,BRK,SAC,123,94,1
2019-01-21,2019,0,,MEM,NOP,85,105,1
2019-01-21,2019,0,,BOS,MIA,107,99,1
2019-01-21,2019,0,,PHI,HOU,121,93,1
2019-01-21,2019,0,,UTA,POR,104,109,1
2019-01-21,2019,0,,LAL,GSW,111,130,1
2019-01-22,2019,0,,TOR,SAC,120,105,1
2019-01-22,2019,0,,OKC,POR,123,114,1
2019-01-22,2019,0,,DAL,LAC,106,98,1
2019-01-22,2019,0,,PHO,MIN,91,118,1
2019-01-23,2019,0,,IND,TOR,110,106,1
2019-01-23,2019,0,,BOS,CLE,123,103,1
2019-01-23,2019,0,,NYK,HOU,110,114,1
2019-01-23,2019,0,,BRK,ORL,114,110,1
2019-01-23,2019,0,,MIA,LAC,99,111,1
2019-01-23,2019,0,,NOP,DET,94,98,1
2019-01-23,2019,0,,PHI,SAS,122,120,1
2019-01-23,2019,0,,CHI,ATL,101,121,1
2019-01-23,2019,0,,MEM,CHO,107,118,1
2019-01-23,2019,0,,UTA,DEN,114,108,1
2019-01-24,2019,0,,OKC,NOP,122,116,1
2019-01-24,2019,0,,WAS,GSW,118,126,1
2019-01-24,2019,0,,PHO,POR,106,120,1
2019-01-24,2019,0,,LAL,MIN,105,120,1
2019-01-25,2019,0,,ORL,WAS,91,95,1
2019-01-25,2019,0,,CLE,MIA,94,100,1
2019-01-25,2019,0,,BRK,NYK,109,99,1
2019-01-25,2019,0,,CHI,LAC,101,106,1
2019-01-25,2019,0,,HOU,TOR,121,119,1
2019-01-25,2019,0,,MEM,SAC,96,99,1
2019-01-25,2019,0,,MIL,CHO,108,99,1
2019-01-25,2019,0,,DAL,DET,106,101,1
2019-01-25,2019,0,,UTA,MIN,106,102,1
2019-01-25,2019,0,,DEN,PHO,132,95,1
2019-01-26,2019,0,,NOP,SAS,114,126,1
2019-01-26,2019,0,,MEM,IND,106,103,1
2019-01-26,2019,0,,BOS,GSW,111,115,1
2019-01-26,2019,0,,DEN,PHI,126,110,1
2019-01-26,2019,0,,POR,ATL,120,111,1
2019-01-27,2019,0,,LAC,SAC,122,108,1
2019-01-27,2019,0,,CHI,CLE,101,104,1
2019-01-27,2019,0,,OKC,MIL,118,112,1
2019-01-27,2019,0,,MIN,UTA,111,125,1
2019-01-27,2019,0,,HOU,ORL,103,98,1
2019-01-27,2019,0,,SAS,WAS,132,119,1
2019-01-27,2019,0,,DAL,TOR,120,123,1
2019-01-27,2019,0,,NYK,MIA,97,106,1
2019-01-27,2019,0,,LAL,PHO,116,102,1
2019-01-28,2019,0,,CHO,NYK,101,92,1
2019-01-28,2019,0,,IND,GSW,100,132,1
2019-01-28,2019,0,,BOS,BRK,112,104,1
2019-01-28,2019,0,,MEM,DEN,92,95,1
2019-01-28,2019,0,,LAC,ATL,118,123,1
2019-01-29,2019,0,,ORL,OKC,117,126,1
2019-01-29,2019,0,,DET,MIL,105,115,1
2019-01-29,2019,0,,CLE,WAS,116,113,1
2019-01-29,2019,0,,BRK,CHI,122,117,1
2019-01-29,2019,0,,HOU,NOP,116,121,1
2019-01-29,2019,0,,SAS,PHO,126,124,1
2019-01-29,2019,0,,LAL,PHI,105,121,1
2019-01-30,2019,0,,BOS,CHO,126,94,1
2019-01-30,2019,0,,NYK,DAL,90,114,1
2019-01-30,2019,0,,MIA,CHI,89,105,1
2019-01-30,2019,0,,MIN,MEM,99,97,1
2019-01-30,2019,0,,NOP,DEN,99,105,1
2019-01-30,2019,0,,WAS,IND,107,89,1
2019-01-30,2019,0,,SAC,ATL,135,113,1
2019-01-30,2019,0,,POR,UTA,132,105,1
2019-01-31,2019,0,,DET,DAL,93,89,1
2019-01-31,2019,0,,ORL,IND,107,100,1
2019-01-31,2019,0,,TOR,MIL,92,105,1
2019-01-31,2019,0,,SAS,BRK,117,114,1
2019-01-31,2019,0,,GSW,PHI,104,113,1
2019-01-31,2019,0,,LAC,LAL,120,123,1
2019-02-01,2019,0,,CHO,MEM,100,92,1
2019-02-01,2019,0,,NYK,BOS,99,113,1
2019-02-01,2019,0,,MIA,OKC,102,118,1
2019-02-01,2019,0,,UTA,ATL,128,112,1
2019-02-01,2019,0,,DEN,HOU,136,122,1
2019-02-02,2019,0,,DET,LAC,101,111,1
2019-02-02,2019,0,,WAS,MIL,115,131,1
2019-02-02,2019,0,,CHO,CHI,125,118,1
2019-02-02,2019,0,,ORL,BRK,102,89,1
2019-02-02,2019,0,,MIA,IND,88,95,1
2019-02-02,2019,0,,CLE,DAL,98,111,1
2019-02-02,2019,0,,GSW,LAL,115,101,1
2019-02-02,2019,0,,SAS,NOP,113,108,1
2019-02-02,2019,0,,MIN,DEN,106,107,1
2019-02-02,2019,0,,PHO,ATL,112,118,1
2019-02-02,2019,0,,UTA,HOU,98,125,1
2019-02-02,2019,0,,SAC,PHI,115,108,1
2019-02-03,2019,0,,NYK,MEM,84,96,1
2019-02-03,2019,0,,BOS,OKC,134,129,1
2019-02-03,2019,0,,TOR,LAC,121,103,1
2019-02-04,2019,0,,DET,DEN,129,103,1
2019-02-04,2019,0,,WAS,ATL,129,137,1
2019-02-04,2019,0,,BRK,MIL,94,113,1
2019-02-04,2019,0,,NOP,IND,107,109,1
2019-02-04,2019,0,,PHO,HOU,110,118,1
2019-02-04,2019,0,,SAC,SAS,127,112,1
2019-02-05,2019,0,,IND,LAL,136,94,1
2019-02-05,2019,0,,CLE,BOS,96,103,1
2019-02-05,2019,0,,CHO,LAC,115,117,1
2019-02-05,2019,0,,NYK,DET,92,105,1
2019-02-05,2019,0,,OKC,ORL,132,122,1
2019-02-05,2019,0,,PHI,TOR,107,119,1
2019-02-05,2019,0,,MEM,MIN,108,106,1
2019-02-05,2019,0,,POR,MIA,108,118,1
2019-02-06,2019,0,,BRK,DEN,135,130,1
2019-02-06,2019,0,,MIL,WAS,148,129,1
2019-02-06,2019,0,,CHI,NOP,120,125,1
2019-02-06,2019,0,,DAL,CHO,99,93,1
2019-02-06,2019,0,,UTA,PHO,116,88,1
2019-02-06,2019,0,,SAC,HOU,101,127,1
2019-02-06,2019,0,,GSW,SAS,141,102,1
2019-02-07,2019,0,,ORL,MIN,122,112,1
2019-02-07,2019,0,,IND,LAC,116,92,1
2019-02-07,2019,0,,ATL,TOR,101,119,1
2019-02-07,2019,0,,OKC,MEM,117,95,1
2019-02-07,2019,0,,BOS,LAL,128,129,1
2019-02-07,2019,0,,POR,SAS,127,118,1
2019-02-08,2019,0,,WAS,CLE,119,106,1
2019-02-08,2019,0,,PHI,DEN,117,110,1
2019-02-08,2019,0,,DET,NYK,120,103,1
2019-02-08,2019,0,,BRK,CHI,106,125,1
2019-02-08,2019,0,,DAL,MIL,107,122,1
2019-02-08,2019,0,,PHO,GSW,107,117,1
2019-02-08,2019,0,,NOP,MIN,122,117,1
2019-02-08,2019,0,,SAC,MIA,102,96,1
2019-02-09,2019,0,,UTA,SAS,125,105,1
2019-02-09,2019,0,,IND,CLE,105,90,1
2019-02-09,2019,0,,ATL,CHO,120,129,1
2019-02-09,2019,0,,NYK,TOR,99,104,1
2019-02-09,2019,0,,MEM,NOP,99,90,1
2019-02-09,2019,0,,BOS,LAC,112,123,1
2019-02-09,2019,0,,CHI,WAS,125,134,1
2019-02-09,2019,0,,HOU,OKC,112,117,1
2019-02-09,2019,0,,MIL,ORL,83,103,1
2019-02-10,2019,0,,DAL,POR,102,101,1
2019-02-10,2019,0,,PHI,LAL,143,120,1
2019-02-10,2019,0,,SAC,PHO,117,104,1
2019-02-10,2019,0,,ATL,ORL,108,124,1
2019-02-10,2019,0,,GSW,MIA,120,118,1
2019-02-11,2019,0,,CLE,NYK,107,104,1
2019-02-11,2019,0,,IND,CHO,99,90,1
2019-02-11,2019,0,,DET,WAS,121,112,1
2019-02-11,2019,0,,TOR,BRK,127,125,1
2019-02-11,2019,0,,OKC,POR,120,111,1
2019-02-11,2019,0,,CHI,MIL,99,112,1
2019-02-11,2019,0,,MIN,LAC,130,120,1
2019-02-11,2019,0,,HOU,DAL,120,104,1
2019-02-11,2019,0,,DEN,MIA,103,87,1
2019-02-12,2019,0,,ATL,LAL,117,113,1
2019-02-12,2019,0,,PHI,BOS,109,112,1
2019-02-12,2019,0,,MEM,SAS,107,108,1
2019-02-12,2019,0,,NOP,ORL,88,118,1
2019-02-12,2019,0,,GSW,UTA,115,108,1
2019-02-13,2019,0,,CLE,BRK,139,148,1
2019-02-13,2019,0,,IND,MIL,97,106,1
2019-02-13,2019,0,,NYK,PHI,111,126,1
2019-02-13,2019,0,,BOS,DET,118,110,1
2019-02-13,2019,0,,TOR,WAS,129,120,1
2019-02-13,2019,0,,MIN,HOU,121,111,1
2019-02-13,2019,0,,CHI,MEM,122,110,1
2019-02-13,2019,0,,DAL,MIA,101,112,1
2019-02-13,2019,0,,DEN,SAC,120,118,1
2019-02-13,2019,0,,POR,GSW,129,107,1
2019-02-13,2019,0,,LAC,PHO,134,107,1
2019-02-14,2019,0,,ORL,CHO,127,89,1
2019-02-14,2019,0,,ATL,NYK,91,106,1
2019-02-14,2019,0,,NOP,OKC,131,122,1
2019-02-21,2019,0,,CLE,PHO,111,98,1
2019-02-21,2019,0,,PHI,MIA,106,102,1
2019-02-21,2019,0,,BRK,POR,99,113,1
2019-02-21,2019,0,,MIL,BOS,98,97,1
2019-02-21,2019,0,,LAL,HOU,111,106,1
2019-02-21,2019,0,,GSW,SAC,125,123,1
2019-02-22,2019,0,,ORL,CHI,109,110,1
2019-02-22,2019,0,,IND,NOP,126,111,1
2019-02-22,2019,0,,TOR,SAS,120,117,1
2019-02-22,2019,0,,CHO,WAS,123,110,1
2019-02-22,2019,0,,NYK,MIN,104,115,1
2019-02-22,2019,0,,ATL,DET,122,125,1
2019-02-22,2019,0,,MEM,LAC,106,112,1
2019-02-22,2019,0,,DAL,DEN,104,114,1
2019-02-22,2019,0,,OKC,UTA,148,147,1
2019-02-23,2019,0,,PHI,POR,115,130,1
2019-02-23,2019,0,,WAS,IND,112,119,1
2019-02-23,2019,0,,CLE,MEM,112,107,1
2019-02-23,2019,0,,ATL,PHO,120,112,1
2019-02-23,2019,0,,CHO,BRK,115,117,1
2019-02-23,2019,0,,NOP,LAL,128,115,1
2019-02-23,2019,0,,MIA,DET,96,119,1
2019-02-23,2019,0,,OKC,SAC,116,119,1
2019-02-23,2019,0,,CHI,BOS,126,116,1
2019-02-23,2019,0,,GSW,HOU,112,118,1
2019-02-23,2019,0,,MIL,MIN,140,128,1
2019-02-23,2019,0,,UTA,DAL,125,109,1
2019-02-24,2019,0,,TOR,ORL,98,113,1
2019-02-24,2019,0,,DEN,LAC,123,96,1
2019-02-24,2019,0,,NYK,SAS,130,118,1
2019-02-25,2019,0,,DET,IND,113,109,1
2019-02-25,2019,0,,CLE,POR,110,123,1
2019-02-25,2019,0,,CHO,GSW,110,121,1
2019-02-25,2019,0,,BRK,SAS,101,85,1
2019-02-25,2019,0,,MIA,PHO,121,124,1
2019-02-25,2019,0,,CHI,MIL,106,117,1
2019-02-25,2019,0,,MIN,SAC,112,105,1
2019-02-25,2019,0,,NOP,PHI,110,111,1
2019-02-25,2019,0,,HOU,ATL,119,111,1
2019-02-25,2019,0,,MEM,LAL,110,105,1
2019-02-25,2019,0,,LAC,DAL,121,112,1
2019-02-26,2019,0,,NYK,ORL,108,103,1
2019-02-26,2019,0,,TOR,BOS,118,95,1
2019-02-26,2019,0,,DEN,OKC,121,112,1
2019-02-27,2019,0,,CHO,HOU,113,118,1
2019-02-27,2019,0,,BRK,WAS,116,125,1
2019-02-27,2019,0,,ATL,MIN,131,123,1
2019-02-27,2019,0,,MIA,GSW,126,125,1
2019-02-27,2019,0,,MEM,CHI,107,109,1
2019-02-27,2019,0,,BOS,POR,92,97,1
2019-02-27,2019,0,,DAL,IND,110,101,1
2019-02-27,2019,0,,SAS,DET,105,93,1
2019-02-27,2019,0,,UTA,LAC,111,105,1
2019-02-27,2019,0,,SAC,MIL,140,141,1
2019-02-27,2019,0,,LAL,NOP,125,119,1
2019-02-28,2019,0,,ORL,GSW,103,96,1
2019-02-28,2019,0,,IND,MIN,122,115,1
2019-02-28,2019,0,,NYK,CLE,118,125,1
2019-02-28,2019,0,,OKC,PHI,104,108,1
2019-02-28,2019,0,,HOU,MIA,121,118,1
2019-02-28,2019,0,,DEN,UTA,104,111,1
2019-03-01,2019,0,,BRK,CHO,112,123,1
2019-03-01,2019,0,,ATL,CHI,161,168,1
2019-03-01,2019,0,,TOR,POR,119,117,1
2019-03-01,2019,0,,BOS,WAS,107,96,1
2019-03-01,2019,0,,PHO,NOP,116,130,1
2019-03-01,2019,0,,SAC,LAC,109,116,1
2019-03-01,2019,0,,LAL,MIL,120,131,1
2019-03-02,2019,0,,CLE,DET,93,129,1
2019-03-02,2019,0,,IND,ORL,112,117,1
2019-03-02,2019,0,,MIA,BRK,117,88,1
2019-03-02,2019,0,,SAS,OKC,116,102,1
2019-03-02,2019,0,,PHI,GSW,117,120,1
2019-03-02,2019,0,,DAL,MEM,81,111,1
2019-03-02,2019,0,,PHO,LAL,118,109,1
2019-03-02,2019,0,,DEN,NOP,112,120,1
2019-03-02,2019,0,,UTA,MIL,115,111,1
2019-03-03,2019,0,,CHO,POR,108,118,1
2019-03-03,2019,0,,LAC,NYK,128,107,1
2019-03-03,2019,0,,CHI,ATL,118,123,1
2019-03-03,2019,0,,BOS,HOU,104,115,1
2019-03-03,2019,0,,CLE,ORL,107,93,1
2019-03-03,2019,0,,WAS,MIN,135,121,1
2019-03-03,2019,0,,DET,TOR,112,107,1
2019-03-03,2019,0,,OKC,MEM,99,95,1
2019-03-04,2019,0,,BRK,DAL,127,88,1
2019-03-04,2019,0,,MIA,ATL,114,113,1
2019-03-04,2019,0,,SAS,DEN,104,103,1
2019-03-04,2019,0,,UTA,NOP,112,115,1
2019-03-04,2019,0,,PHO,MIL,114,105,1
2019-03-04,2019,0,,SAC,NYK,115,108,1
2019-03-04,2019,0,,LAL,LAC,105,113,1
2019-03-05,2019,0,,PHI,ORL,114,106,1
2019-03-05,2019,0,,IND,CHI,105,96,1
2019-03-05,2019,0,,TOR,HOU,95,107,1
2019-03-05,2019,0,,MIN,OKC,131,120,1
2019-03-05,2019,0,,MEM,POR,120,111,1
2019-03-05,2019,0,,GSW,BOS,95,128,1
2019-03-06,2019,0,,CHO,MIA,84,91,1
2019-03-06,2019,0,,DET,MIN,131,114,1
2019-03-06,2019,0,,WAS,DAL,132,123,1
2019-03-06,2019,0,,ATL,SAS,104,111,1
2019-03-06,2019,0,,BRK,CLE,113,107,1
2019-03-06,2019,0,,CHI,PHI,108,107,1
2019-03-06,2019,0,,NOP,UTA,104,114,1
2019-03-06,2019,0,,PHO,NYK,107,96,1
2019-03-06,2019,0,,SAC,BOS,109,111,1
2019-03-06,2019,0,,LAL,DEN,99,115,1
2019-03-07,2019,0,,MIL,IND,117,98,1
2019-03-07,2019,0,,POR,OKC,121,129,1
2019-03-08,2019,0,,CHO,WAS,112,111,1
2019-03-08,2019,0,,ORL,DAL,111,106,1
2019-03-08,2019,0,,MEM,UTA,114,104,1
2019-03-08,2019,0,,NOP,TOR,104,127,1
2019-03-08,2019,0,,CHI,DET,104,112,1
2019-03-08,2019,0,,MIA,CLE,126,110,1
2019-03-08,2019,0,,HOU,PHI,107,91,1
2019-03-08,2019,0,,GSW,DEN,122,105,1
2019-03-08,2019,0,,LAC,OKC,118,110,1
2019-03-09,2019,0,,NYK,SAC,94,102,1
2019-03-09,2019,0,,ATL,BRK,112,114,1
2019-03-09,2019,0,,MIN,WAS,135,130,1
2019-03-09,2019,0,,LAL,BOS,107,120,1
2019-03-09,2019,0,,MIL,CHO,131,114,1
2019-03-09,2019,0,,POR,PHO,127,120,1
2019-03-10,2019,0,,DET,CHI,131,108,1
2019-03-10,2019,0,,PHI,IND,106,89,1
2019-03-10,2019,0,,MIA,TOR,104,125,1
2019-03-10,2019,0,,ATL,NOP,128,116,1
2019-03-10,2019,0,,MEM,ORL,105,97,1
2019-03-10,2019,0,,DAL,HOU,93,94,1
2019-03-10,2019,0,,SAS,MIL,121,114,1
2019-03-10,2019,0,,MIN,NYK,103,92,1
2019-03-10,2019,0,,GSW,PHO,111,115,1
2019-03-11,2019,0,,CLE,TOR,126,101,1
2019-03-11,2019,0,,WAS,SAC,121,115,1
2019-03-11,2019,0,,BRK,DET,103,75,1
2019-03-11,2019,0,,HOU,CHO,118,106,1
2019-03-11,2019,0,,UTA,OKC,89,98,1
2019-03-11,2019,0,,LAC,BOS,140,115,1
2019-03-12,2019,0,,PHI,CLE,106,99,1
2019-03-12,2019,0,,IND,NYK,103,98,1
2019-03-12,2019,0,,CHI,LAL,107,123,1
2019-03-12,2019,0,,NOP,MIL,113,130,1
2019-03-12,2019,0,,DAL,SAS,105,112,1
2019-03-12,2019,0,,LAC,POR,104,125,1
2019-03-12,2019,0,,DEN,MIN,133,107,1
2019-03-13,2019,0,,OKC,BRK,108,96,1
2019-03-13,2019,0,,WAS,ORL,100,90,1
2019-03-13,2019,0,,ATL,MEM,132,111,1
2019-03-13,2019,0,,MIA,DET,108,74,1
2019-03-13,2019,0,,HOU,GSW,104,106,1
2019-03-13,2019,0,,PHO,UTA,97,114,1
2019-03-14,2019,0,,IND,OKC,108,106,1
2019-03-14,2019,0,,ORL,CLE,120,91,1
2019-03-14,2019,0,,BOS,SAC,126,120,1
2019-03-14,2019,0,,TOR,LAL,111,98,1
2019-03-14,2019,0,,UTA,MIN,120,100,1
2019-03-14,2019,0,,DEN,DAL,100,99,1
2019-03-15,2019,0,,PHI,SAC,123,114,1
2019-03-15,2019,0,,DET,LAL,111,97,1
2019-03-15,2019,0,,WAS,CHO,110,116,1
2019-03-15,2019,0,,HOU,PHO,108,102,1
2019-03-15,2019,0,,MIA,MIL,98,113,1
2019-03-15,2019,0,,NOP,POR,110,122,1
2019-03-15,2019,0,,SAS,NYK,109,83,1
2019-03-15,2019,0,,LAC,CHI,128,121,1
2019-03-16,2019,0,,BOS,ATL,129,120,1
2019-03-16,2019,0,,WAS,MEM,135,128,1
2019-03-16,2019,0,,NOP,PHO,136,138,1
2019-03-16,2019,0,,DAL,CLE,121,116,1
2019-03-16,2019,0,,SAS,POR,108,103,1
2019-03-16,2019,0,,OKC,GSW,88,110,1
2019-03-16,2019,0,,UTA,BRK,114,98,1
2019-03-16,2019,0,,DEN,IND,102,100,1
2019-03-17,2019,0,,NYK,LAL,124,123,1
2019-03-17,2019,0,,MIA,CHO,93,75,1
2019-03-17,2019,0,,MIL,PHI,125,130,1
2019-03-17,2019,0,,DET,TOR,110,107,1
2019-03-17,2019,0,,ORL,ATL,101,91,1
2019-03-17,2019,0,,SAC,CHI,129,102,1
2019-03-17,2019,0,,HOU,MIN,117,102,1
2019-03-17,2019,0,,LAC,BRK,119,116,1
2019-03-18,2019,0,,CLE,DET,126,119,1
2019-03-18,2019,0,,WAS,UTA,95,116,1
2019-03-18,2019,0,,TOR,NYK,128,92,1
2019-03-18,2019,0,,BOS,DEN,105,114,1
2019-03-18,2019,0,,SAS,GSW,111,105,1
2019-03-18,2019,0,,OKC,MIA,107,116,1
2019-03-18,2019,0,,DAL,NOP,125,129,1
2019-03-18,2019,0,,PHO,CHI,101,116,1
2019-03-18,2019,0,,POR,IND,106,98,1
2019-03-19,2019,0,,CHO,PHI,114,118,1
2019-03-19,2019,0,,ATL,HOU,105,121,1
2019-03-19,2019,0,,MIN,GSW,107,117,1
2019-03-19,2019,0,,MIL,LAL,115,101,1
2019-03-19,2019,0,,SAC,BRK,121,123,1
2019-03-19,2019,0,,LAC,IND,115,109,1
2019-03-20,2019,0,,CLE,MIL,107,102,1
2019-03-20,2019,0,,ORL,NOP,119,96,1
2019-03-20,2019,0,,PHI,BOS,118,115,1
2019-03-20,2019,0,,NYK,UTA,116,137,1
2019-03-20,2019,0,,CHI,WAS,126,120,1
2019-03-20,2019,0,,MEM,HOU,126,125,1
2019-03-20,2019,0,,SAS,MIA,105,110,1
2019-03-20,2019,0,,OKC,TOR,114,123,1
2019-03-20,2019,0,,POR,DAL,126,118,1
2019-03-21,2019,0,,CHO,MIN,113,106,1
2019-03-21,2019,0,,WAS,DEN,108,113,1
2019-03-21,2019,0,,ATL,UTA,117,114,1
2019-03-21,2019,0,,PHO,DET,98,118,1
2019-03-21,2019,0,,SAC,DAL,116,100,1
2019-03-21,2019,0,,GSW,IND,112,89,1
2019-03-22,2019,0,,ORL,MEM,123,119,1
2019-03-22,2019,0,,CLE,LAC,108,110,1
2019-03-22,2019,0,,NYK,DEN,93,111,1
2019-03-22,2019,0,,TOR,OKC,109,116,1
2019-03-22,2019,0,,HOU,SAS,111,105,1
2019-03-22,2019,0,,MIL,MIA,116,87,1
2019-03-22,2019,0,,LAL,BRK,106,111,1
2019-03-23,2019,0,,CHO,BOS,124,117,1
2019-03-23,2019,0,,WAS,MIA,108,113,1
2019-03-23,2019,0,,ATL,PHI,129,127,1
2019-03-23,2019,0,,CHI,UTA,83,114,1
2019-03-23,2019,0,,MEM,MIN,99,112,1
2019-03-23,2019,0,,GSW,DAL,91,126,1
2019-03-23,2019,0,,POR,DET,117,112,1
2019-03-23,2019,0,,SAC,PHO,112,103,1
2019-03-24,2019,0,,NYK,LAC,113,124,1
2019-03-24,2019,0,,MIL,CLE,127,105,1
2019-03-24,2019,0,,IND,DEN,124,88,1
2019-03-24,2019,0,,TOR,CHO,114,115,1
2019-03-24,2019,0,,NOP,HOU,90,113,1
2019-03-24,2019,0,,BOS,SAS,96,115,1
2019-03-24,2019,0,,GSW,DET,121,114,1
2019-03-24,2019,0,,LAL,SAC,111,106,1
2019-03-25,2019,0,,ORL,PHI,119,98,1
2019-03-25,2019,0,,MEM,OKC,115,103,1
2019-03-25,2019,0,,UTA,PHO,125,92,1
2019-03-25,2019,0,,POR,BRK,148,144,1
2019-03-26,2019,0,,CLE,BOS,106,116,1
2019-03-26,2019,0,,CHO,SAS,125,116,1
2019-03-26,2019,0,,TOR,CHI,112,103,1
2019-03-26,2019,0,,MIA,ORL,99,104,1
2019-03-26,2019,0,,NOP,ATL,120,130,1
2019-03-26,2019,0,,MIL,HOU,108,94,1
2019-03-26,2019,0,,MIN,LAC,111,122,1
2019-03-26,2019,0,,DAL,SAC,121,125,1
2019-03-26,2019,0,,DEN,DET,95,92,1
2019-03-26,2019,0,,LAL,WAS,124,106,1
2019-03-27,2019,0,,MEM,GSW,103,118,1
2019-03-27,2019,0,,CHI,POR,98,118,1
2019-03-27,2019,0,,OKC,IND,107,99,1
2019-03-27,2019,0,,PHO,WAS,121,124,1
2019-03-27,2019,0,,UTA,LAL,115,100,1
2019-03-28,2019,0,,PHI,BRK,123,110,1
2019-03-28,2019,0,,DET,ORL,115,98,1
2019-03-28,2019,0,,NYK,TOR,92,117,1
2019-03-28,2019,0,,MIA,DAL,105,99,1
2019-03-28,2019,0,,MIL,LAC,128,118,1
2019-03-28,2019,0,,NOP,SAC,121,118,1
2019-03-28,2019,0,,HOU,DEN,112,85,1
2019-03-28,2019,0,,SAS,CLE,116,110,1
2019-03-29,2019,0,,BOS,IND,114,112,1
2019-03-29,2019,0,,ATL,POR,98,118,1
2019-03-29,2019,0,,MIN,GSW,131,130,1
2019-03-29,2019,0,,OKC,DEN,105,115,1
2019-03-29,2019,0,,UTA,WAS,128,124,1
2019-03-29,2019,0,,LAL,CHO,129,115,1
2019-03-30,2019,0,,LAC,CLE,132,108,1
2019-03-30,2019,0,,HOU,SAC,119,108,1
2019-03-30,2019,0,,BRK,BOS,110,96,1
2019-03-30,2019,0,,IND,ORL,116,121,1
2019-03-30,2019,0,,DET,POR,99,90,1
2019-03-30,2019,0,,NYK,MIA,92,100,1
2019-03-30,2019,0,,MIN,PHI,109,118,1
2019-03-30,2019,0,,CHI,TOR,101,124,1
2019-03-30,2019,0,,PHO,MEM,115,120,1
2019-03-31,2019,0,,ATL,MIL,136,135,1
2019-03-31,2019,0,,OKC,DAL,103,106,1
2019-03-31,2019,0,,NOP,LAL,102,130,1
2019-03-31,2019,0,,SAS,SAC,106,113,1
2019-03-31,2019,0,,DEN,WAS,90,95,1
2019-03-31,2019,0,,GSW,CHO,137,90,1
2019-03-31,2019,0,,LAC,MEM,113,96,1
2019-04-01,2019,0,,IND,DET,111,102,1
2019-04-01,2019,0,,BRK,MIL,121,131,1
2019-04-01,2019,0,,BOS,MIA,110,105,1
2019-04-01,2019,0,,TOR,ORL,121,109,1
2019-04-01,2019,0,,NYK,CHI,113,105,1
2019-04-01,2019,0,,MIN,POR,122,132,1
2019-04-01,2019,0,,DAL,PHI,122,102,1
2019-04-01,2019,0,,UTA,CHO,111,102,1
2019-04-01,2019,0,,PHO,CLE,122,113,1
2019-04-02,2019,0,,OKC,LAL,119,103,1
2019-04-02,2019,0,,SAS,ATL,117,111,1
2019-04-02,2019,0,,SAC,HOU,105,130,1
2019-04-02,2019,0,,GSW,DEN,116,102,1
2019-04-03,2019,0,,WAS,CHI,114,115,1
2019-04-03,2019,0,,ORL,NYK,114,100,1
2019-04-03,2019,0,,DET,IND,89,108,1
2019-04-03,2019,0,,MIA,BOS,102,112,1
2019-04-03,2019,0,,BRK,TOR,105,115,1
2019-04-03,2019,0,,ATL,PHI,130,122,1
2019-04-03,2019,0,,NOP,CHO,109,115,1
2019-04-03,2019,0,,DAL,MIN,108,110,1
2019-04-03,2019,0,,DEN,SAS,113,85,1
2019-04-03,2019,0,,POR,MEM,116,89,1
2019-04-03,2019,0,,PHO,UTA,97,118,1
2019-04-03,2019,0,,LAC,HOU,103,135,1
2019-04-04,2019,0,,PHI,MIL,122,128,1
2019-04-04,2019,0,,SAC,CLE,117,104,1
2019-04-04,2019,0,,LAL,GSW,90,108,1
2019-04-05,2019,0,,ORL,ATL,149,113,1
2019-04-05,2019,0,,WAS,SAS,112,129,1
2019-04-05,2019,0,,CHO,TOR,113,111,1
2019-04-05,2019,0,,HOU,NYK,120,96,1
2019-04-05,2019,0,,IND,BOS,97,117,1
2019-04-05,2019,0,,OKC,DET,123,110,1
2019-04-05,2019,0,,MIN,MIA,111,109,1
2019-04-05,2019,0,,DAL,MEM,112,122,1
2019-04-05,2019,0,,UTA,SAC,119,98,1
2019-04-05,2019,0,,PHO,NOP,133,126,1
2019-04-05,2019,0,,DEN,POR,119,110,1
2019-04-05,2019,0,,GSW,CLE,120,114,1
2019-04-05,2019,0,,LAC,LAL,117,122,1
2019-04-06,2019,0,,MIL,BRK,128,133,1
2019-04-06,2019,0,,CHI,PHI,96,116,1
2019-04-07,2019,0,,TOR,MIA,117,109,1
2019-04-07,2019,0,,CLE,SAS,90,112,1
2019-04-07,2019,0,,MIN,OKC,126,132,1
2019-04-07,2019,0,,DET,CHO,91,104,1
2019-04-07,2019,0,,IND,BRK,96,108,1
2019-04-07,2019,0,,MEM,DAL,127,129,1
2019-04-07,2019,0,,HOU,PHO,149,113,1
2019-04-07,2019,0,,MIL,ATL,115,107,1
2019-04-07,2019,0,,NYK,WAS,113,110,1
2019-04-07,2019,0,,BOS,ORL,108,116,1
2019-04-07,2019,0,,GSW,LAC,131,104,1
2019-04-07,2019,0,,POR,DEN,115,108,1
2019-04-07,2019,0,,SAC,NOP,129,133,1
2019-04-07,2019,0,,LAL,UTA,113,109,1
2019-04-09,2019,0,,WAS,BOS,110,116,1
2019-04-09,2019,0,,DET,MEM,100,93,1
2019-04-09,2019,0,,CLE,CHO,97,124,1
2019-04-09,2019,0,,MIA,PHI,122,99,1
2019-04-09,2019,0,,CHI,NYK,86,96,1
2019-04-09,2019,0,,MIN,TOR,100,120,1
2019-04-09,2019,0,,NOP,GSW,103,112,1
2019-04-09,2019,0,,DAL,PHO,120,109,1
2019-04-09,2019,0,,UTA,DEN,118,108,1
2019-04-09,2019,0,,OKC,HOU,112,111,1
2019-04-09,2019,0,,LAL,POR,101,104,1
2019-04-10,2019,0,,MIL,OKC,116,127,1
2019-04-10,2019,0,,BRK,MIA,113,94,1
2019-04-10,2019,0,,MEM,GSW,132,117,1
2019-04-10,2019,0,,ATL,IND,134,135,1
2019-04-10,2019,0,,PHI,CHI,125,109,1
2019-04-10,2019,0,,CHO,ORL,114,122,1
2019-04-10,2019,0,,NYK,DET,89,115,1
2019-04-10,2019,0,,SAS,DAL,105,94,1
2019-04-10,2019,0,,POR,SAC,136,131,1
2019-04-10,2019,0,,DEN,MIN,99,95,1
2019-04-10,2019,0,,LAC,UTA,143,137,1
2019-10-22,2020,0,,TOR,NOP,130,122,1
2019-10-22,2020,0,,LAC,LAL,112,102,1
2019-10-23,2020,0,,CHO,CHI,126,125,1
2019-10-23,2020,0,,IND,DET,110,119,1
2019-10-23,2020,0,,ORL,CLE,94,85,1
2019-10-23,2020,0,,MIA,MEM,120,101,1
2019-10-23,2020,0,,PHI,BOS,107,93,1
2019-10-23,2020,0,,BRK,MIN,126,127,1
2019-10-23,2020,0,,DAL,WAS,108,100,1
2019-10-23,2020,0,,SAS,NYK,120,111,1
2019-10-23,2020,0,,UTA,OKC,100,95,1
2019-10-23,2020,0,,PHO,SAC,124,95,1
2019-10-23,2020,0,,POR,DEN,100,108,1
2019-10-24,2020,0,,DET,ATL,100,117,1
2019-10-24,2020,0,,HOU,MIL,111,117,1
2019-10-24,2020,0,,GSW,LAC,122,141,1
2019-10-25,2020,0,,BOS,TOR,112,106,1
2019-10-25,2020,0,,CHO,MIN,99,121,1
2019-10-25,2020,0,,BRK,NYK,113,109,1
2019-10-25,2020,0,,NOP,DAL,116,123,1
2019-10-25,2020,0,,MEM,CHI,102,110,1
2019-10-25,2020,0,,OKC,WAS,85,97,1
2019-10-25,2020,0,,DEN,PHO,108,107,1
2019-10-25,2020,0,,SAC,POR,112,122,1
2019-10-25,2020,0,,LAL,UTA,95,86,1
2019-10-26,2020,0,,MIL,MIA,126,131,1
2019-10-26,2020,0,,DET,PHI,111,117,1
2019-10-26,2020,0,,NYK,BOS,95,118,1
2019-10-26,2020,0,,ATL,ORL,103,99,1
2019-10-26,2020,0,,HOU,NOP,126,123,1
2019-10-26,2020,0,,CHI,TOR,84,108,1
2019-10-26,2020,0,,CLE,IND,110,99,1
2019-10-26,2020,0,,SAS,WAS,124,122,1
2019-10-26,2020,0,,UTA,SAC,113,81,1
2019-10-26,2020,0,,PHO,LAC,130,122,1
2019-10-27,2020,0,,OKC,GSW,120,92,1
2019-10-27,2020,0,,MEM,BRK,134,133,1
2019-10-27,2020,0,,MIN,MIA,116,109,1
2019-10-27,2020,0,,DAL,POR,119,121,1
2019-10-27,2020,0,,LAL,CHO,120,101,1
2019-10-28,2020,0,,NYK,CHI,105,98,1
2019-10-28,2020,0,,DET,IND,96,94,1
2019-10-28,2020,0,,TOR,ORL,104,95,1
2019-10-28,2020,0,,ATL,PHI,103,105,1
2019-10-28,2020,0,,HOU,OKC,116,112,1
2019-10-28,2020,0,,NOP,GSW,123,134,1
2019-10-28,2020,0,,MIL,CLE,129,112,1
2019-10-28,2020,0,,SAS,POR,113,110,1
2019-10-28,2020,0,,PHO,UTA,95,96,1
2019-10-28,2020,0,,SAC,DEN,94,101,1
2019-10-28,2020,0,,LAC,CHO,111,96,1
2019-10-29,2020,0,,MIA,ATL,112,97,1
2019-10-29,2020,0,,DEN,DAL,106,109,1
2019-10-29,2020,0,,LAL,MEM,120,91,1
2019-10-30,2020,0,,PHI,MIN,117,95,1
2019-10-30,2020,0,,ORL,NYK,95,83,1
2019-10-30,2020,0,,CLE,CHI,117,111,1
2019-10-30,2020,0,,TOR,DET,125,113,1
2019-10-30,2020,0,,BRK,IND,108,118,1
2019-10-30,2020,0,,BOS,MIL,116,105,1
2019-10-30,2020,0,,WAS,HOU,158,159,1
2019-10-30,2020,0,,OKC,POR,99,102,1
2019-10-30,2020,0,,UTA,LAC,110,96,1
2019-10-30,2020,0,,SAC,CHO,111,118,1
2019-10-30,2020,0,,GSW,PHO,110,121,1
2019-10-31,2020,0,,ATL,MIA,97,106,1
2019-10-31,2020,0,,NOP,DEN,122,107,1
2019-10-31,2020,0,,LAC,SAS,103,97,1
2019-11-01,2020,0,,ORL,MIL,91,123,1
2019-11-01,2020,0,,IND,CLE,102,95,1
2019-11-01,2020,0,,BRK,HOU,123,116,1
2019-11-01,2020,0,,BOS,NYK,104,102,1
2019-11-01,2020,0,,CHI,DET,112,106,1
2019-11-01,2020,0,,DAL,LAL,110,119,1
2019-11-01,2020,0,,SAC,UTA,102,101,1
2019-11-01,2020,0,,GSW,SAS,110,127,1
2019-11-02,2020,0,,OKC,NOP,115,104,1
2019-11-02,2020,0,,ORL,DEN,87,91,1
2019-11-02,2020,0,,DET,BRK,113,109,1
2019-11-02,2020,0,,MIL,TOR,115,105,1
2019-11-02,2020,0,,MEM,PHO,105,114,1
2019-11-02,2020,0,,WAS,MIN,109,131,1
2019-11-02,2020,0,,GSW,CHO,87,93,1
2019-11-02,2020,0,,POR,PHI,128,129,1
2019-11-03,2020,0,,IND,CHI,108,95,1
2019-11-03,2020,0,,MIA,HOU,129,100,1
2019-11-03,2020,0,,NYK,SAC,92,113,1
2019-11-03,2020,0,,SAS,LAL,96,103,1
2019-11-03,2020,0,,CLE,DAL,111,131,1
2019-11-03,2020,0,,LAC,UTA,105,94,1
2019-11-04,2020,0,,WAS,DET,115,99,1
2019-11-04,2020,0,,BRK,NOP,135,125,1
2019-11-04,2020,0,,MIN,MIL,106,134,1
2019-11-04,2020,0,,MEM,HOU,100,107,1
2019-11-04,2020,0,,PHO,PHI,114,109,1
2019-11-04,2020,0,,GSW,POR,127,118,1
2019-11-05,2020,0,,CLE,BOS,113,119,1
2019-11-05,2020,0,,CHO,IND,122,120,1
2019-11-05,2020,0,,ATL,SAS,108,100,1
2019-11-05,2020,0,,CHI,LAL,112,118,1
2019-11-05,2020,0,,OKC,ORL,102,94,1
2019-11-05,2020,0,,DEN,MIA,109,89,1
2019-11-06,2020,0,,IND,WAS,121,106,1
2019-11-06,2020,0,,DET,NYK,122,102,1
2019-11-06,2020,0,,TOR,SAC,124,120,1
2019-11-06,2020,0,,HOU,GSW,129,112,1
2019-11-06,2020,0,,ATL,CHI,93,113,1
2019-11-06,2020,0,,MEM,MIN,137,121,1
2019-11-06,2020,0,,DAL,ORL,107,106,1
2019-11-06,2020,0,,UTA,PHI,106,104,1
2019-11-06,2020,0,,LAC,MIL,124,129,1
2019-11-07,2020,0,,CHO,BOS,87,108,1
2019-11-07,2020,0,,SAS,OKC,121,112,1
2019-11-07,2020,0,,PHO,MIA,108,124,1
2019-11-07,2020,0,,LAC,POR,107,101,1
2019-11-08,2020,0,,IND,DET,112,106,1
2019-11-08,2020,0,,WAS,CLE,100,113,1
2019-11-08,2020,0,,ORL,MEM,118,86,1
2019-11-08,2020,0,,ATL,SAC,109,121,1
2019-11-08,2020,0,,MIN,GSW,125,119,1
2019-11-08,2020,0,,NOP,TOR,104,122,1
2019-11-08,2020,0,,DAL,NYK,102,106,1
2019-11-08,2020,0,,DEN,PHI,100,97,1
2019-11-08,2020,0,,UTA,MIL,103,100,1
2019-11-08,2020,0,,POR,BRK,115,119,1
2019-11-08,2020,0,,LAL,MIA,95,80,1
2019-11-09,2020,0,,SAS,BOS,115,135,1
2019-11-09,2020,0,,CHO,NOP,110,115,1
2019-11-09,2020,0,,MEM,DAL,122,138,1
2019-11-09,2020,0,,OKC,GSW,114,108,1
2019-11-09,2020,0,,CHI,HOU,94,117,1
2019-11-10,2020,0,,MIN,DEN,98,100,1
2019-11-10,2020,0,,ORL,IND,102,109,1
2019-11-10,2020,0,,PHI,CHO,114,106,1
2019-11-10,2020,0,,OKC,MIL,119,121,1
2019-11-10,2020,0,,NYK,CLE,87,108,1
2019-11-10,2020,0,,PHO,BRK,138,112,1
2019-11-10,2020,0,,POR,ATL,124,113,1
2019-11-10,2020,0,,LAL,TOR,104,113,1
2019-11-11,2020,0,,DET,MIN,114,120,1
2019-11-11,2020,0,,BOS,DAL,116,106,1
2019-11-11,2020,0,,SAS,MEM,109,113,1
2019-11-11,2020,0,,NOP,HOU,116,122,1
2019-11-11,2020,0,,GSW,UTA,108,122,1
2019-11-11,2020,0,,LAC,TOR,98,88,1
2019-11-12,2020,0,,PHI,CLE,98,97,1
2019-11-12,2020,0,,IND,OKC,111,85,1
2019-11-12,2020,0,,MIA,DET,117,108,1
2019-11-12,2020,0,,CHI,NYK,120,102,1
2019-11-12,2020,0,,DEN,ATL,121,125,1
2019-11-12,2020,0,,UTA,BRK,119,114,1
2019-11-12,2020,0,,PHO,LAL,115,123,1
2019-11-12,2020,0,,SAC,POR,107,99,1
2019-11-13,2020,0,,CHO,MEM,117,119,1
2019-11-13,2020,0,,ORL,PHI,112,97,1
2019-11-13,2020,0,,BOS,WAS,140,133,1
2019-11-13,2020,0,,HOU,LAC,102,93,1
2019-11-13,2020,0,,MIN,SAS,129,114,1
2019-11-13,2020,0,,LAL,GSW,120,94,1
2019-11-13,2020,0,,POR,TOR,106,114,1
2019-11-14,2020,0,,CLE,MIA,97,108,1
2019-11-14,2020,0,,NOP,LAC,132,127,1
2019-11-14,2020,0,,NYK,DAL,106,103,1
2019-11-14,2020,0,,MIL,CHI,124,115,1
2019-11-14,2020,0,,PHO,ATL,128,112,1
2019-11-14,2020,0,,DEN,BRK,101,93,1
2019-11-15,2020,0,,CHO,DET,109,106,1
2019-11-15,2020,0,,ORL,SAS,111,109,1
2019-11-15,2020,0,,MEM,UTA,107,106,1
2019-11-15,2020,0,,OKC,PHI,127,119,1
2019-11-15,2020,0,,MIN,WAS,116,137,1
2019-11-15,2020,0,,HOU,IND,111,102,1
2019-11-15,2020,0,,GSW,BOS,100,105,1
2019-11-15,2020,0,,LAL,SAC,99,97,1
2019-11-16,2020,0,,CHI,BRK,111,117,1
2019-11-16,2020,0,,IND,MIL,83,102,1
2019-11-16,2020,0,,NYK,CHO,102,103,1
2019-11-16,2020,0,,MIA,NOP,109,94,1
2019-11-16,2020,0,,MIN,HOU,105,125,1
2019-11-16,2020,0,,SAS,POR,116,121,1
2019-11-16,2020,0,,DAL,TOR,110,102,1
2019-11-16,2020,0,,LAC,ATL,150,101,1
2019-11-17,2020,0,,CLE,PHI,95,114,1
2019-11-17,2020,0,,SAC,BOS,100,99,1
2019-11-17,2020,0,,ORL,WAS,125,121,1
2019-11-17,2020,0,,MEM,DEN,114,131,1
2019-11-17,2020,0,,NOP,GSW,108,100,1
2019-11-17,2020,0,,LAL,ATL,122,101,1
2019-11-18,2020,0,,NYK,CLE,123,105,1
2019-11-18,2020,0,,BRK,IND,86,115,1
2019-11-18,2020,0,,TOR,CHO,132,96,1
2019-11-18,2020,0,,CHI,MIL,101,115,1
2019-11-18,2020,0,,HOU,POR,132,108,1
2019-11-18,2020,0,,DAL,SAS,117,110,1
2019-11-18,2020,0,,UTA,MIN,102,112,1
2019-11-18,2020,0,,PHO,BOS,85,99,1
2019-11-18,2020,0,,LAC,OKC,90,88,1
2019-11-19,2020,0,,MEM,GSW,95,114,1
2019-11-19,2020,0,,NOP,POR,115,104,1
2019-11-19,2020,0,,SAC,PHO,120,116,1
2019-11-19,2020,0,,LAL,OKC,112,107,1
2019-11-20,2020,0,,PHI,NYK,109,104,1
2019-11-20,2020,0,,WAS,SAS,138,132,1
2019-11-20,2020,0,,ATL,MIL,127,135,1
2019-11-20,2020,0,,TOR,ORL,113,97,1
2019-11-20,2020,0,,BRK,CHO,101,91,1
2019-11-20,2020,0,,DAL,GSW,142,94,1
2019-11-20,2020,0,,MIA,CLE,124,100,1
2019-11-20,2020,0,,MIN,UTA,95,103,1
2019-11-20,2020,0,,CHI,DET,109,89,1
2019-11-20,2020,0,,DEN,HOU,105,95,1
2019-11-20,2020,0,,LAC,BOS,107,104,1
2019-11-21,2020,0,,MIL,POR,137,129,1
2019-11-21,2020,0,,PHO,NOP,121,124,1
2019-11-22,2020,0,,DET,ATL,128,103,1
2019-11-22,2020,0,,WAS,CHO,125,118,1
2019-11-22,2020,0,,BRK,SAC,116,97,1
2019-11-22,2020,0,,PHI,SAS,115,104,1
2019-11-22,2020,0,,CHI,MIA,108,116,1
2019-11-22,2020,0,,OKC,LAL,127,130,1
2019-11-22,2020,0,,DAL,CLE,143,101,1
2019-11-22,2020,0,,UTA,GSW,113,109,1
2019-11-22,2020,0,,DEN,BOS,96,92,1
2019-11-22,2020,0,,LAC,HOU,122,119,1
2019-11-23,2020,0,,MIN,PHO,98,100,1
2019-11-23,2020,0,,IND,ORL,111,106,1
2019-11-23,2020,0,,CHO,CHI,115,116,1
2019-11-23,2020,0,,PHI,MIA,113,86,1
2019-11-23,2020,0,,ATL,TOR,116,119,1
2019-11-23,2020,0,,NYK,SAS,104,111,1
2019-11-23,2020,0,,CLE,POR,110,104,1
2019-11-23,2020,0,,MEM,LAL,108,109,1
2019-11-23,2020,0,,MIL,DET,104,90,1
2019-11-23,2020,0,,UTA,NOP,128,120,1
2019-11-24,2020,0,,HOU,DAL,123,137,1
2019-11-24,2020,0,,NYK,BRK,101,103,1
2019-11-24,2020,0,,WAS,SAC,106,113,1
2019-11-24,2020,0,,DEN,PHO,116,104,1
2019-11-24,2020,0,,LAC,NOP,134,109,1
2019-11-25,2020,0,,IND,MEM,126,114,1
2019-11-25,2020,0,,DET,ORL,103,88,1
2019-11-25,2020,0,,CLE,BRK,106,108,1
2019-11-25,2020,0,,ATL,MIN,113,125,1
2019-11-25,2020,0,,MIA,CHO,117,100,1
2019-11-25,2020,0,,BOS,SAC,103,102,1
2019-11-25,2020,0,,TOR,PHI,101,96,1
2019-11-25,2020,0,,MIL,UTA,122,118,1
2019-11-25,2020,0,,CHI,POR,94,117,1
2019-11-25,2020,0,,SAS,LAL,104,114,1
2019-11-25,2020,0,,GSW,OKC,97,100,1
2019-11-26,2020,0,,DAL,LAC,99,114,1
2019-11-26,2020,0,,DEN,WAS,117,104,1
2019-11-27,2020,0,,CLE,ORL,104,116,1
2019-11-27,2020,0,,IND,UTA,121,102,1
2019-11-27,2020,0,,PHI,SAC,97,91,1
2019-11-27,2020,0,,BOS,BRK,121,110,1
2019-11-27,2020,0,,CHO,DET,102,101,1
2019-11-27,2020,0,,TOR,NYK,126,98,1
2019-11-27,2020,0,,HOU,MIA,117,108,1
2019-11-27,2020,0,,MEM,LAC,119,121,1
2019-11-27,2020,0,,MIL,ATL,111,102,1
2019-11-27,2020,0,,SAS,MIN,101,113,1
2019-11-27,2020,0,,PHO,WAS,132,140,1
2019-11-27,2020,0,,NOP,LAL,110,114,1
2019-11-27,2020,0,,POR,OKC,136,119,1
2019-11-27,2020,0,,GSW,CHI,104,90,1
2019-11-29,2020,0,,BRK,BOS,112,107,1
2019-11-29,2020,0,,ORL,TOR,83,90,1
2019-11-29,2020,0,,DET,CHO,107,110,1
2019-11-29,2020,0,,NYK,PHI,95,101,1
2019-11-29,2020,0,,CLE,MIL,110,119,1
2019-11-29,2020,0,,OKC,NOP,109,104,1
2019-11-29,2020,0,,MEM,UTA,94,103,1
2019-11-29,2020,0,,IND,ATL,105,104,1
2019-11-29,2020,0,,MIA,GSW,122,105,1
2019-11-29,2020,0,,SAS,LAC,107,97,1
2019-11-29,2020,0,,PHO,DAL,113,120,1
2019-11-29,2020,0,,POR,CHI,107,103,1
2019-11-29,2020,0,,LAL,WAS,125,103,1
2019-11-30,2020,0,,SAC,DEN,100,97,1
2019-11-30,2020,0,,PHI,IND,119,116,1
2019-11-30,2020,0,,HOU,ATL,158,111,1
2019-11-30,2020,0,,MIL,CHO,137,96,1
2019-12-01,2020,0,,BRK,MIA,106,109,1
2019-12-01,2020,0,,NYK,BOS,104,113,1
2019-12-01,2020,0,,MIN,MEM,107,115,1
2019-12-01,2020,0,,LAL,DAL,100,114,1
2019-12-01,2020,0,,NOP,OKC,104,107,1
2019-12-01,2020,0,,DET,SAS,132,98,1
2019-12-01,2020,0,,ORL,GSW,100,96,1
2019-12-01,2020,0,,TOR,UTA,130,110,1
2019-12-01,2020,0,,LAC,WAS,150,125,1
2019-12-02,2020,0,,CHO,PHO,104,109,1
2019-12-02,2020,0,,PHI,UTA,103,94,1
2019-12-02,2020,0,,ATL,GSW,104,79,1
2019-12-02,2020,0,,MEM,IND,104,117,1
2019-12-02,2020,0,,MIL,NYK,132,88,1
2019-12-02,2020,0,,SAC,CHI,106,113,1
2019-12-03,2020,0,,WAS,ORL,120,127,1
2019-12-03,2020,0,,CLE,DET,94,127,1
2019-12-03,2020,0,,NOP,DAL,97,118,1
2019-12-03,2020,0,,TOR,MIA,110,121,1
2019-12-03,2020,0,,SAS,HOU,135,133,1
2019-12-03,2020,0,,DEN,LAL,96,105,1
2019-12-03,2020,0,,LAC,POR,117,97,1
2019-12-04,2020,0,,CHO,GSW,106,91,1
2019-12-04,2020,0,,ORL,PHO,128,114,1
2019-12-04,2020,0,,DET,MIL,103,127,1
2019-12-04,2020,0,,ATL,BRK,118,130,1
2019-12-04,2020,0,,BOS,MIA,112,93,1
2019-12-04,2020,0,,CHI,MEM,106,99,1
2019-12-04,2020,0,,OKC,IND,100,107,1
2019-12-04,2020,0,,DAL,MIN,121,114,1
2019-12-04,2020,0,,UTA,LAL,96,121,1
2019-12-04,2020,0,,POR,SAC,127,116,1
2019-12-05,2020,0,,WAS,PHI,119,113,1
2019-12-05,2020,0,,TOR,HOU,109,119,1
2019-12-05,2020,0,,NYK,DEN,92,129,1
2019-12-05,2020,0,,NOP,PHO,132,139,1
2019-12-06,2020,0,,CLE,ORL,87,93,1
2019-12-06,2020,0,,DET,IND,108,101,1
2019-12-06,2020,0,,CHO,BRK,104,111,1
2019-12-06,2020,0,,MIA,WAS,112,103,1
2019-12-06,2020,0,,CHI,GSW,98,100,1
2019-12-06,2020,0,,OKC,MIN,139,127,1
2019-12-06,2020,0,,BOS,DEN,108,95,1
2019-12-06,2020,0,,SAS,SAC,105,104,1
2019-12-06,2020,0,,MIL,LAC,119,91,1
2019-12-06,2020,0,,POR,LAL,113,136,1
2019-12-07,2020,0,,DAL,NOP,130,84,1
2019-12-07,2020,0,,NYK,IND,103,104,1
2019-12-07,2020,0,,PHI,CLE,141,94,1
2019-12-07,2020,0,,HOU,PHO,115,109,1
2019-12-07,2020,0,,UTA,MEM,126,112,1
2019-12-08,2020,0,,BRK,DEN,105,102,1
2019-12-08,2020,0,,CHO,ATL,107,122,1
2019-12-08,2020,0,,MIA,CHI,110,105,1
2019-12-08,2020,0,,PHI,TOR,110,104,1
2019-12-08,2020,0,,WAS,LAC,119,135,1
2019-12-08,2020,0,,DAL,SAC,106,110,1
2019-12-08,2020,0,,POR,OKC,96,108,1
2019-12-08,2020,0,,LAL,MIN,142,125,1
2019-12-09,2020,0,,IND,LAC,99,110,1
2019-12-09,2020,0,,BOS,CLE,110,88,1
2019-12-09,2020,0,,NOP,DET,103,105,1
2019-12-09,2020,0,,HOU,SAC,118,119,1
2019-12-09,2020,0,,MIL,ORL,110,101,1
2019-12-09,2020,0,,CHI,TOR,92,93,1
2019-12-09,2020,0,,PHO,MIN,125,109,1
2019-12-09,2020,0,,UTA,OKC,90,104,1
2019-12-09,2020,0,,GSW,MEM,102,110,1
2019-12-10,2020,0,,CHO,WAS,114,107,1
2019-12-10,2020,0,,PHI,DEN,97,92,1
2019-12-10,2020,0,,MIA,ATL,135,121,1
2019-12-10,2020,0,,POR,NYK,115,87,1
2019-12-11,2020,0,,TOR,LAC,92,112,1
2019-12-11,2020,0,,CLE,HOU,110,116,1
2019-12-11,2020,0,,IND,BOS,122,117,1
2019-12-11,2020,0,,ORL,LAL,87,96,1
2019-12-11,2020,0,,BRK,CHO,108,113,1
2019-12-11,2020,0,,MIN,UTA,116,127,1
2019-12-11,2020,0,,CHI,ATL,136,102,1
2019-12-11,2020,0,,PHO,MEM,108,115,1
2019-12-11,2020,0,,MIL,NOP,127,112,1
2019-12-11,2020,0,,SAC,OKC,94,93,1
2019-12-11,2020,0,,GSW,NYK,122,124,1
2019-12-12,2020,0,,BOS,PHI,109,115,1
2019-12-12,2020,0,,SAS,CLE,109,117,1
2019-12-12,2020,0,,DEN,POR,114,99,1
2019-12-12,2020,1,,DAL,DET,122,111,0
2019-12-13,2020,0,,ORL,HOU,107,130,1
2019-12-13,2020,0,,MIA,LAL,110,113,1
2019-12-13,2020,0,,PHI,NOP,116,109,1
2019-12-13,2020,0,,ATL,IND,100,110,1
2019-12-13,2020,0,,CHI,CHO,73,83,1
2019-12-13,2020,0,,MEM,MIL,114,127,1
2019-12-13,2020,0,,UTA,GSW,114,106,1
2019-12-13,2020,0,,MIN,LAC,117,124,1
2019-12-13,2020,0,,SAC,NYK,101,103,1
2019-12-14,2020,1,,PHO,SAS,119,121,0
2019-12-14,2020,0,,TOR,BRK,110,102,1
2019-12-14,2020,0,,CHI,LAC,109,106,1
2019-12-14,2020,0,,MEM,WAS,128,111,1
2019-12-14,2020,0,,MIL,CLE,125,108,1
2019-12-14,2020,0,,DAL,MIA,118,122,1
2019-12-14,2020,0,,HOU,DET,107,115,1
2019-12-14,2020,0,,DEN,OKC,110,102,1
2019-12-15,2020,0,,NOP,ORL,119,130,1
2019-12-15,2020,0,,IND,CHO,107,85,1
2019-12-15,2020,0,,ATL,LAL,96,101,1
2019-12-15,2020,0,,BRK,PHI,109,89,1
2019-12-15,2020,0,,DEN,NYK,111,105,1
2019-12-15,2020,0,,GSW,SAC,79,100,1
2019-12-16,2020,0,,DET,WAS,119,133,1
2019-12-16,2020,0,,TOR,CLE,133,113,1
2019-12-16,2020,0,,OKC,CHI,109,106,1
2019-12-16,2020,0,,MEM,MIA,118,111,1
2019-12-16,2020,0,,MIL,DAL,116,120,1
2019-12-16,2020,0,,HOU,SAS,109,107,1
2019-12-16,2020,0,,PHO,POR,110,111,1
2019-12-17,2020,0,,IND,LAL,105,102,1
2019-12-17,2020,0,,CHO,SAC,110,102,1
2019-12-17,2020,0,,NYK,ATL,143,120,1
2019-12-17,2020,0,,NOP,BRK,101,108,1
2019-12-17,2020,0,,UTA,ORL,109,102,1
2019-12-17,2020,0,,LAC,PHO,120,99,1
2019-12-18,2020,0,,DET,TOR,99,112,1
2019-12-18,2020,0,,WAS,CHI,109,110,1
2019-12-18,2020,0,,CLE,CHO,100,98,1
2019-12-18,2020,0,,PHI,MIA,104,108,1
2019-12-18,2020,0,,MIN,NOP,99,107,1
2019-12-18,2020,0,,OKC,MEM,126,122,1
2019-12-18,2020,0,,DEN,ORL,113,104,1
2019-12-18,2020,0,,DAL,BOS,103,109,1
2019-12-18,2020,0,,POR,GSW,122,112,1
2019-12-19,2020,0,,ATL,UTA,106,111,1
2019-12-19,2020,0,,MIL,LAL,111,104,1
2019-12-19,2020,0,,SAS,BRK,118,105,1
2019-12-19,2020,0,,LAC,HOU,117,122,1
2019-12-20,2020,0,,CLE,MEM,114,107,1
2019-12-20,2020,0,,IND,SAC,119,105,1
2019-12-20,2020,0,,BOS,DET,114,93,1
2019-12-20,2020,0,,TOR,WAS,122,118,1
2019-12-20,2020,0,,OKC,PHO,126,108,1
2019-12-20,2020,0,,MIA,NYK,129,114,1
2019-12-20,2020,0,,PHI,DAL,98,117,1
2019-12-20,2020,0,,DEN,MIN,109,100,1
2019-12-20,2020,0,,POR,ORL,118,103,1
2019-12-20,2020,0,,GSW,NOP,106,102,1
2019-12-21,2020,0,,CHO,UTA,107,114,1
2019-12-21,2020,0,,BRK,ATL,122,112,1
2019-12-21,2020,0,,DET,CHI,107,119,1
2019-12-21,2020,0,,PHI,WAS,125,108,1
2019-12-21,2020,0,,NYK,MIL,102,123,1
2019-12-21,2020,0,,MEM,SAC,119,115,1
2019-12-21,2020,0,,SAS,LAC,109,134,1
2019-12-21,2020,0,,PHO,HOU,125,139,1
2019-12-21,2020,0,,POR,MIN,113,106,1
2019-12-22,2020,0,,TOR,DAL,110,107,1
2019-12-22,2020,0,,BOS,CHO,119,93,1
2019-12-22,2020,0,,MIL,IND,117,89,1
2019-12-22,2020,0,,OKC,LAC,118,112,1
2019-12-22,2020,0,,LAL,DEN,104,128,1
2019-12-23,2020,0,,IND,TOR,120,115,1
2019-12-23,2020,0,,DET,PHI,109,125,1
2019-12-23,2020,0,,ORL,CHI,103,95,1
2019-12-23,2020,0,,CLE,ATL,121,118,1
2019-12-23,2020,0,,NYK,WAS,115,121,1
2019-12-23,2020,0,,MIA,UTA,107,104,1
2019-12-23,2020,0,,MEM,SAS,115,145,1
2019-12-23,2020,0,,PHO,DEN,111,113,1
2019-12-23,2020,0,,POR,NOP,94,102,1
2019-12-23,2020,0,,SAC,HOU,104,113,1
2019-12-23,2020,0,,GSW,MIN,113,104,1
2019-12-25,2020,0,,TOR,BOS,102,118,1
2019-12-25,2020,0,,PHI,MIL,121,109,1
2019-12-25,2020,0,,GSW,HOU,116,104,1
2019-12-25,2020,0,,LAL,LAC,106,111,1
2019-12-25,2020,0,,DEN,NOP,100,112,1
2019-12-26,2020,0,,DET,WAS,132,102,1
2019-12-26,2020,0,,BRK,NYK,82,94,1
2019-12-26,2020,0,,DAL,SAS,102,98,1
2019-12-26,2020,0,,OKC,MEM,97,110,1
2019-12-26,2020,0,,SAC,MIN,104,105,1
2019-12-26,2020,0,,UTA,POR,121,115,1
2019-12-27,2020,0,,BOS,CLE,129,117,1
2019-12-27,2020,0,,ORL,PHI,98,97,1
2019-12-27,2020,0,,CHO,OKC,102,104,1
2019-12-27,2020,0,,ATL,MIL,86,112,1
2019-12-27,2020,0,,MIA,IND,113,112,1
2019-12-27,2020,0,,GSW,PHO,105,96,1
2019-12-28,2020,0,,DEN,MEM,119,110,1
2019-12-28,2020,0,,BOS,TOR,97,113,1
2019-12-28,2020,0,,NOP,IND,120,98,1
2019-12-28,2020,0,,WAS,NYK,100,107,1
2019-12-28,2020,0,,HOU,BRK,108,98,1
2019-12-28,2020,0,,MIN,CLE,88,94,1
2019-12-28,2020,0,,CHI,ATL,116,81,1
2019-12-28,2020,0,,MIA,PHI,117,116,1
2019-12-28,2020,0,,MIL,ORL,111,100,1
2019-12-28,2020,0,,GSW,DAL,121,141,1
2019-12-28,2020,0,,SAS,DET,136,109,1
2019-12-28,2020,0,,SAC,PHO,110,112,1
2019-12-28,2020,0,,POR,LAL,120,128,1
2019-12-28,2020,0,,LAC,UTA,107,120,1
2019-12-29,2020,0,,TOR,OKC,97,98,1
2019-12-29,2020,0,,NOP,HOU,127,112,1
2019-12-29,2020,0,,DEN,SAC,120,115,1
2019-12-29,2020,0,,MEM,CHO,117,104,1
2019-12-29,2020,0,,LAL,DAL,108,95,1
2019-12-30,2020,0,,ORL,ATL,93,101,1
2019-12-30,2020,0,,WAS,MIA,123,105,1
2019-12-30,2020,0,,MIN,BRK,122,115,1
2019-12-30,2020,0,,CHI,MIL,102,123,1
2019-12-30,2020,0,,UTA,DET,104,81,1
2019-12-30,2020,0,,POR,PHO,116,122,1
2019-12-31,2020,0,,CHO,BOS,92,109,1
2019-12-31,2020,0,,IND,PHI,115,97,1
2019-12-31,2020,0,,SAC,LAC,87,105,1
2019-12-31,2020,0,,HOU,DEN,130,104,1
2019-12-31,2020,0,,TOR,CLE,117,97,1
2019-12-31,2020,0,,SAS,GSW,117,113,1
2019-12-31,2020,0,,OKC,DAL,106,101,1
2020-01-01,2020,0,,WAS,ORL,101,122,1
2020-01-01,2020,0,,NYK,POR,117,93,1
2020-01-01,2020,0,,MIL,MIN,106,104,1
2020-01-01,2020,0,,LAL,PHO,117,107,1
2020-01-02,2020,0,,IND,DEN,116,124,1
2020-01-02,2020,0,,CLE,CHO,106,109,1
2020-01-02,2020,0,,MIA,TOR,84,76,1
2020-01-02,2020,0,,CHI,UTA,98,102,1
2020-01-02,2020,0,,MIN,GSW,99,84,1
2020-01-02,2020,0,,DAL,BRK,123,111,1
2020-01-02,2020,0,,SAS,OKC,103,109,1
2020-01-02,2020,0,,SAC,MEM,128,123,1
2020-01-02,2020,0,,LAC,DET,126,112,1
2020-01-03,2020,0,,BOS,ATL,109,106,1
2020-01-03,2020,0,,WAS,POR,103,122,1
2020-01-03,2020,0,,ORL,MIA,105,85,1
2020-01-03,2020,0,,HOU,PHI,118,108,1
2020-01-03,2020,0,,PHO,NYK,120,112,1
2020-01-03,2020,0,,LAL,NOP,123,113,1
2020-01-04,2020,0,,LAC,MEM,114,140,1
2020-01-04,2020,0,,BRK,TOR,102,121,1
2020-01-04,2020,0,,ORL,UTA,96,109,1
2020-01-04,2020,0,,ATL,IND,116,111,1
2020-01-04,2020,0,,CLE,OKC,106,121,1
2020-01-04,2020,0,,CHI,BOS,104,111,1
2020-01-04,2020,0,,WAS,DEN,128,114,1
2020-01-04,2020,0,,MIL,SAS,127,118,1
2020-01-04,2020,0,,GSW,DET,104,111,1
2020-01-04,2020,0,,DAL,CHO,120,123,1
2020-01-04,2020,0,,SAC,NOP,115,117,1
2020-01-05,2020,0,,LAC,NYK,135,132,1
2020-01-05,2020,0,,MIA,POR,122,111,1
2020-01-05,2020,0,,CLE,MIN,103,118,1
2020-01-05,2020,0,,PHO,MEM,114,121,1
2020-01-05,2020,0,,LAL,DET,106,99,1
2020-01-06,2020,0,,ORL,BRK,101,89,1
2020-01-06,2020,0,,PHI,OKC,120,113,1
2020-01-06,2020,0,,WAS,BOS,99,94,1
2020-01-06,2020,0,,CHO,IND,104,115,1
2020-01-06,2020,0,,ATL,DEN,115,123,1
2020-01-06,2020,0,,NOP,UTA,126,128,1
2020-01-06,2020,0,,DAL,CHI,118,110,1
2020-01-06,2020,0,,SAS,MIL,126,104,1
2020-01-06,2020,0,,SAC,GSW,111,98,1
2020-01-07,2020,0,,TOR,POR,99,101,1
2020-01-07,2020,0,,CLE,DET,113,115,1
2020-01-07,2020,0,,BRK,OKC,103,111,1
2020-01-07,2020,0,,MEM,MIN,119,112,1
2020-01-07,2020,0,,PHO,SAC,103,114,1
2020-01-07,2020,0,,LAL,NYK,117,87,1
2020-01-08,2020,0,,ORL,WAS,123,89,1
2020-01-08,2020,0,,CHO,TOR,110,112,1
2020-01-08,2020,0,,IND,MIA,108,122,1
2020-01-08,2020,0,,BOS,SAS,114,129,1
2020-01-08,2020,0,,DAL,DEN,106,107,1
2020-01-08,2020,0,,ATL,HOU,115,122,1
2020-01-08,2020,0,,NOP,CHI,123,108,1
2020-01-08,2020,0,,UTA,NYK,128,104,1
2020-01-08,2020,0,,GSW,MIL,98,107,1
2020-01-09,2020,0,,DET,CLE,112,115,1
2020-01-09,2020,0,,PHI,BOS,109,98,1
2020-01-09,2020,0,,MIN,POR,116,102,1
2020-01-09,2020,0,,OKC,HOU,113,92,1
2020-01-10,2020,0,,WAS,ATL,111,101,1
2020-01-10,2020,0,,NYK,NOP,111,123,1
2020-01-10,2020,0,,BRK,MIA,117,113,1
2020-01-10,2020,0,,MEM,SAS,134,121,1
2020-01-10,2020,0,,CHI,IND,105,116,1
2020-01-10,2020,0,,PHO,ORL,98,94,1
2020-01-10,2020,0,,UTA,CHO,109,92,1
2020-01-10,2020,0,,DAL,LAL,114,129,1
2020-01-10,2020,0,,SAC,MIL,106,127,1
2020-01-10,2020,0,,LAC,GSW,109,100,1
2020-01-11,2020,0,,HOU,MIN,139,109,1
2020-01-11,2020,0,,DET,CHI,99,108,1
2020-01-11,2020,0,,BOS,NOP,140,105,1
2020-01-11,2020,0,,OKC,LAL,110,125,1
2020-01-11,2020,0,,DAL,PHI,109,91,1
2020-01-11,2020,0,,DEN,CLE,103,111,1
2020-01-11,2020,0,,POR,MIL,101,122,1
2020-01-12,2020,0,,WAS,UTA,116,127,1
2020-01-12,2020,0,,NYK,MIA,124,121,1
2020-01-12,2020,0,,TOR,SAS,104,105,1
2020-01-12,2020,0,,BRK,ATL,108,86,1
2020-01-12,2020,0,,MEM,GSW,122,102,1
2020-01-12,2020,0,,PHO,CHO,100,92,1
2020-01-12,2020,0,,DEN,LAC,114,104,1
2020-01-13,2020,0,,DET,NOP,110,117,1
2020-01-13,2020,0,,IND,PHI,101,95,1
2020-01-13,2020,0,,BOS,CHI,113,101,1
2020-01-13,2020,0,,MIN,OKC,104,117,1
2020-01-13,2020,0,,POR,CHO,115,112,1
2020-01-13,2020,0,,SAC,ORL,112,114,1
2020-01-13,2020,0,,LAL,CLE,128,99,1
2020-01-14,2020,0,,BRK,UTA,107,118,1
2020-01-14,2020,0,,ATL,PHO,123,110,1
2020-01-14,2020,0,,MEM,HOU,121,110,1
2020-01-14,2020,0,,MIL,NYK,128,102,1
2020-01-14,2020,0,,LAC,CLE,128,103,1
2020-01-14,2020,0,,GSW,DAL,97,124,1
2020-01-15,2020,0,,PHI,BRK,117,106,1
2020-01-15,2020,0,,BOS,DET,103,116,1
2020-01-15,2020,0,,MIA,SAS,106,100,1
2020-01-15,2020,0,,MIN,IND,99,104,1
2020-01-15,2020,0,,OKC,TOR,121,130,1
2020-01-15,2020,0,,CHI,WAS,115,106,1
2020-01-15,2020,0,,DEN,CHO,100,86,1
2020-01-15,2020,0,,HOU,POR,107,117,1
2020-01-15,2020,0,,SAC,DAL,123,127,1
2020-01-15,2020,0,,LAL,ORL,118,119,1
2020-01-16,2020,0,,NYK,PHO,98,121,1
2020-01-16,2020,0,,MIL,BOS,128,123,1
2020-01-16,2020,0,,NOP,UTA,138,132,1
2020-01-16,2020,0,,GSW,DEN,131,134,1
2020-01-16,2020,0,,LAC,ORL,122,95,1
2020-01-17,2020,0,,TOR,WAS,140,111,1
2020-01-17,2020,0,,PHI,CHI,100,89,1
2020-01-17,2020,0,,IND,MIN,116,114,1
2020-01-17,2020,0,,MEM,CLE,113,109,1
2020-01-17,2020,0,,OKC,MIA,108,115,1
2020-01-17,2020,0,,SAS,ATL,120,121,1
2020-01-17,2020,0,,DAL,POR,120,112,1
2020-01-18,2020,0,,NOP,LAC,130,133,1
2020-01-18,2020,0,,BRK,MIL,97,117,1
2020-01-18,2020,0,,BOS,PHO,119,123,1
2020-01-18,2020,0,,NYK,PHI,87,90,1
2020-01-18,2020,0,,ATL,DET,103,136,1
2020-01-18,2020,0,,MIN,TOR,112,122,1
2020-01-18,2020,0,,CHI,CLE,118,116,1
2020-01-18,2020,0,,GSW,ORL,109,95,1
2020-01-18,2020,0,,HOU,LAL,115,124,1
2020-01-18,2020,0,,UTA,SAC,123,101,1
2020-01-18,2020,0,,OKC,POR,119,106,1
2020-01-19,2020,0,,SAS,MIA,107,102,1
2020-01-19,2020,0,,DEN,IND,107,115,1
2020-01-20,2020,0,,WAS,DET,106,100,1
2020-01-20,2020,0,,ATL,TOR,117,122,1
2020-01-20,2020,0,,BRK,PHI,111,117,1
2020-01-20,2020,0,,MEM,NOP,116,126,1
2020-01-20,2020,0,,CHO,ORL,83,106,1
2020-01-20,2020,0,,CLE,NYK,86,106,1
2020-01-20,2020,0,,HOU,OKC,107,112,1
2020-01-20,2020,0,,MIA,SAC,118,113,1
2020-01-20,2020,0,,MIL,CHI,111,98,1
2020-01-20,2020,0,,BOS,LAL,139,107,1
2020-01-20,2020,0,,MIN,DEN,100,107,1
2020-01-20,2020,0,,PHO,SAS,118,120,1
2020-01-20,2020,0,,UTA,IND,118,88,1
2020-01-20,2020,0,,POR,GSW,129,124,1
2020-01-21,2020,0,,DAL,LAC,107,110,1
2020-01-22,2020,0,,DET,SAC,127,106,1
2020-01-22,2020,0,,TOR,PHI,107,95,1
2020-01-22,2020,0,,ORL,OKC,114,120,1
2020-01-22,2020,0,,MIA,WAS,134,129,1
2020-01-22,2020,0,,ATL,LAC,102,95,1
2020-01-22,2020,0,,NYK,LAL,92,100,1
2020-01-22,2020,0,,BOS,MEM,119,95,1
2020-01-22,2020,0,,CHI,MIN,117,110,1
2020-01-22,2020,0,,HOU,DEN,121,105,1
2020-01-22,2020,0,,PHO,IND,87,112,1
2020-01-22,2020,0,,NOP,SAS,117,121,1
2020-01-22,2020,0,,GSW,UTA,96,129,1
2020-01-23,2020,0,,CLE,WAS,112,124,1
2020-01-23,2020,0,,BRK,LAL,113,128,1
2020-01-23,2020,0,,POR,DAL,125,133,1
2020-01-24,2020,1,,CHO,MIL,103,116,0
2020-01-24,2020,0,,DET,MEM,112,125,1
2020-01-24,2020,0,,ORL,BOS,98,109,1
2020-01-24,2020,0,,NYK,TOR,112,118,1
2020-01-24,2020,0,,NOP,DEN,106,113,1
2020-01-24,2020,0,,MIN,HOU,124,131,1
2020-01-24,2020,0,,MIA,LAC,117,122,1
2020-01-24,2020,0,,CHI,SAC,81,98,1
2020-01-24,2020,0,,OKC,ATL,140,111,1
2020-01-24,2020,0,,SAS,PHO,99,103,1
2020-01-24,2020,0,,GSW,IND,118,129,1
2020-01-25,2020,0,,UTA,DAL,112,107,1
2020-01-25,2020,0,,DET,BRK,111,121,1
2020-01-25,2020,0,,CLE,CHI,106,118,1
2020-01-25,2020,0,,MIN,OKC,104,113,1
2020-01-25,2020,0,,PHI,LAL,108,91,1
2020-01-26,2020,0,,DEN,HOU,117,110,1
2020-01-26,2020,0,,SAS,TOR,106,110,1
2020-01-26,2020,0,,ORL,LAC,97,112,1
2020-01-26,2020,0,,MEM,PHO,114,109,1
2020-01-26,2020,0,,NOP,BOS,123,108,1
2020-01-26,2020,0,,ATL,WAS,152,133,1
2020-01-26,2020,0,,NYK,BRK,110,97,1
2020-01-26,2020,0,,POR,IND,139,129,1
2020-01-27,2020,0,,DET,CLE,100,115,1
2020-01-27,2020,0,,MIA,ORL,113,92,1
2020-01-27,2020,0,,MIN,SAC,129,133,1
2020-01-27,2020,0,,OKC,DAL,97,107,1
2020-01-27,2020,0,,CHI,SAS,110,109,1
2020-01-27,2020,0,,UTA,HOU,117,126,1
2020-01-28,2020,0,,CHO,NYK,97,92,1
2020-01-28,2020,0,,PHI,GSW,115,104,1
2020-01-28,2020,0,,TOR,ATL,130,114,1
2020-01-28,2020,0,,CLE,NOP,111,125,1
2020-01-28,2020,0,,MIA,BOS,101,109,1
2020-01-28,2020,0,,MIL,WAS,151,131,1
2020-01-28,2020,0,,MEM,DEN,104,96,1
2020-01-28,2020,0,,DAL,PHO,104,133,1
2020-01-29,2020,0,,IND,CHI,115,106,1
2020-01-29,2020,0,,NYK,MEM,106,127,1
2020-01-29,2020,0,,BRK,DET,125,115,1
2020-01-29,2020,0,,SAS,UTA,127,120,1
2020-01-29,2020,0,,SAC,OKC,100,120,1
2020-01-29,2020,0,,POR,HOU,125,112,1
2020-01-30,2020,0,,CLE,TOR,109,115,1
2020-01-30,2020,0,,WAS,CHO,121,107,1
2020-01-30,2020,0,,ATL,PHI,127,117,1
2020-01-30,2020,0,,BOS,GSW,119,104,1
2020-01-30,2020,0,,LAC,SAC,103,124,1
2020-01-30,2020,0,,DEN,UTA,106,100,1
2020-01-31,2020,0,,DET,TOR,92,105,1
2020-01-31,2020,0,,HOU,DAL,128,121,1
2020-01-31,2020,0,,BRK,CHI,133,118,1
2020-01-31,2020,0,,NOP,MEM,139,111,1
2020-01-31,2020,0,,PHO,OKC,107,111,1
2020-01-31,2020,0,,MIL,DEN,115,127,1
2020-01-31,2020,0,,LAL,POR,119,127,1
2020-02-01,2020,0,,LAC,MIN,118,106,1
2020-02-01,2020,0,,ORL,MIA,89,102,1
2020-02-01,2020,0,,IND,NYK,85,92,1
2020-02-01,2020,0,,WAS,BRK,113,107,1
2020-02-01,2020,0,,CLE,GSW,112,131,1
2020-02-01,2020,0,,BOS,PHI,116,95,1
2020-02-01,2020,0,,DAL,ATL,123,100,1
2020-02-01,2020,0,,SAS,CHO,114,90,1
2020-02-01,2020,0,,SAC,LAL,113,129,1
2020-02-01,2020,0,,POR,UTA,124,107,1
2020-02-02,2020,0,,DET,DEN,128,123,1
2020-02-02,2020,0,,MIL,PHO,129,108,1
2020-02-02,2020,0,,HOU,NOP,117,109,1
2020-02-02,2020,0,,TOR,CHI,129,102,1
2020-02-03,2020,0,,IND,DAL,103,112,1
2020-02-03,2020,0,,CLE,NYK,134,139,1
2020-02-03,2020,0,,WAS,GSW,117,125,1
2020-02-03,2020,0,,CHO,ORL,100,112,1
2020-02-03,2020,0,,MIA,PHI,137,106,1
2020-02-03,2020,0,,BRK,PHO,119,97,1
2020-02-03,2020,0,,ATL,BOS,115,123,1
2020-02-03,2020,0,,MEM,DET,96,82,1
2020-02-03,2020,0,,SAC,MIN,113,109,1
2020-02-03,2020,0,,LAC,SAS,108,105,1
2020-02-04,2020,0,,NOP,MIL,108,120,1
2020-02-04,2020,0,,HOU,CHO,125,110,1
2020-02-04,2020,0,,DEN,POR,127,99,1
2020-02-04,2020,0,,LAL,SAS,129,102,1
2020-02-05,2020,0,,DET,PHO,116,108,1
2020-02-05,2020,0,,BOS,ORL,116,100,1
2020-02-05,2020,0,,BRK,GSW,129,88,1
2020-02-05,2020,0,,TOR,IND,119,118,1
2020-02-05,2020,0,,MIN,ATL,120,127,1
2020-02-05,2020,0,,OKC,CLE,109,103,1
2020-02-05,2020,0,,DAL,MEM,107,121,1
2020-02-05,2020,0,,UTA,DEN,95,98,1
2020-02-05,2020,0,,LAC,MIA,128,111,1
2020-02-06,2020,0,,NYK,ORL,105,103,1
2020-02-06,2020,0,,MIL,PHI,112,101,1
2020-02-06,2020,0,,CHI,NOP,119,125,1
2020-02-06,2020,0,,POR,SAS,125,117,1
2020-02-06,2020,0,,LAL,HOU,111,121,1
2020-02-07,2020,0,,PHI,MEM,119,107,1
2020-02-07,2020,0,,WAS,DAL,119,118,1
2020-02-07,2020,0,,BOS,ATL,112,107,1
2020-02-07,2020,0,,IND,TOR,106,115,1
2020-02-07,2020,0,,OKC,DET,108,101,1
2020-02-07,2020,0,,PHO,HOU,127,91,1
2020-02-07,2020,0,,SAC,MIA,105,97,1
2020-02-07,2020,0,,UTA,POR,117,114,1
2020-02-08,2020,0,,ORL,MIL,95,111,1
2020-02-08,2020,0,,CHO,DAL,100,116,1
2020-02-08,2020,0,,DET,NYK,92,95,1
2020-02-08,2020,0,,IND,NOP,117,124,1
2020-02-08,2020,0,,TOR,BRK,119,118,1
2020-02-08,2020,0,,MIN,LAC,142,115,1
2020-02-08,2020,0,,GSW,LAL,120,125,1
2020-02-08,2020,0,,PHO,DEN,108,117,1
2020-02-08,2020,0,,SAC,SAS,122,102,1
2020-02-09,2020,0,,OKC,BOS,111,112,1
2020-02-09,2020,0,,PHI,CHI,118,111,1
2020-02-09,2020,0,,ATL,NYK,140,135,1
2020-02-09,2020,0,,WAS,MEM,99,106,1
2020-02-09,2020,0,,HOU,UTA,113,114,1
2020-02-09,2020,0,,CLE,LAC,92,133,1
2020-02-09,2020,0,,POR,MIA,115,109,1
2020-02-10,2020,0,,DET,CHO,76,87,1
2020-02-10,2020,0,,IND,BRK,105,106,1
2020-02-10,2020,0,,ORL,ATL,135,126,1
2020-02-10,2020,0,,TOR,MIN,137,126,1
2020-02-10,2020,0,,MIL,SAC,123,111,1
2020-02-10,2020,0,,DAL,UTA,119,123,1
2020-02-10,2020,0,,DEN,SAS,127,120,1
2020-02-10,2020,0,,LAL,PHO,125,100,1
2020-02-10,2020,0,,GSW,MIA,101,113,1
2020-02-11,2020,0,,WAS,CHI,126,114,1
2020-02-11,2020,0,,PHI,LAC,110,103,1
2020-02-11,2020,0,,NOP,POR,138,117,1
2020-02-11,2020,0,,OKC,SAS,106,114,1
2020-02-11,2020,0,,HOU,BOS,116,105,1
2020-02-12,2020,0,,ORL,DET,116,112,1
2020-02-12,2020,0,,CLE,ATL,127,105,1
2020-02-12,2020,0,,NYK,WAS,96,114,1
2020-02-12,2020,0,,BRK,TOR,101,91,1
2020-02-12,2020,0,,IND,MIL,118,111,1
2020-02-12,2020,0,,MEM,POR,111,104,1
2020-02-12,2020,0,,MIN,CHO,108,115,1
2020-02-12,2020,0,,DAL,SAC,130,111,1
2020-02-12,2020,0,,PHO,GSW,112,106,1
2020-02-12,2020,0,,UTA,MIA,116,101,1
2020-02-12,2020,0,,DEN,LAL,116,120,1
2020-02-13,2020,0,,NOP,OKC,118,123,1
2020-02-13,2020,0,,BOS,LAC,141,133,1
2020-02-20,2020,0,,DET,MIL,106,126,1
2020-02-20,2020,0,,ATL,MIA,129,124,1
2020-02-20,2020,0,,CHI,CHO,93,103,1
2020-02-20,2020,0,,PHI,BRK,112,104,1
2020-02-20,2020,0,,SAC,MEM,129,125,1
2020-02-20,2020,0,,GSW,HOU,105,135,1
2020-02-21,2020,0,,WAS,CLE,108,113,1
2020-02-21,2020,0,,ORL,DAL,106,122,1
2020-02-21,2020,0,,NYK,IND,98,106,1
2020-02-21,2020,0,,TOR,PHO,118,101,1
2020-02-21,2020,0,,OKC,DEN,113,101,1
2020-02-21,2020,0,,MIN,BOS,117,127,1
2020-02-21,2020,0,,UTA,SAS,104,113,1
2020-02-21,2020,0,,POR,NOP,115,128,1
2020-02-21,2020,0,,LAL,MEM,117,105,1
2020-02-22,2020,0,,LAC,SAC,103,112,1
2020-02-22,2020,0,,CHO,BRK,86,115,1
2020-02-22,2020,0,,ATL,DAL,111,107,1
2020-02-22,2020,0,,MIA,CLE,124,105,1
2020-02-22,2020,0,,CHI,PHO,104,112,1
2020-02-22,2020,0,,MIL,PHI,119,98,1
2020-02-22,2020,0,,UTA,HOU,110,120,1
2020-02-23,2020,0,,LAL,BOS,114,112,1
2020-02-23,2020,0,,TOR,IND,127,81,1
2020-02-23,2020,0,,DEN,MIN,128,116,1
2020-02-23,2020,0,,CHI,WAS,126,117,1
2020-02-23,2020,0,,OKC,SAS,131,103,1
2020-02-23,2020,0,,GSW,NOP,101,115,1
2020-02-23,2020,0,,POR,DET,107,104,1
2020-02-24,2020,0,,WAS,MIL,134,137,1
2020-02-24,2020,0,,PHI,ATL,129,112,1
2020-02-24,2020,0,,CLE,MIA,125,119,1
2020-02-24,2020,0,,BRK,ORL,113,115,1
2020-02-24,2020,0,,HOU,NYK,123,112,1
2020-02-24,2020,0,,DAL,MIN,139,123,1
2020-02-24,2020,0,,UTA,PHO,111,131,1
2020-02-24,2020,0,,LAC,MEM,124,97,1
2020-02-25,2020,0,,IND,CHO,119,80,1
2020-02-25,2020,0,,TOR,MIL,97,108,1
2020-02-25,2020,0,,CHI,OKC,122,124,1
2020-02-25,2020,0,,DEN,DET,115,98,1
2020-02-25,2020,0,,LAL,NOP,118,109,1
2020-02-25,2020,0,,POR,BOS,106,118,1
2020-02-25,2020,0,,GSW,SAC,94,112,1
2020-02-26,2020,0,,CLE,PHI,108,94,1
2020-02-26,2020,0,,CHO,NYK,107,101,1
2020-02-26,2020,0,,WAS,BRK,110,106,1
2020-02-26,2020,0,,ATL,ORL,120,130,1
2020-02-26,2020,0,,MIA,MIN,126,129,1
2020-02-26,2020,0,,HOU,MEM,140,112,1
2020-02-26,2020,0,,SAS,DAL,103,109,1
2020-02-26,2020,0,,PHO,LAC,92,102,1
2020-02-26,2020,0,,UTA,BOS,103,114,1
2020-02-27,2020,0,,PHI,NYK,115,106,1
2020-02-27,2020,0,,IND,POR,106,100,1
2020-02-27,2020,0,,OKC,SAC,112,108,1
2020-02-27,2020,0,,GSW,LAL,86,116,1
2020-02-28,2020,0,,ORL,MIN,136,125,1
2020-02-28,2020,0,,TOR,CHO,96,99,1
2020-02-28,2020,0,,ATL,BRK,141,118,1
2020-02-28,2020,0,,MIA,DAL,126,118,1
2020-02-28,2020,0,,MEM,SAC,101,104,1
2020-02-28,2020,0,,MIL,OKC,133,86,1
2020-02-28,2020,0,,NOP,CLE,116,104,1
2020-02-28,2020,0,,UTA,WAS,129,119,1
2020-02-28,2020,0,,PHO,DET,111,113,1
2020-02-28,2020,0,,LAC,DEN,132,103,1
2020-02-29,2020,0,,NYK,CHI,125,115,1
2020-02-29,2020,0,,ATL,POR,129,117,1
2020-02-29,2020,0,,MIA,BRK,116,113,1
2020-02-29,2020,0,,CLE,IND,104,113,1
2020-02-29,2020,0,,MEM,LAL,105,88,1
2020-02-29,2020,0,,BOS,HOU,110,111,1
2020-02-29,2020,0,,SAS,ORL,114,113,1
2020-02-29,2020,0,,PHO,GSW,99,115,1
2020-03-01,2020,0,,CHO,MIL,85,93,1
2020-03-01,2020,0,,LAC,PHI,136,130,1
2020-03-01,2020,0,,MIN,DAL,91,111,1
2020-03-01,2020,0,,SAC,DET,106,100,1
2020-03-01,2020,0,,DEN,TOR,133,118,1
2020-03-01,2020,0,,NOP,LAL,114,122,1
2020-03-01,2020,0,,GSW,WAS,110,124,1
2020-03-02,2020,0,,CLE,UTA,113,126,1
2020-03-02,2020,0,,ORL,POR,107,130,1
2020-03-02,2020,0,,NYK,HOU,125,123,1
2020-03-02,2020,0,,ATL,MEM,88,127,1
2020-03-02,2020,0,,MIA,MIL,105,89,1
2020-03-02,2020,0,,CHI,DAL,109,107,1
2020-03-02,2020,0,,SAS,IND,111,116,1
2020-03-03,2020,0,,CHO,SAS,103,104,1
2020-03-03,2020,0,,BOS,BRK,120,129,1
2020-03-03,2020,0,,OKC,LAC,94,109,1
2020-03-03,2020,0,,NOP,MIN,134,139,1
2020-03-03,2020,0,,PHO,TOR,114,123,1
2020-03-03,2020,0,,DEN,GSW,100,116,1
2020-03-03,2020,0,,LAL,PHI,120,107,1
2020-03-03,2020,0,,SAC,WAS,133,126,1
2020-03-04,2020,0,,MIL,IND,119,100,1
2020-03-04,2020,0,,CLE,BOS,106,112,1
2020-03-04,2020,0,,DET,OKC,107,114,1
2020-03-04,2020,0,,BRK,MEM,79,118,1
2020-03-04,2020,0,,MIA,ORL,116,113,1
2020-03-04,2020,0,,NYK,UTA,104,112,1
2020-03-04,2020,0,,MIN,CHI,115,108,1
2020-03-04,2020,0,,DAL,NOP,127,123,1
2020-03-04,2020,0,,POR,WAS,125,104,1
2020-03-05,2020,0,,CHO,DEN,112,114,1
2020-03-05,2020,0,,HOU,LAC,105,120,1
2020-03-05,2020,0,,SAC,PHI,108,125,1
2020-03-05,2020,0,,GSW,TOR,113,121,1
2020-03-06,2020,0,,WAS,ATL,118,112,1
2020-03-06,2020,0,,NYK,OKC,103,126,1
2020-03-06,2020,0,,BRK,SAS,139,120,1
2020-03-06,2020,0,,CHI,IND,102,108,1
2020-03-06,2020,0,,MIN,ORL,118,132,1
2020-03-06,2020,0,,BOS,UTA,94,99,1
2020-03-06,2020,0,,NOP,MIA,110,104,1
2020-03-06,2020,0,,DAL,MEM,121,96,1
2020-03-06,2020,0,,PHO,POR,127,117,1
2020-03-06,2020,0,,LAL,MIL,113,103,1
2020-03-07,2020,0,,CHO,HOU,108,99,1
2020-03-07,2020,0,,DET,UTA,105,111,1
2020-03-07,2020,0,,CLE,DEN,104,102,1
2020-03-07,2020,0,,MEM,ATL,118,101,1
2020-03-07,2020,0,,GSW,PHI,118,114,1
2020-03-07,2020,0,,POR,SAC,111,123,1
2020-03-08,2020,0,,BRK,CHI,110,107,1
2020-03-08,2020,0,,LAC,LAL,103,112,1
2020-03-08,2020,0,,MIN,NOP,107,120,1
2020-03-08,2020,0,,BOS,OKC,104,105,1
2020-03-08,2020,0,,PHO,MIL,140,131,1
2020-03-08,2020,0,,DAL,IND,109,112,1
2020-03-08,2020,0,,HOU,ORL,106,126,1
2020-03-08,2020,0,,WAS,MIA,89,100,1
2020-03-08,2020,0,,CLE,SAS,132,129,1
2020-03-08,2020,0,,NYK,DET,96,84,1
2020-03-08,2020,0,,SAC,TOR,113,118,1
2020-03-09,2020,0,,ATL,CHO,143,138,1
2020-03-09,2020,0,,DEN,MIL,109,95,1
2020-03-09,2020,0,,UTA,TOR,92,101,1
2020-03-10,2020,0,,WAS,NYK,122,115,1
2020-03-10,2020,0,,IND,BOS,111,114,1
2020-03-10,2020,0,,HOU,MIN,117,111,1
2020-03-10,2020,0,,MEM,ORL,115,120,1
2020-03-10,2020,0,,SAS,DAL,119,109,1
2020-03-10,2020,0,,CHI,CLE,108,103,1
2020-03-10,2020,0,,POR,PHO,121,105,1
2020-03-10,2020,0,,LAL,BRK,102,104,1
2020-03-10,2020,0,,GSW,LAC,107,131,1
2020-03-11,2020,0,,PHI,DET,124,106,1
2020-03-11,2020,0,,ATL,NYK,131,136,1
2020-03-11,2020,0,,MIA,CHO,98,109,1
2020-03-11,2020,0,,DAL,DEN,113,97,1
2020-07-30,2020,1,,NOP,UTA,104,106,0
2020-07-30,2020,1,,LAC,LAL,101,103,0
2020-07-31,2020,1,,BRK,ORL,118,128,0
2020-07-31,2020,1,,DAL,HOU,149,153,0
2020-07-31,2020,1,,PHO,WAS,125,112,0
2020-07-31,2020,1,,MEM,POR,135,140,0
2020-07-31,2020,1,,BOS,MIL,112,119,0
2020-07-31,2020,1,,SAC,SAS,120,129,0
2020-08-01,2020,1,,DEN,MIA,105,125,0
2020-08-01,2020,1,,OKC,UTA,110,94,0
2020-08-01,2020,1,,LAC,NOP,126,103,0
2020-08-01,2020,1,,IND,PHI,127,121,0
2020-08-01,2020,1,,LAL,TOR,92,107,0
2020-08-02,2020,1,,BRK,WAS,118,110,0
2020-08-02,2020,1,,BOS,POR,128,124,0
2020-08-02,2020,1,,MEM,SAS,106,108,0
2020-08-02,2020,1,,ORL,SAC,132,116,0
2020-08-02,2020,1,,HOU,MIL,120,116,0
2020-08-02,2020,1,,DAL,PHO,115,117,0
2020-08-03,2020,1,,MIA,TOR,103,107,0
2020-08-03,2020,1,,PHI,SAS,132,130,0
2020-08-03,2020,1,,DEN,OKC,121,113,0
2020-08-03,2020,1,,IND,WAS,111,100,0
2020-08-03,2020,1,,MEM,NOP,99,109,0
2020-08-03,2020,1,,LAL,UTA,116,108,0
2020-08-04,2020,1,,LAC,PHO,115,117,0
2020-08-04,2020,1,,IND,ORL,120,109,0
2020-08-04,2020,1,,BRK,MIL,119,116,0
2020-08-04,2020,1,,DAL,SAC,114,110,0
2020-08-04,2020,1,,BOS,MIA,106,112,0
2020-08-04,2020,1,,HOU,POR,102,110,0
2020-08-05,2020,1,,LAL,OKC,86,105,0
2020-08-05,2020,1,,ORL,TOR,99,109,0
2020-08-05,2020,1,,BOS,BRK,149,115,0
2020-08-05,2020,1,,MEM,UTA,115,124,0
2020-08-05,2020,1,,PHI,WAS,107,98,0
2020-08-05,2020,1,,DEN,SAS,132,126,0
2020-08-06,2020,1,,DAL,LAC,111,126,0
2020-08-06,2020,1,,DEN,POR,115,125,0
2020-08-06,2020,1,,HOU,LAL,113,97,0
2020-08-06,2020,1,,NOP,SAC,125,140,0
2020-08-06,2020,1,,IND,PHO,99,114,0
2020-08-06,2020,1,,MIA,MIL,116,130,0
2020-08-07,2020,1,,SAS,UTA,119,111,0
2020-08-07,2020,1,,MEM,OKC,121,92,0
2020-08-07,2020,1,,BRK,SAC,119,106,0
2020-08-07,2020,1,,NOP,WAS,118,107,0
2020-08-07,2020,1,,ORL,PHI,101,108,0
2020-08-07,2020,1,,BOS,TOR,122,100,0
2020-08-08,2020,1,,DEN,UTA,134,132,0
2020-08-08,2020,1,,IND,LAL,116,111,0
2020-08-08,2020,1,,MIA,PHO,112,119,0
2020-08-08,2020,1,,DAL,MIL,136,132,0
2020-08-08,2020,1,,LAC,POR,122,117,0
2020-08-09,2020,1,,OKC,WAS,121,103,0
2020-08-09,2020,1,,NOP,SAS,113,122,0
2020-08-09,2020,1,,BOS,ORL,122,119,0
2020-08-09,2020,1,,MEM,TOR,99,108,0
2020-08-09,2020,1,,PHI,POR,121,124,0
2020-08-09,2020,1,,HOU,SAC,129,112,0
2020-08-09,2020,1,,BRK,LAC,129,120,0
2020-08-10,2020,1,,MIL,TOR,106,114,0
2020-08-10,2020,1,,OKC,PHO,101,128,0
2020-08-10,2020,1,,DAL,UTA,122,114,0
2020-08-10,2020,1,,IND,MIA,92,114,0
2020-08-10,2020,1,,DEN,LAL,121,124,0
2020-08-11,2020,1,,PHI,PHO,117,130,0
2020-08-11,2020,1,,DAL,POR,131,134,0
2020-08-11,2020,1,,BRK,ORL,108,96,0
2020-08-11,2020,1,,HOU,SAS,105,123,0
2020-08-11,2020,1,,BOS,MEM,122,107,0
2020-08-11,2020,1,,NOP,SAC,106,112,0
2020-08-11,2020,1,,MIL,WAS,126,113,0
2020-08-12,2020,1,,HOU,IND,104,108,0
2020-08-12,2020,1,,PHI,TOR,121,125,0
2020-08-12,2020,1,,DEN,LAC,111,124,0
2020-08-12,2020,1,,MIA,OKC,115,116,0
2020-08-13,2020,1,,BOS,WAS,90,96,0
2020-08-13,2020,1,,LAL,SAC,122,136,0
2020-08-13,2020,1,,MEM,MIL,119,106,0
2020-08-13,2020,1,,BRK,POR,133,134,0
2020-08-13,2020,1,,DAL,PHO,102,128,0
2020-08-13,2020,1,,SAS,UTA,112,118,0
2020-08-13,2020,1,,NOP,ORL,127,133,0
2020-08-14,2020,1,,IND,MIA,109,92,0
2020-08-14,2020,1,,LAC,OKC,107,103,0
2020-08-14,2020,1,,HOU,PHI,96,134,0
2020-08-14,2020,1,,DEN,TOR,109,117,0
2020-08-15,2020,1,,MEM,POR,122,126,0
2020-12-22,2021,0,,BRK,GSW,125,99,1
2020-12-22,2021,0,,LAL,LAC,109,116,1
2020-12-23,2021,0,,CLE,CHO,121,114,1
2020-12-23,2021,0,,IND,NYK,121,107,1
2020-12-23,2021,0,,PHI,WAS,113,107,1
2020-12-23,2021,0,,ORL,MIA,113,107,1
2020-12-23,2021,0,,TOR,NOP,99,113,1
2020-12-23,2021,0,,BOS,MIL,122,121,1
2020-12-23,2021,0,,MIN,DET,111,101,1
2020-12-23,2021,0,,MEM,SAS,119,131,1
2020-12-23,2021,0,,CHI,ATL,104,124,1
2020-12-23,2021,0,,DEN,SAC,122,124,1
2020-12-23,2021,0,,POR,UTA,100,120,1
2020-12-23,2021,0,,PHO,DAL,106,102,1
2020-12-25,2021,0,,MIA,NOP,111,98,1
2020-12-25,2021,0,,MIL,GSW,138,99,1
2020-12-25,2021,0,,BOS,BRK,95,123,1
2020-12-25,2021,0,,LAL,DAL,138,115,1
2020-12-25,2021,0,,DEN,LAC,108,121,1
2020-12-26,2021,0,,MEM,ATL,112,122,1
2020-12-26,2021,0,,DET,CLE,119,128,1
2020-12-26,2021,0,,WAS,ORL,120,130,1
2020-12-26,2021,0,,CHO,OKC,107,109,1
2020-12-26,2021,0,,NYK,PHI,89,109,1
2020-12-26,2021,0,,CHI,IND,106,125,1
2020-12-26,2021,0,,SAS,TOR,119,114,1
2020-12-26,2021,0,,UTA,MIN,111,116,1
2020-12-26,2021,0,,SAC,PHO,106,103,1
2020-12-26,2021,0,,POR,HOU,128,126,1
2020-12-27,2021,0,,LAC,DAL,73,124,1
2020-12-27,2021,0,,WAS,ORL,113,120,1
2020-12-27,2021,0,,CHO,BRK,106,104,1
2020-12-27,2021,0,,NOP,SAS,98,95,1
2020-12-27,2021,0,,NYK,MIL,130,110,1
2020-12-27,2021,0,,CLE,PHI,118,94,1
2020-12-27,2021,0,,CHI,GSW,128,129,1
2020-12-27,2021,0,,IND,BOS,108,107,1
2020-12-27,2021,0,,SAC,PHO,100,116,1
2020-12-27,2021,0,,LAL,MIN,127,91,1
2020-12-28,2021,0,,BRK,MEM,111,116,1
2020-12-28,2021,0,,ATL,DET,128,120,1
2020-12-28,2021,0,,OKC,UTA,109,110,1
2020-12-28,2021,0,,DEN,HOU,124,111,1
2020-12-28,2021,0,,LAL,POR,107,115,1
2020-12-29,2021,0,,IND,BOS,111,116,1
2020-12-29,2021,0,,DET,GSW,106,116,1
2020-12-29,2021,0,,WAS,CHI,107,115,1
2020-12-29,2021,0,,PHI,TOR,100,93,1
2020-12-29,2021,0,,CLE,NYK,86,95,1
2020-12-29,2021,0,,MIA,MIL,97,144,1
2020-12-29,2021,0,,OKC,ORL,107,118,1
2020-12-29,2021,0,,PHO,NOP,111,86,1
2020-12-29,2021,0,,SAC,DEN,125,115,1
2020-12-29,2021,0,,LAC,MIN,124,101,1
2020-12-30,2021,0,,BRK,ATL,145,141,1
2020-12-30,2021,0,,MIA,MIL,119,108,1
2020-12-30,2021,0,,BOS,MEM,126,107,1
2020-12-30,2021,0,,SAS,LAL,107,121,1
2020-12-30,2021,0,,DAL,CHO,99,118,1
2020-12-30,2021,0,,LAC,POR,128,105,1
2020-12-31,2021,0,,IND,CLE,119,99,1
2020-12-31,2021,0,,WAS,CHI,130,133,1
2020-12-31,2021,0,,ORL,PHI,92,116,1
2020-12-31,2021,0,,HOU,SAC,122,119,1
2020-12-31,2021,0,,TOR,NYK,100,83,1
2020-12-31,2021,0,,OKC,NOP,80,113,1
2020-12-31,2021,0,,UTA,PHO,95,106,1
2021-01-01,2021,0,,CHO,MEM,93,108,1
2021-01-01,2021,0,,DAL,MIA,93,83,1
2021-01-01,2021,0,,DET,BOS,96,93,1
2021-01-01,2021,0,,BRK,ATL,96,114,1
2021-01-01,2021,0,,SAS,LAL,103,109,1
2021-01-01,2021,0,,MIN,WAS,109,130,1
2021-01-01,2021,0,,MIL,CHI,126,96,1
2021-01-01,2021,0,,DEN,PHO,103,106,1
2021-01-01,2021,0,,UTA,LAC,106,100,1
2021-01-01,2021,0,,GSW,POR,98,123,1
2021-01-02,2021,0,,HOU,SAC,102,94,1
2021-01-02,2021,0,,IND,NYK,102,106,1
2021-01-02,2021,0,,ORL,OKC,99,108,1
2021-01-02,2021,0,,PHI,CHO,127,112,1
2021-01-02,2021,0,,ATL,CLE,91,96,1
2021-01-02,2021,0,,NOP,TOR,120,116,1
2021-01-03,2021,0,,DET,BOS,120,122,1
2021-01-03,2021,0,,BRK,WAS,122,123,1
2021-01-03,2021,0,,MEM,LAL,94,108,1
2021-01-03,2021,0,,MIN,DEN,109,124,1
2021-01-03,2021,0,,SAS,UTA,109,130,1
2021-01-03,2021,0,,CHI,DAL,118,108,1
2021-01-03,2021,0,,PHO,LAC,107,112,1
2021-01-03,2021,0,,GSW,POR,137,122,1
2021-01-04,2021,0,,PHI,CHO,118,101,1
2021-01-04,2021,0,,ORL,CLE,103,83,1
2021-01-04,2021,0,,MIA,OKC,118,90,1
2021-01-04,2021,0,,ATL,NYK,108,113,1
2021-01-04,2021,0,,TOR,BOS,114,126,1
2021-01-04,2021,0,,HOU,DAL,100,113,1
2021-01-04,2021,0,,MIL,DET,125,115,1
2021-01-04,2021,0,,NOP,IND,116,118,1
2021-01-04,2021,0,,GSW,SAC,137,106,1
2021-01-05,2021,0,,BRK,UTA,130,96,1
2021-01-05,2021,0,,MEM,LAL,92,94,1
2021-01-05,2021,0,,DEN,MIN,123,116,1
2021-01-05,2021,0,,LAC,SAS,113,116,1
2021-01-05,2021,0,,POR,CHI,108,111,1
2021-01-06,2021,0,,IND,HOU,114,107,1
2021-01-06,2021,0,,ORL,CLE,105,94,1
2021-01-06,2021,0,,PHI,WAS,141,136,1
2021-01-06,2021,0,,MIA,BOS,105,107,1
2021-01-06,2021,0,,ATL,CHO,94,102,1
2021-01-06,2021,0,,NYK,UTA,112,100,1
2021-01-06,2021,0,,MIL,DET,130,115,1
2021-01-06,2021,0,,NOP,OKC,110,111,1
2021-01-06,2021,0,,PHO,TOR,123,115,1
2021-01-06,2021,0,,GSW,LAC,101,108,1
2021-01-06,2021,0,,SAC,CHI,128,124,1
2021-01-07,2021,0,,BRK,PHI,122,109,1
2021-01-07,2021,0,,MEM,CLE,90,94,1
2021-01-07,2021,0,,DEN,DAL,117,124,1
2021-01-07,2021,0,,LAL,SAS,109,118,1
2021-01-07,2021,0,,POR,MIN,135,117,1
2021-01-08,2021,0,,DET,PHO,110,105,1
2021-01-08,2021,0,,BOS,WAS,116,107,1
2021-01-08,2021,0,,NYK,OKC,89,101,1
2021-01-08,2021,0,,NOP,CHO,110,118,1
2021-01-08,2021,0,,MEM,BRK,115,110,1
2021-01-08,2021,0,,MIL,UTA,118,131,1
2021-01-08,2021,0,,HOU,ORL,132,90,1
2021-01-08,2021,0,,GSW,LAC,115,105,1
2021-01-08,2021,0,,SAC,TOR,123,144,1
2021-01-08,2021,0,,LAL,CHI,117,115,1
2021-01-09,2021,0,,PHI,DEN,103,115,1
2021-01-09,2021,0,,CHO,ATL,113,105,1
2021-01-09,2021,0,,WAS,MIA,124,128,1
2021-01-09,2021,0,,IND,PHO,117,125,1
2021-01-09,2021,0,,MIL,CLE,100,90,1
2021-01-09,2021,0,,MIN,SAS,122,125,1
2021-01-09,2021,0,,DAL,ORL,112,98,1
2021-01-09,2021,0,,SAC,POR,99,125,1
2021-01-10,2021,0,,DET,UTA,86,96,1
2021-01-10,2021,0,,LAC,CHI,130,127,1
2021-01-10,2021,0,,BRK,OKC,116,129,1
2021-01-10,2021,0,,NYK,DEN,89,114,1
2021-01-10,2021,0,,HOU,LAL,102,120,1
2021-01-10,2021,0,,MIN,SAS,96,88,1
2021-01-10,2021,0,,GSW,TOR,106,105,1
2021-01-11,2021,0,,WAS,PHO,128,107,1
2021-01-11,2021,0,,CLE,MEM,91,101,1
2021-01-11,2021,0,,CHO,NYK,109,88,1
2021-01-11,2021,0,,ORL,MIL,99,121,1
2021-01-11,2021,0,,ATL,PHI,112,94,1
2021-01-11,2021,0,,SAC,IND,127,122,1
2021-01-11,2021,0,,POR,TOR,112,111,1
2021-01-12,2021,0,,PHI,MIA,137,134,1
2021-01-12,2021,0,,CLE,UTA,87,117,1
2021-01-12,2021,0,,BRK,DEN,122,116,1
2021-01-12,2021,0,,HOU,LAL,100,117,1
2021-01-12,2021,0,,OKC,SAS,102,112,1
2021-01-12,2021,0,,GSW,IND,95,104,1
2021-01-13,2021,0,,CHO,DAL,93,104,1
2021-01-13,2021,0,,DET,MIL,101,110,1
2021-01-13,2021,0,,NYK,BRK,109,116,1
2021-01-13,2021,0,,MIN,MEM,107,118,1
2021-01-13,2021,0,,OKC,LAL,99,128,1
2021-01-13,2021,0,,SAC,POR,126,132,1
2021-01-13,2021,0,,LAC,NOP,111,106,1
2021-01-14,2021,0,,PHI,MIA,125,108,1
2021-01-14,2021,0,,TOR,CHO,111,108,1
2021-01-14,2021,0,,SAS,HOU,105,109,1
2021-01-14,2021,0,,DEN,GSW,114,104,1
2021-01-14,2021,0,,POR,IND,87,111,1
2021-01-15,2021,0,,CLE,NYK,106,103,1
2021-01-15,2021,0,,BOS,ORL,124,97,1
2021-01-15,2021,0,,MIL,DAL,112,109,1
2021-01-15,2021,0,,OKC,CHI,127,125,1
2021-01-15,2021,0,,UTA,ATL,116,92,1
2021-01-15,2021,0,,SAC,LAC,100,138,1
2021-01-15,2021,0,,LAL,NOP,112,95,1
2021-01-16,2021,0,,SAS,HOU,103,91,1
2021-01-16,2021,0,,BRK,ORL,122,115,1
2021-01-16,2021,0,,TOR,CHO,116,113,1
2021-01-16,2021,0,,MEM,PHI,106,104,1
2021-01-16,2021,0,,MIA,DET,100,120,1
2021-01-16,2021,0,,POR,ATL,112,106,1
2021-01-17,2021,0,,BOS,NYK,75,105,1
2021-01-17,2021,0,,DAL,CHI,101,117,1
2021-01-17,2021,0,,DEN,UTA,105,109,1
2021-01-17,2021,0,,SAC,NOP,123,128,1
2021-01-17,2021,0,,LAC,IND,129,96,1
2021-01-18,2021,0,,NYK,ORL,91,84,1
2021-01-18,2021,0,,ATL,MIN,108,97,1
2021-01-18,2021,0,,POR,SAS,104,125,1
2021-01-18,2021,0,,MEM,PHO,108,104,1
2021-01-18,2021,0,,BRK,MIL,125,123,1
2021-01-18,2021,0,,TOR,DAL,116,93,1
2021-01-18,2021,0,,CHI,HOU,125,120,1
2021-01-18,2021,0,,MIA,DET,113,107,1
2021-01-18,2021,0,,LAL,GSW,113,115,1
2021-01-19,2021,0,,UTA,NOP,118,102,1
2021-01-19,2021,0,,DEN,OKC,119,101,1
2021-01-20,2021,0,,CLE,BRK,147,135,1
2021-01-20,2021,0,,PHI,BOS,117,109,1
2021-01-20,2021,0,,IND,DAL,112,124,1
2021-01-20,2021,0,,TOR,MIA,102,111,1
2021-01-20,2021,0,,ATL,DET,123,115,1
2021-01-20,2021,0,,MIN,ORL,96,97,1
2021-01-20,2021,0,,HOU,PHO,103,109,1
2021-01-20,2021,0,,LAC,SAC,115,96,1
2021-01-20,2021,0,,GSW,SAS,121,99,1
2021-01-21,2021,0,,MIL,LAL,106,113,1
2021-01-21,2021,0,,GSW,NYK,104,119,1
2021-01-21,2021,0,,UTA,NOP,129,118,1
2021-01-22,2021,0,,CHO,CHI,110,123,1
2021-01-22,2021,0,,IND,ORL,120,118,1
2021-01-22,2021,0,,DET,HOU,102,103,1
2021-01-22,2021,0,,PHI,BOS,122,110,1
2021-01-22,2021,0,,TOR,MIA,101,81,1
2021-01-22,2021,0,,CLE,BRK,125,113,1
2021-01-22,2021,0,,MIN,ATL,98,116,1
2021-01-22,2021,0,,SAS,DAL,117,122,1
2021-01-22,2021,0,,SAC,NYK,103,94,1
2021-01-22,2021,0,,PHO,DEN,126,130,1
2021-01-22,2021,0,,LAC,OKC,120,106,1
2021-01-23,2021,0,,DET,PHI,110,114,1
2021-01-23,2021,0,,MIN,NOP,120,110,1
2021-01-23,2021,0,,BRK,MIA,128,124,1
2021-01-23,2021,0,,CHI,LAL,90,101,1
2021-01-23,2021,0,,PHO,DEN,112,120,1
2021-01-23,2021,0,,UTA,GSW,127,108,1
2021-01-23,2021,0,,DAL,HOU,108,133,1
2021-01-24,2021,0,,IND,TOR,102,107,1
2021-01-24,2021,0,,LAC,OKC,108,100,1
2021-01-24,2021,0,,BOS,CLE,141,103,1
2021-01-24,2021,0,,ORL,CHO,104,107,1
2021-01-24,2021,0,,SAS,WAS,121,101,1
2021-01-24,2021,0,,MIL,ATL,129,115,1
2021-01-24,2021,0,,POR,NYK,116,113,1
2021-01-25,2021,0,,ORL,CHO,117,108,1
2021-01-25,2021,0,,IND,TOR,129,114,1
2021-01-25,2021,0,,DET,PHI,119,104,1
2021-01-25,2021,0,,BRK,MIA,98,85,1
2021-01-25,2021,0,,CLE,LAL,108,115,1
2021-01-25,2021,0,,DAL,DEN,113,117,1
2021-01-25,2021,0,,CHI,BOS,103,119,1
2021-01-25,2021,0,,GSW,MIN,130,108,1
2021-01-25,2021,0,,POR,OKC,122,125,1
2021-01-26,2021,0,,ATL,LAC,108,99,1
2021-01-26,2021,0,,HOU,WAS,107,88,1
2021-01-26,2021,0,,UTA,NYK,108,94,1
2021-01-27,2021,0,,ORL,SAC,107,121,1
2021-01-27,2021,0,,CLE,DET,122,107,1
2021-01-27,2021,0,,CHO,IND,106,116,1
2021-01-27,2021,0,,ATL,BRK,128,132,1
2021-01-27,2021,0,,TOR,MIL,108,115,1
2021-01-27,2021,0,,PHI,LAL,107,106,1
2021-01-27,2021,0,,MIA,DEN,82,109,1
2021-01-27,2021,0,,SAS,BOS,110,106,1
2021-01-27,2021,0,,NOP,WAS,124,106,1
2021-01-27,2021,0,,UTA,DAL,116,104,1
2021-01-27,2021,0,,PHO,OKC,97,102,1
2021-01-27,2021,0,,GSW,MIN,123,111,1
2021-01-28,2021,0,,HOU,POR,104,101,1
2021-01-28,2021,0,,MIA,LAC,105,109,1
2021-01-28,2021,0,,DET,LAL,107,92,1
2021-01-28,2021,0,,PHO,GSW,114,93,1
2021-01-29,2021,0,,WAS,ATL,100,116,1
2021-01-29,2021,0,,CHO,IND,108,105,1
2021-01-29,2021,0,,NOP,MIL,131,126,1
2021-01-29,2021,0,,NYK,CLE,102,81,1
2021-01-29,2021,0,,TOR,SAC,124,126,1
2021-01-29,2021,0,,MIN,PHI,94,118,1
2021-01-29,2021,0,,ORL,LAC,90,116,1
2021-01-29,2021,0,,OKC,BRK,125,147,1
2021-01-29,2021,0,,SAS,DEN,119,109,1
2021-01-29,2021,0,,UTA,DAL,120,101,1
2021-01-30,2021,0,,NOP,HOU,112,126,1
2021-01-30,2021,0,,CHI,POR,122,123,1
2021-01-30,2021,0,,MIA,SAC,105,104,1
2021-01-30,2021,0,,CHO,MIL,126,114,1
2021-01-30,2021,0,,BOS,LAL,95,96,1
2021-01-30,2021,0,,SAS,MEM,112,129,1
2021-01-30,2021,0,,DAL,PHO,105,111,1
2021-01-30,2021,0,,GSW,DET,118,91,1
2021-01-31,2021,0,,NYK,LAC,115,129,1
2021-01-31,2021,0,,DEN,UTA,128,117,1
2021-01-31,2021,0,,WAS,BRK,149,146,1
2021-01-31,2021,0,,TOR,ORL,115,102,1
2021-01-31,2021,0,,IND,PHI,110,119,1
2021-01-31,2021,0,,MIN,CLE,109,104,1
2021-02-01,2021,0,,ATL,LAL,99,107,1
2021-02-01,2021,0,,MIA,CHO,121,129,1
2021-02-01,2021,0,,NOP,SAC,109,118,1
2021-02-01,2021,0,,CHI,NYK,110,102,1
2021-02-01,2021,0,,MIL,POR,134,106,1
2021-02-01,2021,0,,OKC,HOU,106,136,1
2021-02-01,2021,0,,CLE,MIN,100,98,1
2021-02-01,2021,0,,SAS,MEM,102,133,1
2021-02-01,2021,0,,DAL,PHO,108,109,1
2021-02-02,2021,0,,ORL,TOR,108,123,1
2021-02-02,2021,0,,BRK,LAC,124,120,1
2021-02-02,2021,0,,WAS,POR,121,132,1
2021-02-02,2021,0,,IND,MEM,134,116,1
2021-02-02,2021,0,,GSW,BOS,107,111,1
2021-02-02,2021,0,,UTA,DET,117,105,1
2021-02-03,2021,0,,MIL,IND,130,110,1
2021-02-03,2021,0,,CHO,PHI,111,118,1
2021-02-03,2021,0,,ATL,DAL,116,122,1
2021-02-03,2021,0,,MIA,WAS,100,103,1
2021-02-03,2021,0,,CLE,LAC,99,121,1
2021-02-03,2021,0,,CHI,NYK,103,107,1
2021-02-03,2021,0,,OKC,HOU,104,87,1
2021-02-03,2021,0,,SAS,MIN,111,108,1
2021-02-03,2021,0,,NOP,PHO,123,101,1
2021-02-03,2021,0,,SAC,BOS,116,111,1
2021-02-04,2021,0,,ATL,UTA,91,112,1
2021-02-04,2021,0,,DAL,GSW,116,147,1
2021-02-04,2021,0,,PHI,POR,105,121,1
2021-02-04,2021,0,,MEM,HOU,103,115,1
2021-02-04,2021,0,,LAL,DEN,114,93,1
2021-02-05,2021,0,,IND,NOP,113,114,1
2021-02-05,2021,0,,ORL,CHI,123,119,1
2021-02-05,2021,0,,CLE,MIL,105,123,1
2021-02-05,2021,0,,BRK,TOR,117,123,1
2021-02-05,2021,0,,CHO,UTA,121,138,1
2021-02-05,2021,0,,MIA,WAS,122,95,1
2021-02-05,2021,0,,OKC,MIN,103,106,1
2021-02-05,2021,0,,PHO,DET,109,92,1
2021-02-05,2021,0,,LAC,BOS,115,119,1
2021-02-06,2021,0,,NYK,POR,110,99,1
2021-02-06,2021,0,,SAC,DEN,119,114,1
2021-02-06,2021,0,,ORL,CHI,92,118,1
2021-02-06,2021,0,,HOU,SAS,106,111,1
2021-02-06,2021,0,,CLE,MIL,99,124,1
2021-02-06,2021,0,,ATL,TOR,132,121,1
2021-02-06,2021,0,,PHI,BRK,124,108,1
2021-02-06,2021,0,,OKC,MIN,120,118,1
2021-02-06,2021,0,,DAL,GSW,134,132,1
2021-02-06,2021,0,,NOP,MEM,118,109,1
2021-02-06,2021,0,,LAL,DET,135,129,1
2021-02-07,2021,0,,CHO,WAS,119,97,1
2021-02-07,2021,0,,NYK,MIA,103,109,1
2021-02-07,2021,0,,IND,UTA,95,103,1
2021-02-07,2021,0,,PHO,BOS,100,91,1
2021-02-07,2021,0,,LAC,SAC,110,113,1
2021-02-08,2021,0,,CHO,HOU,119,94,1
2021-02-08,2021,0,,CHI,WAS,101,105,1
2021-02-08,2021,0,,MEM,TOR,113,128,1
2021-02-08,2021,0,,SAS,GSW,105,100,1
2021-02-08,2021,0,,DAL,MIN,127,122,1
2021-02-08,2021,0,,PHO,CLE,119,113,1
2021-02-08,2021,0,,DEN,MIL,112,125,1
2021-02-08,2021,0,,LAL,OKC,119,112,1
2021-02-09,2021,0,,DET,BRK,122,111,1
2021-02-09,2021,0,,NOP,HOU,130,101,1
2021-02-09,2021,0,,MIA,NYK,98,96,1
2021-02-09,2021,0,,SAS,GSW,91,114,1
2021-02-09,2021,0,,SAC,PHI,111,119,1
2021-02-09,2021,0,,UTA,BOS,122,108,1
2021-02-09,2021,0,,POR,ORL,106,97,1
2021-02-10,2021,0,,WAS,TOR,115,137,1
2021-02-10,2021,0,,DAL,ATL,118,117,1
2021-02-10,2021,0,,MIN,LAC,112,119,1
2021-02-10,2021,0,,BRK,IND,104,94,1
2021-02-10,2021,0,,MEM,CHO,130,114,1
2021-02-10,2021,0,,CHI,NOP,129,116,1
2021-02-10,2021,0,,DEN,CLE,133,95,1
2021-02-10,2021,0,,PHO,MIL,125,124,1
2021-02-10,2021,0,,LAL,OKC,114,113,1
2021-02-11,2021,0,,HOU,MIA,94,101,1
2021-02-11,2021,0,,BOS,TOR,120,106,1
2021-02-11,2021,0,,DET,IND,95,111,1
2021-02-11,2021,0,,POR,PHI,118,114,1
2021-02-11,2021,0,,GSW,ORL,111,105,1
2021-02-12,2021,0,,CHO,MIN,120,114,1
2021-02-12,2021,0,,WAS,NYK,91,109,1
2021-02-12,2021,0,,ATL,SAS,114,125,1
2021-02-12,2021,0,,DAL,NOP,143,130,1
2021-02-12,2021,0,,CHI,LAC,106,125,1
2021-02-12,2021,0,,BOS,DET,102,108,1
2021-02-12,2021,0,,UTA,MIL,129,115,1
2021-02-12,2021,0,,DEN,OKC,97,95,1
2021-02-12,2021,0,,LAL,MEM,115,105,1
2021-02-12,2021,0,,POR,CLE,129,110,1
2021-02-12,2021,0,,SAC,ORL,112,123,1
2021-02-13,2021,0,,PHO,PHI,120,111,1
2021-02-13,2021,0,,ATL,IND,113,125,1
2021-02-13,2021,0,,NYK,HOU,121,99,1
2021-02-13,2021,0,,GSW,BRK,117,134,1
2021-02-13,2021,0,,UTA,MIA,112,94,1
2021-02-14,2021,0,,WAS,BOS,104,91,1
2021-02-14,2021,0,,CHO,SAS,110,122,1
2021-02-14,2021,0,,DET,NOP,123,112,1
2021-02-14,2021,0,,TOR,MIN,112,116,1
2021-02-14,2021,0,,DAL,POR,118,121,1
2021-02-14,2021,0,,OKC,MIL,114,109,1
2021-02-14,2021,0,,PHO,ORL,109,90,1
2021-02-14,2021,0,,DEN,LAL,122,105,1
2021-02-14,2021,0,,SAC,MEM,110,124,1
2021-02-14,2021,0,,LAC,CLE,128,111,1
2021-02-15,2021,0,,IND,CHI,112,120,1
2021-02-15,2021,0,,WAS,HOU,131,119,1
2021-02-15,2021,0,,NYK,ATL,123,112,1
2021-02-15,2021,0,,UTA,PHI,134,123,1
2021-02-15,2021,0,,GSW,CLE,129,98,1
2021-02-15,2021,0,,SAC,BRK,125,136,1
2021-02-15,2021,0,,LAC,MIA,125,118,1
2021-02-16,2021,0,,BOS,DEN,112,99,1
2021-02-16,2021,0,,MIL,TOR,113,124,1
2021-02-16,2021,0,,OKC,POR,104,115,1
2021-02-16,2021,0,,MIN,LAL,104,112,1
2021-02-16,2021,0,,MEM,NOP,113,144,1
2021-02-16,2021,0,,PHO,BRK,124,128,1
2021-02-17,2021,0,,ORL,NYK,107,89,1
2021-02-17,2021,0,,PHI,HOU,118,113,1
2021-02-17,2021,0,,BOS,ATL,114,122,1
2021-02-17,2021,0,,WAS,DEN,130,128,1
2021-02-17,2021,0,,MIN,IND,128,134,1
2021-02-17,2021,0,,CHI,DET,105,102,1
2021-02-17,2021,0,,NOP,POR,124,126,1
2021-02-17,2021,0,,MEM,OKC,122,113,1
2021-02-17,2021,0,,GSW,MIA,120,112,1
2021-02-17,2021,0,,LAC,UTA,96,114,1
2021-02-18,2021,0,,MIL,TOR,96,110,1
2021-02-18,2021,0,,LAL,BRK,98,109,1
2021-02-18,2021,0,,SAC,MIA,110,118,1
2021-02-19,2021,0,,CLE,DEN,103,120,1
2021-02-19,2021,0,,ORL,GSW,124,120,1
2021-02-19,2021,0,,PHI,CHI,112,105,1
2021-02-19,2021,0,,BOS,ATL,121,109,1
2021-02-19,2021,0,,NOP,PHO,114,132,1
2021-02-19,2021,0,,MEM,DET,109,95,1
2021-02-19,2021,0,,MIL,OKC,98,85,1
2021-02-19,2021,0,,MIN,TOR,81,86,1
2021-02-19,2021,0,,LAC,UTA,116,112,1
2021-02-20,2021,0,,CHO,GSW,102,100,1
2021-02-20,2021,0,,LAL,MIA,94,96,1
2021-02-20,2021,0,,CHI,SAC,122,114,1
2021-02-20,2021,0,,MEM,PHO,97,128,1
2021-02-20,2021,0,,POR,WAS,111,118,1
2021-02-21,2021,0,,NOP,BOS,120,115,1
2021-02-21,2021,0,,TOR,PHI,110,103,1
2021-02-21,2021,0,,NYK,MIN,103,99,1
2021-02-21,2021,0,,CLE,OKC,101,117,1
2021-02-21,2021,0,,ORL,DET,105,96,1
2021-02-21,2021,0,,ATL,DEN,123,115,1
2021-02-21,2021,0,,LAC,BRK,108,112,1
2021-02-21,2021,0,,MIL,SAC,128,115,1
2021-02-22,2021,0,,HOU,CHI,100,120,1
2021-02-22,2021,0,,DAL,MEM,102,92,1
2021-02-22,2021,0,,UTA,CHO,132,110,1
2021-02-22,2021,0,,PHO,POR,132,100,1
2021-02-22,2021,0,,OKC,MIA,94,108,1
2021-02-22,2021,0,,LAL,WAS,124,127,1
2021-02-23,2021,0,,ORL,DET,93,105,1
2021-02-23,2021,0,,CLE,ATL,112,111,1
2021-02-23,2021,0,,BRK,SAC,127,118,1
2021-02-23,2021,0,,NYK,GSW,106,114,1
2021-02-23,2021,0,,DAL,BOS,110,107,1
2021-02-23,2021,0,,TOR,PHI,102,109,1
2021-02-23,2021,0,,MIL,MIN,139,112,1
2021-02-23,2021,0,,LAC,WAS,135,116,1
2021-02-23,2021,0,,DEN,POR,111,106,1
2021-02-24,2021,0,,IND,GSW,107,111,1
2021-02-24,2021,0,,CLE,HOU,112,96,1
2021-02-24,2021,0,,ATL,BOS,127,112,1
2021-02-24,2021,0,,MIA,TOR,116,108,1
2021-02-24,2021,0,,CHI,MIN,133,126,1
2021-02-24,2021,0,,OKC,SAS,102,99,1
2021-02-24,2021,0,,NOP,DET,128,118,1
2021-02-24,2021,0,,PHO,CHO,121,124,1
2021-02-24,2021,0,,UTA,LAL,114,89,1
2021-02-25,2021,0,,PHI,DAL,111,97,1
2021-02-25,2021,0,,BRK,ORL,129,92,1
2021-02-25,2021,0,,NYK,SAC,140,121,1
2021-02-25,2021,0,,MEM,LAC,122,94,1
2021-02-25,2021,0,,DEN,WAS,110,112,1
2021-02-25,2021,0,,MIL,NOP,129,125,1
2021-02-26,2021,0,,TOR,HOU,122,111,1
2021-02-26,2021,0,,BOS,IND,118,112,1
2021-02-26,2021,0,,MEM,LAC,99,119,1
2021-02-26,2021,0,,DET,SAC,107,110,1
2021-02-26,2021,0,,CHI,PHO,97,106,1
2021-02-26,2021,0,,MIA,UTA,124,116,1
2021-02-26,2021,0,,OKC,ATL,118,109,1
2021-02-26,2021,0,,LAL,POR,102,93,1
2021-02-26,2021,0,,GSW,CHO,130,121,1
2021-02-27,2021,0,,PHI,CLE,109,112,1
2021-02-27,2021,0,,WAS,MIN,128,112,1
2021-02-27,2021,0,,OKC,DEN,96,126,1
2021-02-27,2021,0,,NYK,IND,110,107,1
2021-02-27,2021,0,,SAS,NOP,117,114,1
2021-02-27,2021,0,,ORL,UTA,109,124,1
2021-02-27,2021,0,,BRK,DAL,98,115,1
2021-02-28,2021,0,,MIL,LAC,105,100,1
2021-02-28,2021,0,,BOS,WAS,111,110,1
2021-02-28,2021,0,,HOU,MEM,84,133,1
2021-02-28,2021,0,,DET,NYK,90,109,1
2021-02-28,2021,0,,LAL,GSW,117,91,1
2021-02-28,2021,0,,MIA,ATL,109,99,1
2021-02-28,2021,0,,MIN,PHO,99,118,1
2021-02-28,2021,0,,SAC,CHO,126,127,1
2021-03-01,2021,0,,PHI,IND,130,114,1
2021-03-01,2021,0,,ORL,DAL,124,130,1
2021-03-01,2021,0,,CHI,DEN,112,118,1
2021-03-01,2021,0,,NOP,UTA,129,124,1
2021-03-01,2021,0,,SAS,BRK,113,124,1
2021-03-01,2021,0,,HOU,CLE,90,101,1
2021-03-01,2021,0,,POR,CHO,123,111,1
2021-03-02,2021,0,,WAS,MEM,111,125,1
2021-03-02,2021,0,,BOS,LAC,117,112,1
2021-03-02,2021,0,,MIA,ATL,80,94,1
2021-03-02,2021,0,,SAS,NYK,119,93,1
2021-03-02,2021,0,,MIL,DEN,97,128,1
2021-03-02,2021,0,,LAL,PHO,104,114,1
2021-03-03,2021,0,,CLE,IND,111,114,1
2021-03-03,2021,0,,TOR,DET,105,129,1
2021-03-03,2021,0,,PHI,UTA,131,123,1
2021-03-03,2021,0,,HOU,BRK,114,132,1
2021-03-03,2021,0,,ORL,ATL,112,115,1
2021-03-03,2021,0,,MIN,CHO,102,135,1
2021-03-03,2021,0,,NOP,CHI,124,128,1
2021-03-03,2021,0,,DAL,OKC,87,78,1
2021-03-03,2021,0,,POR,GSW,108,106,1
2021-03-03,2021,0,,SAC,LAL,123,120,1
2021-03-04,2021,0,,WAS,LAC,119,117,1
2021-03-04,2021,0,,BOS,TOR,132,125,1
2021-03-04,2021,0,,NYK,DET,114,104,1
2021-03-04,2021,0,,IND,DEN,103,113,1
2021-03-04,2021,0,,MEM,MIL,111,112,1
2021-03-04,2021,0,,NOP,MIA,93,103,1
2021-03-04,2021,0,,SAS,OKC,102,107,1
2021-03-04,2021,0,,PHO,GSW,120,98,1
2021-03-04,2021,0,,POR,SAC,123,119,1
2021-03-10,2021,0,,MEM,WAS,127,112,1
2021-03-10,2021,0,,DAL,SAS,115,104,1
2021-03-11,2021,0,,CHO,DET,105,102,1
2021-03-11,2021,0,,BRK,BOS,121,109,1
2021-03-11,2021,0,,TOR,ATL,120,121,1
2021-03-11,2021,0,,MIL,NYK,134,101,1
2021-03-11,2021,0,,CHI,PHI,105,127,1
2021-03-11,2021,0,,MIA,ORL,111,103,1
2021-03-11,2021,0,,NOP,MIN,105,135,1
2021-03-11,2021,0,,OKC,DAL,116,108,1
2021-03-11,2021,0,,LAC,GSW,130,104,1
2021-03-11,2021,0,,SAC,HOU,125,105,1
2021-03-11,2021,0,,POR,PHO,121,127,1
2021-03-12,2021,0,,WAS,PHI,101,127,1
2021-03-12,2021,0,,MEM,DEN,102,103,1
2021-03-12,2021,0,,NOP,CLE,116,82,1
2021-03-12,2021,0,,CHI,MIA,90,101,1
2021-03-12,2021,0,,SAS,ORL,104,77,1
2021-03-12,2021,0,,UTA,HOU,114,99,1
2021-03-12,2021,0,,LAL,IND,105,100,1
2021-03-13,2021,0,,OKC,NYK,97,119,1
2021-03-13,2021,0,,CHO,TOR,114,104,1
2021-03-13,2021,0,,BRK,DET,100,95,1
2021-03-13,2021,0,,WAS,MIL,119,125,1
2021-03-13,2021,0,,ATL,SAC,121,106,1
2021-03-13,2021,0,,MIN,POR,121,125,1
2021-03-13,2021,0,,DEN,DAL,103,116,1
2021-03-13,2021,0,,PHO,IND,111,122,1
2021-03-14,2021,0,,OKC,MEM,128,122,1
2021-03-14,2021,0,,GSW,UTA,131,119,1
2021-03-14,2021,0,,PHI,SAS,134,99,1
2021-03-14,2021,0,,ORL,MIA,97,102,1
2021-03-14,2021,0,,ATL,CLE,100,82,1
2021-03-14,2021,0,,HOU,BOS,107,134,1
2021-03-14,2021,0,,MIN,POR,114,112,1
2021-03-14,2021,0,,NOP,LAC,135,115,1
2021-03-14,2021,0,,CHI,TOR,118,95,1
2021-03-15,2021,0,,CHO,SAC,122,116,1
2021-03-15,2021,0,,WAS,MIL,122,133,1
2021-03-15,2021,0,,DET,SAS,99,109,1
2021-03-15,2021,0,,BRK,NYK,117,112,1
2021-03-15,2021,0,,DAL,LAC,99,109,1
2021-03-15,2021,0,,PHO,MEM,122,99,1
2021-03-15,2021,0,,DEN,IND,121,106,1
2021-03-15,2021,0,,GSW,LAL,97,128,1
2021-03-16,2021,0,,BOS,UTA,109,117,1
2021-03-16,2021,0,,MIA,CLE,113,98,1
2021-03-16,2021,0,,HOU,ATL,107,119,1
2021-03-16,2021,0,,PHI,NYK,99,96,1
2021-03-16,2021,0,,CHI,OKC,123,102,1
2021-03-16,2021,0,,POR,NOP,125,124,1
2021-03-16,2021,0,,LAL,MIN,137,121,1
2021-03-17,2021,0,,WAS,SAC,119,121,1
2021-03-17,2021,0,,DET,TOR,116,112,1
2021-03-17,2021,0,,IND,BRK,115,124,1
2021-03-17,2021,0,,PHI,MIL,105,109,1
2021-03-17,2021,0,,HOU,GSW,94,108,1
2021-03-17,2021,0,,CHI,SAS,99,106,1
2021-03-17,2021,0,,CLE,BOS,117,110,1
2021-03-17,2021,0,,DEN,CHO,129,104,1
2021-03-17,2021,0,,MEM,MIA,89,85,1
2021-03-17,2021,0,,DAL,LAC,105,89,1
2021-03-18,2021,0,,WAS,UTA,131,122,1
2021-03-18,2021,0,,ATL,OKC,116,93,1
2021-03-18,2021,0,,NYK,ORL,94,93,1
2021-03-18,2021,0,,POR,NOP,101,93,1
2021-03-18,2021,0,,PHO,MIN,119,123,1
2021-03-18,2021,0,,LAL,CHO,116,105,1
2021-03-19,2021,0,,BOS,SAC,96,107,1
2021-03-19,2021,0,,CLE,SAS,110,116,1
2021-03-19,2021,0,,TOR,UTA,112,115,1
2021-03-19,2021,0,,MIA,IND,110,137,1
2021-03-19,2021,0,,MEM,GSW,103,116,1
2021-03-19,2021,0,,HOU,DET,100,113,1
2021-03-19,2021,0,,ORL,BRK,121,113,1
2021-03-19,2021,0,,DEN,CHI,131,127,1
2021-03-19,2021,0,,POR,DAL,125,119,1
2021-03-19,2021,0,,PHO,MIN,113,101,1
2021-03-20,2021,0,,LAL,ATL,94,99,1
2021-03-20,2021,0,,PHI,SAC,129,105,1
2021-03-20,2021,0,,MEM,GSW,111,103,1
2021-03-20,2021,0,,MIL,SAS,120,113,1
2021-03-20,2021,0,,LAC,CHO,125,98,1
2021-03-21,2021,0,,MIA,IND,106,109,1
2021-03-21,2021,0,,HOU,OKC,112,114,1
2021-03-21,2021,0,,DEN,NOP,108,113,1
2021-03-21,2021,0,,BOS,ORL,112,96,1
2021-03-21,2021,0,,DET,CHI,86,100,1
2021-03-21,2021,0,,BRK,WAS,113,106,1
2021-03-21,2021,0,,CLE,TOR,116,105,1
2021-03-21,2021,0,,NYK,PHI,100,101,1
2021-03-21,2021,0,,POR,DAL,92,132,1
2021-03-21,2021,0,,PHO,LAL,111,94,1
2021-03-22,2021,0,,CLE,SAC,105,119,1
2021-03-22,2021,0,,MIN,OKC,103,112,1
2021-03-22,2021,0,,SAS,CHO,97,100,1
2021-03-22,2021,0,,MIL,IND,140,113,1
2021-03-22,2021,0,,MEM,BOS,132,126,1
2021-03-22,2021,0,,CHI,UTA,95,120,1
2021-03-22,2021,0,,HOU,TOR,117,99,1
2021-03-22,2021,0,,LAC,ATL,119,110,1
2021-03-23,2021,0,,ORL,DEN,99,110,1
2021-03-23,2021,0,,NYK,WAS,131,113,1
2021-03-23,2021,0,,NOP,LAL,128,111,1
2021-03-23,2021,0,,MIA,PHO,100,110,1
2021-03-23,2021,0,,POR,BRK,112,116,1
2021-03-23,2021,0,,GSW,PHI,98,108,1
2021-03-24,2021,0,,IND,DET,116,111,1
2021-03-24,2021,0,,TOR,DEN,135,111,1
2021-03-24,2021,0,,MIL,BOS,121,119,1
2021-03-24,2021,0,,ORL,PHO,112,111,1
2021-03-24,2021,0,,OKC,MEM,107,116,1
2021-03-24,2021,0,,MIN,DAL,108,128,1
2021-03-24,2021,0,,HOU,CHO,97,122,1
2021-03-24,2021,0,,CHI,CLE,94,103,1
2021-03-24,2021,0,,SAS,LAC,101,134,1
2021-03-24,2021,0,,UTA,BRK,118,88,1
2021-03-24,2021,0,,SAC,ATL,110,108,1
2021-03-25,2021,0,,MIA,POR,122,125,1
2021-03-25,2021,0,,NYK,WAS,106,102,1
2021-03-25,2021,0,,SAS,LAC,85,98,1
2021-03-25,2021,0,,LAL,PHI,101,109,1
2021-03-25,2021,0,,SAC,GSW,141,119,1
2021-03-26,2021,0,,DET,BRK,111,113,1
2021-03-26,2021,0,,MIL,BOS,114,122,1
2021-03-26,2021,0,,TOR,PHO,100,104,1
2021-03-26,2021,0,,CHO,MIA,110,105,1
2021-03-26,2021,0,,ORL,POR,105,112,1
2021-03-26,2021,0,,MIN,HOU,107,101,1
2021-03-26,2021,0,,NOP,DEN,108,113,1
2021-03-26,2021,0,,DAL,IND,94,109,1
2021-03-26,2021,0,,UTA,MEM,117,114,1
2021-03-26,2021,0,,GSW,ATL,108,124,1
2021-03-26,2021,0,,LAL,CLE,100,86,1
2021-03-27,2021,0,,MIN,HOU,107,129,1
2021-03-27,2021,0,,WAS,DET,106,92,1
2021-03-27,2021,0,,MIL,NYK,96,102,1
2021-03-27,2021,0,,SAS,CHI,120,104,1
2021-03-27,2021,0,,OKC,BOS,94,111,1
2021-03-27,2021,0,,NOP,DAL,112,103,1
2021-03-27,2021,0,,UTA,MEM,126,110,1
2021-03-27,2021,0,,SAC,CLE,100,98,1
2021-03-27,2021,0,,LAC,PHI,122,112,1
2021-03-28,2021,0,,CHO,PHO,97,101,1
2021-03-28,2021,0,,TOR,POR,117,122,1
2021-03-28,2021,0,,DEN,ATL,126,102,1
2021-03-28,2021,0,,LAL,ORL,96,93,1
2021-03-29,2021,0,,WAS,IND,132,124,1
2021-03-29,2021,0,,BRK,MIN,112,107,1
2021-03-29,2021,0,,BOS,NOP,109,115,1
2021-03-29,2021,0,,NYK,MIA,88,98,1
2021-03-29,2021,0,,HOU,MEM,110,120,1
2021-03-29,2021,0,,DET,TOR,118,104,1
2021-03-29,2021,0,,OKC,DAL,106,127,1
2021-03-29,2021,0,,SAS,SAC,115,132,1
2021-03-29,2021,0,,UTA,CLE,114,75,1
2021-03-29,2021,0,,LAC,MIL,129,105,1
2021-03-29,2021,0,,GSW,CHI,116,102,1
2021-03-30,2021,0,,WAS,CHO,104,114,1
2021-03-30,2021,0,,DEN,PHI,104,95,1
2021-03-30,2021,0,,LAC,ORL,96,103,1
2021-03-30,2021,0,,PHO,ATL,117,110,1
2021-03-31,2021,0,,IND,MIA,87,92,1
2021-03-31,2021,0,,DET,POR,101,124,1
2021-03-31,2021,0,,BOS,DAL,108,113,1
2021-03-31,2021,0,,BRK,HOU,120,108,1
2021-03-31,2021,0,,MEM,UTA,107,111,1
2021-03-31,2021,0,,MIN,NYK,102,101,1
2021-03-31,2021,0,,OKC,TOR,113,103,1
2021-03-31,2021,0,,SAS,SAC,120,106,1
2021-03-31,2021,0,,PHO,CHI,121,116,1
2021-03-31,2021,0,,LAL,MIL,97,112,1
2021-04-01,2021,0,,DET,WAS,120,91,1
2021-04-01,2021,0,,CLE,PHI,94,114,1
2021-04-01,2021,0,,BRK,CHO,111,89,1
2021-04-01,2021,0,,NOP,ORL,110,115,1
2021-04-01,2021,0,,MIA,GSW,116,109,1
2021-04-01,2021,0,,SAS,ATL,129,134,1
2021-04-01,2021,0,,LAC,DEN,94,101,1
2021-04-02,2021,0,,TOR,GSW,130,77,1
2021-04-02,2021,0,,BOS,HOU,118,102,1
2021-04-02,2021,0,,NYK,DAL,86,99,1
2021-04-02,2021,0,,IND,CHO,97,114,1
2021-04-02,2021,0,,MEM,MIN,120,108,1
2021-04-02,2021,0,,UTA,CHI,113,106,1
2021-04-02,2021,0,,NOP,ATL,103,126,1
2021-04-02,2021,0,,SAC,LAL,94,115,1
2021-04-02,2021,0,,PHO,OKC,140,103,1
2021-04-02,2021,0,,POR,MIL,109,127,1
2021-04-03,2021,0,,WAS,DAL,87,109,1
2021-04-03,2021,0,,DET,NYK,81,125,1
2021-04-03,2021,0,,PHI,MIN,122,113,1
2021-04-03,2021,0,,MIA,CLE,115,101,1
2021-04-03,2021,0,,SAS,IND,133,139,1
2021-04-03,2021,0,,UTA,ORL,137,91,1
2021-04-03,2021,0,,SAC,MIL,128,129,1
2021-04-03,2021,0,,POR,OKC,133,85,1
2021-04-04,2021,0,,CHI,BRK,115,107,1
2021-04-04,2021,0,,LAC,LAL,104,86,1
2021-04-04,2021,0,,BOS,CHO,116,86,1
2021-04-04,2021,0,,PHI,MEM,100,116,1
2021-04-04,2021,0,,ATL,GSW,117,111,1
2021-04-04,2021,0,,HOU,NOP,115,122,1
2021-04-04,2021,0,,DEN,ORL,119,109,1
2021-04-05,2021,0,,MIN,SAC,116,106,1
2021-04-05,2021,0,,TOR,WAS,103,101,1
2021-04-05,2021,0,,BRK,NYK,114,112,1
2021-04-05,2021,0,,DAL,UTA,111,103,1
2021-04-05,2021,0,,OKC,DET,108,132,1
2021-04-05,2021,0,,SAS,CLE,101,125,1
2021-04-05,2021,0,,HOU,PHO,130,133,1
2021-04-06,2021,0,,IND,CHI,97,113,1
2021-04-06,2021,0,,TOR,LAL,101,110,1
2021-04-06,2021,0,,ATL,NOP,123,107,1
2021-04-06,2021,0,,BOS,PHI,96,106,1
2021-04-06,2021,0,,MIA,MEM,112,124,1
2021-04-06,2021,0,,DEN,DET,134,119,1
2021-04-06,2021,0,,LAC,POR,133,116,1
2021-04-06,2021,0,,GSW,MIL,122,121,1
2021-04-07,2021,0,,IND,MIN,141,137,1
2021-04-07,2021,0,,ORL,WAS,116,131,1
2021-04-07,2021,0,,BRK,NOP,139,111,1
2021-04-07,2021,0,,BOS,NYK,101,99,1
2021-04-07,2021,0,,ATL,MEM,113,131,1
2021-04-07,2021,0,,HOU,DAL,102,93,1
2021-04-07,2021,0,,OKC,CHO,102,113,1
2021-04-07,2021,0,,DEN,SAS,106,96,1
2021-04-07,2021,0,,PHO,UTA,117,113,1
2021-04-08,2021,0,,TOR,CHI,113,122,1
2021-04-08,2021,0,,MIA,LAL,110,104,1
2021-04-08,2021,0,,OKC,CLE,102,129,1
2021-04-08,2021,0,,DAL,MIL,116,101,1
2021-04-08,2021,0,,UTA,POR,122,103,1
2021-04-08,2021,0,,LAC,PHO,113,103,1
2021-04-08,2021,0,,SAC,DET,101,113,1
2021-04-09,2021,0,,ORL,IND,106,111,1
2021-04-09,2021,0,,NYK,MEM,133,129,1
2021-04-09,2021,0,,BOS,MIN,145,136,1
2021-04-09,2021,0,,NOP,PHI,101,94,1
2021-04-09,2021,0,,ATL,CHI,120,108,1
2021-04-09,2021,0,,DEN,SAS,121,119,1
2021-04-09,2021,0,,MIL,CHO,119,127,1
2021-04-09,2021,0,,LAC,HOU,126,109,1
2021-04-09,2021,0,,GSW,WAS,107,110,1
2021-04-10,2021,0,,CLE,TOR,115,135,1
2021-04-10,2021,0,,BRK,LAL,101,126,1
2021-04-10,2021,0,,OKC,PHI,93,117,1
2021-04-10,2021,0,,UTA,SAC,128,112,1
2021-04-10,2021,0,,PHO,WAS,134,106,1
2021-04-10,2021,0,,POR,DET,118,103,1
2021-04-10,2021,0,,GSW,HOU,125,109,1
2021-04-11,2021,0,,CHO,ATL,101,105,1
2021-04-11,2021,0,,DEN,BOS,87,105,1
2021-04-11,2021,0,,CLE,NOP,109,116,1
2021-04-11,2021,0,,ORL,MIL,87,124,1
2021-04-11,2021,0,,DAL,SAS,117,119,1
2021-04-11,2021,0,,NYK,TOR,102,96,1
2021-04-11,2021,0,,MEM,IND,125,132,1
2021-04-11,2021,0,,MIN,CHI,121,117,1
2021-04-11,2021,0,,POR,MIA,98,107,1
2021-04-11,2021,0,,LAC,DET,131,124,1
2021-04-12,2021,0,,DAL,PHI,95,113,1
2021-04-12,2021,0,,NYK,LAL,111,96,1
2021-04-12,2021,0,,ORL,SAS,97,120,1
2021-04-12,2021,0,,UTA,WAS,121,125,1
2021-04-12,2021,0,,MEM,CHI,101,90,1
2021-04-12,2021,0,,NOP,SAC,117,110,1
2021-04-12,2021,0,,GSW,DEN,116,107,1
2021-04-12,2021,0,,PHO,HOU,126,120,1
2021-04-13,2021,0,,MIN,BRK,97,127,1
2021-04-13,2021,0,,TOR,ATL,103,108,1
2021-04-13,2021,0,,IND,LAC,115,126,1
2021-04-13,2021,0,,CHO,LAL,93,101,1
2021-04-13,2021,0,,UTA,OKC,106,96,1
2021-04-13,2021,0,,PHO,MIA,106,86,1
2021-04-13,2021,0,,POR,BOS,115,116,1
2021-04-14,2021,0,,MIN,MIL,105,130,1
2021-04-14,2021,0,,CHO,CLE,90,103,1
2021-04-14,2021,0,,PHI,BRK,123,117,1
2021-04-14,2021,0,,TOR,SAS,117,112,1
2021-04-14,2021,0,,DET,LAC,98,100,1
2021-04-14,2021,0,,NOP,NYK,106,116,1
2021-04-14,2021,0,,CHI,ORL,106,115,1
2021-04-14,2021,0,,OKC,GSW,109,147,1
2021-04-14,2021,0,,HOU,IND,124,132,1
2021-04-14,2021,0,,MEM,DAL,113,114,1
2021-04-14,2021,0,,DEN,MIA,123,106,1
2021-04-14,2021,0,,SAC,WAS,111,123,1
2021-04-15,2021,0,,ATL,MIL,109,120,1
2021-04-15,2021,0,,CLE,GSW,101,119,1
2021-04-15,2021,0,,LAL,BOS,113,121,1
2021-04-15,2021,0,,PHO,SAC,122,114,1
2021-04-16,2021,0,,UTA,IND,119,111,1
2021-04-16,2021,0,,DET,OKC,110,104,1
2021-04-16,2021,0,,WAS,NOP,117,115,1
2021-04-16,2021,0,,PHI,LAC,106,103,1
2021-04-16,2021,0,,BRK,CHO,130,115,1
2021-04-16,2021,0,,TOR,ORL,113,102,1
2021-04-16,2021,0,,MIN,MIA,119,111,1
2021-04-16,2021,0,,HOU,DEN,99,128,1
2021-04-16,2021,0,,CHI,MEM,115,126,1
2021-04-16,2021,0,,SAS,POR,106,107,1
2021-04-16,2021,0,,DAL,NYK,109,117,1
2021-04-17,2021,0,,LAL,UTA,127,115,1
2021-04-17,2021,0,,WAS,DET,121,100,1
2021-04-17,2021,0,,CHI,CLE,106,96,1
2021-04-17,2021,0,,BOS,GSW,119,114,1
2021-04-17,2021,0,,MIL,MEM,115,128,1
2021-04-17,2021,0,,PHO,SAS,85,111,1
2021-04-18,2021,0,,NYK,NOP,122,112,1
2021-04-18,2021,0,,ATL,IND,129,117,1
2021-04-18,2021,0,,MIA,BRK,109,107,1
2021-04-18,2021,0,,ORL,HOU,110,114,1
2021-04-18,2021,0,,CHO,POR,109,101,1
2021-04-18,2021,0,,TOR,OKC,112,106,1
2021-04-18,2021,0,,DAL,SAC,107,121,1
2021-04-18,2021,0,,LAC,MIN,124,105,1
2021-04-19,2021,0,,DET,CLE,109,105,1
2021-04-19,2021,0,,BOS,CHI,96,102,1
2021-04-19,2021,0,,PHI,GSW,96,107,1
2021-04-19,2021,0,,IND,SAS,94,109,1
2021-04-19,2021,0,,WAS,OKC,119,107,1
2021-04-19,2021,0,,MIL,PHO,127,128,1
2021-04-19,2021,0,,MIA,HOU,113,91,1
2021-04-19,2021,0,,DEN,MEM,139,137,1
2021-04-19,2021,0,,LAL,UTA,97,111,1
2021-04-20,2021,0,,NYK,CHO,109,97,1
2021-04-20,2021,0,,NOP,BRK,129,134,1
2021-04-20,2021,0,,ATL,ORL,112,96,1
2021-04-20,2021,0,,SAC,MIN,120,134,1
2021-04-20,2021,0,,POR,LAC,112,113,1
2021-04-21,2021,0,,WAS,GSW,118,114,1
2021-04-21,2021,0,,CLE,CHI,121,105,1
2021-04-21,2021,0,,TOR,BRK,114,103,1
2021-04-21,2021,0,,PHI,PHO,113,116,1
2021-04-21,2021,0,,IND,OKC,122,116,1
2021-04-21,2021,0,,NYK,ATL,137,127,1
2021-04-21,2021,0,,HOU,UTA,89,112,1
2021-04-21,2021,0,,DAL,DET,127,117,1
2021-04-21,2021,0,,SAS,MIA,87,107,1
2021-04-21,2021,0,,LAC,MEM,117,105,1
2021-04-21,2021,0,,SAC,MIN,128,125,1
2021-04-21,2021,0,,POR,DEN,105,106,1
2021-04-22,2021,0,,BOS,PHO,99,86,1
2021-04-22,2021,0,,ORL,NOP,100,135,1
2021-04-22,2021,0,,MIL,PHI,124,117,1
2021-04-22,2021,0,,SAS,DET,106,91,1
2021-04-22,2021,0,,CHI,CHO,108,91,1
2021-04-22,2021,0,,DAL,LAL,115,110,1
2021-04-23,2021,0,,BRK,BOS,109,104,1
2021-04-23,2021,0,,ATL,MIA,118,103,1
2021-04-23,2021,0,,HOU,LAC,104,109,1
2021-04-23,2021,0,,CHO,CLE,108,102,1
2021-04-23,2021,0,,OKC,WAS,109,129,1
2021-04-23,2021,0,,GSW,DEN,118,97,1
2021-04-23,2021,0,,POR,MEM,128,130,1
2021-04-24,2021,0,,NYK,TOR,120,103,1
2021-04-24,2021,0,,MIL,PHI,132,94,1
2021-04-24,2021,0,,IND,DET,115,109,1
2021-04-24,2021,0,,NOP,SAS,108,110,1
2021-04-24,2021,0,,MIA,CHI,106,101,1
2021-04-24,2021,0,,DAL,LAL,108,93,1
2021-04-24,2021,0,,UTA,MIN,96,101,1
2021-04-24,2021,0,,DEN,HOU,129,116,1
2021-04-25,2021,0,,CHO,BOS,125,104,1
2021-04-25,2021,0,,BRK,PHO,128,119,1
2021-04-25,2021,0,,POR,MEM,113,120,1
2021-04-25,2021,0,,WAS,CLE,119,110,1
2021-04-25,2021,0,,ATL,MIL,111,104,1
2021-04-25,2021,0,,ORL,IND,112,131,1
2021-04-25,2021,0,,GSW,SAC,117,113,1
2021-04-26,2021,0,,WAS,SAS,143,146,1
2021-04-26,2021,0,,PHI,OKC,121,90,1
2021-04-26,2021,0,,ORL,LAL,103,114,1
2021-04-26,2021,0,,DET,ATL,100,86,1
2021-04-26,2021,0,,NYK,PHO,110,118,1
2021-04-26,2021,0,,TOR,CLE,112,96,1
2021-04-26,2021,0,,NOP,LAC,120,103,1
2021-04-26,2021,0,,MIA,CHI,102,110,1
2021-04-26,2021,0,,MIN,UTA,105,104,1
2021-04-26,2021,0,,DEN,MEM,120,96,1
2021-04-26,2021,0,,SAC,DAL,113,106,1
2021-04-27,2021,0,,CHO,MIL,104,114,1
2021-04-27,2021,0,,IND,POR,112,133,1
2021-04-27,2021,0,,BOS,OKC,115,119,1
2021-04-27,2021,0,,TOR,BRK,103,116,1
2021-04-27,2021,0,,HOU,MIN,107,114,1
2021-04-27,2021,0,,GSW,DAL,103,133,1
2021-04-28,2021,0,,CLE,ORL,104,109,1
2021-04-28,2021,0,,PHI,ATL,127,83,1
2021-04-28,2021,0,,WAS,LAL,116,107,1
2021-04-28,2021,0,,BOS,CHO,120,111,1
2021-04-28,2021,0,,NYK,CHI,113,94,1
2021-04-28,2021,0,,MIA,SAS,116,111,1
2021-04-28,2021,0,,MEM,POR,109,130,1
2021-04-28,2021,0,,DEN,NOP,114,112,1
2021-04-28,2021,0,,SAC,UTA,105,154,1
2021-04-28,2021,0,,PHO,LAC,109,101,1
2021-04-29,2021,0,,DET,DAL,105,115,1
2021-04-29,2021,0,,IND,BRK,113,130,1
2021-04-29,2021,0,,MIN,GSW,126,114,1
2021-04-29,2021,0,,HOU,MIL,143,136,1
2021-04-29,2021,0,,OKC,NOP,95,109,1
2021-04-29,2021,0,,DEN,TOR,121,111,1
2021-04-30,2021,0,,PHI,ATL,126,104,1
2021-04-30,2021,0,,CLE,WAS,93,122,1
2021-04-30,2021,0,,BOS,SAS,143,140,1
2021-04-30,2021,0,,BRK,POR,109,128,1
2021-04-30,2021,0,,MEM,ORL,92,75,1
2021-04-30,2021,0,,CHI,MIL,98,108,1
2021-04-30,2021,0,,PHO,UTA,121,100,1
2021-04-30,2021,0,,LAL,SAC,106,110,1
2021-05-01,2021,0,,CHO,DET,107,94,1
2021-05-01,2021,0,,HOU,GSW,87,113,1
2021-05-01,2021,0,,CLE,MIA,107,124,1
2021-05-01,2021,0,,OKC,IND,95,152,1
2021-05-01,2021,0,,MIN,NOP,136,140,1
2021-05-01,2021,0,,ORL,MEM,112,111,1
2021-05-01,2021,0,,ATL,CHI,108,97,1
2021-05-01,2021,0,,DAL,WAS,125,124,1
2021-05-01,2021,0,,LAC,DEN,104,110,1
2021-05-01,2021,0,,UTA,TOR,106,102,1
2021-05-02,2021,0,,MIL,BRK,117,114,1
2021-05-02,2021,0,,BOS,POR,119,129,1
2021-05-02,2021,0,,CHO,MIA,111,121,1
2021-05-02,2021,0,,SAS,PHI,111,113,1
2021-05-02,2021,0,,OKC,PHO,120,123,1
2021-05-02,2021,0,,DAL,SAC,99,111,1
2021-05-02,2021,0,,HOU,NYK,97,122,1
2021-05-02,2021,0,,LAL,TOR,114,121,1
2021-05-03,2021,0,,WAS,IND,154,141,1
2021-05-03,2021,0,,DET,ORL,112,119,1
2021-05-03,2021,0,,NOP,GSW,108,123,1
2021-05-03,2021,0,,ATL,POR,123,114,1
2021-05-03,2021,0,,CHI,PHI,94,106,1
2021-05-03,2021,0,,MEM,NYK,104,118,1
2021-05-03,2021,0,,UTA,SAS,110,99,1
2021-05-03,2021,0,,LAL,DEN,93,89,1
2021-05-04,2021,0,,DET,CHO,99,102,1
2021-05-04,2021,0,,CLE,PHO,118,134,1
2021-05-04,2021,0,,MIL,BRK,124,118,1
2021-05-04,2021,0,,MIA,DAL,113,127,1
2021-05-04,2021,0,,NOP,GSW,108,103,1
2021-05-04,2021,0,,OKC,SAC,99,103,1
2021-05-04,2021,0,,LAC,TOR,105,100,1
2021-05-05,2021,0,,ORL,BOS,96,132,1
2021-05-05,2021,0,,CLE,POR,105,141,1
2021-05-05,2021,0,,ATL,PHO,135,103,1
2021-05-05,2021,0,,IND,SAC,93,104,1
2021-05-05,2021,0,,HOU,PHI,115,135,1
2021-05-05,2021,0,,MIL,WAS,135,134,1
2021-05-05,2021,0,,MIN,MEM,135,139,1
2021-05-05,2021,0,,UTA,SAS,126,94,1
2021-05-05,2021,0,,DEN,NYK,113,97,1
2021-05-06,2021,0,,CHO,CHI,99,120,1
2021-05-06,2021,0,,DAL,BRK,113,109,1
2021-05-06,2021,0,,TOR,WAS,129,131,1
2021-05-06,2021,0,,IND,ATL,133,126,1
2021-05-06,2021,0,,DET,MEM,111,97,1
2021-05-06,2021,0,,LAC,LAL,118,94,1
2021-05-06,2021,0,,GSW,OKC,118,97,1
2021-05-07,2021,0,,PHI,NOP,109,107,1
2021-05-07,2021,0,,CHI,BOS,121,99,1
2021-05-07,2021,0,,MIA,MIN,121,112,1
2021-05-07,2021,0,,CHO,ORL,122,112,1
2021-05-07,2021,0,,MIL,HOU,141,133,1
2021-05-07,2021,0,,DAL,CLE,110,90,1
2021-05-07,2021,0,,UTA,DEN,127,120,1
2021-05-07,2021,0,,SAC,SAS,104,113,1
2021-05-07,2021,0,,PHO,NYK,128,105,1
2021-05-07,2021,0,,POR,LAL,106,101,1
2021-05-08,2021,0,,PHI,DET,118,104,1
2021-05-08,2021,0,,IND,WAS,132,133,1
2021-05-08,2021,0,,TOR,MEM,99,109,1
2021-05-08,2021,0,,POR,SAS,124,102,1
2021-05-08,2021,0,,UTA,HOU,124,116,1
2021-05-08,2021,0,,GSW,OKC,136,97,1
2021-05-08,2021,0,,DEN,BRK,119,125,1
2021-05-09,2021,0,,BOS,MIA,124,130,1
2021-05-09,2021,0,,LAC,NYK,100,106,1
2021-05-09,2021,0,,CHO,NOP,110,112,1
2021-05-09,2021,0,,ORL,MIN,96,128,1
2021-05-09,2021,0,,CLE,DAL,97,124,1
2021-05-09,2021,0,,DET,CHI,96,108,1
2021-05-09,2021,0,,LAL,PHO,123,110,1
2021-05-09,2021,0,,SAC,OKC,126,98,1
2021-05-10,2021,0,,CLE,IND,102,111,1
2021-05-10,2021,0,,ATL,WAS,125,124,1
2021-05-10,2021,0,,MEM,NOP,115,110,1
2021-05-10,2021,0,,SAS,MIL,146,125,1
2021-05-10,2021,0,,GSW,UTA,119,116,1
2021-05-10,2021,0,,POR,HOU,140,129,1
2021-05-11,2021,0,,CHO,DEN,112,117,1
2021-05-11,2021,0,,DET,MIN,100,119,1
2021-05-11,2021,0,,TOR,LAC,96,115,1
2021-05-11,2021,0,,BOS,MIA,121,129,1
2021-05-11,2021,0,,MEM,DAL,133,104,1
2021-05-11,2021,0,,IND,PHI,103,94,1
2021-05-11,2021,0,,CHI,BRK,107,115,1
2021-05-11,2021,0,,MIL,ORL,114,102,1
2021-05-11,2021,0,,LAL,NYK,101,99,1
2021-05-11,2021,0,,SAC,OKC,122,106,1
2021-05-11,2021,0,,GSW,PHO,122,116,1
2021-05-12,2021,0,,ATL,WAS,120,116,1
2021-05-12,2021,0,,BRK,SAS,128,116,1
2021-05-12,2021,0,,CLE,BOS,102,94,1
2021-05-12,2021,0,,DAL,NOP,125,107,1
2021-05-12,2021,0,,UTA,POR,98,105,1
2021-05-12,2021,0,,LAL,HOU,124,122,1
2021-05-13,2021,0,,IND,MIL,133,142,1
2021-05-13,2021,0,,CHO,LAC,90,113,1
2021-05-13,2021,0,,ATL,ORL,116,93,1
2021-05-13,2021,0,,MIA,PHI,106,94,1
2021-05-13,2021,0,,NYK,SAS,102,98,1
2021-05-13,2021,0,,CHI,TOR,114,102,1
2021-05-13,2021,0,,MEM,SAC,116,110,1
2021-05-13,2021,0,,MIN,DEN,103,114,1
2021-05-13,2021,0,,PHO,POR,118,117,1
2021-05-14,2021,0,,WAS,CLE,120,105,1
2021-05-14,2021,0,,PHI,ORL,122,97,1
2021-05-14,2021,0,,DET,DEN,91,104,1
2021-05-14,2021,0,,OKC,UTA,93,109,1
2021-05-14,2021,0,,DAL,TOR,114,110,1
2021-05-14,2021,0,,HOU,LAC,122,115,1
2021-05-14,2021,0,,MEM,SAC,107,106,1
2021-05-14,2021,0,,GSW,NOP,125,122,1
2021-05-15,2021,0,,BRK,CHI,105,91,1
2021-05-15,2021,0,,NYK,CHO,118,109,1
2021-05-15,2021,0,,IND,LAL,115,122,1
2021-05-15,2021,0,,MIN,BOS,108,124,1
2021-05-15,2021,0,,SAS,PHO,103,140,1
2021-05-15,2021,0,,MIL,MIA,122,108,1
2021-05-16,2021,0,,TOR,IND,113,125,1
2021-05-16,2021,0,,WAS,CHO,115,110,1
2021-05-16,2021,0,,NYK,BOS,96,92,1
2021-05-16,2021,0,,SAS,PHO,121,123,1
2021-05-16,2021,0,,GSW,MEM,113,101,1
2021-05-16,2021,0,,PHI,ORL,128,117,1
2021-05-16,2021,0,,BRK,CLE,123,109,1
2021-05-16,2021,0,,ATL,HOU,124,95,1
2021-05-16,2021,0,,DET,MIA,107,120,1
2021-05-16,2021,0,,NOP,LAL,98,110,1
2021-05-16,2021,0,,MIN,DAL,136,121,1
2021-05-16,2021,0,,CHI,MIL,118,112,1
2021-05-16,2021,0,,POR,DEN,132,116,1
2021-05-16,2021,0,,SAC,UTA,99,121,1
2021-05-16,2021,0,,OKC,LAC,117,112,1
2021-05-18,2021,0,,IND,CHO,144,117,1
2021-05-18,2021,0,,BOS,WAS,118,100,1
2021-05-19,2021,0,,MEM,SAS,100,96,1
2021-05-19,2021,0,,LAL,GSW,103,100,1
2021-05-20,2021,0,,WAS,IND,142,115,1
2021-05-21,2021,0,,GSW,MEM,112,117,1
2021-10-19,2022,0,,MIL,BRK,127,104,1
2021-10-19,2022,0,,LAL,GSW,114,121,1
2021-10-20,2022,0,,DET,CHI,88,94,1
2021-10-20,2022,0,,CHO,IND,123,122,1
2021-10-20,2022,0,,NYK,BOS,138,134,1
2021-10-20,2022,0,,TOR,WAS,83,98,1
2021-10-20,2022,0,,NOP,PHI,97,117,1
2021-10-20,2022,0,,MIN,HOU,124,106,1
2021-10-20,2022,0,,MEM,CLE,132,121,1
2021-10-20,2022,0,,SAS,ORL,123,97,1
2021-10-20,2022,0,,UTA,OKC,107,86,1
2021-10-20,2022,0,,POR,SAC,121,124,1
2021-10-20,2022,0,,PHO,DEN,98,110,1
2021-10-21,2022,0,,ATL,DAL,113,87,1
2021-10-21,2022,0,,MIA,MIL,137,95,1
2021-10-21,2022,0,,GSW,LAC,115,113,1
2021-10-22,2022,0,,CLE,CHO,112,123,1
2021-10-22,2022,0,,ORL,NYK,96,121,1
2021-10-22,2022,0,,WAS,IND,135,134,1
2021-10-22,2022,0,,PHI,BRK,109,114,1
2021-10-22,2022,0,,BOS,TOR,83,115,1
2021-10-22,2022,0,,CHI,NOP,128,112,1
2021-10-22,2022,0,,HOU,OKC,124,91,1
2021-10-22,2022,0,,DEN,SAS,102,96,1
2021-10-22,2022,0,,LAL,PHO,105,115,1
2021-10-22,2022,0,,SAC,UTA,101,110,1
2021-10-23,2022,0,,CLE,ATL,101,95,1
2021-10-23,2022,0,,IND,MIA,102,91,1
2021-10-23,2022,0,,TOR,DAL,95,103,1
2021-10-23,2022,0,,MIN,NOP,96,89,1
2021-10-23,2022,0,,CHI,DET,97,82,1
2021-10-23,2022,0,,SAS,MIL,111,121,1
2021-10-23,2022,0,,POR,PHO,134,105,1
2021-10-23,2022,0,,LAC,MEM,114,120,1
2021-10-24,2022,0,,BRK,CHO,95,111,1
2021-10-24,2022,0,,OKC,PHI,103,115,1
2021-10-24,2022,0,,NYK,ORL,104,110,1
2021-10-24,2022,0,,HOU,BOS,97,107,1
2021-10-24,2022,0,,SAC,GSW,107,119,1
2021-10-24,2022,0,,LAL,MEM,121,118,1
2021-10-25,2022,0,,CHO,BOS,129,140,1
2021-10-25,2022,0,,IND,MIL,109,119,1
2021-10-25,2022,0,,BRK,WAS,104,90,1
2021-10-25,2022,0,,ATL,DET,122,104,1
2021-10-25,2022,0,,TOR,CHI,108,111,1
2021-10-25,2022,0,,MIA,ORL,107,90,1
2021-10-25,2022,0,,MIN,NOP,98,107,1
2021-10-25,2022,0,,DEN,CLE,87,99,1
2021-10-25,2022,0,,LAC,POR,116,86,1
2021-10-26,2022,0,,NYK,PHI,112,99,1
2021-10-26,2022,0,,OKC,GSW,98,106,1
2021-10-26,2022,0,,SAS,LAL,121,125,1
2021-10-26,2022,0,,DAL,HOU,116,106,1
2021-10-26,2022,0,,UTA,DEN,122,110,1
2021-10-27,2022,0,,ORL,CHO,111,120,1
2021-10-27,2022,0,,TOR,IND,118,100,1
2021-10-27,2022,0,,BOS,WAS,107,116,1
2021-10-27,2022,0,,BRK,MIA,93,106,1
2021-10-27,2022,0,,NOP,ATL,99,102,1
2021-10-27,2022,0,,MIL,MIN,108,113,1
2021-10-27,2022,0,,OKC,LAL,123,115,1
2021-10-27,2022,0,,POR,MEM,116,96,1
2021-10-27,2022,0,,PHO,SAC,107,110,1
2021-10-27,2022,0,,LAC,CLE,79,92,1
2021-10-28,2022,0,,PHI,DET,110,102,1
2021-10-28,2022,0,,WAS,ATL,122,111,1
2021-10-28,2022,0,,HOU,UTA,91,122,1
2021-10-28,2022,0,,CHI,NYK,103,104,1
2021-10-28,2022,0,,DAL,SAS,104,99,1
2021-10-28,2022,0,,GSW,MEM,101,104,1
2021-10-29,2022,0,,TOR,ORL,110,109,1
2021-10-29,2022,0,,MIA,CHO,114,99,1
2021-10-29,2022,0,,BRK,IND,105,98,1
2021-10-29,2022,0,,NOP,SAC,109,113,1
2021-10-29,2022,0,,DEN,DAL,106,75,1
2021-10-29,2022,0,,POR,LAC,111,92,1
2021-10-29,2022,0,,LAL,CLE,113,101,1
2021-10-30,2022,0,,WAS,BOS,115,112,1
2021-10-30,2022,0,,DET,ORL,110,103,1
2021-10-30,2022,0,,NOP,NYK,117,123,1
2021-10-30,2022,0,,PHI,ATL,122,94,1
2021-10-30,2022,0,,IND,TOR,94,97,1
2021-10-30,2022,0,,CHI,UTA,107,99,1
2021-10-30,2022,0,,MEM,MIA,103,129,1
2021-10-30,2022,0,,MIL,SAS,93,102,1
2021-10-30,2022,0,,GSW,OKC,103,82,1
2021-10-30,2022,0,,MIN,DEN,91,93,1
2021-10-30,2022,0,,PHO,CLE,101,92,1
2021-10-31,2022,0,,DAL,SAC,105,99,1
2021-10-31,2022,0,,CHO,POR,125,113,1
2021-10-31,2022,0,,MIL,UTA,95,107,1
2021-10-31,2022,0,,BRK,DET,117,91,1
2021-10-31,2022,0,,LAL,HOU,95,85,1
2021-11-01,2022,0,,PHI,POR,113,103,1
2021-11-01,2022,0,,IND,SAS,131,118,1
2021-11-01,2022,0,,CHO,CLE,110,113,1
2021-11-01,2022,0,,NYK,TOR,104,113,1
2021-11-01,2022,0,,ATL,WAS,118,111,1
2021-11-01,2022,0,,BOS,CHI,114,128,1
2021-11-01,2022,0,,MEM,DEN,106,97,1
2021-11-01,2022,0,,MIN,ORL,97,115,1
2021-11-01,2022,0,,LAC,OKC,99,94,1
2021-11-02,2022,0,,DET,MIL,89,117,1
2021-11-02,2022,0,,DAL,MIA,110,125,1
2021-11-02,2022,0,,UTA,SAC,119,113,1
2021-11-02,2022,0,,PHO,NOP,112,100,1
2021-11-02,2022,0,,LAL,HOU,119,117,1
2021-11-03,2022,0,,WAS,TOR,100,109,1
2021-11-03,2022,0,,CLE,POR,107,104,1
2021-11-03,2022,0,,IND,NYK,111,98,1
2021-11-03,2022,0,,ORL,BOS,79,92,1
2021-11-03,2022,0,,PHI,CHI,103,98,1
2021-11-03,2022,0,,BRK,ATL,117,108,1
2021-11-03,2022,0,,MIN,LAC,115,126,1
2021-11-03,2022,0,,MEM,DEN,108,106,1
2021-11-03,2022,0,,SAS,DAL,108,109,1
2021-11-03,2022,0,,GSW,CHO,114,92,1
2021-11-03,2022,0,,SAC,NOP,112,99,1
2021-11-04,2022,0,,DET,PHI,98,109,1
2021-11-04,2022,0,,ATL,UTA,98,116,1
2021-11-04,2022,0,,MIA,BOS,78,95,1
2021-11-04,2022,0,,PHO,HOU,123,111,1
2021-11-04,2022,0,,LAL,OKC,104,107,1
2021-11-05,2022,0,,WAS,MEM,115,87,1
2021-11-05,2022,0,,ORL,SAS,89,102,1
2021-11-05,2022,0,,DET,BRK,90,96,1
2021-11-05,2022,0,,TOR,CLE,101,102,1
2021-11-05,2022,0,,MIL,NYK,98,113,1
2021-11-05,2022,0,,MIN,LAC,84,104,1
2021-11-05,2022,0,,GSW,NOP,126,85,1
2021-11-05,2022,0,,SAC,CHO,140,110,1
2021-11-05,2022,0,,POR,IND,110,106,1
2021-11-06,2022,0,,DEN,HOU,95,94,1
2021-11-06,2022,0,,MIA,UTA,118,115,1
2021-11-06,2022,0,,CHI,PHI,105,114,1
2021-11-06,2022,0,,DAL,BOS,107,104,1
2021-11-06,2022,0,,PHO,ATL,121,117,1
2021-11-06,2022,0,,POR,LAL,105,90,1
2021-11-07,2022,0,,TOR,BRK,103,116,1
2021-11-07,2022,0,,NYK,CLE,109,126,1
2021-11-07,2022,0,,WAS,MIL,101,94,1
2021-11-07,2022,0,,SAC,IND,91,94,1
2021-11-07,2022,0,,ORL,UTA,107,100,1
2021-11-07,2022,0,,OKC,SAS,99,94,1
2021-11-07,2022,0,,GSW,HOU,120,107,1
2021-11-07,2022,0,,LAC,CHO,120,106,1
2021-11-08,2022,0,,PHI,NYK,96,103,1
2021-11-08,2022,0,,MEM,MIN,125,118,1
2021-11-08,2022,0,,CHI,BRK,118,95,1
2021-11-08,2022,0,,DAL,NOP,108,92,1
2021-11-08,2022,0,,DEN,MIA,113,96,1
2021-11-08,2022,0,,GSW,ATL,127,113,1
2021-11-08,2022,0,,SAC,PHO,104,109,1
2021-11-08,2022,0,,LAL,CHO,126,123,1
2021-11-09,2022,0,,PHI,MIL,109,118,1
2021-11-09,2022,0,,UTA,ATL,110,98,1
2021-11-09,2022,0,,LAC,POR,117,109,1
2021-11-10,2022,0,,CLE,WAS,94,97,1
2021-11-10,2022,0,,ORL,BRK,90,123,1
2021-11-10,2022,0,,BOS,TOR,104,88,1
2021-11-10,2022,0,,HOU,DET,104,112,1
2021-11-10,2022,0,,NYK,MIL,100,112,1
2021-11-10,2022,0,,NOP,OKC,100,108,1
2021-11-10,2022,0,,CHI,DAL,117,107,1
2021-11-10,2022,0,,MEM,CHO,108,118,1
2021-11-10,2022,0,,SAS,SAC,136,117,1
2021-11-10,2022,0,,DEN,IND,101,98,1
2021-11-10,2022,0,,PHO,POR,119,109,1
2021-11-10,2022,0,,LAL,MIA,120,117,1
2021-11-10,2022,0,,GSW,MIN,123,110,1
2021-11-11,2022,0,,PHI,TOR,109,115,1
2021-11-11,2022,0,,UTA,IND,100,111,1
2021-11-11,2022,0,,LAC,MIA,112,109,1
2021-11-12,2022,0,,CHO,NYK,104,96,1
2021-11-12,2022,0,,CLE,DET,98,78,1
2021-11-12,2022,0,,BOS,MIL,122,113,1
2021-11-12,2022,0,,HOU,POR,92,104,1
2021-11-12,2022,0,,NOP,BRK,112,120,1
2021-11-12,2022,0,,OKC,SAC,105,103,1
2021-11-12,2022,0,,MEM,PHO,94,119,1
2021-11-12,2022,0,,SAS,DAL,109,123,1
2021-11-12,2022,0,,DEN,ATL,105,96,1
2021-11-12,2022,0,,GSW,CHI,119,93,1
2021-11-12,2022,0,,LAL,MIN,83,107,1
2021-11-13,2022,0,,UTA,MIA,105,111,1
2021-11-13,2022,0,,NOP,MEM,112,101,1
2021-11-13,2022,0,,IND,PHI,118,113,1
2021-11-13,2022,0,,ORL,WAS,92,104,1
2021-11-13,2022,0,,TOR,DET,121,127,1
2021-11-13,2022,0,,CLE,BOS,91,89,1
2021-11-13,2022,0,,LAC,MIN,129,102,1
2021-11-14,2022,0,,LAL,SAS,114,106,1
2021-11-14,2022,0,,ATL,MIL,120,100,1
2021-11-14,2022,0,,CHO,GSW,106,102,1
2021-11-14,2022,0,,OKC,BRK,96,120,1
2021-11-14,2022,0,,HOU,PHO,89,115,1
2021-11-14,2022,0,,DEN,POR,124,95,1
2021-11-14,2022,0,,LAC,CHI,90,100,1
2021-11-15,2022,0,,WAS,NOP,105,100,1
2021-11-15,2022,0,,DET,SAC,107,129,1
2021-11-15,2022,0,,CLE,BOS,92,98,1
2021-11-15,2022,0,,NYK,IND,92,84,1
2021-11-15,2022,0,,ATL,ORL,129,111,1
2021-11-15,2022,0,,DAL,DEN,111,101,1
2021-11-15,2022,0,,MEM,HOU,136,102,1
2021-11-15,2022,0,,MIN,PHO,96,99,1
2021-11-15,2022,0,,OKC,MIA,90,103,1
2021-11-15,2022,0,,POR,TOR,118,113,1
2021-11-15,2022,0,,LAL,CHI,103,121,1
2021-11-16,2022,0,,BRK,GSW,99,117,1
2021-11-16,2022,0,,UTA,PHI,120,85,1
2021-11-16,2022,0,,LAC,SAS,106,92,1
2021-11-17,2022,0,,CHO,WAS,97,87,1
2021-11-17,2022,0,,DET,IND,97,89,1
2021-11-17,2022,0,,ATL,BOS,110,99,1
2021-11-17,2022,0,,MIA,NOP,113,98,1
2021-11-17,2022,0,,NYK,ORL,98,104,1
2021-11-17,2022,0,,MIL,LAL,109,102,1
2021-11-17,2022,0,,BRK,CLE,109,99,1
2021-11-17,2022,0,,OKC,HOU,101,89,1
2021-11-17,2022,0,,MIN,SAC,107,97,1
2021-11-17,2022,0,,POR,CHI,112,107,1
2021-11-17,2022,0,,PHO,DAL,105,98,1
2021-11-18,2022,0,,CLE,GSW,89,104,1
2021-11-18,2022,0,,MIA,WAS,112,97,1
2021-11-18,2022,0,,MEM,LAC,120,108,1
2021-11-18,2022,0,,MIN,SAS,115,90,1
2021-11-18,2022,0,,DEN,PHI,89,103,1
2021-11-18,2022,0,,UTA,TOR,119,103,1
2021-11-19,2022,0,,CHO,IND,121,118,1
2021-11-19,2022,0,,DET,GSW,102,105,1
2021-11-19,2022,0,,BRK,ORL,115,113,1
2021-11-19,2022,0,,BOS,LAL,130,108,1
2021-11-19,2022,0,,NOP,LAC,94,81,1
2021-11-19,2022,0,,MIL,OKC,96,89,1
2021-11-19,2022,0,,DEN,CHI,108,114,1
2021-11-19,2022,0,,SAC,TOR,89,108,1
2021-11-19,2022,0,,PHO,DAL,112,104,1
2021-11-20,2022,0,,NYK,HOU,106,99,1
2021-11-20,2022,0,,IND,NOP,111,94,1
2021-11-20,2022,0,,WAS,MIA,103,100,1
2021-11-20,2022,0,,BOS,OKC,111,105,1
2021-11-20,2022,0,,ATL,CHO,115,105,1
2021-11-20,2022,0,,MIL,ORL,117,108,1
2021-11-20,2022,0,,MIN,MEM,138,95,1
2021-11-20,2022,0,,SAC,UTA,105,123,1
2021-11-20,2022,0,,POR,PHI,118,111,1
2021-11-21,2022,0,,LAC,DAL,97,91,1
2021-11-21,2022,0,,DET,LAL,116,121,1
2021-11-21,2022,0,,PHO,DEN,126,97,1
2021-11-21,2022,0,,CHI,NYK,109,103,1
2021-11-21,2022,0,,GSW,TOR,119,104,1
2021-11-22,2022,0,,WAS,CHO,103,109,1
2021-11-22,2022,0,,CLE,BRK,112,117,1
2021-11-22,2022,0,,BOS,HOU,108,90,1
2021-11-22,2022,0,,ATL,OKC,113,101,1
2021-11-22,2022,0,,NOP,MIN,96,110,1
2021-11-22,2022,0,,CHI,IND,77,109,1
2021-11-22,2022,0,,MIL,ORL,123,92,1
2021-11-22,2022,0,,SAS,PHO,111,115,1
2021-11-22,2022,0,,UTA,MEM,118,119,1
2021-11-22,2022,0,,SAC,PHI,94,102,1
2021-11-23,2022,0,,DET,MIA,92,100,1
2021-11-23,2022,0,,NYK,LAL,106,100,1
2021-11-23,2022,0,,POR,DEN,119,100,1
2021-11-23,2022,0,,LAC,DAL,104,112,1
2021-11-24,2022,0,,ORL,CHO,99,106,1
2021-11-24,2022,0,,IND,LAL,116,124,1
2021-11-24,2022,0,,CLE,PHO,115,120,1
2021-11-24,2022,0,,BOS,BRK,104,123,1
2021-11-24,2022,0,,OKC,UTA,104,110,1
2021-11-24,2022,0,,MIL,DET,114,93,1
2021-11-24,2022,0,,HOU,CHI,118,113,1
2021-11-24,2022,0,,NOP,WAS,127,102,1
2021-11-24,2022,0,,MIN,MIA,113,101,1
2021-11-24,2022,0,,MEM,TOR,113,126,1
2021-11-24,2022,0,,SAS,ATL,106,124,1
2021-11-24,2022,0,,GSW,PHI,116,96,1
2021-11-24,2022,0,,SAC,POR,125,121,1
2021-11-26,2022,0,,LAC,DET,107,96,1
2021-11-26,2022,0,,ORL,CHI,88,123,1
2021-11-26,2022,0,,CHO,MIN,133,115,1
2021-11-26,2022,0,,NYK,PHO,97,118,1
2021-11-26,2022,0,,IND,TOR,114,97,1
2021-11-26,2022,0,,OKC,WAS,99,101,1
2021-11-26,2022,0,,MEM,ATL,100,132,1
2021-11-26,2022,0,,SAS,BOS,96,88,1
2021-11-26,2022,0,,UTA,NOP,97,98,1
2021-11-26,2022,0,,DEN,MIL,109,120,1
2021-11-26,2022,0,,GSW,POR,118,103,1
2021-11-26,2022,0,,LAL,SAC,137,141,1
2021-11-27,2022,0,,PHI,MIN,120,121,1
2021-11-27,2022,0,,ATL,NYK,90,99,1
2021-11-27,2022,0,,BRK,PHO,107,113,1
2021-11-27,2022,0,,HOU,CHO,146,143,1
2021-11-27,2022,0,,CLE,ORL,105,92,1
2021-11-27,2022,0,,CHI,MIA,104,107,1
2021-11-27,2022,0,,DAL,WAS,114,120,1
2021-11-27,2022,0,,UTA,NOP,127,105,1
2021-11-28,2022,0,,LAC,GSW,90,105,1
2021-11-28,2022,0,,IND,MIL,100,118,1
2021-11-28,2022,0,,TOR,BOS,97,109,1
2021-11-28,2022,0,,MEM,SAC,128,101,1
2021-11-28,2022,0,,LAL,DET,110,106,1
2021-11-29,2022,0,,PHI,ORL,101,96,1
2021-11-29,2022,0,,MIA,DEN,111,120,1
2021-11-29,2022,0,,CHI,CHO,133,119,1
2021-11-29,2022,0,,MIN,IND,100,98,1
2021-11-29,2022,0,,HOU,OKC,102,89,1
2021-11-29,2022,0,,SAS,WAS,116,99,1
2021-11-29,2022,0,,DAL,CLE,96,114,1
2021-11-29,2022,0,,UTA,POR,129,107,1
2021-11-29,2022,0,,LAC,NOP,104,123,1
2021-11-30,2022,0,,TOR,MEM,91,98,1
2021-11-30,2022,0,,BRK,NYK,112,110,1
2021-11-30,2022,0,,SAC,LAL,92,117,1
2021-11-30,2022,0,,POR,DET,110,92,1
2021-11-30,2022,0,,PHO,GSW,104,96,1
2021-12-01,2022,0,,IND,ATL,111,114,1
2021-12-01,2022,0,,WAS,MIN,115,107,1
2021-12-01,2022,0,,ORL,DEN,108,103,1
2021-12-01,2022,0,,MIA,CLE,85,111,1
2021-12-01,2022,0,,BOS,PHI,88,87,1
2021-12-01,2022,0,,NOP,DAL,107,139,1
2021-12-01,2022,0,,OKC,HOU,110,114,1
2021-12-01,2022,0,,MIL,CHO,127,125,1
2021-12-01,2022,0,,LAC,SAC,115,124,1
2021-12-02,2022,0,,TOR,MIL,97,93,1
2021-12-02,2022,0,,NYK,CHI,115,119,1
2021-12-02,2022,0,,MEM,OKC,152,79,1
2021-12-02,2022,0,,PHO,DET,114,103,1
2021-12-02,2022,0,,POR,SAS,83,114,1
2021-12-03,2022,0,,WAS,CLE,101,116,1
2021-12-03,2022,0,,IND,MIA,104,113,1
2021-12-03,2022,0,,BRK,MIN,110,105,1
2021-12-03,2022,0,,ATL,PHI,96,98,1
2021-12-03,2022,0,,HOU,ORL,118,116,1
2021-12-03,2022,0,,DAL,NOP,91,107,1
2021-12-03,2022,0,,UTA,BOS,137,130,1
2021-12-03,2022,0,,GSW,PHO,118,96,1
2021-12-03,2022,0,,LAL,LAC,115,119,1
2021-12-04,2022,0,,NYK,DEN,99,113,1
2021-12-04,2022,0,,MIL,MIA,124,102,1
2021-12-04,2022,0,,BRK,CHI,107,111,1
2021-12-04,2022,0,,GSW,SAS,107,112,1
2021-12-04,2022,0,,DAL,MEM,90,97,1
2021-12-04,2022,0,,POR,BOS,117,145,1
2021-12-04,2022,0,,SAC,LAC,104,99,1
2021-12-05,2022,0,,CLE,UTA,108,109,1
2021-12-05,2022,0,,ATL,CHO,127,130,1
2021-12-05,2022,0,,TOR,WAS,102,90,1
2021-12-05,2022,0,,HOU,NOP,118,108,1
2021-12-06,2022,0,,IND,WAS,116,110,1
2021-12-06,2022,0,,CHO,PHI,124,127,1
2021-12-06,2022,0,,DET,OKC,103,114,1
2021-12-06,2022,0,,MIA,MEM,90,105,1
2021-12-06,2022,0,,MIL,CLE,112,104,1
2021-12-06,2022,0,,CHI,DEN,109,97,1
2021-12-06,2022,0,,MIN,ATL,110,121,1
2021-12-06,2022,0,,PHO,SAS,108,104,1
2021-12-06,2022,0,,POR,LAC,90,102,1
2021-12-06,2022,0,,GSW,ORL,126,95,1
2021-12-07,2022,0,,DAL,BRK,99,102,1
2021-12-07,2022,0,,SAS,NYK,109,121,1
2021-12-07,2022,0,,LAL,BOS,117,102,1
2021-12-08,2022,0,,DET,WAS,116,119,1
2021-12-08,2022,0,,CHO,PHI,106,110,1
2021-12-08,2022,0,,IND,NYK,122,102,1
2021-12-08,2022,0,,CLE,CHI,115,92,1
2021-12-08,2022,0,,MIA,MIL,113,104,1
2021-12-08,2022,0,,TOR,OKC,109,110,1
2021-12-08,2022,0,,MEM,DAL,96,104,1
2021-12-08,2022,0,,HOU,BRK,114,104,1
2021-12-08,2022,0,,MIN,UTA,104,136,1
2021-12-08,2022,0,,NOP,DEN,114,120,1
2021-12-08,2022,0,,SAC,ORL,142,130,1
2021-12-08,2022,0,,GSW,POR,104,94,1
2021-12-08,2022,0,,LAC,BOS,114,111,1
2021-12-09,2022,0,,PHI,UTA,96,118,1
2021-12-09,2022,0,,MEM,LAL,108,95,1
2021-12-09,2022,0,,SAS,DEN,123,111,1
2021-12-10,2022,0,,IND,DAL,106,93,1
2021-12-10,2022,0,,CHO,SAC,124,123,1
2021-12-10,2022,0,,ATL,BRK,105,113,1
2021-12-10,2022,0,,TOR,NYK,90,87,1
2021-12-10,2022,0,,OKC,LAL,95,116,1
2021-12-10,2022,0,,MIN,CLE,106,123,1
2021-12-10,2022,0,,HOU,MIL,114,123,1
2021-12-10,2022,0,,NOP,DET,109,93,1
2021-12-10,2022,0,,PHO,BOS,111,90,1
2021-12-11,2022,0,,LAC,ORL,106,104,1
2021-12-11,2022,0,,WAS,UTA,98,123,1
2021-12-11,2022,0,,CLE,SAC,117,103,1
2021-12-11,2022,0,,MEM,HOU,113,106,1
2021-12-11,2022,0,,MIA,CHI,118,92,1
2021-12-11,2022,0,,SAS,DEN,112,127,1
2021-12-11,2022,0,,PHI,GSW,102,93,1
2021-12-12,2022,0,,NYK,MIL,97,112,1
2021-12-12,2022,0,,DET,BRK,104,116,1
2021-12-12,2022,0,,SAS,NOP,112,97,1
2021-12-12,2022,0,,OKC,DAL,84,103,1
2021-12-12,2022,0,,POR,MIN,111,116,1
2021-12-12,2022,0,,LAL,ORL,106,94,1
2021-12-13,2022,0,,CLE,MIA,105,94,1
2021-12-13,2022,0,,TOR,SAC,124,101,1
2021-12-13,2022,0,,IND,GSW,100,102,1
2021-12-13,2022,0,,ATL,HOU,126,132,1
2021-12-13,2022,0,,BOS,MIL,117,103,1
2021-12-13,2022,0,,MEM,PHI,126,91,1
2021-12-13,2022,0,,DAL,CHO,120,96,1
2021-12-13,2022,0,,DEN,WAS,113,107,1
2021-12-13,2022,0,,LAC,PHO,111,95,1
2021-12-14,2022,0,,NYK,GSW,96,105,1
2021-12-14,2022,0,,BRK,TOR,131,129,1
2021-12-14,2022,0,,POR,PHO,107,111,1
2021-12-15,2022,0,,CLE,HOU,124,89,1
2021-12-15,2022,0,,ORL,ATL,99,111,1
2021-12-15,2022,0,,PHI,MIA,96,101,1
2021-12-15,2022,0,,DAL,LAL,104,107,1
2021-12-15,2022,0,,MIL,IND,114,99,1
2021-12-15,2022,0,,OKC,NOP,110,113,1
2021-12-15,2022,0,,SAS,CHO,115,131,1
2021-12-15,2022,0,,DEN,MIN,107,124,1
2021-12-15,2022,0,,POR,MEM,103,113,1
2021-12-15,2022,0,,SAC,WAS,119,105,1
2021-12-15,2022,0,,UTA,LAC,124,103,1
2021-12-16,2022,0,,IND,DET,122,113,1
2021-12-16,2022,0,,BRK,PHI,114,105,1
2021-12-16,2022,0,,HOU,NYK,103,116,1
2021-12-16,2022,0,,PHO,WAS,118,98,1
2021-12-17,2022,0,,ORL,MIA,105,115,1
2021-12-17,2022,0,,BOS,GSW,107,111,1
2021-12-17,2022,0,,ATL,DEN,115,133,1
2021-12-17,2022,0,,NOP,MIL,116,112,1
2021-12-17,2022,0,,UTA,SAS,126,128,1
2021-12-17,2022,0,,MIN,LAL,110,92,1
2021-12-17,2022,0,,SAC,MEM,105,124,1
2021-12-17,2022,0,,POR,CHO,125,116,1
2021-12-18,2022,0,,DET,HOU,107,116,1
2021-12-18,2022,0,,BOS,NYK,114,107,1
2021-12-18,2022,0,,BRK,ORL,93,100,1
2021-12-18,2022,0,,TOR,GSW,119,100,1
2021-12-18,2022,0,,OKC,LAC,104,103,1
2021-12-18,2022,0,,UTA,WAS,103,109,1
2021-12-18,2022,0,,MIL,CLE,90,119,1
2021-12-19,2022,0,,MEM,POR,100,105,1
2021-12-19,2022,0,,SAC,SAS,121,114,1
2021-12-19,2022,0,,DET,MIA,100,90,1
2021-12-19,2022,0,,CHI,LAL,115,110,1
2021-12-19,2022,0,,PHO,CHO,137,106,1
2021-12-19,2022,0,,MIN,DAL,111,105,1
2021-12-20,2022,0,,BOS,PHI,103,108,1
2021-12-20,2022,0,,MEM,OKC,99,102,1
2021-12-20,2022,0,,CHI,HOU,133,118,1
2021-12-20,2022,0,,UTA,CHO,112,102,1
2021-12-20,2022,0,,GSW,SAC,113,98,1
2021-12-20,2022,0,,LAC,SAS,92,116,1
2021-12-21,2022,0,,MIA,IND,125,96,1
2021-12-21,2022,0,,NYK,DET,105,91,1
2021-12-21,2022,0,,NOP,POR,111,97,1
2021-12-21,2022,0,,DAL,MIN,114,102,1
2021-12-21,2022,0,,LAL,PHO,90,108,1
2021-12-22,2022,0,,ATL,ORL,98,104,1
2021-12-22,2022,0,,BOS,CLE,111,101,1
2021-12-22,2022,0,,OKC,DEN,108,94,1
2021-12-22,2022,0,,MIL,HOU,126,106,1
2021-12-22,2022,0,,SAC,LAC,89,105,1
2021-12-23,2022,0,,IND,HOU,118,106,1
2021-12-23,2022,0,,PHI,ATL,96,98,1
2021-12-23,2022,0,,ORL,NOP,104,110,1
2021-12-23,2022,0,,MIA,DET,115,112,1
2021-12-23,2022,0,,NYK,WAS,117,124,1
2021-12-23,2022,0,,DAL,MIL,95,102,1
2021-12-23,2022,0,,DEN,CHO,107,115,1
2021-12-23,2022,0,,UTA,MIN,128,116,1
2021-12-23,2022,0,,PHO,OKC,113,101,1
2021-12-23,2022,0,,GSW,MEM,113,104,1
2021-12-23,2022,0,,LAL,SAS,110,138,1
2021-12-25,2022,0,,NYK,ATL,101,87,1
2021-12-25,2022,0,,MIL,BOS,117,113,1
2021-12-25,2022,0,,PHO,GSW,107,116,1
2021-12-25,2022,0,,LAL,BRK,115,122,1
2021-12-25,2022,0,,UTA,DAL,120,116,1
2021-12-26,2022,0,,MIA,ORL,93,83,1
2021-12-26,2022,0,,WAS,PHI,96,117,1
2021-12-26,2022,0,,CLE,TOR,144,99,1
2021-12-26,2022,0,,SAC,MEM,102,127,1
2021-12-26,2022,0,,SAS,DET,144,109,1
2021-12-26,2022,0,,OKC,NOP,117,112,1
2021-12-26,2022,0,,CHI,IND,113,105,1
2021-12-26,2022,0,,LAC,DEN,100,103,1
2021-12-27,2022,0,,CHO,HOU,123,99,1
2021-12-27,2022,0,,ATL,CHI,118,130,1
2021-12-27,2022,0,,MIN,BOS,108,103,1
2021-12-27,2022,0,,SAS,UTA,104,110,1
2021-12-27,2022,0,,PHO,MEM,113,114,1
2021-12-27,2022,0,,POR,DAL,117,132,1
2021-12-27,2022,0,,LAC,BRK,108,124,1
2021-12-28,2022,0,,ORL,MIL,110,127,1
2021-12-28,2022,0,,TOR,PHI,109,114,1
2021-12-28,2022,0,,MIA,WAS,119,112,1
2021-12-28,2022,0,,HOU,LAL,123,132,1
2021-12-28,2022,0,,MIN,NYK,88,96,1
2021-12-28,2022,0,,NOP,CLE,108,104,1
2021-12-28,2022,0,,GSW,DEN,86,89,1
2021-12-28,2022,0,,SAC,OKC,117,111,1
2021-12-29,2022,0,,IND,CHO,108,116,1
2021-12-29,2022,0,,DET,NYK,85,94,1
2021-12-29,2022,0,,BOS,LAC,82,91,1
2021-12-29,2022,0,,MEM,LAL,104,99,1
2021-12-29,2022,0,,CHI,ATL,131,117,1
2021-12-29,2022,0,,PHO,OKC,115,97,1
2021-12-29,2022,0,,POR,UTA,105,120,1
2021-12-29,2022,0,,SAC,DAL,95,94,1
2021-12-30,2022,0,,ORL,MIL,118,136,1
2021-12-30,2022,0,,BRK,PHI,102,110,1
2021-12-30,2022,0,,WAS,CLE,110,93,1
2021-12-31,2022,0,,BOS,PHO,123,108,1
2021-12-31,2022,0,,IND,CHI,106,108,1
2021-12-31,2022,0,,SAC,DAL,96,112,1
2021-12-31,2022,0,,HOU,MIA,110,120,1
2021-12-31,2022,0,,CLE,ATL,118,121,1
2021-12-31,2022,0,,TOR,LAC,116,108,1
2021-12-31,2022,0,,OKC,NYK,95,80,1
2021-12-31,2022,0,,MEM,SAS,118,105,1
2021-12-31,2022,0,,UTA,MIN,120,108,1
2021-12-31,2022,0,,LAL,POR,139,106,1
2022-01-01,2022,0,,MIL,NOP,136,113,1
2022-01-01,2022,0,,DET,SAS,117,116,1
2022-01-01,2022,0,,WAS,CHI,119,120,1
2022-01-01,2022,0,,BRK,LAC,116,120,1
2022-01-01,2022,0,,HOU,DEN,111,124,1
2022-01-01,2022,0,,UTA,GSW,116,123,1
2022-01-02,2022,0,,TOR,NYK,120,105,1
2022-01-02,2022,0,,SAC,MIA,115,113,1
2022-01-02,2022,0,,CLE,IND,108,104,1
2022-01-02,2022,0,,BOS,ORL,116,111,1
2022-01-02,2022,0,,OKC,DAL,86,95,1
2022-01-02,2022,0,,CHO,PHO,99,133,1
2022-01-02,2022,0,,LAL,MIN,108,103,1
2022-01-03,2022,0,,WAS,CHO,124,121,1
2022-01-03,2022,0,,PHI,HOU,133,113,1
2022-01-03,2022,0,,BRK,MEM,104,118,1
2022-01-03,2022,0,,MIL,DET,106,115,1
2022-01-03,2022,0,,CHI,ORL,102,98,1
2022-01-03,2022,0,,NOP,UTA,104,115,1
2022-01-03,2022,0,,DAL,DEN,103,89,1
2022-01-03,2022,0,,POR,ATL,136,131,1
2022-01-03,2022,0,,GSW,MIA,115,108,1
2022-01-03,2022,0,,LAC,MIN,104,122,1
2022-01-04,2022,0,,TOR,SAS,129,104,1
2022-01-04,2022,0,,CLE,MEM,106,110,1
2022-01-04,2022,0,,NYK,IND,104,94,1
2022-01-04,2022,0,,NOP,PHO,110,123,1
2022-01-04,2022,0,,LAL,SAC,122,114,1
2022-01-05,2022,0,,CHO,DET,140,111,1
2022-01-05,2022,0,,WAS,HOU,111,114,1
2022-01-05,2022,0,,ORL,PHI,106,116,1
2022-01-05,2022,0,,IND,BRK,121,129,1
2022-01-05,2022,0,,DAL,GSW,99,82,1
2022-01-05,2022,0,,BOS,SAS,97,99,1
2022-01-05,2022,0,,MIN,OKC,98,90,1
2022-01-05,2022,0,,MIL,TOR,111,117,1
2022-01-05,2022,0,,DEN,UTA,109,115,1
2022-01-05,2022,0,,POR,MIA,109,115,1
2022-01-05,2022,0,,SAC,ATL,102,108,1
2022-01-06,2022,0,,NYK,BOS,108,105,1
2022-01-06,2022,0,,MEM,DET,118,88,1
2022-01-06,2022,0,,NOP,GSW,101,96,1
2022-01-06,2022,0,,PHO,LAC,106,89,1
2022-01-07,2022,0,,PHI,SAS,119,100,1
2022-01-07,2022,0,,TOR,UTA,122,108,1
2022-01-07,2022,0,,BRK,MIL,109,121,1
2022-01-07,2022,0,,HOU,DAL,106,130,1
2022-01-07,2022,0,,OKC,MIN,105,135,1
2022-01-07,2022,0,,CHI,WAS,130,122,1
2022-01-07,2022,0,,DEN,SAC,121,111,1
2022-01-07,2022,0,,LAL,ATL,134,118,1
2022-01-07,2022,0,,POR,CLE,101,114,1
2022-01-08,2022,0,,LAC,MEM,108,123,1
2022-01-08,2022,0,,CHO,MIL,114,106,1
2022-01-08,2022,0,,IND,UTA,125,113,1
2022-01-08,2022,0,,DET,ORL,97,92,1
2022-01-08,2022,0,,BOS,NYK,99,75,1
2022-01-08,2022,0,,PHO,MIA,100,123,1
2022-01-09,2022,0,,BRK,SAS,121,119,1
2022-01-09,2022,0,,LAC,ATL,106,93,1
2022-01-09,2022,0,,TOR,NOP,105,101,1
2022-01-09,2022,0,,ORL,WAS,100,102,1
2022-01-09,2022,0,,HOU,MIN,123,141,1
2022-01-09,2022,0,,OKC,DEN,95,99,1
2022-01-09,2022,0,,DAL,CHI,113,99,1
2022-01-09,2022,0,,GSW,CLE,96,82,1
2022-01-09,2022,0,,POR,SAC,103,88,1
2022-01-09,2022,0,,LAL,MEM,119,127,1
2022-01-10,2022,0,,DET,UTA,126,116,1
2022-01-10,2022,0,,CHO,MIL,103,99,1
2022-01-10,2022,0,,BOS,IND,101,98,1
2022-01-10,2022,0,,NYK,SAS,111,96,1
2022-01-10,2022,0,,HOU,PHI,91,111,1
2022-01-10,2022,0,,SAC,CLE,108,109,1
2022-01-10,2022,0,,POR,BRK,114,108,1
2022-01-11,2022,0,,WAS,OKC,122,118,1
2022-01-11,2022,0,,TOR,PHO,95,99,1
2022-01-11,2022,0,,NOP,MIN,128,125,1
2022-01-11,2022,0,,CHI,DET,133,87,1
2022-01-11,2022,0,,MEM,GSW,116,108,1
2022-01-11,2022,0,,LAC,DEN,87,85,1
2022-01-12,2022,0,,WAS,ORL,112,106,1
2022-01-12,2022,0,,IND,BOS,100,119,1
2022-01-12,2022,0,,PHI,CHO,98,109,1
2022-01-12,2022,0,,ATL,MIA,91,115,1
2022-01-12,2022,0,,NYK,DAL,108,85,1
2022-01-12,2022,0,,SAS,HOU,124,128,1
2022-01-12,2022,0,,UTA,CLE,91,111,1
2022-01-12,2022,0,,SAC,LAL,125,116,1
2022-01-12,2022,0,,CHI,BRK,112,138,1
2022-01-13,2022,0,,MIL,GSW,118,99,1
2022-01-13,2022,0,,NOP,LAC,113,89,1
2022-01-13,2022,0,,MEM,MIN,116,108,1
2022-01-13,2022,0,,BRK,OKC,109,130,1
2022-01-13,2022,0,,DEN,POR,140,108,1
2022-01-14,2022,0,,CHO,ORL,109,116,1
2022-01-14,2022,0,,IND,PHO,94,112,1
2022-01-14,2022,0,,PHI,BOS,111,99,1
2022-01-14,2022,0,,DET,TOR,103,87,1
2022-01-14,2022,0,,CHI,GSW,96,138,1
2022-01-14,2022,0,,MIA,ATL,124,118,1
2022-01-14,2022,0,,SAS,CLE,109,114,1
2022-01-14,2022,0,,MEM,DAL,85,112,1
2022-01-14,2022,0,,SAC,HOU,126,114,1
2022-01-15,2022,0,,MIL,TOR,96,103,1
2022-01-15,2022,0,,WAS,POR,110,115,1
2022-01-15,2022,0,,BRK,NOP,120,105,1
2022-01-15,2022,0,,ATL,NYK,108,117,1
2022-01-15,2022,0,,MIA,PHI,98,109,1
2022-01-15,2022,0,,OKC,CLE,102,107,1
2022-01-15,2022,0,,SAS,LAC,101,94,1
2022-01-15,2022,0,,BOS,CHI,114,112,1
2022-01-15,2022,0,,DEN,LAL,133,96,1
2022-01-15,2022,0,,DAL,ORL,108,92,1
2022-01-16,2022,0,,DET,PHO,108,135,1
2022-01-16,2022,0,,SAC,HOU,112,118,1
2022-01-16,2022,0,,MIN,GSW,119,99,1
2022-01-16,2022,0,,DEN,UTA,102,125,1
2022-01-17,2022,0,,BOS,NOP,104,92,1
2022-01-17,2022,0,,NYK,CHO,87,97,1
2022-01-17,2022,0,,WAS,PHI,117,98,1
2022-01-17,2022,0,,CLE,BRK,114,107,1
2022-01-17,2022,0,,LAC,IND,139,133,1
2022-01-17,2022,0,,MEM,CHI,119,106,1
2022-01-17,2022,0,,ATL,MIL,121,114,1
2022-01-17,2022,0,,ORL,POR,88,98,1
2022-01-17,2022,0,,MIA,TOR,104,99,1
2022-01-17,2022,0,,DAL,OKC,104,102,1
2022-01-17,2022,0,,SAS,PHO,107,121,1
2022-01-17,2022,0,,LAL,UTA,101,95,1
2022-01-18,2022,0,,NYK,MIN,110,112,1
2022-01-18,2022,0,,GSW,DET,102,86,1
2022-01-19,2022,0,,PHI,ORL,123,110,1
2022-01-19,2022,0,,WAS,BRK,118,119,1
2022-01-19,2022,0,,ATL,MIN,134,122,1
2022-01-19,2022,0,,MIA,POR,104,92,1
2022-01-19,2022,0,,BOS,CHO,102,111,1
2022-01-19,2022,0,,CHI,CLE,117,104,1
2022-01-19,2022,0,,MIL,MEM,126,114,1
2022-01-19,2022,0,,DAL,TOR,102,98,1
2022-01-19,2022,0,,SAS,OKC,118,96,1
2022-01-19,2022,0,,UTA,HOU,111,116,1
2022-01-19,2022,0,,DEN,LAC,130,128,1
2022-01-19,2022,0,,SAC,DET,131,133,1
2022-01-19,2022,0,,LAL,IND,104,111,1
2022-01-20,2022,0,,NYK,NOP,91,102,1
2022-01-20,2022,0,,DAL,PHO,101,109,1
2022-01-20,2022,0,,GSW,IND,117,121,1
2022-01-21,2022,0,,ORL,LAL,105,116,1
2022-01-21,2022,0,,PHI,LAC,101,102,1
2022-01-21,2022,0,,CHO,OKC,121,98,1
2022-01-21,2022,0,,BOS,POR,105,109,1
2022-01-21,2022,0,,ATL,MIA,110,108,1
2022-01-21,2022,0,,WAS,TOR,105,109,1
2022-01-21,2022,0,,MIL,CHI,94,90,1
2022-01-21,2022,0,,SAS,BRK,102,117,1
2022-01-21,2022,0,,DEN,MEM,118,122,1
2022-01-21,2022,0,,UTA,DET,111,101,1
2022-01-21,2022,0,,GSW,HOU,105,103,1
2022-01-22,2022,0,,MIL,SAC,133,127,1
2022-01-22,2022,0,,CLE,OKC,94,87,1
2022-01-22,2022,0,,PHO,IND,113,103,1
2022-01-23,2022,0,,NYK,LAC,110,102,1
2022-01-23,2022,0,,WAS,BOS,87,116,1
2022-01-23,2022,0,,ORL,CHI,114,95,1
2022-01-23,2022,0,,MIA,LAL,113,107,1
2022-01-23,2022,0,,TOR,POR,105,114,1
2022-01-23,2022,0,,CHO,ATL,91,113,1
2022-01-23,2022,0,,SAS,PHI,109,115,1
2022-01-23,2022,0,,DAL,MEM,104,91,1
2022-01-23,2022,0,,DEN,DET,117,111,1
2022-01-23,2022,0,,MIN,BRK,136,125,1
2022-01-23,2022,0,,GSW,UTA,94,92,1
2022-01-24,2022,0,,CLE,NYK,95,93,1
2022-01-24,2022,0,,NOP,IND,117,113,1
2022-01-24,2022,0,,OKC,CHI,110,111,1
2022-01-24,2022,0,,PHO,UTA,115,109,1
2022-01-25,2022,0,,TOR,CHO,125,113,1
2022-01-25,2022,0,,PHI,NOP,117,107,1
2022-01-25,2022,0,,WAS,LAC,115,116,1
2022-01-25,2022,0,,DET,DEN,105,110,1
2022-01-25,2022,0,,BRK,LAL,96,106,1
2022-01-25,2022,0,,BOS,SAC,128,75,1
2022-01-25,2022,0,,HOU,SAS,104,134,1
2022-01-25,2022,0,,GSW,DAL,130,92,1
2022-01-25,2022,0,,POR,MIN,107,109,1
2022-01-26,2022,0,,CLE,MIL,115,99,1
2022-01-26,2022,0,,ORL,LAC,102,111,1
2022-01-26,2022,0,,IND,CHO,126,158,1
2022-01-26,2022,0,,MIA,NYK,110,96,1
2022-01-26,2022,0,,ATL,SAC,121,104,1
2022-01-26,2022,0,,CHI,TOR,111,105,1
2022-01-26,2022,0,,BRK,DEN,118,124,1
2022-01-26,2022,0,,SAS,MEM,110,118,1
2022-01-26,2022,0,,POR,DAL,112,132,1
2022-01-26,2022,0,,UTA,PHO,97,105,1
2022-01-27,2022,0,,PHI,LAL,105,87,1
2022-01-27,2022,0,,GSW,MIN,124,115,1
2022-01-28,2022,0,,ORL,DET,119,103,1
2022-01-28,2022,0,,CHO,LAL,117,114,1
2022-01-28,2022,0,,ATL,BOS,108,92,1
2022-01-28,2022,0,,HOU,POR,110,125,1
2022-01-28,2022,0,,OKC,IND,110,113,1
2022-01-28,2022,0,,MIA,LAC,121,114,1
2022-01-28,2022,0,,NOP,DEN,105,116,1
2022-01-28,2022,0,,MEM,UTA,119,109,1
2022-01-28,2022,0,,SAS,CHI,131,122,1
2022-01-28,2022,0,,PHO,MIN,134,124,1
2022-01-28,2022,0,,MIL,NYK,123,108,1
2022-01-29,2022,0,,NOP,BOS,97,107,1
2022-01-29,2022,0,,DAL,IND,132,105,1
2022-01-29,2022,0,,PHI,SAC,103,101,1
2022-01-29,2022,0,,MEM,WAS,115,95,1
2022-01-29,2022,0,,MIA,TOR,120,124,1
2022-01-29,2022,0,,GSW,BRK,110,106,1
2022-01-30,2022,0,,CHO,LAC,90,115,1
2022-01-30,2022,0,,ATL,LAL,129,121,1
2022-01-30,2022,0,,CHI,POR,130,116,1
2022-01-30,2022,0,,DET,CLE,115,105,1
2022-01-30,2022,0,,ORL,DAL,110,108,1
2022-01-30,2022,0,,MIL,DEN,100,136,1
2022-01-30,2022,0,,PHO,SAS,115,110,1
2022-01-30,2022,0,,MIN,UTA,126,106,1
2022-01-31,2022,0,,PHI,MEM,122,119,1
2022-01-31,2022,0,,IND,LAC,122,116,1
2022-01-31,2022,0,,CLE,NOP,93,90,1
2022-01-31,2022,0,,NYK,SAC,116,96,1
2022-01-31,2022,0,,ATL,TOR,100,106,1
2022-01-31,2022,0,,BOS,MIA,122,92,1
2022-01-31,2022,0,,OKC,POR,98,81,1
2022-01-31,2022,0,,HOU,GSW,108,122,1
2022-02-01,2022,0,,DET,NOP,101,111,1
2022-02-01,2022,0,,TOR,MIA,110,106,1
2022-02-01,2022,0,,MIL,WAS,112,98,1
2022-02-01,2022,0,,MIN,DEN,130,115,1
2022-02-01,2022,0,,CHI,ORL,126,115,1
2022-02-01,2022,0,,SAS,GSW,120,124,1
2022-02-01,2022,0,,PHO,BRK,121,111,1
2022-02-02,2022,0,,IND,ORL,118,119,1
2022-02-02,2022,0,,PHI,WAS,103,106,1
2022-02-02,2022,0,,BOS,CHO,113,107,1
2022-02-02,2022,0,,NYK,MEM,108,120,1
2022-02-02,2022,0,,HOU,CLE,115,104,1
2022-02-02,2022,0,,DAL,OKC,114,120,1
2022-02-02,2022,0,,SAC,BRK,112,101,1
2022-02-02,2022,0,,UTA,DEN,108,104,1
2022-02-02,2022,0,,LAL,POR,99,94,1
2022-02-03,2022,0,,SAS,MIA,95,112,1
2022-02-03,2022,0,,DET,MIN,117,128,1
2022-02-03,2022,0,,ATL,PHO,124,115,1
2022-02-03,2022,0,,TOR,CHI,127,120,1
2022-02-03,2022,0,,LAC,LAL,111,110,1
2022-02-03,2022,0,,GSW,SAC,126,114,1
2022-02-04,2022,0,,CHO,CLE,101,102,1
2022-02-04,2022,0,,IND,CHI,115,122,1
2022-02-04,2022,0,,DET,BOS,93,102,1
2022-02-04,2022,0,,TOR,ATL,125,114,1
2022-02-04,2022,0,,SAS,HOU,131,106,1
2022-02-04,2022,0,,UTA,BRK,125,102,1
2022-02-04,2022,0,,DEN,NOP,105,113,1
2022-02-04,2022,0,,DAL,PHI,107,98,1
2022-02-04,2022,0,,POR,OKC,93,96,1
2022-02-05,2022,0,,ORL,MEM,115,135,1
2022-02-05,2022,0,,WAS,PHO,80,95,1
2022-02-05,2022,0,,CHO,MIA,86,104,1
2022-02-05,2022,0,,LAL,NYK,122,115,1
2022-02-05,2022,0,,SAC,OKC,113,103,1
2022-02-05,2022,0,,POR,MIL,108,137,1
2022-02-06,2022,0,,DEN,BRK,124,104,1
2022-02-06,2022,0,,CHI,PHI,108,119,1
2022-02-06,2022,0,,MIN,DET,118,105,1
2022-02-06,2022,0,,CLE,IND,98,85,1
2022-02-06,2022,0,,ORL,BOS,83,116,1
2022-02-06,2022,0,,DAL,ATL,103,94,1
2022-02-06,2022,0,,HOU,NOP,107,120,1
2022-02-06,2022,0,,LAC,MIL,113,137,1
2022-02-07,2022,0,,WAS,MIA,100,121,1
2022-02-07,2022,0,,CHO,TOR,101,116,1
2022-02-07,2022,0,,CHI,PHO,124,127,1
2022-02-07,2022,0,,OKC,GSW,98,110,1
2022-02-07,2022,0,,UTA,NYK,113,104,1
2022-02-08,2022,0,,PHI,PHO,109,114,1
2022-02-08,2022,0,,BRK,BOS,91,126,1
2022-02-08,2022,0,,ATL,IND,133,112,1
2022-02-08,2022,0,,NOP,HOU,110,97,1
2022-02-08,2022,0,,MEM,LAC,135,109,1
2022-02-08,2022,0,,DAL,DET,116,86,1
2022-02-08,2022,0,,DEN,NYK,132,115,1
2022-02-08,2022,0,,LAL,MIL,116,131,1
2022-02-08,2022,0,,SAC,MIN,114,134,1
2022-02-08,2022,0,,POR,ORL,95,113,1
2022-02-09,2022,0,,CLE,SAS,105,92,1
2022-02-09,2022,0,,CHO,CHI,109,121,1
2022-02-09,2022,0,,OKC,TOR,98,117,1
2022-02-09,2022,0,,UTA,GSW,111,85,1
2022-02-09,2022,0,,POR,LAL,107,105,1
2022-02-09,2022,0,,SAC,MIN,132,119,1
2022-02-10,2022,0,,DET,MEM,107,132,1
2022-02-10,2022,0,,WAS,BRK,113,112,1
2022-02-10,2022,0,,NOP,MIA,97,112,1
2022-02-10,2022,0,,HOU,TOR,120,139,1
2022-02-10,2022,0,,DAL,LAC,112,105,1
2022-02-10,2022,0,,GSW,NYK,114,116,1
2022-02-10,2022,0,,PHO,MIL,131,107,1
2022-02-11,2022,0,,IND,CLE,113,120,1
2022-02-11,2022,0,,PHI,OKC,100,87,1
2022-02-11,2022,0,,DET,CHO,119,141,1
2022-02-11,2022,0,,BOS,DEN,108,102,1
2022-02-11,2022,0,,ATL,SAS,121,136,1
2022-02-11,2022,0,,CHI,MIN,134,122,1
2022-02-11,2022,0,,UTA,ORL,114,99,1
2022-02-12,2022,0,,POR,NYK,112,103,1
2022-02-12,2022,0,,WAS,SAC,110,123,1
2022-02-12,2022,0,,NOP,SAS,114,124,1
2022-02-12,2022,0,,CHO,MEM,118,125,1
2022-02-12,2022,0,,TOR,DEN,109,110,1
2022-02-12,2022,0,,PHI,CLE,103,93,1
2022-02-12,2022,0,,CHI,OKC,106,101,1
2022-02-12,2022,0,,MIA,BRK,115,111,1
2022-02-12,2022,0,,GSW,LAL,117,115,1
2022-02-12,2022,0,,DAL,LAC,97,99,1
2022-02-12,2022,0,,PHO,ORL,132,105,1
2022-02-13,2022,0,,BOS,ATL,105,95,1
2022-02-13,2022,0,,IND,MIN,120,129,1
2022-02-14,2022,0,,WAS,DET,103,94,1
2022-02-14,2022,0,,BRK,SAC,109,85,1
2022-02-14,2022,0,,NYK,OKC,123,127,1
2022-02-14,2022,0,,CHI,SAS,120,109,1
2022-02-14,2022,0,,MIL,POR,107,122,1
2022-02-14,2022,0,,NOP,TOR,120,90,1
2022-02-14,2022,0,,DEN,ORL,121,111,1
2022-02-14,2022,0,,UTA,HOU,135,101,1
2022-02-14,2022,0,,LAC,GSW,119,104,1
2022-02-15,2022,0,,ATL,CLE,124,116,1
2022-02-15,2022,0,,MIA,DAL,99,107,1
2022-02-15,2022,0,,PHI,BOS,87,135,1
2022-02-15,2022,0,,NOP,MEM,109,121,1
2022-02-15,2022,0,,MIL,IND,128,119,1
2022-02-15,2022,0,,MIN,CHO,126,120,1
2022-02-15,2022,0,,PHO,LAC,103,96,1
2022-02-16,2022,0,,ORL,ATL,109,130,1
2022-02-16,2022,0,,IND,WAS,113,108,1
2022-02-16,2022,0,,NYK,BRK,106,111,1
2022-02-16,2022,0,,BOS,DET,111,112,1
2022-02-16,2022,0,,CHI,SAC,125,118,1
2022-02-16,2022,0,,MIN,TOR,91,103,1
2022-02-16,2022,0,,MEM,POR,119,123,1
2022-02-16,2022,0,,OKC,SAS,106,114,1
2022-02-16,2022,0,,PHO,HOU,124,121,1
2022-02-16,2022,0,,LAL,UTA,106,101,1
2022-02-16,2022,0,,GSW,DEN,116,117,1
2022-02-17,2022,0,,CHO,MIA,107,111,1
2022-02-17,2022,0,,BRK,WAS,103,117,1
2022-02-17,2022,0,,NOP,DAL,118,125,1
2022-02-17,2022,0,,MIL,PHI,120,123,1
2022-02-17,2022,0,,LAC,HOU,142,111,1
2022-02-24,2022,0,,DET,CLE,106,103,1
2022-02-24,2022,0,,BRK,BOS,106,129,1
2022-02-24,2022,0,,CHI,ATL,112,108,1
2022-02-24,2022,0,,MIN,MEM,119,114,1
2022-02-24,2022,0,,OKC,PHO,104,124,1
2022-02-24,2022,0,,POR,GSW,95,132,1
2022-02-24,2022,0,,SAC,DEN,110,128,1
2022-02-25,2022,0,,IND,OKC,125,129,1
2022-02-25,2022,0,,ORL,HOU,119,111,1
2022-02-25,2022,0,,WAS,SAS,153,157,1
2022-02-25,2022,0,,CHO,TOR,125,93,1
2022-02-25,2022,0,,NYK,MIA,100,115,1
2022-02-25,2022,0,,MIN,PHI,102,133,1
2022-02-25,2022,0,,UTA,DAL,114,109,1
2022-02-25,2022,0,,PHO,NOP,102,117,1
2022-02-25,2022,0,,LAL,LAC,102,105,1
2022-02-26,2022,0,,DET,BOS,104,113,1
2022-02-26,2022,0,,ATL,TOR,127,100,1
2022-02-26,2022,0,,MIA,SAS,133,129,1
2022-02-26,2022,0,,CLE,WAS,92,86,1
2022-02-26,2022,0,,CHI,MEM,110,116,1
2022-02-26,2022,0,,MIL,BRK,123,126,1
2022-02-26,2022,0,,DEN,SAC,115,110,1
2022-02-27,2022,0,,NYK,PHI,109,125,1
2022-02-27,2022,0,,PHO,UTA,114,118,1
2022-02-27,2022,0,,IND,BOS,128,107,1
2022-02-27,2022,0,,CHO,DET,126,127,1
2022-02-27,2022,0,,HOU,LAC,98,99,1
2022-02-27,2022,0,,GSW,DAL,101,107,1
2022-02-27,2022,0,,POR,DEN,92,124,1
2022-02-27,2022,0,,LAL,NOP,95,123,1
2022-02-28,2022,0,,ORL,IND,119,103,1
2022-02-28,2022,0,,CLE,MIN,122,127,1
2022-02-28,2022,0,,MIA,CHI,112,99,1
2022-02-28,2022,0,,BRK,TOR,97,133,1
2022-02-28,2022,0,,MIL,CHO,130,106,1
2022-02-28,2022,0,,OKC,SAC,110,131,1
2022-02-28,2022,0,,MEM,SAS,118,105,1
2022-03-01,2022,0,,WAS,DET,116,113,1
2022-03-01,2022,0,,BOS,ATL,107,98,1
2022-03-01,2022,0,,TOR,BRK,109,108,1
2022-03-01,2022,0,,HOU,LAC,100,113,1
2022-03-01,2022,0,,MIN,GSW,129,114,1
2022-03-01,2022,0,,LAL,DAL,104,109,1
2022-03-02,2022,0,,CLE,CHO,98,119,1
2022-03-02,2022,0,,ORL,IND,114,122,1
2022-03-02,2022,0,,PHI,NYK,123,108,1
2022-03-02,2022,0,,NOP,SAC,125,95,1
2022-03-02,2022,0,,HOU,UTA,127,132,1
2022-03-02,2022,0,,MIL,MIA,120,119,1
2022-03-02,2022,0,,DEN,OKC,107,119,1
2022-03-02,2022,0,,PHO,POR,120,90,1
2022-03-03,2022,0,,ATL,CHI,130,124,1
2022-03-03,2022,0,,BOS,MEM,120,107,1
2022-03-03,2022,0,,TOR,DET,106,108,1
2022-03-03,2022,0,,BRK,MIA,107,113,1
2022-03-03,2022,0,,SAS,SAC,112,115,1
2022-03-03,2022,0,,DAL,GSW,122,113,1
2022-03-03,2022,0,,LAC,LAL,132,111,1
2022-03-04,2022,0,,WAS,ATL,114,117,1
2022-03-04,2022,0,,DET,IND,111,106,1
2022-03-04,2022,0,,PHI,CLE,125,119,1
2022-03-04,2022,0,,TOR,ORL,97,103,1
2022-03-04,2022,0,,CHI,MIL,112,118,1
2022-03-04,2022,0,,OKC,MIN,101,138,1
2022-03-04,2022,0,,NOP,UTA,124,90,1
2022-03-04,2022,0,,DEN,HOU,116,101,1
2022-03-04,2022,0,,PHO,NYK,115,114,1
2022-03-05,2022,0,,DAL,SAC,114,113,1
2022-03-05,2022,0,,CHO,SAS,123,117,1
2022-03-05,2022,0,,MEM,ORL,124,96,1
2022-03-05,2022,0,,MIN,POR,135,121,1
2022-03-05,2022,0,,MIA,PHI,99,82,1
2022-03-05,2022,0,,LAL,GSW,124,116,1
2022-03-06,2022,0,,BOS,BRK,126,120,1
2022-03-06,2022,0,,MIL,PHO,132,122,1
2022-03-06,2022,0,,WAS,IND,133,123,1
2022-03-06,2022,0,,OKC,UTA,103,116,1
2022-03-06,2022,0,,HOU,MEM,123,112,1
2022-03-06,2022,0,,CLE,TOR,104,96,1
2022-03-06,2022,0,,DEN,NOP,138,130,1
2022-03-06,2022,0,,LAC,NYK,93,116,1
2022-03-07,2022,0,,PHI,CHI,121,106,1
2022-03-07,2022,0,,DET,ATL,113,110,1
2022-03-07,2022,0,,MIA,HOU,123,106,1
2022-03-07,2022,0,,MIN,POR,124,81,1
2022-03-07,2022,0,,SAS,LAL,117,110,1
2022-03-07,2022,0,,DAL,UTA,111,103,1
2022-03-07,2022,0,,DEN,GSW,131,124,1
2022-03-07,2022,0,,SAC,NYK,115,131,1
2022-03-08,2022,0,,CHO,BRK,121,132,1
2022-03-08,2022,0,,IND,CLE,124,127,1
2022-03-08,2022,0,,ORL,PHO,99,102,1
2022-03-08,2022,0,,MEM,NOP,132,111,1
2022-03-08,2022,0,,OKC,MIL,115,142,1
2022-03-08,2022,0,,GSW,LAC,112,97,1
2022-03-09,2022,0,,DET,CHI,108,114,1
2022-03-09,2022,0,,CHO,BOS,101,115,1
2022-03-09,2022,0,,MIA,PHO,90,111,1
2022-03-09,2022,0,,MIL,ATL,124,115,1
2022-03-09,2022,0,,HOU,LAL,139,130,1
2022-03-09,2022,0,,MIN,OKC,132,102,1
2022-03-09,2022,0,,NOP,ORL,102,108,1
2022-03-09,2022,0,,SAS,TOR,104,119,1
2022-03-09,2022,0,,DAL,NYK,77,107,1
2022-03-09,2022,0,,UTA,POR,123,85,1
2022-03-09,2022,0,,SAC,DEN,100,106,1
2022-03-09,2022,0,,LAC,WAS,115,109,1
2022-03-10,2022,0,,PHI,BRK,100,129,1
2022-03-10,2022,0,,DEN,GSW,102,113,1
2022-03-11,2022,0,,ORL,MIN,118,110,1
2022-03-11,2022,0,,ATL,LAC,112,106,1
2022-03-11,2022,0,,BOS,DET,114,103,1
2022-03-11,2022,0,,MEM,NYK,118,114,1
2022-03-11,2022,0,,MIA,CLE,117,105,1
2022-03-11,2022,0,,HOU,DAL,100,113,1
2022-03-11,2022,0,,NOP,CHO,120,142,1
2022-03-11,2022,0,,SAS,UTA,104,102,1
2022-03-11,2022,0,,PHO,TOR,112,117,1
2022-03-11,2022,0,,LAL,WAS,122,109,1
2022-03-12,2022,0,,SAS,IND,108,119,1
2022-03-12,2022,0,,MIA,MIN,104,113,1
2022-03-12,2022,0,,CHI,CLE,101,91,1
2022-03-12,2022,0,,GSW,MIL,122,109,1
2022-03-12,2022,0,,DEN,TOR,115,127,1
2022-03-12,2022,0,,UTA,SAC,134,125,1
2022-03-12,2022,0,,POR,WAS,127,118,1
2022-03-13,2022,0,,BRK,NYK,110,107,1
2022-03-13,2022,0,,DET,LAC,102,106,1
2022-03-13,2022,0,,BOS,DAL,92,95,1
2022-03-13,2022,0,,ORL,PHI,114,116,1
2022-03-13,2022,0,,NOP,HOU,130,105,1
2022-03-13,2022,0,,ATL,IND,131,128,1
2022-03-13,2022,0,,OKC,MEM,118,125,1
2022-03-13,2022,0,,PHO,LAL,140,111,1
2022-03-14,2022,0,,CLE,LAC,120,111,1
2022-03-14,2022,0,,ATL,POR,122,113,1
2022-03-14,2022,0,,PHI,DEN,110,114,1
2022-03-14,2022,0,,OKC,CHO,116,134,1
2022-03-14,2022,0,,SAS,MIN,139,149,1
2022-03-14,2022,0,,UTA,MIL,111,117,1
2022-03-14,2022,0,,GSW,WAS,126,112,1
2022-03-14,2022,0,,SAC,CHI,112,103,1
2022-03-14,2022,0,,LAL,TOR,103,114,1
2022-03-15,2022,0,,IND,MEM,102,135,1
2022-03-15,2022,0,,ORL,BRK,108,150,1
2022-03-15,2022,0,,MIA,DET,105,98,1
2022-03-15,2022,0,,NOP,PHO,115,131,1
2022-03-16,2022,0,,CLE,PHI,114,118,1
2022-03-16,2022,0,,WAS,DEN,109,127,1
2022-03-16,2022,0,,CHO,ATL,116,106,1
2022-03-16,2022,0,,BRK,DAL,111,113,1
2022-03-16,2022,0,,NYK,POR,128,98,1
2022-03-16,2022,0,,MIN,LAL,124,104,1
2022-03-16,2022,0,,HOU,PHO,112,129,1
2022-03-16,2022,0,,SAS,OKC,122,120,1
2022-03-16,2022,0,,UTA,CHI,125,110,1
2022-03-16,2022,0,,GSW,BOS,88,110,1
2022-03-16,2022,0,,SAC,MIL,126,135,1
2022-03-16,2022,0,,LAC,TOR,100,103,1
2022-03-17,2022,0,,ORL,DET,120,134,1
2022-03-18,2022,0,,PHI,DAL,111,101,1
2022-03-18,2022,0,,ATL,MEM,120,105,1
2022-03-18,2022,0,,NYK,WAS,100,97,1
2022-03-18,2022,0,,BRK,POR,128,123,1
2022-03-18,2022,0,,TOR,LAL,123,128,1
2022-03-18,2022,0,,CLE,DEN,119,116,1
2022-03-18,2022,0,,MIA,OKC,120,108,1
2022-03-18,2022,0,,HOU,IND,118,121,1
2022-03-18,2022,0,,SAS,NOP,91,124,1
2022-03-18,2022,0,,UTA,LAC,121,92,1
2022-03-18,2022,0,,PHO,CHI,129,102,1
2022-03-18,2022,0,,SAC,BOS,97,126,1
2022-03-19,2022,0,,MIN,MIL,138,119,1
2022-03-19,2022,0,,CHO,DAL,129,108,1
2022-03-19,2022,0,,WAS,LAL,127,119,1
2022-03-19,2022,0,,CLE,DET,113,109,1
2022-03-20,2022,0,,IND,POR,129,98,1
2022-03-20,2022,0,,HOU,MEM,98,122,1
2022-03-20,2022,0,,ATL,NOP,112,117,1
2022-03-20,2022,0,,ORL,OKC,90,85,1
2022-03-20,2022,0,,SAC,PHO,124,127,1
2022-03-20,2022,0,,NYK,UTA,93,108,1
2022-03-20,2022,0,,DEN,BOS,104,124,1
2022-03-20,2022,0,,PHI,TOR,88,93,1
2022-03-20,2022,0,,GSW,SAS,108,110,1
2022-03-21,2022,0,,CLE,LAL,120,131,1
2022-03-21,2022,0,,DET,POR,115,119,1
2022-03-21,2022,0,,CHO,NOP,106,103,1
2022-03-21,2022,0,,BRK,UTA,114,106,1
2022-03-21,2022,0,,PHI,MIA,113,106,1
2022-03-21,2022,0,,OKC,BOS,123,132,1
2022-03-21,2022,0,,CHI,TOR,113,99,1
2022-03-21,2022,0,,HOU,WAS,115,97,1
2022-03-21,2022,0,,DAL,MIN,110,108,1
2022-03-22,2022,0,,ORL,GSW,94,90,1
2022-03-22,2022,0,,NYK,ATL,111,117,1
2022-03-22,2022,0,,MIL,CHI,126,98,1
2022-03-22,2022,0,,DEN,LAC,127,115,1
2022-03-23,2022,0,,CHO,NYK,106,121,1
2022-03-23,2022,0,,IND,SAC,109,110,1
2022-03-23,2022,0,,DET,ATL,122,101,1
2022-03-23,2022,0,,BOS,UTA,125,97,1
2022-03-23,2022,0,,MIA,GSW,104,118,1
2022-03-23,2022,0,,MEM,BRK,132,120,1
2022-03-23,2022,0,,MIN,PHO,116,125,1
2022-03-23,2022,0,,OKC,ORL,118,102,1
2022-03-23,2022,0,,DAL,HOU,110,91,1
2022-03-23,2022,0,,POR,SAS,96,133,1
2022-03-23,2022,0,,LAL,PHI,121,126,1
2022-03-24,2022,0,,TOR,CLE,117,104,1
2022-03-24,2022,0,,MIL,WAS,114,102,1
2022-03-24,2022,0,,MEM,IND,133,103,1
2022-03-24,2022,0,,NOP,CHI,126,109,1
2022-03-24,2022,0,,DEN,PHO,130,140,1
2022-03-25,2022,0,,CHO,UTA,107,101,1
2022-03-25,2022,0,,DET,WAS,97,100,1
2022-03-25,2022,0,,ATL,GSW,121,110,1
2022-03-25,2022,0,,MIA,NYK,103,111,1
2022-03-25,2022,0,,MIN,DAL,116,95,1
2022-03-25,2022,0,,POR,HOU,106,125,1
2022-03-25,2022,0,,LAC,PHI,97,122,1
2022-03-26,2022,0,,NOP,SAS,103,107,1
2022-03-26,2022,0,,ORL,SAC,110,114,1
2022-03-26,2022,0,,TOR,IND,131,91,1
2022-03-26,2022,0,,MEM,MIL,127,102,1
2022-03-26,2022,0,,MIA,BRK,95,110,1
2022-03-26,2022,0,,CLE,CHI,94,98,1
2022-03-26,2022,0,,DEN,OKC,113,107,1
2022-03-26,2022,0,,POR,HOU,98,115,1
2022-03-27,2022,0,,DET,NYK,102,104,1
2022-03-27,2022,0,,PHO,PHI,114,104,1
2022-03-27,2022,0,,WAS,GSW,123,115,1
2022-03-27,2022,0,,BOS,MIN,134,112,1
2022-03-27,2022,0,,NOP,LAL,116,108,1
2022-03-27,2022,0,,BRK,CHO,110,119,1
2022-03-27,2022,0,,DAL,UTA,114,100,1
2022-03-28,2022,0,,IND,ATL,123,132,1
2022-03-28,2022,0,,CHO,DEN,109,113,1
2022-03-28,2022,0,,CLE,ORL,107,101,1
2022-03-28,2022,0,,TOR,BOS,115,112,1
2022-03-28,2022,0,,NYK,CHI,109,104,1
2022-03-28,2022,0,,MIA,SAC,123,100,1
2022-03-28,2022,0,,HOU,SAS,120,123,1
2022-03-28,2022,0,,MEM,GSW,123,95,1
2022-03-28,2022,0,,POR,OKC,131,134,1
2022-03-29,2022,0,,WAS,CHI,94,107,1
2022-03-29,2022,0,,PHI,MIL,116,118,1
2022-03-29,2022,0,,DAL,LAL,128,110,1
2022-03-29,2022,0,,BRK,DET,130,123,1
2022-03-29,2022,0,,LAC,UTA,121,115,1
2022-03-30,2022,0,,WAS,ORL,127,110,1
2022-03-30,2022,0,,CLE,DAL,112,120,1
2022-03-30,2022,0,,IND,DEN,118,125,1
2022-03-30,2022,0,,TOR,MIN,125,102,1
2022-03-30,2022,0,,BOS,MIA,98,106,1
2022-03-30,2022,0,,NYK,CHO,114,125,1
2022-03-30,2022,0,,HOU,SAC,118,121,1
2022-03-30,2022,0,,OKC,ATL,118,136,1
2022-03-30,2022,0,,SAS,MEM,111,112,1
2022-03-30,2022,0,,POR,NOP,107,117,1
2022-03-30,2022,0,,GSW,PHO,103,107,1
2022-03-31,2022,0,,DET,PHI,102,94,1
2022-03-31,2022,0,,ATL,CLE,131,107,1
2022-03-31,2022,0,,BRK,MIL,119,120,1
2022-03-31,2022,0,,CHI,LAC,135,130,1
2022-03-31,2022,0,,UTA,LAL,122,109,1
2022-04-01,2022,0,,WAS,DAL,135,103,1
2022-04-01,2022,0,,ORL,TOR,89,102,1
2022-04-01,2022,0,,BOS,IND,128,123,1
2022-04-01,2022,0,,OKC,DET,101,110,1
2022-04-01,2022,0,,MIL,LAC,119,153,1
2022-04-01,2022,0,,MEM,PHO,122,114,1
2022-04-01,2022,0,,HOU,SAC,117,122,1
2022-04-01,2022,0,,SAS,POR,130,111,1
2022-04-01,2022,0,,DEN,MIN,130,136,1
2022-04-01,2022,0,,LAL,NOP,111,114,1
2022-04-02,2022,0,,PHI,CHO,144,114,1
2022-04-02,2022,0,,NYK,CLE,101,119,1
2022-04-02,2022,0,,ATL,BRK,122,115,1
2022-04-02,2022,0,,CHI,MIA,109,127,1
2022-04-02,2022,0,,GSW,UTA,111,107,1
2022-04-03,2022,0,,MIL,DAL,112,118,1
2022-04-03,2022,0,,BOS,WAS,144,102,1
2022-04-03,2022,0,,LAL,DEN,118,129,1
2022-04-03,2022,0,,IND,DET,117,121,1
2022-04-03,2022,0,,ORL,NYK,88,118,1
2022-04-03,2022,0,,CLE,PHI,108,112,1
2022-04-03,2022,0,,SAS,POR,113,92,1
2022-04-03,2022,0,,OKC,PHO,117,96,1
2022-04-03,2022,0,,TOR,MIA,109,114,1
2022-04-03,2022,0,,HOU,MIN,132,139,1
2022-04-03,2022,0,,SAC,GSW,90,109,1
2022-04-03,2022,0,,LAC,NOP,119,100,1
2022-04-05,2022,0,,ORL,CLE,120,115,1
2022-04-05,2022,0,,IND,PHI,122,131,1
2022-04-05,2022,0,,TOR,ATL,118,108,1
2022-04-05,2022,0,,BRK,HOU,118,105,1
2022-04-05,2022,0,,MIA,CHO,144,115,1
2022-04-05,2022,0,,MIN,WAS,114,132,1
2022-04-05,2022,0,,OKC,POR,98,94,1
2022-04-05,2022,0,,CHI,MIL,106,127,1
2022-04-05,2022,0,,UTA,MEM,121,115,1
2022-04-05,2022,0,,DEN,SAS,97,116,1
2022-04-05,2022,0,,SAC,NOP,109,123,1
2022-04-05,2022,0,,PHO,LAL,121,110,1
2022-04-06,2022,0,,DET,DAL,113,131,1
2022-04-06,2022,0,,NYK,BRK,98,110,1
2022-04-06,2022,0,,ATL,WAS,118,103,1
2022-04-06,2022,0,,CHI,BOS,94,117,1
2022-04-06,2022,0,,UTA,OKC,137,101,1
2022-04-06,2022,0,,LAC,PHO,113,109,1
2022-04-07,2022,0,,CHO,ORL,128,101,1
2022-04-07,2022,0,,TOR,PHI,119,114,1
2022-04-07,2022,0,,MIL,BOS,127,121,1
2022-04-07,2022,0,,NOP,POR,127,94,1
2022-04-07,2022,0,,MIN,SAS,127,121,1
2022-04-07,2022,0,,DEN,MEM,122,109,1
2022-04-07,2022,0,,GSW,LAL,128,112,1
2022-04-08,2022,0,,DET,MIL,101,131,1
2022-04-08,2022,0,,WAS,NYK,92,114,1
2022-04-08,2022,0,,BRK,CLE,118,107,1
2022-04-08,2022,0,,TOR,HOU,117,115,1
2022-04-08,2022,0,,MIA,ATL,113,109,1
2022-04-08,2022,0,,CHI,CHO,117,133,1
2022-04-08,2022,0,,DAL,POR,128,78,1
2022-04-08,2022,0,,UTA,PHO,105,111,1
2022-04-08,2022,0,,LAL,OKC,120,101,1
2022-04-09,2022,0,,PHI,IND,133,120,1
2022-04-09,2022,0,,MEM,NOP,141,114,1
2022-04-09,2022,0,,SAS,GSW,94,100,1
2022-04-09,2022,0,,LAC,SAC,117,98,1
2022-04-10,2022,0,,CHO,WAS,124,108,1
2022-04-10,2022,0,,HOU,ATL,114,130,1
2022-04-10,2022,0,,BRK,IND,134,126,1
2022-04-10,2022,0,,CLE,MIL,133,115,1
2022-04-10,2022,0,,MEM,BOS,110,139,1
2022-04-10,2022,0,,PHI,DET,118,106,1
2022-04-10,2022,0,,NYK,TOR,105,94,1
2022-04-10,2022,0,,ORL,MIA,125,111,1
2022-04-10,2022,0,,MIN,CHI,120,124,1
2022-04-10,2022,0,,LAC,OKC,138,88,1
2022-04-10,2022,0,,PHO,SAC,109,116,1
2022-04-10,2022,0,,DEN,LAL,141,146,1
2022-04-10,2022,0,,DAL,SAS,130,120,1
2022-04-10,2022,0,,POR,UTA,80,111,1
2022-04-10,2022,0,,NOP,GSW,107,128,1
2022-04-12,2022,0,,BRK,CLE,115,108,1
2022-04-12,2022,0,,MIN,LAC,109,104,1
2022-04-13,2022,0,,ATL,CHO,132,103,1
2022-04-13,2022,0,,NOP,SAS,113,103,1
2022-04-15,2022,0,,CLE,ATL,101,107,1
2022-04-15,2022,0,,LAC,NOP,101,105,1
2022-10-18,2023,0,,BOS,PHI,126,117,1
2022-10-18,2023,0,,GSW,LAL,123,109,1
2022-10-19,2023,0,,IND,WAS,107,114,1
2022-10-19,2023,0,,DET,ORL,113,109,1
2022-10-19,2023,0,,ATL,HOU,117,107,1
2022-10-19,2023,0,,MEM,NYK,115,112,1
2022-10-19,2023,0,,MIA,CHI,108,116,1
2022-10-19,2023,0,,BRK,NOP,108,130,1
2022-10-19,2023,0,,TOR,CLE,108,105,1
2022-10-19,2023,0,,SAS,CHO,102,129,1
2022-10-19,2023,0,,MIN,OKC,115,108,1
2022-10-19,2023,0,,UTA,DEN,123,102,1
2022-10-19,2023,0,,PHO,DAL,107,105,1
2022-10-19,2023,0,,SAC,POR,108,115,1
2022-10-20,2023,0,,PHI,MIL,88,90,1
2022-10-20,2023,0,,LAL,LAC,97,103,1
2022-10-21,2023,0,,IND,SAS,134,137,1
2022-10-21,2023,0,,WAS,CHI,102,100,1
2022-10-21,2023,0,,CHO,NOP,112,124,1
2022-10-21,2023,0,,NYK,DET,130,106,1
2022-10-21,2023,0,,ATL,ORL,108,98,1
2022-10-21,2023,0,,BRK,TOR,109,105,1
2022-10-21,2023,0,,MIA,BOS,104,111,1
2022-10-21,2023,0,,MIN,UTA,126,132,1
2022-10-21,2023,0,,HOU,MEM,122,129,1
2022-10-21,2023,0,,POR,PHO,113,111,1
2022-10-21,2023,0,,GSW,DEN,123,128,1
2022-10-22,2023,0,,PHI,SAS,105,114,1
2022-10-22,2023,0,,IND,DET,124,115,1
2022-10-22,2023,0,,ORL,BOS,120,126,1
2022-10-22,2023,0,,MIL,HOU,125,105,1
2022-10-22,2023,0,,CHI,CLE,96,128,1
2022-10-22,2023,0,,MIA,TOR,112,109,1
2022-10-22,2023,0,,DAL,MEM,137,96,1
2022-10-22,2023,0,,DEN,OKC,122,117,1
2022-10-22,2023,0,,SAC,LAC,109,111,1
2022-10-23,2023,0,,LAL,POR,104,106,1
2022-10-23,2023,0,,ATL,CHO,109,126,1
2022-10-23,2023,0,,CLE,WAS,117,107,1
2022-10-23,2023,0,,NOP,UTA,121,122,1
2022-10-23,2023,0,,OKC,MIN,106,116,1
2022-10-23,2023,0,,GSW,SAC,130,125,1
2022-10-23,2023,0,,LAC,PHO,95,112,1
2022-10-24,2023,0,,PHI,IND,120,106,1
2022-10-24,2023,0,,NYK,ORL,115,102,1
2022-10-24,2023,0,,MIA,TOR,90,98,1
2022-10-24,2023,0,,MIN,SAS,106,115,1
2022-10-24,2023,0,,CHI,BOS,120,102,1
2022-10-24,2023,0,,MEM,BRK,134,124,1
2022-10-24,2023,0,,HOU,UTA,114,108,1
2022-10-24,2023,0,,POR,DEN,135,110,1
2022-10-25,2023,0,,WAS,DET,120,99,1
2022-10-25,2023,0,,NOP,DAL,113,111,1
2022-10-25,2023,0,,OKC,LAC,108,94,1
2022-10-25,2023,0,,PHO,GSW,134,105,1
2022-10-26,2023,0,,CLE,ORL,103,92,1
2022-10-26,2023,0,,DET,ATL,113,118,1
2022-10-26,2023,0,,MIL,BRK,110,99,1
2022-10-26,2023,0,,NYK,CHO,134,131,1
2022-10-26,2023,0,,TOR,PHI,119,109,1
2022-10-26,2023,0,,MIN,SAS,134,122,1
2022-10-26,2023,0,,CHI,IND,124,109,1
2022-10-26,2023,0,,UTA,HOU,109,101,1
2022-10-26,2023,0,,POR,MIA,98,119,1
2022-10-26,2023,0,,DEN,LAL,110,99,1
2022-10-27,2023,0,,BRK,DAL,125,129,1
2022-10-27,2023,0,,OKC,LAC,118,110,1
2022-10-27,2023,0,,SAC,MEM,110,125,1
2022-10-27,2023,0,,GSW,MIA,123,110,1
2022-10-28,2023,0,,DET,ATL,112,136,1
2022-10-28,2023,0,,ORL,CHO,113,93,1
2022-10-28,2023,0,,WAS,IND,117,127,1
2022-10-28,2023,0,,TOR,PHI,90,112,1
2022-10-28,2023,0,,BOS,CLE,123,132,1
2022-10-28,2023,0,,MIL,NYK,119,108,1
2022-10-28,2023,0,,MIN,LAL,111,102,1
2022-10-28,2023,0,,SAS,CHI,129,124,1
2022-10-28,2023,0,,DEN,UTA,117,101,1
2022-10-28,2023,0,,POR,HOU,125,111,1
2022-10-28,2023,0,,PHO,NOP,124,111,1
2022-10-29,2023,0,,SAC,MIA,119,113,1
2022-10-29,2023,0,,CHO,GSW,120,113,1
2022-10-29,2023,0,,BRK,IND,116,125,1
2022-10-29,2023,0,,MIL,ATL,123,115,1
2022-10-29,2023,0,,CHI,PHI,109,114,1
2022-10-29,2023,0,,DAL,OKC,111,117,1
2022-10-29,2023,0,,UTA,MEM,124,123,1
2022-10-30,2023,0,,LAC,NOP,91,112,1
2022-10-30,2023,0,,CLE,NYK,121,108,1
2022-10-30,2023,0,,BOS,WAS,112,94,1
2022-10-30,2023,0,,DET,GSW,128,114,1
2022-10-30,2023,0,,SAS,MIN,107,98,1
2022-10-30,2023,0,,DAL,ORL,114,105,1
2022-10-30,2023,0,,PHO,HOU,124,109,1
2022-10-30,2023,0,,LAL,DEN,121,110,1
2022-10-31,2023,0,,WAS,PHI,111,118,1
2022-10-31,2023,0,,CHO,SAC,108,115,1
2022-10-31,2023,0,,TOR,ATL,139,109,1
2022-10-31,2023,0,,BRK,IND,116,109,1
2022-10-31,2023,0,,MIL,DET,110,108,1
2022-10-31,2023,0,,UTA,MEM,121,105,1
2022-10-31,2023,0,,LAC,HOU,95,93,1
2022-11-01,2023,0,,BRK,CHI,99,108,1
2022-11-01,2023,0,,MIA,GSW,116,109,1
2022-11-01,2023,0,,OKC,ORL,116,108,1
2022-11-01,2023,0,,PHO,MIN,116,107,1
2022-11-02,2023,0,,PHI,WAS,111,121,1
2022-11-02,2023,0,,CLE,BOS,114,113,1
2022-11-02,2023,0,,MIA,SAC,110,107,1
2022-11-02,2023,0,,NYK,ATL,99,112,1
2022-11-02,2023,0,,CHI,CHO,106,88,1
2022-11-02,2023,0,,MIL,DET,116,91,1
2022-11-02,2023,0,,HOU,LAC,101,109,1
2022-11-02,2023,0,,SAS,TOR,100,143,1
2022-11-02,2023,0,,DAL,UTA,103,100,1
2022-11-02,2023,0,,POR,MEM,106,111,1
2022-11-02,2023,0,,LAL,NOP,120,117,1
2022-11-03,2023,0,,ORL,GSW,130,129,1
2022-11-03,2023,0,,OKC,DEN,110,122,1
2022-11-04,2023,0,,DET,CLE,88,112,1
2022-11-04,2023,0,,PHI,NYK,104,106,1
2022-11-04,2023,0,,WAS,BRK,86,128,1
2022-11-04,2023,0,,IND,MIA,101,99,1
2022-11-04,2023,0,,BOS,CHI,123,119,1
2022-11-04,2023,0,,MEM,CHO,130,99,1
2022-11-04,2023,0,,SAS,LAC,106,113,1
2022-11-04,2023,0,,NOP,GSW,114,105,1
2022-11-04,2023,0,,DAL,TOR,111,110,1
2022-11-04,2023,0,,PHO,POR,106,108,1
2022-11-04,2023,0,,MIN,MIL,102,115,1
2022-11-04,2023,0,,LAL,UTA,116,130,1
2022-11-05,2023,0,,ORL,SAC,123,126,1
2022-11-05,2023,0,,CHO,BRK,94,98,1
2022-11-05,2023,0,,ATL,NOP,124,121,1
2022-11-05,2023,0,,NYK,BOS,118,133,1
2022-11-05,2023,0,,MIL,OKC,108,94,1
2022-11-05,2023,0,,MIN,HOU,129,117,1
2022-11-05,2023,0,,DEN,SAS,126,101,1
2022-11-05,2023,0,,PHO,POR,102,82,1
2022-11-06,2023,0,,LAL,CLE,100,114,1
2022-11-06,2023,0,,MEM,WAS,103,97,1
2022-11-06,2023,0,,TOR,CHI,113,104,1
2022-11-06,2023,0,,LAC,UTA,102,110,1
2022-11-07,2023,0,,CHO,WAS,100,108,1
2022-11-07,2023,0,,ORL,HOU,127,134,1
2022-11-07,2023,0,,DET,OKC,112,103,1
2022-11-07,2023,0,,IND,NOP,129,122,1
2022-11-07,2023,0,,PHI,PHO,100,88,1
2022-11-07,2023,0,,ATL,MIL,117,98,1
2022-11-07,2023,0,,MIA,POR,107,110,1
2022-11-07,2023,0,,CHI,TOR,111,97,1
2022-11-07,2023,0,,MEM,BOS,106,109,1
2022-11-07,2023,0,,MIN,NYK,107,120,1
2022-11-07,2023,0,,SAS,DEN,109,115,1
2022-11-07,2023,0,,DAL,BRK,96,94,1
2022-11-07,2023,0,,GSW,SAC,116,113,1
2022-11-07,2023,0,,UTA,LAL,139,116,1
2022-11-07,2023,0,,LAC,CLE,119,117,1
2022-11-09,2023,0,,ORL,DAL,94,87,1
2022-11-09,2023,0,,CHO,POR,95,105,1
2022-11-09,2023,0,,IND,DEN,119,122,1
2022-11-09,2023,0,,BOS,DET,128,112,1
2022-11-09,2023,0,,BRK,NYK,112,85,1
2022-11-09,2023,0,,TOR,HOU,116,109,1
2022-11-09,2023,0,,ATL,UTA,119,125,1
2022-11-09,2023,0,,CHI,NOP,111,115,1
2022-11-09,2023,0,,MIN,PHO,117,129,1
2022-11-09,2023,0,,OKC,MIL,132,136,1
2022-11-09,2023,0,,SAS,MEM,122,124,1
2022-11-09,2023,0,,LAC,LAL,114,101,1
2022-11-09,2023,0,,SAC,CLE,127,120,1
2022-11-10,2023,0,,WAS,DAL,113,105,1
2022-11-10,2023,0,,MIA,CHO,117,112,1
2022-11-10,2023,0,,ATL,PHI,104,95,1
2022-11-10,2023,0,,NOP,POR,95,106,1
2022-11-11,2023,0,,ORL,PHO,114,97,1
2022-11-11,2023,0,,BOS,DEN,131,112,1
2022-11-11,2023,0,,NYK,DET,121,112,1
2022-11-11,2023,0,,OKC,TOR,132,113,1
2022-11-11,2023,0,,SAS,MIL,111,93,1
2022-11-11,2023,0,,MEM,MIN,114,103,1
2022-11-11,2023,0,,GSW,CLE,106,101,1
2022-11-11,2023,0,,LAL,SAC,114,120,1
2022-11-12,2023,0,,LAC,BRK,95,110,1
2022-11-12,2023,0,,WAS,UTA,121,112,1
2022-11-12,2023,0,,DET,BOS,108,117,1
2022-11-12,2023,0,,IND,TOR,118,104,1
2022-11-12,2023,0,,PHI,ATL,121,109,1
2022-11-12,2023,0,,MIA,CHO,132,115,1
2022-11-12,2023,0,,NOP,HOU,119,106,1
2022-11-12,2023,0,,DAL,POR,117,112,1
2022-11-13,2023,0,,NYK,OKC,135,145,1
2022-11-13,2023,0,,CLE,MIN,124,129,1
2022-11-13,2023,0,,WAS,MEM,102,92,1
2022-11-13,2023,0,,PHI,UTA,105,98,1
2022-11-13,2023,0,,CHI,DEN,103,126,1
2022-11-13,2023,0,,SAC,GSW,122,115,1
2022-11-13,2023,0,,LAL,BRK,116,103,1
2022-11-14,2023,0,,ORL,CHO,105,112,1
2022-11-14,2023,0,,DET,TOR,111,115,1
2022-11-14,2023,0,,BOS,OKC,126,122,1
2022-11-14,2023,0,,MIA,PHO,113,112,1
2022-11-14,2023,0,,MIL,ATL,106,121,1
2022-11-14,2023,0,,HOU,LAC,106,122,1
2022-11-14,2023,0,,GSW,SAS,132,95,1
2022-11-15,2023,0,,NOP,MEM,113,102,1
2022-11-15,2023,0,,DAL,LAC,103,101,1
2022-11-15,2023,0,,UTA,NYK,111,118,1
2022-11-15,2023,0,,POR,SAS,117,110,1
2022-11-15,2023,0,,SAC,BRK,153,121,1
2022-11-16,2023,0,,ORL,MIN,108,126,1
2022-11-16,2023,0,,WAS,OKC,120,121,1
2022-11-16,2023,0,,CHO,IND,113,125,1
2022-11-16,2023,0,,ATL,BOS,101,126,1
2022-11-16,2023,0,,TOR,MIA,112,104,1
2022-11-16,2023,0,,NOP,CHI,124,110,1
2022-11-16,2023,0,,MIL,CLE,113,98,1
2022-11-16,2023,0,,DAL,HOU,92,101,1
2022-11-16,2023,0,,PHO,GSW,130,119,1
2022-11-16,2023,0,,DEN,NYK,103,106,1
2022-11-17,2023,0,,SAC,SAS,130,112,1
2022-11-17,2023,0,,POR,BRK,107,109,1
2022-11-17,2023,0,,LAC,DET,96,91,1
2022-11-18,2023,0,,WAS,MIA,107,106,1
2022-11-18,2023,0,,CLE,CHO,132,122,1
2022-11-18,2023,0,,PHI,MIL,110,102,1
2022-11-18,2023,0,,HOU,IND,91,99,1
2022-11-18,2023,0,,MEM,OKC,121,110,1
2022-11-18,2023,0,,CHI,ORL,107,108,1
2022-11-18,2023,0,,DAL,DEN,127,99,1
2022-11-18,2023,0,,NOP,BOS,109,117,1
2022-11-18,2023,0,,UTA,PHO,134,133,1
2022-11-18,2023,0,,GSW,NYK,111,101,1
2022-11-18,2023,0,,LAL,DET,128,121,1
2022-11-19,2023,0,,ATL,TOR,124,122,1
2022-11-19,2023,0,,IND,ORL,114,113,1
2022-11-19,2023,0,,PHI,MIN,109,112,1
2022-11-19,2023,0,,POR,UTA,113,118,1
2022-11-19,2023,0,,LAC,SAS,119,97,1
2022-11-20,2023,0,,PHO,NYK,116,95,1
2022-11-20,2023,0,,SAC,DET,137,129,1
2022-11-20,2023,0,,WAS,CHO,106,102,1
2022-11-20,2023,0,,HOU,GSW,120,127,1
2022-11-20,2023,0,,BRK,MEM,127,115,1
2022-11-20,2023,0,,CLE,MIA,113,87,1
2022-11-20,2023,0,,DAL,DEN,97,98,1
2022-11-20,2023,0,,LAL,SAS,123,92,1
2022-11-21,2023,0,,IND,ORL,123,102,1
2022-11-21,2023,0,,CLE,ATL,114,102,1
2022-11-21,2023,0,,MIN,MIA,105,101,1
2022-11-21,2023,0,,NOP,GSW,128,83,1
2022-11-21,2023,0,,MIL,POR,119,111,1
2022-11-21,2023,0,,CHI,BOS,121,107,1
2022-11-21,2023,0,,OKC,NYK,119,129,1
2022-11-21,2023,0,,LAC,UTA,121,114,1
2022-11-22,2023,0,,PHI,BRK,115,106,1
2022-11-22,2023,0,,MEM,SAC,109,113,1
2022-11-22,2023,0,,DEN,DET,108,110,1
2022-11-22,2023,0,,PHO,LAL,115,105,1
2022-11-23,2023,0,,CHO,PHI,107,101,1
2022-11-23,2023,0,,CLE,POR,114,96,1
2022-11-23,2023,0,,IND,MIN,101,115,1
2022-11-23,2023,0,,MIA,WAS,113,105,1
2022-11-23,2023,0,,TOR,BRK,98,112,1
2022-11-23,2023,0,,BOS,DAL,125,112,1
2022-11-23,2023,0,,ATL,SAC,115,106,1
2022-11-23,2023,0,,MIL,CHI,113,118,1
2022-11-23,2023,0,,SAS,NOP,110,129,1
2022-11-23,2023,0,,OKC,DEN,126,131,1
2022-11-23,2023,0,,UTA,DET,116,125,1
2022-11-23,2023,0,,GSW,LAC,124,107,1
2022-11-25,2023,0,,CHO,MIN,110,108,1
2022-11-25,2023,0,,ORL,PHI,99,107,1
2022-11-25,2023,0,,NYK,POR,129,132,1
2022-11-25,2023,0,,MIA,WAS,110,107,1
2022-11-25,2023,0,,HOU,ATL,128,122,1
2022-11-25,2023,0,,OKC,CHI,123,119,1
2022-11-25,2023,0,,BOS,SAC,122,104,1
2022-11-25,2023,0,,MEM,NOP,132,111,1
2022-11-25,2023,0,,SAS,LAL,94,105,1
2022-11-25,2023,0,,MIL,CLE,117,102,1
2022-11-25,2023,0,,IND,BRK,128,117,1
2022-11-25,2023,0,,PHO,DET,108,102,1
2022-11-25,2023,0,,GSW,UTA,129,118,1
2022-11-25,2023,0,,LAC,DEN,104,114,1
2022-11-26,2023,0,,TOR,DAL,105,100,1
2022-11-26,2023,0,,HOU,OKC,118,105,1
2022-11-26,2023,0,,SAS,LAL,138,143,1
2022-11-26,2023,0,,PHO,UTA,113,112,1
2022-11-27,2023,0,,BRK,POR,111,97,1
2022-11-27,2023,0,,MIN,GSW,114,137,1
2022-11-27,2023,0,,LAC,IND,114,100,1
2022-11-27,2023,0,,ATL,MIA,98,106,1
2022-11-27,2023,0,,NYK,MEM,123,127,1
2022-11-27,2023,0,,DET,CLE,94,102,1
2022-11-27,2023,0,,ORL,PHI,103,133,1
2022-11-27,2023,0,,BOS,WAS,130,121,1
2022-11-27,2023,0,,MIL,DAL,124,115,1
2022-11-28,2023,0,,PHI,ATL,104,101,1
2022-11-28,2023,0,,WAS,MIN,142,127,1
2022-11-28,2023,0,,TOR,CLE,100,88,1
2022-11-28,2023,0,,BOS,CHO,140,105,1
2022-11-28,2023,0,,BRK,ORL,109,102,1
2022-11-28,2023,0,,NOP,OKC,105,101,1
2022-11-28,2023,0,,UTA,CHI,107,114,1
2022-11-28,2023,0,,DEN,HOU,129,113,1
2022-11-28,2023,0,,SAC,PHO,117,122,1
2022-11-28,2023,0,,LAL,IND,115,116,1
2022-11-29,2023,0,,DET,NYK,110,140,1
2022-11-29,2023,0,,DAL,GSW,116,113,1
2022-11-29,2023,0,,POR,LAC,112,118,1
2022-11-30,2023,0,,ORL,ATL,108,125,1
2022-11-30,2023,0,,CLE,PHI,113,85,1
2022-11-30,2023,0,,BOS,MIA,134,121,1
2022-11-30,2023,0,,NYK,MIL,103,109,1
2022-11-30,2023,0,,BRK,WAS,113,107,1
2022-11-30,2023,0,,MIN,MEM,109,101,1
2022-11-30,2023,0,,NOP,TOR,126,108,1
2022-11-30,2023,0,,OKC,SAS,119,111,1
2022-11-30,2023,0,,DEN,HOU,120,100,1
2022-11-30,2023,0,,UTA,LAC,125,112,1
2022-11-30,2023,0,,PHO,CHI,132,113,1
2022-11-30,2023,0,,SAC,IND,137,114,1
2022-11-30,2023,0,,LAL,POR,128,109,1
2022-12-01,2023,0,,DET,DAL,131,125,1
2022-12-02,2023,0,,CHO,WAS,117,116,1
2022-12-02,2023,0,,ATL,DEN,117,109,1
2022-12-02,2023,0,,MIL,LAL,129,133,1
2022-12-02,2023,0,,CLE,ORL,107,96,1
2022-12-02,2023,0,,BRK,TOR,114,105,1
2022-12-02,2023,0,,BOS,MIA,116,120,1
2022-12-02,2023,0,,SAS,NOP,99,117,1
2022-12-02,2023,0,,MEM,PHI,117,109,1
2022-12-02,2023,0,,PHO,HOU,121,122,1
2022-12-02,2023,0,,UTA,IND,139,119,1
2022-12-02,2023,0,,GSW,CHI,119,111,1
2022-12-03,2023,0,,NYK,DAL,100,121,1
2022-12-03,2023,0,,LAC,SAC,96,123,1
2022-12-03,2023,0,,CHO,MIL,96,105,1
2022-12-03,2023,0,,MIN,OKC,128,135,1
2022-12-03,2023,0,,TOR,ORL,121,108,1
2022-12-03,2023,0,,GSW,HOU,120,101,1
2022-12-03,2023,0,,UTA,POR,111,116,1
2022-12-04,2023,0,,NOP,DEN,121,106,1
2022-12-04,2023,0,,SAS,PHO,95,133,1
2022-12-04,2023,0,,NYK,CLE,92,81,1
2022-12-04,2023,0,,SAC,CHI,110,101,1
2022-12-04,2023,0,,BRK,BOS,92,103,1
2022-12-04,2023,0,,WAS,LAL,119,130,1
2022-12-04,2023,0,,DET,MEM,112,122,1
2022-12-04,2023,0,,POR,IND,116,100,1
2022-12-05,2023,0,,CHO,LAC,117,119,1
2022-12-05,2023,0,,ORL,MIL,102,109,1
2022-12-05,2023,0,,ATL,OKC,114,121,1
2022-12-05,2023,0,,TOR,BOS,110,116,1
2022-12-05,2023,0,,MEM,MIA,101,93,1
2022-12-05,2023,0,,HOU,PHI,132,123,1
2022-12-05,2023,0,,DAL,PHO,130,111,1
2022-12-05,2023,0,,GSW,IND,104,112,1
2022-12-06,2023,0,,CLE,LAL,116,102,1
2022-12-06,2023,0,,MIA,DET,96,116,1
2022-12-06,2023,0,,DEN,DAL,115,116,1
2022-12-07,2023,0,,ORL,LAC,116,111,1
2022-12-07,2023,0,,BRK,CHO,122,116,1
2022-12-07,2023,0,,TOR,LAL,126,113,1
2022-12-07,2023,0,,NYK,ATL,113,89,1
2022-12-07,2023,0,,NOP,DET,104,98,1
2022-12-07,2023,0,,CHI,WAS,115,111,1
2022-12-07,2023,0,,MIL,SAC,126,113,1
2022-12-07,2023,0,,MIN,IND,121,115,1
2022-12-07,2023,0,,MEM,OKC,123,102,1
2022-12-07,2023,0,,UTA,GSW,124,123,1
2022-12-07,2023,0,,PHO,BOS,98,125,1
2022-12-08,2023,0,,MIA,LAC,115,110,1
2022-12-08,2023,0,,SAS,HOU,118,109,1
2022-12-08,2023,0,,POR,DEN,120,121,1
2022-12-09,2023,0,,ORL,TOR,113,109,1
2022-12-09,2023,0,,CHO,NYK,102,121,1
2022-12-09,2023,0,,IND,WAS,121,111,1
2022-12-09,2023,0,,CLE,SAC,95,106,1
2022-12-09,2023,0,,BRK,ATL,120,116,1
2022-12-09,2023,0,,PHI,LAL,133,122,1
2022-12-09,2023,0,,MEM,DET,114,103,1
2022-12-09,2023,0,,NOP,PHO,128,117,1
2022-12-09,2023,0,,UTA,MIN,108,118,1
2022-12-09,2023,0,,DAL,MIL,105,106,1
2022-12-10,2023,0,,MIA,SAS,111,115,1
2022-12-10,2023,0,,IND,BRK,133,136,1
2022-12-10,2023,0,,WAS,LAC,107,114,1
2022-12-10,2023,0,,CLE,OKC,110,102,1
2022-12-10,2023,0,,CHI,DAL,144,115,1
2022-12-10,2023,0,,GSW,BOS,123,107,1
2022-12-10,2023,0,,DEN,UTA,115,110,1
2022-12-10,2023,0,,POR,MIN,124,118,1
2022-12-11,2023,0,,NOP,PHO,129,124,1
2022-12-11,2023,0,,NYK,SAC,112,99,1
2022-12-11,2023,0,,DET,LAL,117,124,1
2022-12-11,2023,0,,PHI,CHO,131,113,1
2022-12-11,2023,0,,ORL,TOR,111,99,1
2022-12-11,2023,0,,ATL,CHI,123,122,1
2022-12-11,2023,0,,HOU,MIL,97,92,1
2022-12-12,2023,0,,WAS,BRK,100,112,1
2022-12-12,2023,0,,IND,MIA,82,87,1
2022-12-12,2023,0,,MEM,ATL,128,103,1
2022-12-12,2023,0,,SAS,CLE,112,111,1
2022-12-12,2023,0,,DAL,OKC,121,114,1
2022-12-12,2023,0,,POR,MIN,133,112,1
2022-12-12,2023,0,,LAC,BOS,113,93,1
2022-12-13,2023,0,,PHI,SAC,123,103,1
2022-12-13,2023,0,,MIL,GSW,128,111,1
2022-12-13,2023,0,,HOU,PHO,111,97,1
2022-12-13,2023,0,,UTA,NOP,121,100,1
2022-12-13,2023,0,,LAL,BOS,118,122,1
2022-12-14,2023,0,,ORL,ATL,135,124,1
2022-12-14,2023,0,,CHO,DET,134,141,1
2022-12-14,2023,0,,IND,GSW,125,119,1
2022-12-14,2023,0,,TOR,SAC,123,124,1
2022-12-14,2023,0,,CHI,NYK,120,128,1
2022-12-14,2023,0,,SAS,POR,112,128,1
2022-12-14,2023,0,,OKC,MIA,108,110,1
2022-12-14,2023,0,,DAL,CLE,90,105,1
2022-12-14,2023,0,,DEN,WAS,141,128,1
2022-12-14,2023,0,,LAC,MIN,99,88,1
2022-12-15,2023,0,,MEM,MIL,142,101,1
2022-12-15,2023,0,,HOU,MIA,108,111,1
2022-12-15,2023,0,,UTA,NOP,132,129,1
2022-12-15,2023,0,,LAC,PHO,95,111,1
2022-12-16,2023,0,,DET,SAC,113,122,1
2022-12-16,2023,0,,CHO,ATL,106,125,1
2022-12-16,2023,0,,TOR,BRK,116,119,1
2022-12-16,2023,0,,PHI,GSW,118,106,1
2022-12-16,2023,0,,BOS,ORL,109,117,1
2022-12-16,2023,0,,CLE,IND,118,112,1
2022-12-16,2023,0,,OKC,MIN,110,112,1
2022-12-16,2023,0,,CHI,NYK,91,114,1
2022-12-16,2023,0,,DAL,POR,130,110,1
2022-12-16,2023,0,,LAL,DEN,126,108,1
2022-12-17,2023,0,,LAC,WAS,102,93,1
2022-12-17,2023,0,,MIL,UTA,123,97,1
2022-12-17,2023,0,,OKC,MEM,115,109,1
2022-12-17,2023,0,,HOU,POR,95,107,1
2022-12-17,2023,0,,CLE,DAL,100,99,1
2022-12-17,2023,0,,PHO,NOP,118,114,1
2022-12-17,2023,1,,MIA,SAS,111,101,0
2022-12-18,2023,0,,BOS,ORL,92,95,1
2022-12-18,2023,0,,IND,NYK,106,109,1
2022-12-18,2023,0,,DET,BRK,121,124,1
2022-12-18,2023,0,,TOR,GSW,110,126,1
2022-12-18,2023,0,,MIN,CHI,150,126,1
2022-12-18,2023,0,,DEN,CHO,119,115,1
2022-12-18,2023,0,,LAL,WAS,119,117,1
2022-12-19,2023,0,,PHI,TOR,104,101,1
2022-12-19,2023,0,,CLE,UTA,122,99,1
2022-12-19,2023,0,,ATL,ORL,126,125,1
2022-12-19,2023,0,,HOU,SAS,105,124,1
2022-12-19,2023,0,,OKC,POR,123,121,1
2022-12-19,2023,0,,MIN,DAL,116,106,1
2022-12-19,2023,0,,NOP,MIL,119,128,1
2022-12-19,2023,0,,PHO,LAL,130,104,1
2022-12-19,2023,0,,SAC,CHO,119,125,1
2022-12-20,2023,0,,DET,UTA,111,126,1
2022-12-20,2023,0,,NYK,GSW,132,94,1
2022-12-20,2023,0,,MIA,CHI,103,113,1
2022-12-20,2023,0,,PHO,WAS,110,113,1
2022-12-20,2023,0,,DEN,MEM,105,91,1
2022-12-21,2023,0,,PHI,DET,113,93,1
2022-12-21,2023,0,,CLE,MIL,114,106,1
2022-12-21,2023,0,,BRK,GSW,143,113,1
2022-12-21,2023,0,,ATL,CHI,108,110,1
2022-12-21,2023,0,,BOS,IND,112,117,1
2022-12-21,2023,0,,NYK,TOR,106,113,1
2022-12-21,2023,0,,HOU,ORL,110,116,1
2022-12-21,2023,0,,MIN,DAL,99,104,1
2022-12-21,2023,0,,OKC,POR,101,98,1
2022-12-21,2023,0,,SAC,LAL,134,120,1
2022-12-21,2023,0,,LAC,CHO,126,105,1
2022-12-22,2023,0,,NOP,SAS,126,117,1
2022-12-22,2023,0,,UTA,WAS,120,112,1
2022-12-23,2023,0,,ORL,SAS,133,113,1
2022-12-23,2023,0,,PHI,LAC,119,114,1
2022-12-23,2023,0,,NYK,CHI,117,118,1
2022-12-23,2023,0,,BOS,MIN,121,109,1
2022-12-23,2023,0,,BRK,MIL,118,100,1
2022-12-23,2023,0,,CLE,TOR,107,118,1
2022-12-23,2023,0,,ATL,DET,130,105,1
2022-12-23,2023,0,,OKC,NOP,125,128,1
2022-12-23,2023,0,,MIA,IND,108,111,1
2022-12-23,2023,0,,HOU,DAL,106,112,1
2022-12-23,2023,0,,DEN,POR,120,107,1
2022-12-23,2023,0,,SAC,WAS,111,125,1
2022-12-23,2023,0,,PHO,MEM,100,125,1
2022-12-23,2023,0,,LAL,CHO,130,134,1
2022-12-25,2023,0,,NYK,PHI,112,119,1
2022-12-25,2023,0,,DAL,LAL,124,115,1
2022-12-25,2023,0,,BOS,MIL,139,118,1
2022-12-25,2023,0,,GSW,MEM,123,109,1
2022-12-25,2023,0,,DEN,PHO,128,125,1
2022-12-26,2023,0,,DET,LAC,131,142,1
2022-12-26,2023,0,,CLE,BRK,117,125,1
2022-12-26,2023,0,,MIA,MIN,113,110,1
2022-12-26,2023,0,,CHI,HOU,118,133,1
2022-12-26,2023,0,,NOP,IND,113,93,1
2022-12-26,2023,0,,SAS,UTA,126,122,1
2022-12-26,2023,0,,POR,CHO,124,113,1
2022-12-27,2023,0,,ORL,LAL,110,129,1
2022-12-27,2023,0,,WAS,PHI,116,111,1
2022-12-27,2023,0,,BOS,HOU,126,102,1
2022-12-27,2023,0,,IND,ATL,129,114,1
2022-12-27,2023,0,,TOR,LAC,113,124,1
2022-12-27,2023,0,,OKC,SAS,130,114,1
2022-12-27,2023,0,,MEM,PHO,108,125,1
2022-12-27,2023,0,,DAL,NYK,126,121,1
2022-12-27,2023,0,,GSW,CHO,110,105,1
2022-12-27,2023,0,,SAC,DEN,106,113,1
2022-12-28,2023,0,,WAS,PHO,127,102,1
2022-12-28,2023,0,,DET,ORL,121,101,1
2022-12-28,2023,0,,ATL,BRK,107,108,1
2022-12-28,2023,0,,MIA,LAL,112,98,1
2022-12-28,2023,0,,NOP,MIN,119,118,1
2022-12-28,2023,0,,CHI,MIL,119,113,1
2022-12-28,2023,0,,GSW,UTA,112,107,1
2022-12-28,2023,0,,SAC,DEN,127,126,1
2022-12-29,2023,0,,CHO,OKC,121,113,1
2022-12-29,2023,0,,IND,CLE,135,126,1
2022-12-29,2023,0,,TOR,MEM,106,119,1
2022-12-29,2023,0,,BOS,LAC,116,110,1
2022-12-29,2023,0,,SAS,NYK,122,115,1
2022-12-29,2023,0,,DAL,HOU,129,114,1
2022-12-30,2023,0,,ORL,WAS,100,119,1
2022-12-30,2023,0,,TOR,PHO,113,104,1
2022-12-30,2023,0,,ATL,LAL,121,130,1
2022-12-30,2023,0,,CHI,DET,132,118,1
2022-12-30,2023,0,,MIL,MIN,123,114,1
2022-12-30,2023,0,,NOP,PHI,127,116,1
2022-12-30,2023,0,,DEN,MIA,124,119,1
2022-12-30,2023,0,,GSW,POR,118,112,1
2022-12-30,2023,0,,SAC,UTA,126,125,1
2022-12-31,2023,0,,IND,LAC,131,130,1
2022-12-31,2023,0,,SAS,DAL,125,126,1
2022-12-31,2023,0,,CHO,BRK,106,123,1
2022-12-31,2023,0,,HOU,NYK,88,108,1
2022-12-31,2023,0,,CHI,CLE,102,103,1
2022-12-31,2023,0,,OKC,PHI,96,115,1
2022-12-31,2023,0,,MEM,NOP,116,101,1
2022-12-31,2023,0,,MIN,DET,104,116,1
2022-12-31,2023,0,,UTA,MIA,123,126,1
2023-01-01,2023,0,,DEN,BOS,123,111,1
2023-01-01,2023,0,,MIL,WAS,95,118,1
2023-01-01,2023,0,,MEM,SAC,118,108,1
2023-01-02,2023,0,,NYK,PHO,102,83,1
2023-01-02,2023,0,,CLE,CHI,145,134,1
2023-01-02,2023,0,,IND,TOR,122,114,1
2023-01-02,2023,0,,PHI,NOP,120,111,1
2023-01-02,2023,0,,CHO,LAL,115,121,1
2023-01-02,2023,0,,BRK,SAS,139,103,1
2023-01-02,2023,0,,MIN,DEN,124,111,1
2023-01-02,2023,0,,HOU,DAL,106,111,1
2023-01-02,2023,0,,GSW,ATL,143,141,1
2023-01-02,2023,0,,POR,DET,135,106,1
2023-01-02,2023,0,,LAC,MIA,100,110,1
2023-01-03,2023,0,,MIL,WAS,123,113,1
2023-01-03,2023,0,,OKC,BOS,150,117,1
2023-01-03,2023,0,,UTA,SAC,115,117,1
2023-01-04,2023,0,,PHI,IND,129,126,1
2023-01-04,2023,0,,CLE,PHO,90,88,1
2023-01-04,2023,0,,ORL,OKC,126,115,1
2023-01-04,2023,0,,CHO,MEM,107,131,1
2023-01-04,2023,0,,TOR,MIL,101,104,1
2023-01-04,2023,0,,NYK,SAS,117,114,1
2023-01-04,2023,0,,CHI,BRK,121,112,1
2023-01-04,2023,0,,NOP,HOU,119,108,1
2023-01-04,2023,0,,MIN,POR,113,106,1
2023-01-04,2023,0,,GSW,DET,119,122,1
2023-01-04,2023,0,,LAL,MIA,112,109,1
2023-01-04,2023,0,,SAC,ATL,117,120,1
2023-01-05,2023,0,,ORL,MEM,115,123,1
2023-01-05,2023,0,,DAL,BOS,95,124,1
2023-01-05,2023,0,,HOU,UTA,114,131,1
2023-01-05,2023,0,,DEN,LAC,122,91,1
2023-01-06,2023,0,,PHI,CHI,112,126,1
2023-01-06,2023,0,,IND,POR,108,99,1
2023-01-06,2023,0,,NOP,BRK,102,108,1
2023-01-06,2023,0,,TOR,NYK,108,112,1
2023-01-06,2023,0,,OKC,WAS,127,110,1
2023-01-06,2023,0,,SAS,DET,121,109,1
2023-01-06,2023,0,,MIL,CHO,109,138,1
2023-01-06,2023,0,,MIN,LAC,128,115,1
2023-01-06,2023,0,,DEN,CLE,121,108,1
2023-01-06,2023,0,,PHO,MIA,96,104,1
2023-01-06,2023,0,,LAL,ATL,130,114,1
2023-01-07,2023,0,,SAS,BOS,116,121,1
2023-01-07,2023,0,,DAL,NOP,127,117,1
2023-01-07,2023,0,,CHI,UTA,126,118,1
2023-01-07,2023,0,,GSW,ORL,101,115,1
2023-01-07,2023,0,,SAC,LAL,134,136,1
2023-01-08,2023,0,,DET,PHI,111,123,1
2023-01-08,2023,0,,TOR,POR,117,105,1
2023-01-08,2023,0,,IND,CHO,116,111,1
2023-01-08,2023,0,,MEM,UTA,123,118,1
2023-01-08,2023,0,,MIA,BRK,101,102,1
2023-01-08,2023,0,,OKC,DAL,120,109,1
2023-01-08,2023,0,,HOU,MIN,96,104,1
2023-01-08,2023,0,,PHO,CLE,98,112,1
2023-01-08,2023,0,,LAC,ATL,108,112,1
2023-01-09,2023,0,,WAS,NOP,112,132,1
2023-01-09,2023,0,,NYK,MIL,107,111,1
2023-01-09,2023,0,,BOS,CHI,107,99,1
2023-01-09,2023,0,,MEM,SAS,121,113,1
2023-01-09,2023,0,,DEN,LAL,122,109,1
2023-01-09,2023,0,,SAC,ORL,136,111,1
2023-01-10,2023,0,,PHI,DET,147,116,1
2023-01-10,2023,0,,TOR,CHO,132,120,1
2023-01-10,2023,0,,MIA,OKC,112,111,1
2023-01-10,2023,0,,UTA,CLE,116,114,1
2023-01-10,2023,0,,GSW,PHO,113,125,1
2023-01-10,2023,0,,POR,ORL,106,109,1
2023-01-10,2023,0,,LAC,DAL,113,101,1
2023-01-11,2023,0,,DET,MIN,135,118,1
2023-01-11,2023,0,,WAS,CHI,100,97,1
2023-01-11,2023,0,,BOS,NOP,125,114,1
2023-01-11,2023,0,,ATL,MIL,105,114,1
2023-01-11,2023,0,,NYK,IND,119,113,1
2023-01-11,2023,0,,MEM,SAS,135,129,1
2023-01-11,2023,0,,SAC,HOU,135,115,1
2023-01-11,2023,0,,DEN,PHO,126,97,1
2023-01-12,2023,0,,PHI,OKC,114,133,1
2023-01-12,2023,0,,MIA,MIL,108,102,1
2023-01-12,2023,0,,BRK,BOS,98,109,1
2023-01-12,2023,0,,TOR,CHO,124,114,1
2023-01-12,2023,0,,LAL,DAL,115,119,1
2023-01-12,2023,0,,POR,CLE,113,119,1
2023-01-13,2023,0,,WAS,NYK,108,112,1
2023-01-13,2023,0,,IND,ATL,111,113,1
2023-01-13,2023,0,,DET,NOP,110,116,1
2023-01-13,2023,0,,SAS,GSW,113,144,1
2023-01-13,2023,0,,CHI,OKC,110,124,1
2023-01-13,2023,0,,MIN,PHO,121,116,1
2023-01-13,2023,0,,UTA,ORL,112,108,1
2023-01-13,2023,0,,LAC,DEN,103,115,1
2023-01-13,2023,0,,SAC,HOU,139,114,1
2023-01-14,2023,0,,MIA,MIL,111,95,1
2023-01-14,2023,0,,CHO,BOS,106,122,1
2023-01-14,2023,0,,IND,MEM,112,130,1
2023-01-14,2023,0,,TOR,ATL,103,114,1
2023-01-14,2023,0,,MIN,CLE,110,102,1
2023-01-14,2023,0,,UTA,PHI,117,118,1
2023-01-14,2023,0,,POR,DAL,136,119,1
2023-01-15,2023,0,,DET,NYK,104,117,1
2023-01-15,2023,0,,LAC,HOU,121,100,1
2023-01-15,2023,0,,CHI,GSW,132,118,1
2023-01-15,2023,0,,BRK,OKC,102,112,1
2023-01-15,2023,0,,SAS,SAC,119,132,1
2023-01-15,2023,0,,DEN,ORL,119,116,1
2023-01-15,2023,0,,POR,DAL,140,123,1
2023-01-15,2023,0,,LAL,PHI,112,113,1
2023-01-16,2023,0,,CHO,BOS,118,130,1
2023-01-16,2023,0,,MIL,IND,132,119,1
2023-01-16,2023,0,,CLE,NOP,113,103,1
2023-01-16,2023,0,,NYK,TOR,121,123,1
2023-01-16,2023,0,,WAS,GSW,118,127,1
2023-01-16,2023,0,,ATL,MIA,121,113,1
2023-01-16,2023,0,,MIN,UTA,125,126,1
2023-01-16,2023,0,,MEM,PHO,136,106,1
2023-01-16,2023,0,,LAL,HOU,140,132,1
2023-01-17,2023,0,,MIL,TOR,130,122,1
2023-01-17,2023,0,,SAS,BRK,106,98,1
2023-01-17,2023,0,,DEN,POR,122,113,1
2023-01-17,2023,0,,LAC,PHI,110,120,1
2023-01-18,2023,0,,NYK,WAS,105,116,1
2023-01-18,2023,0,,DAL,ATL,122,130,1
2023-01-18,2023,0,,HOU,CHO,117,122,1
2023-01-18,2023,0,,OKC,IND,126,106,1
2023-01-18,2023,0,,NOP,MIA,98,124,1
2023-01-18,2023,0,,MEM,CLE,115,114,1
2023-01-18,2023,0,,UTA,LAC,126,103,1
2023-01-18,2023,0,,DEN,MIN,122,118,1
2023-01-18,2023,0,,LAL,SAC,111,116,1
2023-01-19,2023,0,,BOS,GSW,121,118,1
2023-01-19,2023,0,,MIN,TOR,128,126,1
2023-01-19,2023,0,,PHO,BRK,117,112,1
2023-01-19,2023,0,,POR,PHI,95,105,1
2023-01-19,2023,1,,CHI,DET,126,108,0
2023-01-20,2023,0,,ORL,NOP,123,110,1
2023-01-20,2023,0,,CLE,GSW,114,120,1
2023-01-20,2023,0,,DAL,MIA,115,90,1
2023-01-20,2023,0,,ATL,NYK,139,124,1
2023-01-20,2023,0,,SAS,LAC,126,131,1
2023-01-20,2023,0,,DEN,IND,134,111,1
2023-01-20,2023,0,,UTA,BRK,106,117,1
2023-01-20,2023,0,,SAC,OKC,118,113,1
2023-01-20,2023,0,,LAL,MEM,122,121,1
2023-01-21,2023,0,,TOR,BOS,104,106,1
2023-01-21,2023,0,,WAS,ORL,138,118,1
2023-01-21,2023,0,,CLE,MIL,114,102,1
2023-01-21,2023,0,,ATL,CHO,118,122,1
2023-01-21,2023,0,,MIN,HOU,113,104,1
2023-01-21,2023,0,,PHO,IND,112,107,1
2023-01-21,2023,0,,SAC,PHI,127,129,1
2023-01-22,2023,0,,DAL,LAC,98,112,1
2023-01-22,2023,0,,MIA,NOP,100,96,1
2023-01-22,2023,0,,TOR,NYK,125,116,1
2023-01-22,2023,0,,DEN,OKC,99,101,1
2023-01-22,2023,0,,PHO,MEM,112,110,1
2023-01-22,2023,0,,GSW,BRK,116,120,1
2023-01-22,2023,0,,POR,LAL,112,121,1
2023-01-23,2023,0,,ORL,BOS,113,98,1
2023-01-23,2023,0,,DET,MIL,130,150,1
2023-01-23,2023,0,,HOU,MIN,119,114,1
2023-01-23,2023,0,,CHI,ATL,111,100,1
2023-01-23,2023,0,,UTA,CHO,120,102,1
2023-01-23,2023,0,,POR,SAS,147,127,1
2023-01-23,2023,0,,SAC,MEM,133,100,1
2023-01-24,2023,0,,IND,CHI,116,110,1
2023-01-24,2023,0,,MIA,BOS,98,95,1
2023-01-24,2023,0,,NYK,CLE,105,103,1
2023-01-24,2023,0,,NOP,DEN,98,99,1
2023-01-24,2023,0,,DAL,WAS,126,127,1
2023-01-24,2023,0,,PHO,CHO,128,97,1
2023-01-24,2023,0,,LAL,LAC,115,133,1
2023-01-25,2023,0,,ORL,IND,126,120,1
2023-01-25,2023,0,,PHI,BRK,137,133,1
2023-01-25,2023,0,,MIL,DEN,107,99,1
2023-01-25,2023,0,,OKC,ATL,132,137,1
2023-01-25,2023,0,,HOU,WAS,103,108,1
2023-01-25,2023,0,,NOP,MIN,102,111,1
2023-01-25,2023,0,,GSW,MEM,122,120,1
2023-01-25,2023,0,,POR,UTA,134,124,1
2023-01-25,2023,0,,SAC,TOR,95,113,1
2023-01-25,2023,0,,LAL,SAS,113,104,1
2023-01-26,2023,0,,BOS,NYK,117,120,1
2023-01-26,2023,0,,CHO,CHI,111,96,1
2023-01-26,2023,0,,BRK,DET,122,130,1
2023-01-26,2023,0,,HOU,CLE,95,113,1
2023-01-26,2023,0,,PHO,DAL,95,99,1
2023-01-26,2023,0,,LAC,SAS,138,100,1
2023-01-27,2023,0,,IND,MIL,131,141,1
2023-01-27,2023,0,,MIN,MEM,111,100,1
2023-01-27,2023,0,,OKC,CLE,112,100,1
2023-01-27,2023,0,,MIA,ORL,110,105,1
2023-01-27,2023,0,,GSW,TOR,129,117,1
2023-01-28,2023,0,,PHI,DEN,126,119,1
2023-01-28,2023,0,,BRK,NYK,122,115,1
2023-01-28,2023,0,,DET,HOU,114,117,1
2023-01-28,2023,0,,ORL,CHI,109,128,1
2023-01-28,2023,0,,ATL,LAC,113,120,1
2023-01-28,2023,0,,MIN,SAC,117,110,1
2023-01-28,2023,0,,NOP,WAS,103,113,1
2023-01-28,2023,0,,SAS,PHO,118,128,1
2023-01-28,2023,0,,BOS,LAL,125,121,1
2023-01-28,2023,0,,UTA,DAL,108,100,1
2023-01-28,2023,0,,POR,TOR,105,123,1
2023-01-29,2023,0,,CHO,MIA,122,117,1
2023-01-29,2023,0,,MEM,IND,112,100,1
2023-01-29,2023,0,,CLE,LAC,122,99,1
2023-01-29,2023,0,,MIL,NOP,135,110,1
2023-01-30,2023,0,,PHI,ORL,109,119,1
2023-01-30,2023,0,,BRK,LAL,121,104,1
2023-01-30,2023,0,,SAS,WAS,106,127,1
2023-01-30,2023,0,,MIN,SAC,111,118,1
2023-01-30,2023,0,,OKC,GSW,120,128,1
2023-01-30,2023,0,,DAL,DET,111,105,1
2023-01-30,2023,0,,PHO,TOR,114,106,1
2023-01-30,2023,0,,POR,ATL,129,125,1
2023-01-31,2023,0,,CLE,MIA,97,100,1
2023-01-31,2023,0,,NYK,LAL,123,129,1
2023-01-31,2023,0,,MIL,CHO,124,115,1
2023-01-31,2023,0,,CHI,LAC,103,108,1
2023-01-31,2023,0,,DEN,NOP,122,113,1
2023-02-01,2023,0,,MEM,POR,112,122,1
2023-02-01,2023,0,,PHI,ORL,105,94,1
2023-02-01,2023,0,,BOS,BRK,139,96,1
2023-02-01,2023,0,,MIN,GSW,119,114,1
2023-02-01,2023,0,,HOU,OKC,112,106,1
2023-02-01,2023,0,,SAS,SAC,109,119,1
2023-02-01,2023,0,,UTA,TOR,131,128,1
2023-02-01,2023,0,,PHO,ATL,100,132,1
2023-02-02,2023,0,,IND,LAL,111,112,1
2023-02-02,2023,0,,CLE,MEM,128,113,1
2023-02-02,2023,0,,NYK,MIA,106,104,1
2023-02-02,2023,0,,CHI,CHO,114,98,1
2023-02-02,2023,0,,DAL,NOP,111,106,1
2023-02-02,2023,0,,DEN,GSW,134,117,1
2023-02-02,2023,0,,MIL,LAC,106,105,1
2023-02-03,2023,0,,WAS,POR,116,124,1
2023-02-03,2023,0,,DET,CHO,118,112,1
2023-02-03,2023,0,,IND,SAC,107,104,1
2023-02-03,2023,0,,BOS,PHO,94,106,1
2023-02-03,2023,0,,MIN,ORL,120,127,1
2023-02-03,2023,0,,HOU,TOR,111,117,1
2023-02-03,2023,0,,SAS,PHI,125,137,1
2023-02-03,2023,0,,UTA,ATL,108,115,1
2023-02-04,2023,0,,BRK,WAS,125,123,1
2023-02-04,2023,0,,NOP,LAL,131,126,1
2023-02-04,2023,0,,NYK,LAC,128,134,1
2023-02-04,2023,0,,DET,PHO,100,116,1
2023-02-04,2023,0,,MIL,MIA,123,115,1
2023-02-04,2023,0,,CHI,POR,129,121,1
2023-02-04,2023,0,,OKC,HOU,153,121,1
2023-02-04,2023,0,,GSW,DAL,119,113,1
2023-02-04,2023,0,,DEN,ATL,128,108,1
2023-02-05,2023,0,,CHO,ORL,113,119,1
2023-02-05,2023,0,,IND,CLE,103,122,1
2023-02-05,2023,0,,NYK,PHI,108,97,1
2023-02-05,2023,0,,MEM,TOR,103,106,1
2023-02-05,2023,0,,MIN,DEN,128,98,1
2023-02-05,2023,0,,NOP,SAC,136,104,1
2023-02-06,2023,0,,DET,BOS,99,111,1
2023-02-06,2023,0,,WAS,CLE,91,114,1
2023-02-06,2023,0,,BRK,LAC,116,124,1
2023-02-06,2023,0,,HOU,SAC,120,140,1
2023-02-06,2023,0,,CHI,SAS,128,104,1
2023-02-06,2023,0,,UTA,DAL,111,124,1
2023-02-06,2023,0,,GSW,OKC,141,114,1
2023-02-06,2023,0,,POR,MIL,108,127,1
2023-02-07,2023,0,,ORL,NYK,98,102,1
2023-02-07,2023,0,,NOP,ATL,116,107,1
2023-02-07,2023,0,,BRK,PHO,112,116,1
2023-02-07,2023,0,,MEM,CHI,104,89,1
2023-02-07,2023,0,,DEN,MIN,146,112,1
2023-02-07,2023,0,,LAL,OKC,130,133,1
2023-02-08,2023,0,,CLE,DET,113,85,1
2023-02-08,2023,0,,WAS,CHO,118,104,1
2023-02-08,2023,0,,MIA,IND,116,111,1
2023-02-08,2023,0,,BOS,PHI,106,99,1
2023-02-08,2023,0,,TOR,SAS,112,98,1
2023-02-08,2023,0,,HOU,SAC,128,130,1
2023-02-08,2023,0,,UTA,MIN,118,143,1
2023-02-08,2023,0,,LAC,DAL,104,110,1
2023-02-08,2023,0,,POR,GSW,125,122,1
2023-02-09,2023,0,,ORL,DEN,115,104,1
2023-02-09,2023,0,,BRK,CHI,116,105,1
2023-02-09,2023,0,,ATL,PHO,116,107,1
2023-02-09,2023,0,,LAL,MIL,106,115,1
2023-02-10,2023,0,,IND,PHO,104,117,1
2023-02-10,2023,0,,PHI,NYK,119,108,1
2023-02-10,2023,0,,DET,SAS,138,131,1
2023-02-10,2023,0,,TOR,UTA,116,122,1
2023-02-10,2023,0,,BOS,CHO,127,116,1
2023-02-10,2023,0,,MEM,MIN,128,107,1
2023-02-10,2023,0,,MIA,HOU,97,95,1
2023-02-10,2023,0,,SAC,DAL,114,122,1
2023-02-10,2023,0,,POR,OKC,129,138,1
2023-02-10,2023,0,,NOP,CLE,107,118,1
2023-02-10,2023,0,,LAC,MIL,106,119,1
2023-02-11,2023,0,,BRK,PHI,98,101,1
2023-02-11,2023,0,,CHO,DEN,105,119,1
2023-02-11,2023,0,,ORL,MIA,103,107,1
2023-02-11,2023,0,,WAS,IND,127,113,1
2023-02-11,2023,0,,NYK,UTA,126,120,1
2023-02-11,2023,0,,ATL,SAS,125,106,1
2023-02-11,2023,0,,CLE,CHI,97,89,1
2023-02-11,2023,0,,GSW,LAL,103,109,1
2023-02-11,2023,0,,SAC,DAL,133,128,1
2023-02-12,2023,0,,BOS,MEM,119,109,1
2023-02-12,2023,0,,TOR,DET,119,118,1
2023-02-13,2023,0,,CLE,SAS,117,109,1
2023-02-13,2023,0,,IND,UTA,117,123,1
2023-02-13,2023,0,,CHO,ATL,144,138,1
2023-02-13,2023,0,,PHI,HOU,123,104,1
2023-02-13,2023,0,,NYK,BRK,124,106,1
2023-02-13,2023,0,,MIA,DEN,108,112,1
2023-02-13,2023,0,,CHI,ORL,91,100,1
2023-02-13,2023,0,,OKC,NOP,100,103,1
2023-02-13,2023,0,,DAL,MIN,121,124,1
2023-02-13,2023,0,,POR,LAL,127,115,1
2023-02-13,2023,0,,GSW,WAS,135,126,1
2023-02-14,2023,0,,TOR,ORL,123,113,1
2023-02-14,2023,0,,MIL,BOS,131,125,1
2023-02-14,2023,0,,PHO,SAC,120,109,1
2023-02-14,2023,0,,POR,WAS,101,126,1
2023-02-14,2023,0,,LAC,GSW,134,124,1
2023-02-15,2023,0,,CHO,SAS,120,110,1
2023-02-15,2023,0,,IND,CHI,117,113,1
2023-02-15,2023,0,,PHI,CLE,118,112,1
2023-02-15,2023,0,,BRK,MIA,116,105,1
2023-02-15,2023,0,,ATL,NYK,101,122,1
2023-02-15,2023,0,,BOS,DET,127,109,1
2023-02-15,2023,0,,OKC,HOU,133,96,1
2023-02-15,2023,0,,MEM,UTA,117,111,1
2023-02-15,2023,0,,DEN,DAL,118,109,1
2023-02-15,2023,0,,LAL,NOP,120,102,1
2023-02-16,2023,0,,CHI,MIL,100,112,1
2023-02-16,2023,0,,MIN,WAS,106,114,1
2023-02-16,2023,0,,PHO,LAC,107,116,1
2023-02-23,2023,0,,CLE,DEN,109,115,1
2023-02-23,2023,0,,ORL,DET,108,106,1
2023-02-23,2023,0,,IND,BOS,138,142,1
2023-02-23,2023,0,,PHI,MEM,110,105,1
2023-02-23,2023,0,,TOR,NOP,115,110,1
2023-02-23,2023,0,,DAL,SAS,142,116,1
2023-02-23,2023,0,,UTA,OKC,120,119,1
2023-02-23,2023,0,,SAC,POR,133,116,1
2023-02-23,2023,0,,LAL,GSW,124,111,1
2023-02-24,2023,0,,WAS,NYK,109,115,1
2023-02-24,2023,0,,MIL,MIA,128,99,1
2023-02-24,2023,0,,ATL,CLE,136,119,1
2023-02-24,2023,0,,CHI,BRK,131,87,1
2023-02-24,2023,0,,MIN,CHO,113,121,1
2023-02-24,2023,0,,GSW,HOU,116,101,1
2023-02-24,2023,0,,PHO,OKC,124,115,1
2023-02-24,2023,0,,LAC,SAC,175,176,1
2023-02-25,2023,0,,DET,TOR,91,95,1
2023-02-25,2023,0,,ORL,IND,108,121,1
2023-02-25,2023,0,,CHO,MIA,108,103,1
2023-02-25,2023,0,,NYK,NOP,128,106,1
2023-02-25,2023,0,,MEM,DEN,112,94,1
2023-02-25,2023,0,,PHI,BOS,107,110,1
2023-02-25,2023,0,,UTA,SAS,118,102,1
2023-02-26,2023,0,,MIL,PHO,104,101,1
2023-02-26,2023,0,,ATL,BRK,129,127,1
2023-02-26,2023,0,,CHI,WAS,102,82,1
2023-02-26,2023,0,,DAL,LAL,108,111,1
2023-02-26,2023,0,,CLE,TOR,118,93,1
2023-02-26,2023,0,,OKC,SAC,115,124,1
2023-02-26,2023,0,,GSW,MIN,109,104,1
2023-02-26,2023,0,,POR,HOU,131,114,1
2023-02-26,2023,0,,DEN,LAC,134,124,1
2023-02-27,2023,0,,PHI,MIA,99,101,1
2023-02-27,2023,0,,CHO,DET,117,106,1
2023-02-27,2023,0,,NYK,BOS,109,94,1
2023-02-27,2023,0,,NOP,ORL,93,101,1
2023-02-28,2023,0,,BRK,MIL,104,118,1
2023-02-28,2023,0,,ATL,WAS,116,119,1
2023-02-28,2023,0,,TOR,CHI,104,98,1
2023-02-28,2023,0,,MEM,LAL,121,109,1
2023-02-28,2023,0,,HOU,DEN,112,133,1
2023-02-28,2023,0,,OKC,SAC,117,123,1
2023-02-28,2023,0,,DAL,IND,122,124,1
2023-02-28,2023,0,,UTA,SAS,94,102,1
2023-02-28,2023,0,,GSW,POR,123,105,1
2023-02-28,2023,0,,LAC,MIN,101,108,1
2023-03-01,2023,0,,CHO,PHO,91,105,1
2023-03-01,2023,0,,DET,CHI,115,117,1
2023-03-01,2023,0,,NYK,BRK,142,118,1
2023-03-01,2023,0,,MIA,PHI,96,119,1
2023-03-01,2023,0,,BOS,CLE,117,113,1
2023-03-01,2023,0,,HOU,MEM,99,113,1
2023-03-01,2023,0,,OKC,LAL,117,123,1
2023-03-01,2023,0,,MIL,ORL,139,117,1
2023-03-01,2023,0,,POR,NOP,110,121,1
2023-03-02,2023,0,,WAS,TOR,119,108,1
2023-03-02,2023,0,,DAL,PHI,133,126,1
2023-03-02,2023,0,,SAS,IND,110,99,1
2023-03-02,2023,0,,GSW,LAC,115,91,1
2023-03-03,2023,0,,CHO,ORL,106,117,1
2023-03-03,2023,0,,ATL,POR,129,111,1
2023-03-03,2023,0,,BOS,BRK,105,115,1
2023-03-03,2023,0,,OKC,UTA,130,103,1
2023-03-03,2023,0,,MIA,NYK,120,122,1
2023-03-03,2023,0,,CHI,PHO,104,125,1
2023-03-03,2023,0,,DEN,MEM,113,97,1
2023-03-03,2023,0,,SAC,LAC,128,127,1
2023-03-03,2023,0,,GSW,NOP,108,99,1
2023-03-03,2023,0,,LAL,MIN,102,110,1
2023-03-04,2023,0,,WAS,TOR,109,116,1
2023-03-04,2023,0,,CLE,DET,114,90,1
2023-03-04,2023,0,,MIA,ATL,117,109,1
2023-03-04,2023,0,,SAS,HOU,110,122,1
2023-03-04,2023,0,,MIL,PHI,130,133,1
2023-03-04,2023,0,,SAC,MIN,134,138,1
2023-03-05,2023,0,,DAL,PHO,126,130,1
2023-03-05,2023,0,,CHI,IND,122,125,1
2023-03-05,2023,0,,LAL,GSW,113,105,1
2023-03-05,2023,0,,BRK,CHO,102,86,1
2023-03-05,2023,0,,ORL,POR,119,122,1
2023-03-05,2023,0,,OKC,UTA,129,119,1
2023-03-05,2023,0,,HOU,SAS,142,110,1
2023-03-05,2023,0,,WAS,MIL,111,117,1
2023-03-05,2023,0,,BOS,NYK,129,131,1
2023-03-05,2023,0,,LAC,MEM,135,129,1
2023-03-06,2023,0,,CLE,BOS,118,114,1
2023-03-06,2023,0,,IND,PHI,143,147,1
2023-03-06,2023,0,,DET,POR,104,110,1
2023-03-06,2023,0,,MIA,ATL,130,128,1
2023-03-06,2023,0,,DEN,TOR,118,113,1
2023-03-06,2023,0,,SAC,NOP,123,108,1
2023-03-07,2023,0,,ORL,MIL,123,134,1
2023-03-07,2023,0,,DET,WAS,117,119,1
2023-03-07,2023,0,,NYK,CHO,105,112,1
2023-03-07,2023,0,,MIN,PHI,94,117,1
2023-03-07,2023,0,,HOU,BRK,96,118,1
2023-03-07,2023,0,,OKC,GSW,137,128,1
2023-03-07,2023,0,,DAL,UTA,120,116,1
2023-03-07,2023,0,,LAL,MEM,112,103,1
2023-03-08,2023,0,,WAS,ATL,120,122,1
2023-03-08,2023,0,,BOS,POR,115,93,1
2023-03-08,2023,0,,NOP,DAL,113,106,1
2023-03-08,2023,0,,MIA,CLE,100,104,1
2023-03-08,2023,0,,DEN,CHI,96,117,1
2023-03-08,2023,0,,PHO,OKC,132,101,1
2023-03-08,2023,0,,LAC,TOR,108,100,1
2023-03-09,2023,0,,IND,HOU,134,125,1
2023-03-09,2023,0,,ORL,UTA,124,131,1
2023-03-09,2023,0,,DET,CHO,103,113,1
2023-03-09,2023,0,,MEM,GSW,131,110,1
2023-03-09,2023,0,,MIL,BRK,118,113,1
2023-03-09,2023,0,,SAC,NYK,122,117,1
2023-03-10,2023,0,,WAS,ATL,107,114,1
2023-03-10,2023,0,,PHI,POR,120,119,1
2023-03-10,2023,0,,SAS,DEN,128,120,1
2023-03-10,2023,0,,MIA,CLE,119,115,1
2023-03-10,2023,0,,MIN,BRK,123,124,1
2023-03-10,2023,0,,LAL,TOR,122,112,1
2023-03-11,2023,0,,LAC,NYK,106,95,1
2023-03-11,2023,0,,CHO,UTA,111,119,1
2023-03-11,2023,0,,DET,IND,115,121,1
2023-03-11,2023,0,,ORL,MIA,126,114,1
2023-03-11,2023,0,,ATL,BOS,125,134,1
2023-03-11,2023,0,,MEM,DAL,112,108,1
2023-03-11,2023,0,,HOU,CHI,111,119,1
2023-03-11,2023,0,,GSW,MIL,125,116,1
2023-03-11,2023,0,,NOP,OKC,96,110,1
2023-03-11,2023,0,,PHO,SAC,119,128,1
2023-03-12,2023,0,,DEN,BRK,120,122,1
2023-03-12,2023,0,,CHO,CLE,108,114,1
2023-03-12,2023,0,,PHI,WAS,112,93,1
2023-03-12,2023,0,,NOP,POR,127,110,1
2023-03-12,2023,0,,SAS,OKC,90,102,1
2023-03-12,2023,0,,LAL,NYK,108,112,1
2023-03-13,2023,0,,DET,IND,117,97,1
2023-03-13,2023,0,,MIA,UTA,119,115,1
2023-03-13,2023,0,,DAL,MEM,88,104,1
2023-03-13,2023,0,,ATL,MIN,115,136,1
2023-03-13,2023,0,,HOU,BOS,111,109,1
2023-03-13,2023,0,,SAC,MIL,124,133,1
2023-03-13,2023,0,,GSW,PHO,123,112,1
2023-03-14,2023,0,,WAS,DET,117,97,1
2023-03-14,2023,0,,CHO,CLE,104,120,1
2023-03-14,2023,0,,TOR,DEN,125,110,1
2023-03-14,2023,0,,OKC,BRK,121,107,1
2023-03-14,2023,0,,NOP,LAL,108,123,1
2023-03-14,2023,0,,SAS,ORL,132,114,1
2023-03-14,2023,0,,POR,NYK,107,123,1
2023-03-14,2023,0,,PHO,MIL,104,116,1
2023-03-15,2023,0,,MIA,MEM,138,119,1
2023-03-15,2023,0,,CLE,PHI,109,118,1
2023-03-15,2023,0,,MIN,BOS,102,104,1
2023-03-15,2023,0,,HOU,LAL,114,110,1
2023-03-15,2023,0,,CHI,SAC,114,117,1
2023-03-15,2023,0,,SAS,DAL,128,137,1
2023-03-15,2023,0,,LAC,GSW,134,126,1
2023-03-16,2023,0,,DET,DEN,100,119,1
2023-03-16,2023,0,,TOR,OKC,128,111,1
2023-03-16,2023,0,,BRK,SAC,96,101,1
2023-03-16,2023,0,,MIL,IND,123,139,1
2023-03-16,2023,0,,PHO,ORL,116,113,1
2023-03-17,2023,0,,CHO,PHI,82,121,1
2023-03-17,2023,0,,ATL,GSW,127,119,1
2023-03-17,2023,0,,CLE,WAS,117,94,1
2023-03-17,2023,0,,CHI,MIN,139,131,1
2023-03-17,2023,0,,HOU,NOP,114,112,1
2023-03-17,2023,0,,SAS,MEM,120,126,1
2023-03-17,2023,0,,POR,BOS,112,126,1
2023-03-17,2023,0,,LAL,DAL,110,111,1
2023-03-18,2023,0,,NYK,DEN,116,110,1
2023-03-18,2023,0,,LAC,ORL,108,113,1
2023-03-18,2023,0,,IND,PHI,121,141,1
2023-03-18,2023,0,,TOR,MIN,122,107,1
2023-03-18,2023,0,,MEM,GSW,133,119,1
2023-03-18,2023,0,,WAS,SAC,118,132,1
2023-03-18,2023,0,,CHI,MIA,113,99,1
2023-03-18,2023,0,,UTA,BOS,118,117,1
2023-03-19,2023,0,,OKC,PHO,124,120,1
2023-03-19,2023,0,,BRK,DEN,102,108,1
2023-03-19,2023,0,,SAS,ATL,126,118,1
2023-03-19,2023,0,,DET,MIA,100,112,1
2023-03-19,2023,0,,HOU,NOP,107,117,1
2023-03-19,2023,0,,MIL,TOR,118,111,1
2023-03-19,2023,0,,POR,LAC,102,117,1
2023-03-19,2023,0,,LAL,ORL,111,105,1
2023-03-20,2023,0,,PHI,CHI,105,109,1
2023-03-20,2023,0,,CHO,IND,115,109,1
2023-03-20,2023,0,,NYK,MIN,134,140,1
2023-03-20,2023,0,,HOU,GSW,108,121,1
2023-03-20,2023,0,,MEM,DAL,112,108,1
2023-03-20,2023,0,,UTA,SAC,128,120,1
2023-03-21,2023,0,,ORL,WAS,122,112,1
2023-03-21,2023,0,,ATL,DET,129,107,1
2023-03-21,2023,0,,BRK,CLE,109,115,1
2023-03-21,2023,0,,NOP,SAS,119,84,1
2023-03-21,2023,0,,SAC,BOS,109,132,1
2023-03-21,2023,0,,LAC,OKC,100,101,1
2023-03-22,2023,0,,WAS,DEN,104,118,1
2023-03-22,2023,0,,MIA,NYK,127,120,1
2023-03-22,2023,0,,TOR,IND,114,118,1
2023-03-22,2023,0,,DAL,GSW,125,127,1
2023-03-22,2023,0,,MEM,HOU,130,125,1
2023-03-22,2023,0,,MIN,ATL,125,124,1
2023-03-22,2023,0,,CHI,PHI,91,116,1
2023-03-22,2023,0,,MIL,SAS,130,94,1
2023-03-22,2023,0,,UTA,POR,115,127,1
2023-03-22,2023,0,,LAL,PHO,122,111,1
2023-03-23,2023,0,,ORL,NYK,111,106,1
2023-03-23,2023,0,,BRK,CLE,114,116,1
2023-03-23,2023,0,,NOP,CHO,115,96,1
2023-03-23,2023,0,,LAC,OKC,127,105,1
2023-03-24,2023,0,,WAS,SAS,136,124,1
2023-03-24,2023,0,,BOS,IND,120,95,1
2023-03-24,2023,0,,TOR,DET,118,97,1
2023-03-24,2023,0,,MEM,HOU,151,114,1
2023-03-24,2023,0,,DAL,CHO,109,117,1
2023-03-24,2023,0,,UTA,MIL,116,144,1
2023-03-24,2023,0,,POR,CHI,96,124,1
2023-03-24,2023,0,,SAC,PHO,135,127,1
2023-03-24,2023,0,,GSW,PHI,120,112,1
2023-03-24,2023,0,,LAL,OKC,116,111,1
2023-03-25,2023,0,,ATL,IND,143,130,1
2023-03-25,2023,0,,MIA,BRK,100,129,1
2023-03-25,2023,0,,DEN,MIL,129,106,1
2023-03-25,2023,0,,SAC,UTA,121,113,1
2023-03-25,2023,0,,PHO,PHI,125,105,1
2023-03-25,2023,0,,LAC,NOP,110,131,1
2023-03-26,2023,0,,CHO,DAL,110,104,1
2023-03-26,2023,0,,LAL,CHI,108,118,1
2023-03-26,2023,0,,ORL,BRK,119,106,1
2023-03-26,2023,0,,TOR,WAS,114,104,1
2023-03-26,2023,0,,BOS,SAS,137,93,1
2023-03-26,2023,0,,CLE,HOU,108,91,1
2023-03-26,2023,0,,ATL,MEM,119,123,1
2023-03-26,2023,0,,POR,OKC,112,118,1
2023-03-26,2023,0,,GSW,MIN,96,99,1
2023-03-27,2023,0,,IND,DAL,104,127,1
2023-03-27,2023,0,,DET,MIL,117,126,1
2023-03-27,2023,0,,NYK,HOU,137,115,1
2023-03-27,2023,0,,UTA,PHO,103,117,1
2023-03-27,2023,0,,DEN,PHI,116,111,1
2023-03-27,2023,0,,SAC,MIN,115,119,1
2023-03-27,2023,0,,POR,NOP,90,124,1
2023-03-27,2023,0,,LAC,CHI,124,112,1
2023-03-28,2023,0,,WAS,BOS,130,111,1
2023-03-28,2023,0,,ATL,CLE,120,118,1
2023-03-28,2023,0,,TOR,MIA,106,92,1
2023-03-28,2023,0,,MEM,ORL,113,108,1
2023-03-28,2023,0,,OKC,CHO,134,137,1
2023-03-28,2023,0,,GSW,NOP,120,109,1
2023-03-29,2023,0,,IND,MIL,136,149,1
2023-03-29,2023,0,,PHI,DAL,116,108,1
2023-03-29,2023,0,,BRK,HOU,123,114,1
2023-03-29,2023,0,,NYK,MIA,101,92,1
2023-03-29,2023,0,,CHI,LAL,110,121,1
2023-03-29,2023,0,,OKC,DET,107,106,1
2023-03-29,2023,0,,SAS,UTA,117,128,1
2023-03-29,2023,0,,MEM,LAC,132,141,1
2023-03-29,2023,0,,POR,SAC,80,120,1
2023-03-29,2023,0,,PHO,MIN,107,100,1
2023-03-30,2023,0,,MIL,BOS,99,140,1
2023-03-30,2023,0,,DEN,NOP,88,107,1
2023-03-31,2023,0,,IND,OKC,121,117,1
2023-03-31,2023,0,,CHO,CHI,91,121,1
2023-03-31,2023,0,,PHI,TOR,117,110,1
2023-03-31,2023,0,,WAS,ORL,109,116,1
2023-03-31,2023,0,,CLE,NYK,116,130,1
2023-03-31,2023,0,,BRK,ATL,124,107,1
2023-03-31,2023,0,,BOS,UTA,122,114,1
2023-03-31,2023,0,,MEM,LAC,108,94,1
2023-03-31,2023,0,,MIN,LAL,111,123,1
2023-03-31,2023,0,,HOU,DET,121,115,1
2023-03-31,2023,0,,GSW,SAS,130,115,1
2023-03-31,2023,0,,POR,SAC,114,138,1
2023-03-31,2023,0,,PHO,DEN,100,93,1
2023-04-01,2023,0,,MIA,DAL,129,122,1
2023-04-01,2023,0,,NOP,LAC,122,114,1
2023-04-02,2023,0,,CHO,TOR,108,128,1
2023-04-02,2023,0,,CHI,MEM,128,107,1
2023-04-02,2023,0,,MIN,POR,105,107,1
2023-04-02,2023,0,,BRK,UTA,111,110,1
2023-04-02,2023,0,,ORL,DET,128,102,1
2023-04-02,2023,0,,ATL,DAL,132,130,1
2023-04-02,2023,0,,NYK,WAS,118,109,1
2023-04-02,2023,0,,SAC,SAS,134,142,1
2023-04-02,2023,0,,HOU,LAL,109,134,1
2023-04-02,2023,0,,OKC,PHO,118,128,1
2023-04-02,2023,0,,MIL,PHI,117,104,1
2023-04-02,2023,0,,CLE,IND,115,105,1
2023-04-02,2023,0,,DEN,GSW,112,110,1
2023-04-04,2023,0,,DET,MIA,105,118,1
2023-04-04,2023,0,,ORL,CLE,113,117,1
2023-04-04,2023,0,,CHO,TOR,100,120,1
2023-04-04,2023,0,,WAS,MIL,128,140,1
2023-04-04,2023,0,,BRK,MIN,102,107,1
2023-04-04,2023,0,,NOP,SAC,103,121,1
2023-04-04,2023,0,,PHI,BOS,103,101,1
2023-04-04,2023,0,,CHI,ATL,105,123,1
2023-04-04,2023,0,,MEM,POR,119,109,1
2023-04-04,2023,0,,HOU,DEN,124,103,1
2023-04-04,2023,0,,UTA,LAL,133,135,1
2023-04-04,2023,0,,GSW,OKC,136,125,1
2023-04-04,2023,0,,PHO,SAS,115,94,1
2023-04-05,2023,0,,IND,NYK,129,138,1
2023-04-05,2023,0,,DET,BRK,108,123,1
2023-04-05,2023,0,,BOS,TOR,97,93,1
2023-04-05,2023,0,,ATL,WAS,134,116,1
2023-04-05,2023,0,,MIL,CHI,105,92,1
2023-04-05,2023,0,,NOP,MEM,138,131,1
2023-04-05,2023,0,,DAL,SAC,123,119,1
2023-04-05,2023,0,,LAC,LAL,125,118,1
2023-04-06,2023,0,,ORL,CLE,94,118,1
2023-04-06,2023,0,,PHI,MIA,101,129,1
2023-04-06,2023,0,,SAS,POR,129,127,1
2023-04-06,2023,0,,UTA,OKC,98,114,1
2023-04-06,2023,0,,PHO,DEN,119,115,1
2023-04-07,2023,0,,CHO,HOU,109,112,1
2023-04-07,2023,0,,IND,DET,115,122,1
2023-04-07,2023,0,,WAS,MIA,114,108,1
2023-04-07,2023,0,,BOS,TOR,121,102,1
2023-04-07,2023,0,,BRK,ORL,101,84,1
2023-04-07,2023,0,,ATL,PHI,131,136,1
2023-04-07,2023,0,,NOP,NYK,113,105,1
2023-04-07,2023,0,,MIL,MEM,114,137,1
2023-04-07,2023,0,,DAL,CHI,112,115,1
2023-04-07,2023,0,,SAC,GSW,97,119,1
2023-04-07,2023,0,,LAL,PHO,121,107,1
2023-04-08,2023,0,,UTA,DEN,118,114,1
2023-04-08,2023,0,,SAS,MIN,131,151,1
2023-04-08,2023,0,,LAC,POR,136,125,1
2023-04-09,2023,0,,WAS,HOU,109,114,1
2023-04-09,2023,0,,CLE,CHO,95,106,1
2023-04-09,2023,0,,BOS,ATL,120,114,1
2023-04-09,2023,0,,CHI,DET,103,81,1
2023-04-09,2023,0,,MIA,ORL,123,110,1
2023-04-09,2023,0,,NYK,IND,136,141,1
2023-04-09,2023,0,,TOR,MIL,121,105,1
2023-04-09,2023,0,,BRK,PHI,105,134,1
2023-04-09,2023,0,,MIN,NOP,113,108,1
2023-04-09,2023,0,,LAL,UTA,128,117,1
2023-04-09,2023,0,,OKC,MEM,115,100,1
2023-04-09,2023,0,,DEN,SAC,109,95,1
2023-04-09,2023,0,,DAL,SAS,117,138,1
2023-04-09,2023,0,,POR,GSW,101,157,1
2023-04-09,2023,0,,PHO,LAC,114,119,1
2023-04-11,2023,0,,MIA,ATL,105,116,1
2023-04-11,2023,0,,LAL,MIN,108,102,1
2023-04-12,2023,0,,TOR,CHI,105,109,1
2023-04-12,2023,0,,NOP,OKC,118,123,1
2023-04-14,2023,0,,MIA,CHI,102,91,1
2023-04-14,2023,0,,MIN,OKC,120,95,1
2023-10-24,2024,0,,DEN,LAL,119,107,1
2023-10-24,2024,0,,GSW,PHO,104,108,1
2023-10-25,2024,0,,ORL,HOU,116,86,1
2023-10-25,2024,0,,NYK,BOS,104,108,1
2023-10-25,2024,0,,IND,WAS,143,120,1
2023-10-25,2024,0,,CHO,ATL,116,110,1
2023-10-25,2024,0,,MIA,DET,103,102,1
2023-10-25,2024,0,,TOR,MIN,97,94,1
2023-10-25,2024,0,,BRK,CLE,113,114,1
2023-10-25,2024,0,,MEM,NOP,104,111,1
2023-10-25,2024,0,,CHI,OKC,104,124,1
2023-10-25,2024,0,,UTA,SAC,114,130,1
2023-10-25,2024,0,,SAS,DAL,119,126,1
2023-10-25,2024,0,,LAC,POR,123,111,1
2023-10-26,2024,0,,MIL,PHI,118,117,1
2023-10-26,2024,0,,LAL,PHO,100,95,1
2023-10-27,2024,0,,MEM,DEN,104,108,1
2023-10-27,2024,0,,CHO,DET,99,111,1
2023-10-27,2024,0,,ATL,NYK,120,126,1
2023-10-27,2024,0,,CLE,OKC,105,108,1
2023-10-27,2024,0,,BOS,MIA,119,111,1
2023-10-27,2024,0,,CHI,TOR,104,103,1
2023-10-27,2024,0,,SAS,HOU,126,122,1
2023-10-27,2024,0,,DAL,BRK,125,120,1
2023-10-27,2024,0,,UTA,LAC,120,118,1
2023-10-27,2024,0,,POR,ORL,97,102,1
2023-10-27,2024,0,,SAC,GSW,114,122,1
2023-10-28,2024,0,,DET,CHI,118,102,1
2023-10-28,2024,0,,WAS,MEM,113,106,1
2023-10-28,2024,0,,NOP,NYK,96,87,1
2023-10-28,2024,0,,CLE,IND,113,125,1
2023-10-28,2024,0,,TOR,PHI,107,114,1
2023-10-28,2024,0,,MIN,MIA,106,90,1
2023-10-28,2024,0,,PHO,UTA,126,104,1
2023-10-29,2024,0,,OKC,DEN,95,128,1
2023-10-29,2024,0,,HOU,GSW,95,106,1
2023-10-29,2024,0,,MIL,ATL,110,127,1
2023-10-29,2024,0,,PHI,POR,126,98,1
2023-10-29,2024,0,,LAC,SAS,123,83,1
2023-10-29,2024,0,,SAC,LAL,132,127,1
2023-10-30,2024,0,,IND,CHI,105,112,1
2023-10-30,2024,0,,WAS,BOS,107,126,1
2023-10-30,2024,0,,CHO,BRK,121,133,1
2023-10-30,2024,0,,TOR,POR,91,99,1
2023-10-30,2024,0,,ATL,MIN,127,113,1
2023-10-30,2024,0,,MEM,DAL,110,125,1
2023-10-30,2024,0,,MIL,MIA,122,114,1
2023-10-30,2024,0,,NOP,GSW,102,130,1
2023-10-30,2024,0,,OKC,DET,124,112,1
2023-10-30,2024,0,,DEN,UTA,110,102,1
2023-10-30,2024,0,,LAL,ORL,106,103,1
2023-10-31,2024,0,,CLE,NYK,91,109,1
2023-10-31,2024,0,,PHO,SAS,114,115,1
2023-10-31,2024,0,,LAC,ORL,118,102,1
2023-11-01,2024,0,,DET,POR,101,110,1
2023-11-01,2024,0,,TOR,MIL,130,111,1
2023-11-01,2024,0,,ATL,WAS,130,121,1
2023-11-01,2024,0,,BOS,IND,155,104,1
2023-11-01,2024,0,,MIA,BRK,105,109,1
2023-11-01,2024,0,,NYK,CLE,89,95,1
2023-11-01,2024,0,,OKC,NOP,106,110,1
2023-11-01,2024,0,,HOU,CHO,128,119,1
2023-11-01,2024,0,,MIN,DEN,110,89,1
2023-11-01,2024,0,,DAL,CHI,114,105,1
2023-11-01,2024,0,,UTA,MEM,133,109,1
2023-11-01,2024,0,,GSW,SAC,102,101,1
2023-11-01,2024,0,,LAL,LAC,130,125,1
2023-11-02,2024,0,,PHI,TOR,114,99,1
2023-11-02,2024,0,,NOP,DET,125,116,1
2023-11-02,2024,0,,UTA,ORL,113,115,1
2023-11-02,2024,0,,PHO,SAS,121,132,1
2023-11-03,2024,0,,IND,CLE,121,116,1
2023-11-03,2024,0,,MIL,NYK,110,105,1
2023-11-03,2024,0,,CHI,BRK,107,109,1
2023-11-03,2024,0,,MIA,WAS,121,114,1
2023-11-03,2024,0,,OKC,GSW,139,141,1
2023-11-03,2024,0,,DEN,DAL,125,114,1
2023-11-03,2024,0,,POR,MEM,115,113,1
2023-11-04,2024,0,,PHI,PHO,112,100,1
2023-11-04,2024,0,,IND,CHO,124,125,1
2023-11-04,2024,0,,NOP,ATL,105,123,1
2023-11-04,2024,0,,ORL,LAL,120,101,1
2023-11-04,2024,0,,BRK,BOS,114,124,1
2023-11-04,2024,0,,HOU,SAC,107,89,1
2023-11-04,2024,0,,MIN,UTA,123,95,1
2023-11-04,2024,0,,DEN,CHI,123,101,1
2023-11-05,2024,0,,DET,PHO,106,120,1
2023-11-05,2024,0,,SAS,TOR,116,123,1
2023-11-05,2024,0,,CLE,GSW,115,104,1
2023-11-05,2024,0,,DAL,CHO,124,118,1
2023-11-05,2024,0,,POR,MEM,100,112,1
2023-11-06,2024,0,,DET,GSW,109,120,1
2023-11-06,2024,0,,IND,SAS,152,111,1
2023-11-06,2024,0,,ORL,DAL,102,117,1
2023-11-06,2024,0,,PHI,WAS,146,128,1
2023-11-06,2024,0,,BRK,MIL,125,129,1
2023-11-06,2024,0,,MIA,LAL,108,107,1
2023-11-06,2024,0,,NYK,LAC,111,97,1
2023-11-06,2024,0,,CHI,UTA,130,113,1
2023-11-06,2024,0,,HOU,SAC,122,97,1
2023-11-06,2024,0,,MIN,BOS,114,109,1
2023-11-06,2024,0,,OKC,ATL,126,117,1
2023-11-06,2024,0,,DEN,NOP,134,116,1
2023-11-08,2024,0,,CHO,WAS,116,132,1
2023-11-08,2024,0,,IND,UTA,134,118,1
2023-11-08,2024,0,,PHI,BOS,106,103,1
2023-11-08,2024,0,,BRK,LAC,100,93,1
2023-11-08,2024,0,,NYK,SAS,126,105,1
2023-11-08,2024,0,,CHI,PHO,115,116,1
2023-11-08,2024,0,,HOU,LAL,128,94,1
2023-11-08,2024,0,,MEM,MIA,102,108,1
2023-11-08,2024,0,,MIL,DET,120,118,1
2023-11-08,2024,0,,MIN,NOP,122,101,1
2023-11-08,2024,0,,OKC,CLE,128,120,1
2023-11-08,2024,0,,DAL,TOR,116,127,1
2023-11-08,2024,0,,DEN,GSW,108,105,1
2023-11-08,2024,0,,SAC,POR,121,118,1
2023-11-09,2024,1,,ATL,ORL,120,119,0
2023-11-09,2024,0,,IND,MIL,126,124,1
2023-11-10,2024,0,,DET,PHI,106,114,1
2023-11-10,2024,0,,WAS,CHO,117,124,1
2023-11-10,2024,0,,BOS,BRK,121,107,1
2023-11-10,2024,0,,HOU,NOP,104,101,1
2023-11-10,2024,0,,MEM,UTA,121,127,1
2023-11-10,2024,0,,SAS,MIN,110,117,1
2023-11-10,2024,0,,DAL,LAC,144,126,1
2023-11-10,2024,0,,PHO,LAL,119,122,1
2023-11-10,2024,0,,SAC,OKC,105,98,1
2023-11-11,2024,0,,ORL,MIL,112,97,1
2023-11-11,2024,0,,BOS,TOR,117,94,1
2023-11-11,2024,0,,ATL,MIA,109,117,1
2023-11-11,2024,0,,GSW,CLE,110,118,1
2023-11-12,2024,0,,NYK,CHO,129,107,1
2023-11-12,2024,0,,BRK,WAS,102,94,1
2023-11-12,2024,0,,LAC,MEM,101,105,1
2023-11-12,2024,0,,PHI,IND,137,126,1
2023-11-12,2024,0,,CHI,DET,119,108,1
2023-11-12,2024,0,,HOU,DEN,107,104,1
2023-11-12,2024,0,,NOP,DAL,124,136,1
2023-11-12,2024,0,,SAS,MIA,113,118,1
2023-11-12,2024,0,,PHO,OKC,99,111,1
2023-11-12,2024,0,,GSW,MIN,110,116,1
2023-11-12,2024,0,,LAL,POR,116,110,1
2023-11-13,2024,0,,BOS,NYK,114,98,1
2023-11-13,2024,0,,TOR,WAS,111,107,1
2023-11-13,2024,0,,MIL,CHI,118,109,1
2023-11-13,2024,0,,SAC,CLE,132,120,1
2023-11-14,2024,0,,CHO,MIA,105,111,1
2023-11-14,2024,0,,DET,ATL,120,126,1
2023-11-14,2024,0,,PHI,IND,126,132,1
2023-11-14,2024,0,,BRK,ORL,124,104,1
2023-11-14,2024,0,,OKC,SAS,123,87,1
2023-11-14,2024,0,,NOP,DAL,131,110,1
2023-11-14,2024,0,,UTA,POR,115,99,1
2023-11-14,2024,0,,DEN,LAC,111,108,1
2023-11-14,2024,0,,GSW,MIN,101,104,1
2023-11-14,2024,0,,LAL,MEM,134,107,1
2023-11-15,2024,0,,WAS,DAL,117,130,1
2023-11-15,2024,0,,ATL,NYK,114,116,1
2023-11-15,2024,0,,PHI,BOS,107,117,1
2023-11-15,2024,0,,TOR,MIL,112,128,1
2023-11-15,2024,0,,CHI,ORL,94,96,1
2023-11-15,2024,0,,PHO,MIN,133,115,1
2023-11-15,2024,0,,LAL,SAC,110,125,1
2023-11-15,2024,0,,POR,CLE,95,109,1
2023-11-16,2024,0,,MIA,BRK,122,115,1
2023-11-16,2024,0,,GSW,OKC,109,128,1
2023-11-17,2024,0,,CHO,MIL,99,130,1
2023-11-17,2024,0,,WAS,NYK,99,120,1
2023-11-17,2024,0,,ATL,PHI,116,126,1
2023-11-17,2024,0,,CLE,DET,108,100,1
2023-11-17,2024,0,,SAS,SAC,120,129,1
2023-11-17,2024,0,,TOR,BOS,105,108,1
2023-11-17,2024,0,,CHI,ORL,97,103,1
2023-11-17,2024,0,,NOP,DEN,115,110,1
2023-11-17,2024,0,,POR,LAL,95,107,1
2023-11-17,2024,0,,UTA,PHO,128,131,1
2023-11-17,2024,0,,LAC,HOU,106,100,1
2023-11-18,2024,0,,CHO,NYK,108,122,1
2023-11-18,2024,0,,NOP,MIN,120,121,1
2023-11-18,2024,0,,CHI,MIA,102,97,1
2023-11-18,2024,0,,MIL,DAL,132,125,1
2023-11-18,2024,0,,SAS,MEM,108,120,1
2023-11-18,2024,0,,GSW,OKC,123,130,1
2023-11-19,2024,0,,BRK,PHI,99,121,1
2023-11-19,2024,0,,TOR,DET,142,113,1
2023-11-19,2024,0,,IND,ORL,116,128,1
2023-11-19,2024,0,,CLE,DEN,121,109,1
2023-11-19,2024,0,,DAL,SAC,113,129,1
2023-11-19,2024,0,,MEM,BOS,100,102,1
2023-11-19,2024,0,,UTA,PHO,137,140,1
2023-11-19,2024,0,,POR,OKC,91,134,1
2023-11-19,2024,0,,LAL,HOU,105,104,1
2023-11-20,2024,0,,CHO,BOS,121,118,1
2023-11-20,2024,0,,DET,DEN,103,107,1
2023-11-20,2024,0,,WAS,MIL,129,142,1
2023-11-20,2024,0,,CHI,MIA,100,118,1
2023-11-20,2024,0,,MIN,NYK,117,100,1
2023-11-20,2024,0,,NOP,SAC,129,93,1
2023-11-20,2024,0,,SAS,LAC,99,124,1
2023-11-20,2024,0,,GSW,HOU,121,116,1
2023-11-21,2024,0,,ORL,TOR,126,107,1
2023-11-21,2024,0,,ATL,IND,152,157,1
2023-11-21,2024,0,,PHI,CLE,119,122,1
2023-11-21,2024,0,,PHO,POR,120,107,1
2023-11-21,2024,0,,LAL,UTA,131,99,1
2023-11-22,2024,0,,CHO,WAS,117,114,1
2023-11-22,2024,0,,ORL,DEN,124,119,1
2023-11-22,2024,0,,ATL,BRK,147,145,1
2023-11-22,2024,0,,BOS,MIL,119,116,1
2023-11-22,2024,0,,CLE,MIA,96,129,1
2023-11-22,2024,0,,IND,TOR,131,132,1
2023-11-22,2024,0,,HOU,MEM,111,91,1
2023-11-22,2024,0,,MIN,PHI,112,99,1
2023-11-22,2024,0,,NOP,SAC,117,112,1
2023-11-22,2024,0,,OKC,CHI,116,102,1
2023-11-22,2024,0,,SAS,LAC,102,109,1
2023-11-22,2024,0,,PHO,GSW,123,115,1
2023-11-22,2024,0,,POR,UTA,121,105,1
2023-11-22,2024,0,,LAL,DAL,101,104,1
2023-11-24,2024,0,,ORL,BOS,113,96,1
2023-11-24,2024,0,,MEM,PHO,89,110,1
2023-11-24,2024,0,,NYK,MIA,100,98,1
2023-11-24,2024,0,,TOR,CHI,121,108,1
2023-11-24,2024,0,,HOU,DEN,105,86,1
2023-11-24,2024,0,,IND,DET,136,113,1
2023-11-24,2024,0,,MIL,WAS,131,128,1
2023-11-24,2024,0,,MIN,SAC,111,124,1
2023-11-24,2024,0,,GSW,SAS,118,112,1
2023-11-24,2024,0,,LAC,NOP,106,116,1
2023-11-25,2024,0,,OKC,PHI,123,127,1
2023-11-25,2024,0,,BRK,MIA,112,97,1
2023-11-25,2024,0,,WAS,ATL,108,136,1
2023-11-25,2024,0,,CLE,LAL,115,121,1
2023-11-25,2024,0,,UTA,NOP,105,100,1
2023-11-25,2024,0,,LAC,DAL,107,88,1
2023-11-26,2024,0,,MIL,POR,108,102,1
2023-11-26,2024,0,,BOS,ATL,113,103,1
2023-11-26,2024,0,,MEM,MIN,97,119,1
2023-11-26,2024,0,,NYK,PHO,113,116,1
2023-11-26,2024,0,,ORL,CHO,130,117,1
2023-11-26,2024,0,,BRK,CHI,118,109,1
2023-11-26,2024,0,,CLE,TOR,105,102,1
2023-11-26,2024,0,,DEN,SAS,132,120,1
2023-11-27,2024,0,,DET,WAS,107,126,1
2023-11-27,2024,0,,IND,POR,110,114,1
2023-11-27,2024,0,,PHI,LAL,138,94,1
2023-11-27,2024,0,,UTA,NOP,114,112,1
2023-11-27,2024,0,,LAC,DEN,104,113,1
2023-11-28,2024,0,,BOS,CHI,124,97,1
2023-11-28,2024,0,,BRK,TOR,115,103,1
2023-11-28,2024,0,,CLE,ATL,128,105,1
2023-11-28,2024,0,,MIA,MIL,124,131,1
2023-11-28,2024,0,,NYK,CHO,115,91,1
2023-11-28,2024,0,,MIN,OKC,106,103,1
2023-11-28,2024,0,,DAL,HOU,121,115,1
2023-11-28,2024,0,,SAC,GSW,124,123,1
2023-11-29,2024,0,,DET,LAL,107,133,1
2023-11-29,2024,0,,ORL,WAS,139,120,1
2023-11-29,2024,0,,TOR,PHO,112,105,1
2023-11-29,2024,0,,MEM,UTA,105,91,1
2023-11-29,2024,0,,NOP,PHI,124,114,1
2023-11-29,2024,0,,DEN,HOU,134,124,1
2023-11-29,2024,0,,SAC,LAC,117,131,1
2023-11-30,2024,0,,CLE,POR,95,103,1
2023-11-30,2024,0,,BRK,CHO,128,129,1
2023-11-30,2024,0,,MIA,IND,142,132,1
2023-11-30,2024,0,,NYK,DET,118,112,1
2023-11-30,2024,0,,CHI,MIL,120,113,1
2023-11-30,2024,0,,MIN,UTA,101,90,1
2023-11-30,2024,0,,OKC,LAL,133,110,1
2023-11-30,2024,0,,SAS,ATL,135,137,1
2023-11-30,2024,0,,GSW,LAC,120,114,1
2023-12-01,2024,0,,ORL,WAS,130,125,1
2023-12-01,2024,0,,BOS,PHI,125,119,1
2023-12-01,2024,0,,DAL,MEM,94,108,1
2023-12-01,2024,0,,TOR,NYK,106,119,1
2023-12-01,2024,0,,NOP,SAS,121,106,1
2023-12-01,2024,0,,PHO,DEN,111,119,1
2023-12-02,2024,0,,LAC,GSW,113,112,1
2023-12-02,2024,0,,CHO,MIN,117,123,1
2023-12-02,2024,0,,BRK,ORL,129,101,1
2023-12-02,2024,0,,DET,CLE,101,110,1
2023-12-02,2024,0,,CHI,NOP,124,118,1
2023-12-02,2024,0,,MIA,IND,129,144,1
2023-12-02,2024,0,,MIL,ATL,132,121,1
2023-12-02,2024,0,,DAL,OKC,120,126,1
2023-12-02,2024,0,,PHO,MEM,116,109,1
2023-12-02,2024,0,,UTA,POR,118,113,1
2023-12-02,2024,0,,SAC,DEN,123,117,1
2023-12-02,2024,0,,LAL,HOU,107,97,1
2023-12-04,2024,0,,IND,BOS,122,112,1
2023-12-04,2024,0,,SAC,NOP,117,127,1
2023-12-05,2024,0,,MIL,NYK,146,122,1
2023-12-05,2024,0,,LAL,PHO,106,103,1
2023-12-06,2024,0,,CLE,ORL,121,111,1
2023-12-06,2024,0,,DET,MEM,102,116,1
2023-12-06,2024,0,,WAS,PHI,126,131,1
2023-12-06,2024,0,,ATL,BRK,113,114,1
2023-12-06,2024,0,,MIN,SAS,102,94,1
2023-12-06,2024,0,,TOR,MIA,103,112,1
2023-12-06,2024,0,,CHI,CHO,111,100,1
2023-12-06,2024,0,,HOU,OKC,110,101,1
2023-12-06,2024,0,,DAL,UTA,147,97,1
2023-12-06,2024,0,,GSW,POR,110,106,1
2023-12-06,2024,0,,LAC,DEN,111,102,1
2023-12-07,2024,1,,IND,MIL,128,119,0
2023-12-07,2024,1,,LAL,NOP,133,89,0
2023-12-08,2024,0,,CHO,TOR,119,116,1
2023-12-08,2024,0,,ORL,DET,123,91,1
2023-12-08,2024,0,,PHI,ATL,125,114,1
2023-12-08,2024,0,,BOS,NYK,133,123,1
2023-12-08,2024,0,,BRK,WAS,124,97,1
2023-12-08,2024,0,,MEM,MIN,103,127,1
2023-12-08,2024,0,,MIA,CLE,99,111,1
2023-12-08,2024,0,,OKC,GSW,138,136,1
2023-12-08,2024,0,,SAS,CHI,112,121,1
2023-12-08,2024,0,,DEN,HOU,106,114,1
2023-12-08,2024,0,,PHO,SAC,106,114,1
2023-12-08,2024,0,,POR,DAL,112,125,1
2023-12-08,2024,0,,UTA,LAC,103,117,1
2023-12-09,2024,1,,IND,LAL,109,123,0
2023-12-11,2024,0,,CHO,MIA,114,116,1
2023-12-11,2024,0,,DET,IND,123,131,1
2023-12-11,2024,0,,ORL,CLE,104,94,1
2023-12-11,2024,0,,PHI,WAS,146,101,1
2023-12-11,2024,0,,ATL,DEN,122,129,1
2023-12-11,2024,0,,NYK,TOR,136,130,1
2023-12-11,2024,0,,HOU,SAS,93,82,1
2023-12-11,2024,0,,MEM,DAL,113,120,1
2023-12-11,2024,0,,MIL,CHI,133,129,1
2023-12-11,2024,0,,NOP,MIN,121,107,1
2023-12-11,2024,0,,OKC,UTA,134,120,1
2023-12-11,2024,0,,SAC,BRK,131,118,1
2023-12-11,2024,0,,LAC,POR,132,127,1
2023-12-12,2024,0,,BOS,CLE,120,113,1
2023-12-12,2024,0,,DAL,LAL,127,125,1
2023-12-12,2024,0,,CHI,DEN,106,114,1
2023-12-12,2024,0,,PHO,GSW,119,116,1
2023-12-12,2024,0,,LAC,SAC,119,99,1
2023-12-13,2024,0,,DET,PHI,111,129,1
2023-12-13,2024,0,,WAS,NOP,122,142,1
2023-12-13,2024,0,,MIA,CHO,115,104,1
2023-12-13,2024,0,,TOR,ATL,135,128,1
2023-12-13,2024,0,,HOU,MEM,117,104,1
2023-12-13,2024,0,,MIL,IND,140,126,1
2023-12-13,2024,0,,SAS,LAL,119,122,1
2023-12-13,2024,0,,PHO,BRK,112,116,1
2023-12-13,2024,0,,UTA,NYK,117,113,1
2023-12-14,2024,0,,BOS,CLE,116,107,1
2023-12-14,2024,0,,MIA,CHI,116,124,1
2023-12-14,2024,0,,DAL,MIN,101,119,1
2023-12-14,2024,0,,DEN,BRK,124,101,1
2023-12-14,2024,0,,POR,UTA,114,122,1
2023-12-14,2024,0,,SAC,OKC,128,123,1
2023-12-14,2024,0,,LAC,GSW,121,113,1
2023-12-15,2024,0,,CHO,NOP,107,112,1
2023-12-15,2024,0,,PHI,DET,124,92,1
2023-12-15,2024,0,,WAS,IND,137,123,1
2023-12-15,2024,0,,BOS,ORL,128,111,1
2023-12-15,2024,0,,SAS,LAL,129,115,1
2023-12-15,2024,0,,TOR,ATL,104,125,1
2023-12-15,2024,0,,MEM,HOU,96,103,1
2023-12-15,2024,0,,PHO,NYK,122,139,1
2023-12-16,2024,0,,MIL,DET,146,114,1
2023-12-16,2024,0,,CHO,PHI,82,135,1
2023-12-16,2024,0,,CLE,ATL,127,119,1
2023-12-16,2024,0,,MIA,CHI,118,116,1
2023-12-16,2024,0,,MIN,IND,127,109,1
2023-12-16,2024,0,,GSW,BRK,124,120,1
2023-12-16,2024,0,,DEN,OKC,117,118,1
2023-12-16,2024,0,,POR,DAL,120,131,1
2023-12-16,2024,0,,SAC,UTA,125,104,1
2023-12-16,2024,0,,LAC,NYK,144,122,1
2023-12-17,2024,0,,BOS,ORL,114,97,1
2023-12-17,2024,0,,SAS,NOP,110,146,1
2023-12-17,2024,0,,MIL,HOU,128,119,1
2023-12-17,2024,0,,PHO,WAS,112,108,1
2023-12-17,2024,0,,POR,GSW,114,118,1
2023-12-18,2024,0,,CLE,HOU,135,130,1
2023-12-18,2024,0,,IND,LAC,127,151,1
2023-12-18,2024,0,,PHI,CHI,104,108,1
2023-12-18,2024,0,,ATL,DET,130,124,1
2023-12-18,2024,0,,MIA,MIN,108,112,1
2023-12-18,2024,0,,TOR,CHO,114,99,1
2023-12-18,2024,0,,OKC,MEM,116,97,1
2023-12-18,2024,0,,DEN,DAL,130,104,1
2023-12-18,2024,0,,UTA,BRK,125,108,1
2023-12-18,2024,0,,SAC,WAS,143,131,1
2023-12-18,2024,0,,LAL,NYK,109,114,1
2023-12-19,2024,0,,NOP,MEM,113,115,1
2023-12-19,2024,0,,MIL,SAS,132,119,1
2023-12-19,2024,0,,GSW,BOS,132,126,1
2023-12-19,2024,0,,POR,PHO,109,104,1
2023-12-20,2024,0,,CLE,UTA,124,116,1
2023-12-20,2024,0,,IND,CHO,144,113,1
2023-12-20,2024,0,,ORL,MIA,106,115,1
2023-12-20,2024,0,,PHI,MIN,127,113,1
2023-12-20,2024,0,,BRK,NYK,102,121,1
2023-12-20,2024,0,,TOR,DEN,104,113,1
2023-12-20,2024,0,,CHI,LAL,124,108,1
2023-12-20,2024,0,,HOU,ATL,127,134,1
2023-12-20,2024,0,,DAL,LAC,111,120,1
2023-12-20,2024,0,,SAC,BOS,119,144,1
2023-12-21,2024,0,,DET,UTA,111,119,1
2023-12-21,2024,0,,CLE,NOP,104,123,1
2023-12-21,2024,0,,CHI,SAS,114,95,1
2023-12-21,2024,0,,MEM,IND,116,103,1
2023-12-21,2024,0,,MIL,ORL,118,114,1
2023-12-21,2024,0,,OKC,LAC,134,115,1
2023-12-21,2024,0,,MIN,LAL,118,111,1
2023-12-21,2024,0,,POR,WAS,117,118,1
2023-12-22,2024,0,,PHI,TOR,121,111,1
2023-12-22,2024,0,,BRK,DEN,117,122,1
2023-12-22,2024,0,,HOU,DAL,122,96,1
2023-12-22,2024,0,,MIA,ATL,122,113,1
2023-12-22,2024,0,,GSW,WAS,129,118,1
2023-12-22,2024,0,,SAC,PHO,120,105,1
2023-12-23,2024,0,,NYK,MIL,111,130,1
2023-12-23,2024,0,,LAC,BOS,108,145,1
2023-12-23,2024,0,,CHO,DEN,95,102,1
2023-12-23,2024,0,,IND,ORL,110,117,1
2023-12-23,2024,0,,NOP,HOU,104,106,1
2023-12-23,2024,0,,ATL,MEM,119,125,1
2023-12-23,2024,0,,BRK,DET,126,115,1
2023-12-23,2024,0,,TOR,UTA,119,126,1
2023-12-23,2024,0,,CHI,CLE,95,109,1
2023-12-23,2024,0,,OKC,LAL,120,129,1
2023-12-23,2024,0,,DAL,SAS,144,119,1
2023-12-23,2024,0,,GSW,POR,126,106,1
2023-12-23,2024,0,,SAC,MIN,98,110,1
2023-12-25,2024,0,,NYK,MIL,129,122,1
2023-12-25,2024,0,,DEN,GSW,120,114,1
2023-12-25,2024,0,,LAL,BOS,115,126,1
2023-12-25,2024,0,,MIA,PHI,119,113,1
2023-12-25,2024,0,,PHO,DAL,114,128,1
2023-12-26,2024,0,,DET,BRK,112,118,1
2023-12-26,2024,0,,WAS,ORL,119,127,1
2023-12-26,2024,0,,CHI,ATL,118,113,1
2023-12-26,2024,0,,HOU,IND,117,123,1
2023-12-26,2024,0,,NOP,MEM,115,116,1
2023-12-26,2024,0,,OKC,MIN,129,106,1
2023-12-26,2024,0,,SAS,UTA,118,130,1
2023-12-26,2024,0,,POR,SAC,130,113,1
2023-12-26,2024,0,,LAC,CHO,113,104,1
2023-12-27,2024,0,,ORL,PHI,92,112,1
2023-12-27,2024,0,,WAS,TOR,102,132,1
2023-12-27,2024,0,,BRK,MIL,122,144,1
2023-12-27,2024,0,,HOU,PHO,113,129,1
2023-12-27,2024,0,,OKC,NYK,129,120,1
2023-12-27,2024,0,,DAL,CLE,110,113,1
2023-12-28,2024,0,,BOS,DET,128,122,1
2023-12-28,2024,0,,CHI,IND,104,120,1
2023-12-28,2024,0,,MIN,DAL,118,110,1
2023-12-28,2024,0,,NOP,UTA,112,105,1
2023-12-28,2024,0,,DEN,MEM,142,105,1
2023-12-28,2024,0,,GSW,MIA,102,114,1
2023-12-28,2024,0,,POR,SAS,105,118,1
2023-12-28,2024,0,,LAL,CHO,133,112,1
2023-12-29,2024,0,,ORL,NYK,117,108,1
2023-12-29,2024,0,,WAS,BRK,110,104,1
2023-12-29,2024,0,,ATL,SAC,110,117,1
2023-12-29,2024,0,,BOS,TOR,120,118,1
2023-12-29,2024,0,,CLE,MIL,111,119,1
2023-12-29,2024,0,,HOU,PHI,127,131,1
2023-12-29,2024,0,,DEN,OKC,93,119,1
2023-12-29,2024,0,,PHO,CHO,133,119,1
2023-12-29,2024,0,,POR,SAS,134,128,1
2023-12-29,2024,0,,LAC,MEM,117,106,1
2023-12-30,2024,0,,UTA,MIA,117,109,1
2023-12-30,2024,0,,DET,TOR,129,127,1
2023-12-30,2024,0,,IND,NYK,140,126,1
2023-12-30,2024,0,,CHI,PHI,105,92,1
2023-12-30,2024,0,,MIN,LAL,108,106,1
2023-12-30,2024,0,,GSW,DAL,122,132,1
2023-12-31,2024,0,,WAS,ATL,126,130,1
2023-12-31,2024,0,,NOP,LAL,129,109,1
2023-12-31,2024,0,,OKC,BRK,124,108,1
2023-12-31,2024,0,,SAS,BOS,101,134,1
2023-12-31,2024,0,,MEM,SAC,92,123,1
2023-12-31,2024,0,,PHO,ORL,112,107,1
2024-01-01,2024,0,,NYK,MIN,112,106,1
2024-01-01,2024,0,,TOR,CLE,124,121,1
2024-01-01,2024,0,,HOU,DET,136,113,1
2024-01-01,2024,0,,MIL,IND,113,122,1
2024-01-01,2024,0,,DEN,CHO,111,93,1
2024-01-01,2024,0,,PHO,POR,109,88,1
2024-01-01,2024,0,,UTA,DAL,127,90,1
2024-01-01,2024,0,,LAC,MIA,121,104,1
2024-01-02,2024,0,,PHI,CHI,110,97,1
2024-01-02,2024,0,,MEM,SAS,106,98,1
2024-01-02,2024,0,,NOP,BRK,112,85,1
2024-01-02,2024,0,,OKC,BOS,127,123,1
2024-01-02,2024,0,,GSW,ORL,121,115,1
2024-01-02,2024,0,,SAC,CHO,104,111,1
2024-01-03,2024,0,,CLE,WAS,140,101,1
2024-01-03,2024,0,,IND,MIL,142,130,1
2024-01-03,2024,0,,ATL,OKC,141,138,1
2024-01-03,2024,0,,HOU,BRK,112,101,1
2024-01-03,2024,0,,MEM,TOR,111,116,1
2024-01-03,2024,0,,MIN,NOP,106,117,1
2024-01-03,2024,0,,DAL,POR,126,97,1
2024-01-03,2024,0,,NYK,CHI,116,100,1
2024-01-03,2024,0,,PHO,LAC,122,131,1
2024-01-03,2024,0,,UTA,DET,154,148,1
2024-01-03,2024,0,,LAL,MIA,96,110,1
2024-01-03,2024,0,,SAC,ORL,138,135,1
2024-01-04,2024,0,,SAS,MIL,121,125,1
2024-01-04,2024,0,,GSW,DEN,127,130,1
2024-01-05,2024,0,,BOS,UTA,126,97,1
2024-01-05,2024,0,,IND,ATL,150,116,1
2024-01-05,2024,0,,BRK,OKC,124,115,1
2024-01-05,2024,0,,CLE,WAS,114,90,1
2024-01-05,2024,0,,PHI,NYK,92,128,1
2024-01-05,2024,0,,CHI,CHO,104,91,1
2024-01-05,2024,0,,HOU,MIN,95,122,1
2024-01-05,2024,0,,NOP,LAC,95,111,1
2024-01-05,2024,0,,DAL,POR,139,103,1
2024-01-05,2024,0,,DEN,ORL,120,122,1
2024-01-05,2024,0,,PHO,MIA,113,97,1
2024-01-05,2024,0,,GSW,DET,113,109,1
2024-01-05,2024,0,,LAL,MEM,113,127,1
2024-01-05,2024,0,,SAC,TOR,135,130,1
2024-01-06,2024,0,,IND,BOS,101,118,1
2024-01-06,2024,0,,WAS,NYK,105,121,1
2024-01-06,2024,0,,PHI,UTA,109,120,1
2024-01-06,2024,0,,HOU,MIL,112,108,1
2024-01-07,2024,0,,CLE,SAS,117,115,1
2024-01-07,2024,0,,BRK,POR,127,134,1
2024-01-07,2024,0,,ORL,ATL,117,110,1
2024-01-07,2024,0,,SAC,NOP,100,133,1
2024-01-07,2024,0,,DAL,MIN,115,108,1
2024-01-07,2024,0,,DEN,DET,131,114,1
2024-01-07,2024,0,,PHO,MEM,115,121,1
2024-01-07,2024,0,,GSW,TOR,118,133,1
2024-01-07,2024,0,,LAL,LAC,106,103,1
2024-01-08,2024,0,,CHO,CHI,112,119,1
2024-01-08,2024,0,,IND,BOS,133,131,1
2024-01-08,2024,0,,WAS,OKC,128,136,1
2024-01-08,2024,0,,MIA,HOU,120,113,1
2024-01-08,2024,0,,MIL,UTA,116,132,1
2024-01-08,2024,0,,LAC,PHO,138,111,1
2024-01-09,2024,0,,DET,SAC,110,131,1
2024-01-09,2024,0,,ORL,MIN,92,113,1
2024-01-09,2024,0,,NYK,POR,112,84,1
2024-01-09,2024,0,,DAL,MEM,103,120,1
2024-01-09,2024,0,,LAL,TOR,132,131,1
2024-01-10,2024,0,,BOS,MIN,127,120,1
2024-01-10,2024,0,,CHO,SAC,98,123,1
2024-01-10,2024,0,,DET,SAS,108,130,1
2024-01-10,2024,0,,IND,WAS,112,104,1
2024-01-10,2024,0,,ATL,PHI,139,132,1
2024-01-10,2024,0,,MIA,OKC,120,128,1
2024-01-10,2024,0,,CHI,HOU,124,119,1
2024-01-10,2024,0,,GSW,NOP,105,141,1
2024-01-10,2024,0,,UTA,DEN,124,111,1
2024-01-10,2024,0,,LAC,TOR,126,120,1
2024-01-11,2024,1,,BRK,CLE,102,111,0
2024-01-11,2024,0,,MIL,BOS,135,102,1
2024-01-11,2024,0,,OKC,POR,139,77,1
2024-01-11,2024,0,,DAL,NYK,128,124,1
2024-01-11,2024,0,,LAL,PHO,109,127,1
2024-01-12,2024,0,,ATL,IND,108,126,1
2024-01-12,2024,0,,DET,HOU,110,112,1
2024-01-12,2024,0,,PHI,SAC,112,93,1
2024-01-12,2024,0,,CHI,GSW,131,140,1
2024-01-12,2024,0,,MEM,LAC,119,128,1
2024-01-12,2024,0,,MIA,ORL,99,96,1
2024-01-12,2024,0,,MIN,POR,116,93,1
2024-01-12,2024,0,,SAS,CHO,135,99,1
2024-01-12,2024,0,,UTA,TOR,145,113,1
2024-01-12,2024,0,,DEN,NOP,125,113,1
2024-01-13,2024,0,,BOS,HOU,145,113,1
2024-01-13,2024,0,,ATL,WAS,99,127,1
2024-01-13,2024,0,,MEM,NYK,94,106,1
2024-01-13,2024,0,,MIL,GSW,129,118,1
2024-01-13,2024,0,,OKC,ORL,112,100,1
2024-01-13,2024,0,,DAL,NOP,108,118,1
2024-01-13,2024,0,,SAS,CHI,116,122,1
2024-01-13,2024,0,,UTA,LAL,132,125,1
2024-01-14,2024,0,,DEN,IND,117,109,1
2024-01-14,2024,0,,MIA,CHO,104,87,1
2024-01-14,2024,0,,MIL,SAC,143,142,1
2024-01-14,2024,0,,MIN,LAC,109,105,1
2024-01-14,2024,0,,POR,PHO,116,127,1
2024-01-15,2024,0,,PHI,HOU,124,115,1
2024-01-15,2024,0,,DAL,NOP,125,120,1
2024-01-15,2024,0,,NYK,ORL,94,98,1
2024-01-15,2024,0,,WAS,DET,117,129,1
2024-01-15,2024,0,,ATL,SAS,109,99,1
2024-01-15,2024,0,,MEM,GSW,116,107,1
2024-01-15,2024,0,,CLE,CHI,109,91,1
2024-01-15,2024,0,,BRK,MIA,95,96,1
2024-01-15,2024,0,,TOR,BOS,96,105,1
2024-01-15,2024,0,,UTA,IND,132,105,1
2024-01-15,2024,0,,LAL,OKC,112,105,1
2024-01-16,2024,0,,PHI,DEN,126,121,1
2024-01-16,2024,0,,PHO,SAC,119,117,1
2024-01-16,2024,0,,LAC,OKC,128,117,1
2024-01-17,2024,0,,DET,MIN,117,124,1
2024-01-17,2024,0,,ATL,ORL,106,104,1
2024-01-17,2024,0,,BOS,SAS,117,98,1
2024-01-17,2024,0,,CLE,MIL,135,95,1
2024-01-17,2024,0,,NYK,HOU,109,94,1
2024-01-17,2024,0,,TOR,MIA,121,97,1
2024-01-17,2024,0,,NOP,CHO,132,112,1
2024-01-17,2024,0,,LAL,DAL,127,110,1
2024-01-17,2024,0,,POR,BRK,105,103,1
2024-01-18,2024,0,,NYK,WAS,113,109,1
2024-01-18,2024,0,,TOR,CHI,110,116,1
2024-01-18,2024,0,,UTA,OKC,129,134,1
2024-01-18,2024,0,,MIN,MEM,118,103,1
2024-01-18,2024,0,,SAC,IND,121,126,1
2024-01-19,2024,0,,CHO,SAS,124,120,1
2024-01-19,2024,0,,ORL,PHI,109,124,1
2024-01-19,2024,0,,BOS,DEN,100,102,1
2024-01-19,2024,0,,MIA,ATL,108,109,1
2024-01-19,2024,0,,NOP,PHO,109,123,1
2024-01-19,2024,0,,POR,IND,118,115,1
2024-01-19,2024,0,,LAL,BRK,112,130,1
2024-01-20,2024,0,,DET,MIL,135,141,1
2024-01-20,2024,0,,CHO,PHI,89,97,1
2024-01-20,2024,0,,WAS,SAS,127,131,1
2024-01-20,2024,0,,ATL,CLE,95,116,1
2024-01-20,2024,0,,NYK,TOR,126,100,1
2024-01-20,2024,0,,CHI,MEM,125,96,1
2024-01-20,2024,0,,HOU,UTA,127,126,1
2024-01-20,2024,0,,MIN,OKC,97,102,1
2024-01-21,2024,0,,LAC,BRK,125,114,1
2024-01-21,2024,0,,ORL,MIA,105,87,1
2024-01-21,2024,0,,WAS,DEN,104,113,1
2024-01-21,2024,0,,HOU,BOS,107,116,1
2024-01-21,2024,0,,PHO,IND,117,110,1
2024-01-21,2024,0,,LAL,POR,134,110,1
2024-01-22,2024,0,,DET,MIL,113,122,1
2024-01-22,2024,0,,ORL,CLE,99,126,1
2024-01-22,2024,0,,PHI,SAS,133,123,1
2024-01-22,2024,0,,TOR,MEM,100,108,1
2024-01-22,2024,0,,MIN,CHO,125,128,1
2024-01-22,2024,0,,DAL,BOS,110,119,1
2024-01-22,2024,0,,PHO,CHI,115,113,1
2024-01-22,2024,0,,SAC,ATL,122,107,1
2024-01-23,2024,0,,IND,DEN,109,114,1
2024-01-23,2024,0,,BRK,NYK,103,108,1
2024-01-23,2024,0,,NOP,UTA,153,124,1
2024-01-23,2024,0,,OKC,POR,111,109,1
2024-01-23,2024,0,,LAC,LAL,127,116,1
2024-01-24,2024,0,,DET,CHO,113,106,1
2024-01-24,2024,0,,WAS,MIN,107,118,1
2024-01-24,2024,0,,MIA,MEM,96,105,1
2024-01-24,2024,0,,HOU,POR,131,137,1
2024-01-24,2024,0,,MIL,CLE,126,116,1
2024-01-24,2024,0,,DAL,PHO,109,132,1
2024-01-24,2024,0,,SAS,OKC,114,140,1
2024-01-24,2024,0,,GSW,ATL,134,112,1
2024-01-25,2024,0,,IND,PHI,134,122,1
2024-01-25,2024,0,,WAS,UTA,108,123,1
2024-01-25,2024,0,,BRK,MIN,94,96,1
2024-01-25,2024,0,,MIA,BOS,110,143,1
2024-01-25,2024,0,,NYK,DEN,122,84,1
2024-01-25,2024,0,,GSW,SAC,133,134,1
2024-01-25,2024,0,,LAL,CHI,141,132,1
2024-01-26,2024,0,,ATL,DAL,143,148,1
2024-01-26,2024,0,,CHO,HOU,104,138,1
2024-01-26,2024,0,,IND,PHO,133,131,1
2024-01-26,2024,0,,TOR,LAC,107,127,1
2024-01-26,2024,0,,MEM,ORL,107,106,1
2024-01-26,2024,0,,MIL,CLE,100,112,1
2024-01-26,2024,0,,NOP,OKC,83,107,1
2024-01-26,2024,0,,SAS,POR,116,100,1
2024-01-27,2024,0,,DET,WAS,104,118,1
2024-01-27,2024,0,,NYK,MIA,125,109,1
2024-01-27,2024,0,,DEN,PHI,111,105,1
2024-01-27,2024,0,,BRK,HOU,106,104,1
2024-01-27,2024,0,,BOS,LAC,96,115,1
2024-01-27,2024,0,,CHO,UTA,122,134,1
2024-01-27,2024,0,,MIL,NOP,141,117,1
2024-01-27,2024,0,,GSW,LAL,144,145,1
2024-01-27,2024,0,,SAS,MIN,113,112,1
2024-01-27,2024,0,,DAL,SAC,115,120,1
2024-01-28,2024,0,,DET,OKC,120,104,1
2024-01-28,2024,0,,IND,MEM,116,110,1
2024-01-28,2024,0,,ATL,TOR,126,125,1
2024-01-28,2024,0,,ORL,PHO,113,98,1
2024-01-28,2024,0,,POR,CHI,96,104,1
2024-01-29,2024,0,,CHO,NYK,92,113,1
2024-01-29,2024,0,,CLE,LAC,118,108,1
2024-01-29,2024,0,,BOS,NOP,118,112,1
2024-01-29,2024,0,,BRK,UTA,147,114,1
2024-01-29,2024,0,,MIA,PHO,105,118,1
2024-01-29,2024,0,,HOU,LAL,135,119,1
2024-01-29,2024,0,,MEM,SAC,94,103,1
2024-01-29,2024,0,,OKC,MIN,101,107,1
2024-01-29,2024,0,,SAS,WAS,113,118,1
2024-01-29,2024,0,,DAL,ORL,131,129,1
2024-01-29,2024,0,,DEN,MIL,113,107,1
2024-01-29,2024,0,,POR,PHI,130,104,1
2024-01-30,2024,0,,ATL,LAL,138,122,1
2024-01-30,2024,0,,BOS,IND,129,124,1
2024-01-30,2024,0,,NYK,UTA,118,103,1
2024-01-30,2024,0,,CHI,TOR,107,118,1
2024-01-30,2024,0,,GSW,PHI,119,107,1
2024-01-31,2024,0,,CHO,CHI,110,117,1
2024-01-31,2024,0,,CLE,DET,128,121,1
2024-01-31,2024,0,,WAS,LAC,109,125,1
2024-01-31,2024,0,,MIA,SAC,115,106,1
2024-01-31,2024,0,,HOU,NOP,99,110,1
2024-01-31,2024,0,,MIN,DAL,121,87,1
2024-01-31,2024,0,,OKC,DEN,105,100,1
2024-01-31,2024,0,,SAS,ORL,98,108,1
2024-01-31,2024,0,,BRK,PHO,120,136,1
2024-01-31,2024,0,,POR,MIL,119,116,1
2024-02-01,2024,0,,BOS,LAL,105,114,1
2024-02-01,2024,0,,NYK,IND,109,105,1
2024-02-01,2024,0,,MEM,CLE,101,108,1
2024-02-01,2024,0,,UTA,PHI,124,127,1
2024-02-02,2024,0,,DET,LAC,125,136,1
2024-02-02,2024,0,,WAS,MIA,102,110,1
2024-02-02,2024,0,,ATL,PHO,129,120,1
2024-02-02,2024,0,,IND,SAC,122,133,1
2024-02-02,2024,0,,HOU,TOR,135,106,1
2024-02-02,2024,0,,MEM,GSW,101,121,1
2024-02-02,2024,0,,MIN,ORL,106,108,1
2024-02-02,2024,0,,OKC,CHO,126,106,1
2024-02-02,2024,0,,SAS,NOP,113,114,1
2024-02-02,2024,0,,DEN,POR,120,108,1
2024-02-03,2024,0,,PHI,BRK,121,136,1
2024-02-03,2024,0,,ATL,GSW,141,134,1
2024-02-03,2024,0,,CHI,SAC,115,123,1
2024-02-03,2024,0,,DAL,MIL,117,129,1
2024-02-03,2024,0,,NYK,LAL,105,113,1
2024-02-03,2024,0,,SAS,CLE,101,117,1
2024-02-04,2024,0,,DET,ORL,99,111,1
2024-02-04,2024,0,,WAS,PHO,112,140,1
2024-02-04,2024,0,,BOS,MEM,131,91,1
2024-02-04,2024,0,,CHO,IND,99,115,1
2024-02-04,2024,0,,MIA,LAC,95,103,1
2024-02-04,2024,0,,MIN,HOU,111,90,1
2024-02-04,2024,0,,OKC,TOR,135,127,1
2024-02-04,2024,0,,UTA,MIL,123,108,1
2024-02-04,2024,0,,DEN,POR,112,103,1
2024-02-05,2024,0,,CHO,LAL,118,124,1
2024-02-05,2024,0,,CLE,SAC,136,110,1
2024-02-05,2024,0,,PHI,DAL,102,118,1
2024-02-05,2024,0,,ATL,LAC,144,149,1
2024-02-05,2024,0,,BRK,GSW,98,109,1
2024-02-05,2024,0,,NOP,TOR,138,100,1
2024-02-06,2024,0,,IND,HOU,132,129,1
2024-02-06,2024,0,,BRK,DAL,107,119,1
2024-02-06,2024,0,,MIA,ORL,121,95,1
2024-02-06,2024,0,,NYK,MEM,123,113,1
2024-02-06,2024,0,,CHI,MIN,129,123,1
2024-02-06,2024,0,,UTA,OKC,124,117,1
2024-02-06,2024,0,,PHO,MIL,114,106,1
2024-02-07,2024,0,,CHO,TOR,117,123,1
2024-02-07,2024,0,,WAS,CLE,106,114,1
2024-02-07,2024,0,,BOS,ATL,125,117,1
2024-02-07,2024,0,,MIA,SAS,116,104,1
2024-02-07,2024,0,,PHI,GSW,104,127,1
2024-02-07,2024,0,,LAC,NOP,106,117,1
2024-02-07,2024,0,,SAC,DET,120,133,1
2024-02-08,2024,0,,IND,GSW,109,131,1
2024-02-08,2024,0,,ORL,SAS,127,111,1
2024-02-08,2024,0,,BRK,CLE,95,118,1
2024-02-08,2024,0,,NYK,DAL,108,122,1
2024-02-08,2024,0,,MEM,CHI,110,118,1
2024-02-08,2024,0,,MIL,MIN,105,129,1
2024-02-08,2024,0,,PHO,UTA,129,115,1
2024-02-08,2024,0,,LAL,DEN,106,114,1
2024-02-08,2024,0,,POR,DET,122,128,1
2024-02-09,2024,0,,PHI,ATL,121,127,1
2024-02-09,2024,0,,BOS,WAS,133,129,1
2024-02-09,2024,0,,TOR,HOU,107,104,1
2024-02-09,2024,0,,MIL,CHO,120,84,1
2024-02-09,2024,0,,SAC,DEN,135,106,1
2024-02-09,2024,0,,LAL,NOP,139,122,1
2024-02-10,2024,0,,DAL,OKC,146,111,1
2024-02-10,2024,0,,LAC,DET,112,106,1
2024-02-10,2024,0,,BRK,SAS,123,103,1
2024-02-10,2024,0,,CHO,MEM,115,106,1
2024-02-10,2024,0,,ORL,CHI,114,108,1
2024-02-10,2024,0,,WAS,PHI,113,119,1
2024-02-10,2024,0,,ATL,HOU,122,113,1
2024-02-10,2024,0,,NYK,IND,111,125,1
2024-02-10,2024,0,,TOR,CLE,95,119,1
2024-02-10,2024,0,,GSW,PHO,113,112,1
2024-02-10,2024,0,,POR,NOP,84,93,1
2024-02-11,2024,0,,MIA,BOS,106,110,1
2024-02-11,2024,0,,OKC,SAC,127,113,1
2024-02-12,2024,0,,CHO,IND,111,102,1
2024-02-12,2024,0,,CLE,PHI,121,123,1
2024-02-12,2024,0,,ATL,CHI,126,136,1
2024-02-12,2024,0,,TOR,SAS,99,122,1
2024-02-12,2024,0,,HOU,NYK,105,103,1
2024-02-12,2024,0,,MEM,NOP,87,96,1
2024-02-12,2024,0,,MIL,DEN,112,95,1
2024-02-12,2024,0,,DAL,WAS,112,104,1
2024-02-12,2024,0,,UTA,GSW,107,129,1
2024-02-12,2024,0,,LAC,MIN,100,121,1
2024-02-13,2024,0,,BRK,BOS,110,118,1
2024-02-13,2024,0,,ORL,OKC,113,127,1
2024-02-13,2024,0,,MIL,MIA,97,123,1
2024-02-13,2024,0,,PHO,SAC,130,125,1
2024-02-13,2024,0,,POR,MIN,109,121,1
2024-02-13,2024,0,,LAL,DET,125,111,1
2024-02-14,2024,0,,CHO,ATL,122,99,1
2024-02-14,2024,0,,ORL,NYK,118,100,1
2024-02-14,2024,0,,PHI,MIA,104,109,1
2024-02-14,2024,0,,BOS,BRK,136,86,1
2024-02-14,2024,0,,CLE,CHI,108,105,1
2024-02-14,2024,0,,TOR,IND,125,127,1
2024-02-14,2024,0,,MEM,HOU,121,113,1
2024-02-14,2024,0,,NOP,WAS,133,126,1
2024-02-14,2024,0,,DAL,SAS,116,93,1
2024-02-14,2024,0,,DEN,SAC,98,102,1
2024-02-14,2024,0,,PHO,DET,116,100,1
2024-02-14,2024,0,,UTA,LAL,122,138,1
2024-02-14,2024,0,,GSW,LAC,125,130,1
2024-02-15,2024,0,,MEM,MIL,113,110,1
2024-02-15,2024,0,,UTA,GSW,137,140,1
2024-02-15,2024,0,,POR,MIN,91,128,1
2024-02-22,2024,0,,CLE,ORL,109,116,1
2024-02-22,2024,0,,IND,DET,129,115,1
2024-02-22,2024,0,,PHI,NYK,96,110,1
2024-02-22,2024,0,,TOR,BRK,121,93,1
2024-02-22,2024,0,,DAL,PHO,123,113,1
2024-02-22,2024,0,,CHI,BOS,112,129,1
2024-02-22,2024,0,,NOP,HOU,127,105,1
2024-02-22,2024,0,,OKC,LAC,129,107,1
2024-02-22,2024,0,,DEN,WAS,130,110,1
2024-02-22,2024,0,,UTA,CHO,107,115,1
2024-02-22,2024,0,,GSW,LAL,128,110,1
2024-02-22,2024,0,,SAC,SAS,127,122,1
2024-02-23,2024,0,,ATL,TOR,121,123,1
2024-02-23,2024,0,,PHI,CLE,104,97,1
2024-02-23,2024,0,,HOU,PHO,114,110,1
2024-02-23,2024,0,,MEM,LAC,95,101,1
2024-02-23,2024,0,,NOP,MIA,95,106,1
2024-02-23,2024,0,,OKC,WAS,147,106,1
2024-02-23,2024,0,,GSW,CHO,97,84,1
2024-02-23,2024,0,,MIN,MIL,107,112,1
2024-02-23,2024,0,,POR,DEN,112,127,1
2024-02-23,2024,0,,LAL,SAS,123,118,1
2024-02-24,2024,0,,DET,ORL,109,112,1
2024-02-24,2024,0,,NYK,BOS,102,116,1
2024-02-24,2024,0,,MIN,BRK,101,86,1
2024-02-25,2024,0,,PHI,MIL,98,119,1
2024-02-25,2024,0,,PHO,LAL,123,113,1
2024-02-25,2024,0,,IND,DAL,133,111,1
2024-02-25,2024,0,,WAS,CLE,105,114,1
2024-02-25,2024,0,,ATL,ORL,109,92,1
2024-02-25,2024,0,,GSW,DEN,103,119,1
2024-02-25,2024,0,,HOU,OKC,110,123,1
2024-02-25,2024,0,,NOP,CHI,106,114,1
2024-02-25,2024,0,,UTA,SAS,128,109,1
2024-02-25,2024,0,,POR,CHO,80,93,1
2024-02-25,2024,0,,LAC,SAC,107,123,1
2024-02-26,2024,0,,IND,TOR,122,130,1
2024-02-26,2024,0,,NYK,DET,113,111,1
2024-02-26,2024,0,,MEM,BRK,86,111,1
2024-02-26,2024,0,,SAC,MIA,110,121,1
2024-02-27,2024,0,,CLE,DAL,121,119,1
2024-02-27,2024,0,,ORL,BRK,108,81,1
2024-02-27,2024,0,,WAS,GSW,112,123,1
2024-02-27,2024,0,,ATL,UTA,124,97,1
2024-02-27,2024,0,,BOS,PHI,117,99,1
2024-02-27,2024,0,,NYK,NOP,92,115,1
2024-02-27,2024,0,,CHI,DET,95,105,1
2024-02-27,2024,0,,MIL,CHO,123,85,1
2024-02-27,2024,0,,MIN,SAS,114,105,1
2024-02-27,2024,0,,OKC,HOU,112,95,1
2024-02-27,2024,0,,POR,MIA,96,106,1
2024-02-28,2024,0,,IND,NOP,123,114,1
2024-02-28,2024,0,,TOR,DAL,125,136,1
2024-02-28,2024,0,,CHI,CLE,132,123,1
2024-02-28,2024,0,,MIN,MEM,110,101,1
2024-02-28,2024,0,,DEN,SAC,117,96,1
2024-02-28,2024,0,,LAC,LAL,112,116,1
2024-02-29,2024,0,,CHO,MIL,99,111,1
2024-02-29,2024,0,,ORL,UTA,115,107,1
2024-02-29,2024,0,,BRK,ATL,124,97,1
2024-02-29,2024,0,,NYK,GSW,99,110,1
2024-02-29,2024,0,,SAS,OKC,132,118,1
2024-02-29,2024,0,,PHO,HOU,110,105,1
2024-02-29,2024,0,,DEN,MIA,103,97,1
2024-02-29,2024,0,,LAL,WAS,134,131,1
2024-03-01,2024,0,,DET,CLE,100,110,1
2024-03-01,2024,0,,PHI,CHO,121,114,1
2024-03-01,2024,0,,BOS,DAL,138,110,1
2024-03-01,2024,0,,TOR,GSW,105,120,1
2024-03-01,2024,0,,MEM,POR,92,122,1
2024-03-01,2024,0,,MIN,SAC,120,124,1
2024-03-01,2024,0,,NOP,IND,129,102,1
2024-03-01,2024,0,,CHI,MIL,97,113,1
2024-03-01,2024,0,,LAC,WAS,140,115,1
2024-03-02,2024,0,,BRK,ATL,114,102,1
2024-03-02,2024,0,,MIA,UTA,126,120,1
2024-03-02,2024,0,,MEM,POR,100,107,1
2024-03-02,2024,0,,LAL,DEN,114,124,1
2024-03-02,2024,0,,PHO,HOU,109,118,1
2024-03-03,2024,0,,DAL,PHI,116,120,1
2024-03-03,2024,0,,BOS,GSW,140,88,1
2024-03-03,2024,0,,MIN,LAC,88,89,1
2024-03-03,2024,0,,ORL,DET,113,91,1
2024-03-03,2024,0,,TOR,CHO,111,106,1
2024-03-03,2024,0,,CLE,NYK,98,107,1
2024-03-03,2024,0,,SAS,IND,117,105,1
2024-03-03,2024,0,,PHO,OKC,110,118,1
2024-03-04,2024,0,,BRK,MEM,102,106,1
2024-03-04,2024,0,,MIL,LAC,113,106,1
2024-03-04,2024,0,,MIN,POR,119,114,1
2024-03-04,2024,0,,UTA,WAS,127,115,1
2024-03-04,2024,0,,SAC,CHI,109,113,1
2024-03-04,2024,0,,LAL,OKC,116,104,1
2024-03-05,2024,0,,CHO,ORL,89,101,1
2024-03-05,2024,0,,BRK,PHI,112,107,1
2024-03-05,2024,0,,CLE,BOS,105,104,1
2024-03-05,2024,0,,MIA,DET,118,110,1
2024-03-05,2024,0,,NYK,ATL,100,116,1
2024-03-05,2024,0,,TOR,NOP,98,139,1
2024-03-05,2024,0,,HOU,SAS,114,101,1
2024-03-05,2024,0,,DAL,IND,120,137,1
2024-03-05,2024,0,,DEN,PHO,107,117,1
2024-03-06,2024,0,,WAS,ORL,109,119,1
2024-03-06,2024,0,,ATL,CLE,112,101,1
2024-03-06,2024,0,,HOU,LAC,116,122,1
2024-03-06,2024,0,,PHI,MEM,109,115,1
2024-03-06,2024,0,,UTA,CHI,117,119,1
2024-03-06,2024,0,,GSW,MIL,125,90,1
2024-03-06,2024,0,,POR,OKC,120,128,1
2024-03-06,2024,0,,LAL,SAC,120,130,1
2024-03-07,2024,0,,DET,BRK,118,112,1
2024-03-07,2024,0,,IND,MIN,111,113,1
2024-03-07,2024,0,,DAL,MIA,114,108,1
2024-03-07,2024,0,,PHO,TOR,120,113,1
2024-03-07,2024,0,,DEN,BOS,115,109,1
2024-03-07,2024,0,,GSW,CHI,122,125,1
2024-03-07,2024,0,,SAC,SAS,131,129,1
2024-03-08,2024,0,,PHI,NOP,95,103,1
2024-03-08,2024,0,,WAS,CHO,112,100,1
2024-03-08,2024,0,,CLE,MIN,113,104,1
2024-03-08,2024,0,,NYK,ORL,98,74,1
2024-03-08,2024,0,,MEM,ATL,92,99,1
2024-03-08,2024,0,,OKC,MIA,107,100,1
2024-03-08,2024,0,,LAL,MIL,123,122,1
2024-03-08,2024,0,,POR,HOU,107,123,1
2024-03-09,2024,0,,LAC,CHI,112,102,1
2024-03-09,2024,0,,CHO,BRK,110,99,1
2024-03-09,2024,0,,DET,DAL,124,142,1
2024-03-09,2024,0,,GSW,SAS,113,126,1
2024-03-09,2024,0,,PHO,BOS,107,117,1
2024-03-09,2024,0,,DEN,UTA,142,121,1
2024-03-09,2024,0,,POR,TOR,128,118,1
2024-03-10,2024,0,,LAC,MIL,117,124,1
2024-03-10,2024,0,,ATL,NOP,103,116,1
2024-03-10,2024,0,,MIA,WAS,108,110,1
2024-03-10,2024,0,,ORL,IND,97,111,1
2024-03-10,2024,0,,SAC,HOU,104,112,1
2024-03-10,2024,0,,CLE,BRK,101,120,1
2024-03-10,2024,0,,NYK,PHI,73,79,1
2024-03-10,2024,0,,OKC,MEM,124,93,1
2024-03-10,2024,0,,LAL,MIN,120,109,1
2024-03-11,2024,0,,DET,CHO,114,97,1
2024-03-11,2024,0,,CLE,PHO,111,117,1
2024-03-11,2024,0,,CHI,DAL,92,127,1
2024-03-11,2024,0,,SAS,GSW,102,112,1
2024-03-11,2024,0,,DEN,TOR,125,119,1
2024-03-11,2024,0,,POR,BOS,99,121,1
2024-03-12,2024,0,,NYK,PHI,106,79,1
2024-03-12,2024,0,,MEM,WAS,109,97,1
2024-03-12,2024,0,,OKC,IND,111,121,1
2024-03-12,2024,0,,SAS,HOU,101,103,1
2024-03-12,2024,0,,UTA,BOS,107,123,1
2024-03-12,2024,0,,LAC,MIN,100,118,1
2024-03-12,2024,0,,SAC,MIL,129,94,1
2024-03-13,2024,0,,DET,TOR,113,104,1
2024-03-13,2024,0,,ORL,BRK,114,106,1
2024-03-13,2024,0,,IND,CHI,129,132,1
2024-03-13,2024,0,,MIA,DEN,88,100,1
2024-03-13,2024,0,,MEM,CHO,98,110,1
2024-03-13,2024,0,,NOP,CLE,95,116,1
2024-03-13,2024,0,,DAL,GSW,109,99,1
2024-03-13,2024,0,,POR,ATL,106,102,1
2024-03-13,2024,0,,SAC,LAL,120,107,1
2024-03-14,2024,0,,BOS,PHO,127,112,1
2024-03-14,2024,0,,CHI,LAC,111,126,1
2024-03-14,2024,0,,HOU,WAS,135,119,1
2024-03-14,2024,0,,MIL,PHI,114,105,1
2024-03-14,2024,0,,OKC,DAL,126,119,1
2024-03-14,2024,0,,POR,NYK,93,105,1
2024-03-15,2024,0,,CHO,PHO,96,107,1
2024-03-15,2024,0,,DET,MIA,95,108,1
2024-03-15,2024,0,,TOR,ORL,103,113,1
2024-03-15,2024,0,,NOP,LAC,112,104,1
2024-03-15,2024,0,,SAS,DEN,106,117,1
2024-03-15,2024,0,,UTA,ATL,124,122,1
2024-03-16,2024,0,,HOU,CLE,117,103,1
2024-03-16,2024,0,,IND,BRK,121,100,1
2024-03-16,2024,0,,NOP,POR,126,107,1
2024-03-16,2024,0,,PHI,CHO,109,98,1
2024-03-16,2024,0,,CHI,WAS,127,98,1
2024-03-16,2024,0,,MEM,OKC,112,118,1
2024-03-16,2024,0,,LAL,GSW,121,128,1
2024-03-16,2024,0,,UTA,MIN,100,119,1
2024-03-16,2024,0,,SAC,NYK,91,98,1
2024-03-17,2024,1,,BRK,SAS,115,122,0
2024-03-17,2024,0,,MIL,PHO,140,129,1
2024-03-17,2024,0,,DET,MIA,101,104,1
2024-03-17,2024,0,,DAL,DEN,107,105,1
2024-03-17,2024,0,,ORL,TOR,111,96,1
2024-03-17,2024,0,,WAS,BOS,104,130,1
2024-03-17,2024,0,,LAC,ATL,93,110,1
2024-03-18,2024,0,,IND,CLE,103,108,1
2024-03-18,2024,0,,BOS,DET,119,94,1
2024-03-18,2024,0,,PHI,MIA,98,91,1
2024-03-18,2024,0,,CHI,POR,110,107,1
2024-03-18,2024,0,,UTA,MIN,104,114,1
2024-03-18,2024,0,,GSW,NYK,112,119,1
2024-03-18,2024,0,,SAC,MEM,121,111,1
2024-03-18,2024,0,,LAL,ATL,136,105,1
2024-03-19,2024,0,,ORL,CHO,112,92,1
2024-03-19,2024,0,,WAS,HOU,114,137,1
2024-03-19,2024,0,,BRK,NOP,91,104,1
2024-03-19,2024,0,,SAS,DAL,107,113,1
2024-03-19,2024,0,,MIN,DEN,112,115,1
2024-03-20,2024,0,,CLE,MIA,104,107,1
2024-03-20,2024,0,,DET,IND,103,122,1
2024-03-20,2024,0,,BOS,MIL,122,119,1
2024-03-20,2024,0,,TOR,SAC,89,123,1
2024-03-20,2024,0,,OKC,UTA,119,107,1
2024-03-20,2024,0,,GSW,MEM,137,116,1
2024-03-20,2024,0,,PHO,PHI,115,102,1
2024-03-20,2024,0,,POR,LAC,103,116,1
2024-03-21,2024,0,,ORL,NOP,121,106,1
2024-03-21,2024,0,,WAS,SAC,109,102,1
2024-03-21,2024,0,,HOU,CHI,127,117,1
2024-03-21,2024,0,,MIL,BRK,115,108,1
2024-03-21,2024,0,,DAL,UTA,113,97,1
2024-03-21,2024,0,,DEN,NYK,113,100,1
2024-03-21,2024,0,,PHO,ATL,128,115,1
2024-03-22,2024,0,,DET,BOS,102,129,1
2024-03-22,2024,0,,TOR,OKC,103,123,1
2024-03-22,2024,0,,MIA,NOP,88,111,1
2024-03-22,2024,0,,MIN,CLE,104,91,1
2024-03-22,2024,0,,SAS,MEM,97,99,1
2024-03-22,2024,0,,GSW,IND,111,123,1
2024-03-22,2024,0,,POR,LAC,117,125,1
2024-03-22,2024,0,,LAL,PHI,101,94,1
2024-03-23,2024,0,,NYK,BRK,105,93,1
2024-03-23,2024,0,,ORL,SAC,107,109,1
2024-03-23,2024,0,,ATL,CHO,132,91,1
2024-03-23,2024,0,,CHI,BOS,113,124,1
2024-03-23,2024,0,,HOU,UTA,147,119,1
2024-03-23,2024,0,,SAS,PHO,106,131,1
2024-03-23,2024,0,,WAS,TOR,112,109,1
2024-03-23,2024,0,,POR,DEN,111,114,1
2024-03-24,2024,0,,DET,NOP,101,114,1
2024-03-24,2024,0,,LAC,PHI,107,121,1
2024-03-24,2024,0,,MIA,CLE,121,84,1
2024-03-24,2024,0,,MIL,OKC,118,93,1
2024-03-24,2024,0,,MIN,GSW,114,110,1
2024-03-24,2024,0,,LAL,IND,150,145,1
2024-03-25,2024,0,,CLE,CHO,115,92,1
2024-03-25,2024,0,,ATL,BOS,120,118,1
2024-03-25,2024,0,,NYK,DET,124,99,1
2024-03-25,2024,0,,TOR,BRK,88,96,1
2024-03-25,2024,0,,CHI,WAS,105,107,1
2024-03-25,2024,0,,HOU,POR,110,92,1
2024-03-25,2024,0,,SAS,PHO,104,102,1
2024-03-25,2024,0,,DEN,MEM,128,103,1
2024-03-25,2024,0,,UTA,DAL,105,115,1
2024-03-25,2024,0,,SAC,PHI,108,96,1
2024-03-25,2024,0,,LAC,IND,116,133,1
2024-03-26,2024,0,,MIA,GSW,92,113,1
2024-03-26,2024,0,,MIL,LAL,124,128,1
2024-03-26,2024,0,,NOP,OKC,112,119,1
2024-03-26,2024,0,,SAC,DAL,96,132,1
2024-03-27,2024,0,,CHO,CLE,118,111,1
2024-03-27,2024,0,,ORL,GSW,93,101,1
2024-03-27,2024,0,,WAS,BRK,119,122,1
2024-03-27,2024,0,,ATL,POR,120,106,1
2024-03-27,2024,0,,PHI,LAC,107,108,1
2024-03-27,2024,0,,TOR,NYK,101,145,1
2024-03-27,2024,0,,CHI,IND,125,99,1
2024-03-27,2024,0,,MEM,LAL,124,136,1
2024-03-27,2024,0,,MIN,DET,106,91,1
2024-03-27,2024,0,,OKC,HOU,126,132,1
2024-03-27,2024,0,,UTA,SAS,111,118,1
2024-03-27,2024,0,,DEN,PHO,97,104,1
2024-03-28,2024,0,,ATL,BOS,123,122,1
2024-03-28,2024,0,,NOP,MIL,107,100,1
2024-03-29,2024,0,,CHO,GSW,97,115,1
2024-03-29,2024,0,,IND,LAL,109,90,1
2024-03-29,2024,0,,ORL,LAC,97,100,1
2024-03-29,2024,0,,WAS,DET,87,96,1
2024-03-29,2024,0,,BRK,CHI,125,108,1
2024-03-29,2024,0,,CLE,PHI,117,114,1
2024-03-29,2024,0,,MIA,POR,142,82,1
2024-03-29,2024,0,,OKC,PHO,128,103,1
2024-03-29,2024,0,,SAS,NYK,130,126,1
2024-03-29,2024,0,,DEN,MIN,98,111,1
2024-03-29,2024,0,,UTA,HOU,100,101,1
2024-03-29,2024,0,,SAC,DAL,103,107,1
2024-03-30,2024,0,,NOP,BOS,92,104,1
2024-03-30,2024,0,,ORL,MEM,118,88,1
2024-03-30,2024,0,,ATL,MIL,113,122,1
2024-03-31,2024,0,,DEN,CLE,130,101,1
2024-03-31,2024,0,,BRK,LAL,104,116,1
2024-03-31,2024,0,,CHO,LAC,118,130,1
2024-03-31,2024,0,,TOR,PHI,120,135,1
2024-03-31,2024,0,,WAS,MIA,107,119,1
2024-03-31,2024,0,,HOU,DAL,107,125,1
2024-03-31,2024,0,,MIN,CHI,101,109,1
2024-03-31,2024,0,,NYK,OKC,112,113,1
2024-03-31,2024,0,,SAS,GSW,113,117,1
2024-03-31,2024,0,,SAC,UTA,127,106,1
2024-04-01,2024,0,,CHO,BOS,104,118,1
2024-04-01,2024,0,,DET,MEM,108,110,1
2024-04-01,2024,0,,IND,BRK,133,111,1
2024-04-01,2024,0,,ORL,POR,104,103,1
2024-04-01,2024,0,,CHI,ATL,101,113,1
2024-04-01,2024,0,,NOP,PHO,111,124,1
2024-04-02,2024,0,,TOR,LAL,111,128,1
2024-04-02,2024,0,,WAS,MIL,117,113,1
2024-04-02,2024,0,,MIA,NYK,109,99,1
2024-04-02,2024,0,,PHI,OKC,109,105,1
2024-04-02,2024,0,,MIN,HOU,113,106,1
2024-04-02,2024,0,,DEN,SAS,110,105,1
2024-04-02,2024,0,,UTA,CLE,113,129,1
2024-04-02,2024,0,,GSW,DAL,104,100,1
2024-04-02,2024,0,,SAC,LAC,109,95,1
2024-04-03,2024,0,,CHO,POR,86,89,1
2024-04-03,2024,0,,WAS,LAL,120,125,1
2024-04-03,2024,0,,ATL,DET,121,113,1
2024-04-03,2024,0,,BOS,OKC,135,100,1
2024-04-03,2024,0,,BRK,IND,115,111,1
2024-04-03,2024,0,,MIL,MEM,101,111,1
2024-04-03,2024,0,,MIN,TOR,133,85,1
2024-04-03,2024,0,,NOP,ORL,108,117,1
2024-04-03,2024,0,,PHO,CLE,122,101,1
2024-04-04,2024,0,,DAL,ATL,109,95,1
2024-04-04,2024,0,,MIA,PHI,105,109,1
2024-04-04,2024,0,,NYK,SAC,120,109,1
2024-04-04,2024,0,,HOU,GSW,110,133,1
2024-04-04,2024,0,,LAC,DEN,102,100,1
2024-04-05,2024,0,,CHO,ORL,124,115,1
2024-04-05,2024,0,,IND,OKC,126,112,1
2024-04-05,2024,0,,WAS,POR,102,108,1
2024-04-05,2024,0,,BOS,SAC,101,100,1
2024-04-05,2024,0,,CHI,NYK,108,100,1
2024-04-05,2024,0,,HOU,MIA,104,119,1
2024-04-05,2024,0,,MEM,DET,108,90,1
2024-04-05,2024,0,,MIL,TOR,111,117,1
2024-04-05,2024,0,,NOP,SAS,109,111,1
2024-04-05,2024,0,,DAL,GSW,108,106,1
2024-04-05,2024,0,,PHO,MIN,97,87,1
2024-04-05,2024,0,,LAC,UTA,131,102,1
2024-04-06,2024,0,,LAL,CLE,116,97,1
2024-04-06,2024,0,,BRK,DET,113,103,1
2024-04-06,2024,0,,MEM,PHI,96,116,1
2024-04-06,2024,0,,DEN,ATL,142,110,1
2024-04-07,2024,0,,DAL,HOU,147,136,1
2024-04-07,2024,0,,LAC,CLE,120,118,1
2024-04-07,2024,0,,IND,MIA,117,115,1
2024-04-07,2024,0,,BOS,POR,124,107,1
2024-04-07,2024,0,,CHO,OKC,118,121,1
2024-04-07,2024,0,,ORL,CHI,113,98,1
2024-04-07,2024,0,,PHO,NOP,105,113,1
2024-04-07,2024,0,,TOR,WAS,130,122,1
2024-04-07,2024,0,,MIL,NYK,109,122,1
2024-04-07,2024,0,,SAS,PHI,126,133,1
2024-04-07,2024,0,,BRK,SAC,77,107,1
2024-04-07,2024,0,,GSW,UTA,118,110,1
2024-04-07,2024,0,,LAL,MIN,117,127,1
2024-04-09,2024,0,,CHO,DAL,104,130,1
2024-04-09,2024,0,,PHI,DET,120,102,1
2024-04-09,2024,0,,TOR,IND,123,140,1
2024-04-09,2024,0,,ATL,MIA,111,117,1
2024-04-09,2024,0,,MIL,BOS,104,91,1
2024-04-09,2024,0,,CHI,NYK,117,128,1
2024-04-09,2024,0,,HOU,ORL,118,106,1
2024-04-09,2024,0,,MEM,SAS,87,102,1
2024-04-09,2024,0,,MIN,WAS,130,121,1
2024-04-09,2024,0,,OKC,SAC,112,105,1
2024-04-09,2024,0,,UTA,DEN,95,111,1
2024-04-09,2024,0,,LAL,GSW,120,134,1
2024-04-09,2024,0,,PHO,LAC,92,105,1
2024-04-09,2024,0,,POR,NOP,100,110,1
2024-04-10,2024,0,,CLE,MEM,110,98,1
2024-04-10,2024,0,,ATL,CHO,114,115,1
2024-04-10,2024,0,,BRK,TOR,106,102,1
2024-04-10,2024,0,,MIA,DAL,92,111,1
2024-04-10,2024,0,,MIL,ORL,117,99,1
2024-04-10,2024,0,,OKC,SAS,127,89,1
2024-04-10,2024,0,,DEN,MIN,116,107,1
2024-04-10,2024,0,,LAC,PHO,108,124,1
2024-04-11,2024,0,,DET,CHI,105,127,1
2024-04-11,2024,0,,BOS,NYK,109,118,1
2024-04-11,2024,0,,UTA,HOU,124,121,1
2024-04-11,2024,0,,POR,GSW,92,100,1
2024-04-11,2024,0,,SAC,NOP,123,135,1
2024-04-12,2024,0,,PHI,ORL,125,113,1
2024-04-12,2024,0,,WAS,CHI,127,129,1
2024-04-12,2024,0,,BOS,CHO,131,98,1
2024-04-12,2024,0,,CLE,IND,129,120,1
2024-04-12,2024,0,,NYK,BRK,111,107,1
2024-04-12,2024,0,,MEM,LAL,120,123,1
2024-04-12,2024,0,,MIA,TOR,125,103,1
2024-04-12,2024,0,,MIN,ATL,109,106,1
2024-04-12,2024,0,,OKC,MIL,125,107,1
2024-04-12,2024,0,,SAS,DEN,121,120,1
2024-04-12,2024,0,,DAL,DET,89,107,1
2024-04-12,2024,0,,GSW,NOP,109,114,1
2024-04-12,2024,0,,POR,HOU,107,116,1
2024-04-12,2024,0,,LAC,UTA,109,110,1
2024-04-12,2024,0,,SAC,PHO,107,108,1
2024-04-14,2024,0,,BOS,WAS,132,122,1
2024-04-14,2024,0,,CLE,CHO,110,120,1
2024-04-14,2024,0,,IND,ATL,157,115,1
2024-04-14,2024,0,,MIA,TOR,118,103,1
2024-04-14,2024,0,,NYK,CHI,120,119,1
2024-04-14,2024,0,,ORL,MIL,113,88,1
2024-04-14,2024,0,,PHI,BRK,107,86,1
2024-04-14,2024,0,,GSW,UTA,123,116,1
2024-04-14,2024,0,,LAC,HOU,105,116,1
2024-04-14,2024,0,,MEM,DEN,111,126,1
2024-04-14,2024,0,,MIN,PHO,106,125,1
2024-04-14,2024,0,,NOP,LAL,108,124,1
2024-04-14,2024,0,,OKC,DAL,135,86,1
2024-04-14,2024,0,,SAC,POR,121,82,1
2024-04-14,2024,0,,SAS,DET,123,95,1
2024-04-16,2024,0,,NOP,LAL,106,110,1
2024-04-16,2024,0,,SAC,GSW,118,94,1
2024-04-17,2024,0,,PHI,MIA,105,104,1
2024-04-17,2024,0,,CHI,ATL,131,116,1
2024-04-19,2024,0,,MIA,CHI,112,91,1
2024-04-19,2024,0,,NOP,SAC,105,98,1
2024-10-22,2025,0,,BOS,NYK,132,109,1
2024-10-22,2025,0,,LAL,MIN,110,103,1
2024-10-23,2025,0,,ATL,BRK,120,116,1
2024-10-23,2025,0,,DET,IND,109,115,1
2024-10-23,2025,0,,HOU,CHO,105,110,1
2024-10-23,2025,0,,LAC,PHO,113,116,1
2024-10-23,2025,0,,MIA,ORL,97,116,1
2024-10-23,2025,0,,NOP,CHI,123,111,1
2024-10-23,2025,0,,PHI,MIL,109,124,1
2024-10-23,2025,0,,POR,GSW,104,140,1
2024-10-23,2025,0,,TOR,CLE,106,136,1
2024-10-23,2025,0,,UTA,MEM,124,126,1
2024-10-24,2025,0,,DAL,SAS,120,109,1
2024-10-24,2025,0,,DEN,OKC,87,102,1
2024-10-24,2025,0,,SAC,MIN,115,117,1
2024-10-24,2025,0,,WAS,BOS,102,122,1
2024-10-25,2025,0,,ATL,CHO,125,120,1
2024-10-25,2025,0,,CLE,DET,113,101,1
2024-10-25,2025,0,,HOU,MEM,128,108,1
2024-10-25,2025,0,,LAL,PHO,123,116,1
2024-10-25,2025,0,,MIL,CHI,122,133,1
2024-10-25,2025,0,,NYK,IND,123,98,1
2024-10-25,2025,0,,ORL,BRK,116,101,1
2024-10-25,2025,0,,POR,NOP,103,105,1
2024-10-25,2025,0,,TOR,PHI,115,107,1
2024-10-25,2025,0,,UTA,GSW,86,127,1
2024-10-26,2025,0,,CHI,OKC,95,114,1
2024-10-26,2025,0,,CHO,MIA,106,114,1
2024-10-26,2025,0,,DEN,LAC,104,109,1
2024-10-26,2025,0,,DET,BOS,118,124,1
2024-10-26,2025,0,,LAL,SAC,131,127,1
2024-10-26,2025,0,,MEM,ORL,124,111,1
2024-10-26,2025,0,,MIN,TOR,112,101,1
2024-10-26,2025,0,,PHO,DAL,114,102,1
2024-10-26,2025,0,,SAS,HOU,109,106,1
2024-10-26,2025,0,,WAS,CLE,116,135,1
2024-10-27,2025,0,,BRK,MIL,115,102,1
2024-10-27,2025,0,,GSW,LAC,104,112,1
2024-10-27,2025,0,,IND,PHI,114,118,1
2024-10-27,2025,0,,OKC,ATL,128,104,1
2024-10-27,2025,0,,POR,NOP,125,103,1
2024-10-28,2025,0,,ATL,WAS,119,121,1
2024-10-28,2025,0,,BOS,MIL,119,108,1
2024-10-28,2025,0,,DAL,UTA,110,102,1
2024-10-28,2025,0,,MEM,CHI,123,126,1
2024-10-28,2025,0,,MIA,DET,106,98,1
2024-10-28,2025,0,,NYK,CLE,104,110,1
2024-10-28,2025,0,,ORL,IND,119,115,1
2024-10-28,2025,0,,PHO,LAL,109,105,1
2024-10-28,2025,0,,SAC,POR,111,98,1
2024-10-28,2025,0,,SAS,HOU,101,106,1
2024-10-28,2025,0,,TOR,DEN,125,127,1
2024-10-29,2025,0,,BRK,DEN,139,144,1
2024-10-29,2025,0,,GSW,NOP,124,106,1
2024-10-29,2025,0,,MIN,DAL,114,120,1
2024-10-29,2025,0,,UTA,SAC,96,113,1
2024-10-30,2025,0,,CHI,ORL,102,99,1
2024-10-30,2025,0,,CHO,TOR,138,133,1
2024-10-30,2025,0,,CLE,LAL,134,110,1
2024-10-30,2025,0,,GSW,NOP,104,89,1
2024-10-30,2025,0,,IND,BOS,135,132,1
2024-10-30,2025,0,,LAC,POR,105,106,1
2024-10-30,2025,0,,MEM,BRK,106,119,1
2024-10-30,2025,0,,MIA,NYK,107,116,1
2024-10-30,2025,0,,OKC,SAS,105,93,1
2024-10-30,2025,0,,PHI,DET,95,105,1
2024-10-30,2025,0,,WAS,ATL,133,120,1
2024-10-31,2025,0,,DAL,HOU,102,108,1
2024-10-31,2025,0,,LAC,PHO,119,125,1
2024-10-31,2025,0,,MEM,MIL,122,99,1
2024-10-31,2025,0,,UTA,SAS,88,106,1
2024-11-01,2025,0,,ATL,SAC,115,123,1
2024-11-01,2025,0,,BRK,CHI,120,112,1
2024-11-01,2025,0,,CHO,BOS,109,124,1
2024-11-01,2025,0,,CLE,ORL,120,109,1
2024-11-01,2025,0,,DET,NYK,98,128,1
2024-11-01,2025,0,,MIN,DEN,119,116,1
2024-11-01,2025,0,,NOP,IND,125,118,1
2024-11-01,2025,0,,POR,OKC,114,137,1
2024-11-01,2025,0,,TOR,LAL,125,131,1
2024-11-02,2025,0,,CHO,BOS,103,113,1
2024-11-02,2025,0,,DEN,UTA,129,103,1
2024-11-02,2025,0,,HOU,GSW,121,127,1
2024-11-02,2025,0,,LAC,OKC,92,105,1
2024-11-02,2025,0,,MIL,CLE,113,114,1
2024-11-02,2025,0,,PHI,MEM,107,124,1
2024-11-02,2025,0,,PHO,POR,103,97,1
2024-11-02,2025,0,,SAS,MIN,113,103,1
2024-11-02,2025,0,,TOR,SAC,131,128,1
2024-11-02,2025,1,,MIA,WAS,118,98,0
2024-11-03,2025,0,,BRK,DET,92,106,1
2024-11-03,2025,0,,DAL,ORL,108,85,1
2024-11-03,2025,0,,NOP,ATL,111,126,1
2024-11-04,2025,0,,ATL,BOS,93,123,1
2024-11-04,2025,0,,BRK,MEM,106,104,1
2024-11-04,2025,0,,CHI,UTA,126,135,1
2024-11-04,2025,0,,CLE,MIL,116,114,1
2024-11-04,2025,0,,DAL,IND,127,134,1
2024-11-04,2025,0,,DEN,TOR,121,119,1
2024-11-04,2025,0,,DET,LAL,115,103,1
2024-11-04,2025,0,,HOU,NYK,109,97,1
2024-11-04,2025,0,,LAC,SAS,113,104,1
2024-11-04,2025,0,,MIA,SAC,110,111,1
2024-11-04,2025,0,,MIN,CHO,114,93,1
2024-11-04,2025,0,,NOP,POR,100,118,1
2024-11-04,2025,0,,OKC,ORL,102,86,1
2024-11-04,2025,0,,PHO,PHI,118,116,1
2024-11-04,2025,0,,WAS,GSW,112,125,1
2024-11-06,2025,0,,ATL,NYK,121,116,1
2024-11-06,2025,0,,BOS,GSW,112,118,1
2024-11-06,2025,0,,CHO,DET,108,107,1
2024-11-06,2025,0,,DAL,CHI,119,99,1
2024-11-06,2025,0,,DEN,OKC,124,122,1
2024-11-06,2025,0,,HOU,SAS,127,100,1
2024-11-06,2025,0,,IND,ORL,118,111,1
2024-11-06,2025,0,,LAC,PHI,110,98,1
2024-11-06,2025,0,,MEM,LAL,131,114,1
2024-11-06,2025,0,,NOP,CLE,122,131,1
2024-11-06,2025,0,,PHO,MIA,115,112,1
2024-11-06,2025,0,,SAC,TOR,122,107,1
2024-11-07,2025,0,,CHI,MIN,119,135,1
2024-11-07,2025,0,,MIL,UTA,123,100,1
2024-11-07,2025,0,,SAS,POR,118,105,1
2024-11-08,2025,0,,BOS,BRK,108,104,1
2024-11-08,2025,0,,CHO,IND,103,83,1
2024-11-08,2025,0,,CLE,GSW,136,117,1
2024-11-08,2025,0,,DAL,PHO,113,114,1
2024-11-08,2025,0,,DEN,MIA,135,122,1
2024-11-08,2025,0,,DET,ATL,122,121,1
2024-11-08,2025,0,,LAL,PHI,116,106,1
2024-11-08,2025,0,,MEM,WAS,128,104,1
2024-11-08,2025,0,,MIN,POR,127,102,1
2024-11-08,2025,0,,NYK,MIL,116,94,1
2024-11-08,2025,0,,OKC,HOU,126,107,1
2024-11-08,2025,0,,ORL,NOP,115,88,1
2024-11-08,2025,0,,SAC,LAC,98,107,1
2024-11-09,2025,0,,ATL,CHI,113,125,1
2024-11-09,2025,0,,CLE,BRK,105,100,1
2024-11-09,2025,0,,LAC,TOR,105,103,1
2024-11-09,2025,0,,SAS,UTA,110,111,1
2024-11-10,2025,0,,DEN,DAL,122,120,1
2024-11-10,2025,0,,DET,HOU,99,101,1
2024-11-10,2025,0,,IND,NYK,132,121,1
2024-11-10,2025,0,,LAL,TOR,123,103,1
2024-11-10,2025,0,,MIL,BOS,107,113,1
2024-11-10,2025,0,,MIN,MIA,94,95,1
2024-11-10,2025,0,,OKC,GSW,116,127,1
2024-11-10,2025,0,,ORL,WAS,121,94,1
2024-11-10,2025,0,,PHI,CHO,107,105,1
2024-11-10,2025,0,,PHO,SAC,118,127,1
2024-11-10,2025,0,,POR,MEM,89,134,1
2024-11-11,2025,0,,CHI,CLE,113,119,1
2024-11-11,2025,0,,HOU,WAS,107,92,1
2024-11-11,2025,0,,NOP,BRK,105,107,1
2024-11-11,2025,0,,OKC,LAC,134,128,1
2024-11-11,2025,0,,SAS,SAC,116,96,1
2024-11-12,2025,0,,BOS,ATL,116,117,1
2024-11-12,2025,0,,DET,MIA,123,121,1
2024-11-12,2025,0,,GSW,DAL,120,117,1
2024-11-12,2025,0,,MIL,TOR,99,85,1
2024-11-12,2025,0,,ORL,CHO,114,89,1
2024-11-12,2025,0,,PHI,NYK,99,111,1
2024-11-12,2025,0,,POR,MIN,122,108,1
2024-11-12,2025,0,,UTA,PHO,112,120,1
2024-11-13,2025,0,,BRK,BOS,114,139,1
2024-11-13,2025,0,,HOU,LAC,111,103,1
2024-11-13,2025,0,,LAL,MEM,128,123,1
2024-11-13,2025,0,,MIL,DET,127,120,1
2024-11-13,2025,0,,NYK,CHI,123,124,1
2024-11-13,2025,0,,OKC,NOP,106,88,1
2024-11-13,2025,0,,ORL,IND,94,90,1
2024-11-13,2025,0,,PHI,CLE,106,114,1
2024-11-13,2025,0,,POR,MIN,106,98,1
2024-11-13,2025,0,,SAC,PHO,127,104,1
2024-11-13,2025,0,,SAS,WAS,139,130,1
2024-11-14,2025,0,,UTA,DAL,115,113,1
2024-11-15,2025,0,,ATL,WAS,129,117,1
2024-11-15,2025,0,,CLE,CHI,144,126,1
2024-11-15,2025,0,,GSW,MEM,123,118,1
2024-11-15,2025,0,,HOU,LAC,125,104,1
2024-11-15,2025,0,,IND,MIA,111,124,1
2024-11-15,2025,0,,NOP,DEN,101,94,1
2024-11-15,2025,0,,NYK,BRK,124,122,1
2024-11-15,2025,0,,OKC,PHO,99,83,1
2024-11-15,2025,0,,ORL,PHI,98,86,1
2024-11-15,2025,0,,SAC,MIN,126,130,1
2024-11-15,2025,0,,SAS,LAL,115,120,1
2024-11-15,2025,0,,TOR,DET,95,99,1
2024-11-16,2025,0,,BOS,TOR,126,123,1
2024-11-16,2025,0,,CHO,MIL,115,114,1
2024-11-16,2025,0,,DAL,SAS,110,93,1
2024-11-16,2025,0,,NOP,LAL,99,104,1
2024-11-16,2025,0,,SAC,UTA,121,117,1
2024-11-17,2025,0,,CHI,HOU,107,143,1
2024-11-17,2025,0,,CLE,CHO,128,114,1
2024-11-17,2025,0,,IND,MIA,119,110,1
2024-11-17,2025,0,,LAC,UTA,116,105,1
2024-11-17,2025,0,,MEM,DEN,105,90,1
2024-11-17,2025,0,,MIN,PHO,120,117,1
2024-11-17,2025,0,,NYK,BRK,114,104,1
2024-11-17,2025,0,,OKC,DAL,119,121,1
2024-11-17,2025,0,,POR,ATL,114,110,1
2024-11-17,2025,0,,WAS,DET,104,124,1
2024-11-18,2025,0,,DET,CHI,112,122,1
2024-11-18,2025,0,,LAC,GSW,102,99,1
2024-11-18,2025,0,,MIA,PHI,106,89,1
2024-11-18,2025,0,,MIL,HOU,101,100,1
2024-11-18,2025,0,,NYK,WAS,134,106,1
2024-11-18,2025,0,,PHO,ORL,99,109,1
2024-11-18,2025,0,,SAC,ATL,108,109,1
2024-11-18,2025,0,,TOR,IND,130,119,1
2024-11-19,2025,0,,BOS,CLE,120,117,1
2024-11-19,2025,0,,BRK,CHO,116,115,1
2024-11-19,2025,0,,DAL,NOP,132,91,1
2024-11-19,2025,0,,LAL,UTA,124,118,1
2024-11-19,2025,0,,MEM,DEN,110,122,1
2024-11-19,2025,0,,SAS,OKC,110,104,1
2024-11-20,2025,0,,CLE,NOP,128,100,1
2024-11-20,2025,0,,GSW,ATL,120,97,1
2024-11-20,2025,0,,HOU,IND,130,113,1
2024-11-20,2025,0,,LAC,ORL,104,93,1
2024-11-20,2025,0,,MEM,PHI,117,111,1
2024-11-20,2025,0,,MIL,CHI,122,106,1
2024-11-20,2025,0,,OKC,POR,109,99,1
2024-11-20,2025,0,,PHO,NYK,122,138,1
2024-11-21,2025,0,,CHO,DET,123,121,1
2024-11-21,2025,0,,LAL,ORL,118,119,1
2024-11-21,2025,0,,SAS,UTA,126,118,1
2024-11-21,2025,0,,TOR,MIN,110,105,1
2024-11-22,2025,0,,CHI,ATL,136,122,1
2024-11-22,2025,0,,DEN,DAL,120,123,1
2024-11-22,2025,0,,HOU,POR,116,88,1
2024-11-22,2025,0,,LAC,SAC,104,88,1
2024-11-22,2025,1,,IND,MIL,117,129,0
2024-11-22,2025,1,,GSW,NOP,112,108,0
2024-11-22,2025,0,,PHI,BRK,113,98,1
2024-11-22,2025,0,,WAS,BOS,96,108,1
2024-11-23,2025,0,,CHI,MEM,131,142,1
2024-11-23,2025,0,,HOU,POR,98,104,1
2024-11-23,2025,0,,LAL,DEN,102,127,1
2024-11-23,2025,0,,MIL,CHO,125,119,1
2024-11-23,2025,0,,ORL,DET,111,100,1
2024-11-23,2025,0,,SAS,GSW,104,94,1
2024-11-23,2025,0,,UTA,NYK,121,106,1
2024-11-24,2025,0,,BOS,MIN,107,105,1
2024-11-24,2025,0,,CLE,TOR,122,108,1
2024-11-24,2025,0,,IND,WAS,115,103,1
2024-11-24,2025,0,,MIA,DAL,123,118,1
2024-11-24,2025,0,,PHI,LAC,99,125,1
2024-11-24,2025,0,,SAC,BRK,103,108,1
2024-11-25,2025,0,,ATL,DAL,119,129,1
2024-11-25,2025,0,,BOS,LAC,126,94,1
2024-11-25,2025,0,,CHO,ORL,84,95,1
2024-11-25,2025,0,,DEN,NYK,118,145,1
2024-11-25,2025,0,,DET,TOR,102,100,1
2024-11-25,2025,0,,GSW,BRK,120,128,1
2024-11-25,2025,0,,IND,NOP,114,110,1
2024-11-25,2025,0,,MEM,POR,123,98,1
2024-11-25,2025,0,,SAC,OKC,109,130,1
2024-11-26,2025,0,,MIA,MIL,103,106,1
2024-11-26,2025,0,,MIN,HOU,111,117,1
2024-11-26,2025,0,,PHO,LAL,127,100,1
2024-11-26,2025,0,,UTA,SAS,115,128,1
2024-11-26,2025,0,,WAS,CHI,108,127,1
2024-11-27,2025,0,,CHO,MIA,94,98,1
2024-11-27,2025,0,,CLE,ATL,124,135,1
2024-11-27,2025,0,,DAL,NYK,129,114,1
2024-11-27,2025,0,,GSW,OKC,101,105,1
2024-11-27,2025,0,,IND,POR,121,114,1
2024-11-27,2025,0,,MEM,DET,131,111,1
2024-11-27,2025,0,,MIN,SAC,104,115,1
2024-11-27,2025,0,,NOP,TOR,93,119,1
2024-11-27,2025,0,,ORL,CHI,133,119,1
2024-11-27,2025,0,,PHI,HOU,115,122,1
2024-11-27,2025,0,,PHO,BRK,117,127,1
2024-11-27,2025,0,,SAS,LAL,101,119,1
2024-11-27,2025,0,,UTA,DEN,103,122,1
2024-11-27,2025,0,,WAS,LAC,96,121,1
2024-11-29,2025,0,,ATL,CLE,117,101,1
2024-11-29,2025,0,,BRK,ORL,100,123,1
2024-11-29,2025,0,,CHI,BOS,129,138,1
2024-11-29,2025,0,,CHO,NYK,98,99,1
2024-11-29,2025,0,,IND,DET,106,130,1
2024-11-29,2025,0,,LAL,OKC,93,101,1
2024-11-29,2025,0,,MEM,NOP,120,109,1
2024-11-29,2025,0,,MIA,TOR,121,111,1
2024-11-29,2025,0,,MIN,LAC,93,92,1
2024-11-29,2025,0,,POR,SAC,115,106,1
2024-11-30,2025,0,,CHO,ATL,104,107,1
2024-11-30,2025,0,,DET,PHI,96,111,1
2024-11-30,2025,0,,MIL,WAS,124,114,1
2024-11-30,2025,0,,PHO,GSW,113,105,1
2024-11-30,2025,0,,UTA,DAL,94,106,1
2024-12-01,2025,0,,BRK,ORL,92,100,1
2024-12-01,2025,0,,CLE,BOS,115,111,1
2024-12-01,2025,0,,HOU,OKC,119,116,1
2024-12-01,2025,0,,LAC,DEN,126,122,1
2024-12-01,2025,0,,MEM,IND,136,121,1
2024-12-01,2025,0,,NYK,NOP,118,85,1
2024-12-01,2025,0,,POR,DAL,131,137,1
2024-12-01,2025,0,,SAC,SAS,125,127,1
2024-12-01,2025,0,,TOR,MIA,119,116,1
2024-12-01,2025,0,,UTA,LAL,104,105,1
2024-12-02,2025,0,,ATL,NOP,124,112,1
2024-12-02,2025,0,,BOS,MIA,108,89,1
2024-12-02,2025,0,,CHI,BRK,128,102,1
2024-12-02,2025,0,,MIN,LAL,109,80,1
2024-12-03,2025,0,,CHO,PHI,104,110,1
2024-12-03,2025,0,,CLE,WAS,118,87,1
2024-12-03,2025,0,,DAL,MEM,121,116,1
2024-12-03,2025,0,,DEN,GSW,119,115,1
2024-12-03,2025,0,,DET,MIL,107,128,1
2024-12-03,2025,0,,LAC,POR,127,105,1
2024-12-03,2025,0,,NYK,ORL,121,106,1
2024-12-03,2025,0,,OKC,UTA,133,106,1
2024-12-03,2025,0,,PHO,SAS,104,93,1
2024-12-03,2025,0,,SAC,HOU,120,111,1
2024-12-03,2025,0,,TOR,IND,122,111,1
2024-12-04,2025,0,,BOS,DET,130,120,1
2024-12-04,2025,0,,BRK,IND,99,90,1
2024-12-04,2025,0,,LAC,MIN,80,108,1
2024-12-04,2025,0,,MIA,LAL,134,93,1
2024-12-04,2025,0,,MIL,ATL,104,119,1
2024-12-04,2025,0,,PHI,ORL,102,106,1
2024-12-05,2025,0,,CLE,DEN,126,114,1
2024-12-05,2025,0,,GSW,HOU,99,93,1
2024-12-05,2025,0,,MEM,SAC,115,110,1
2024-12-05,2025,0,,NOP,PHO,126,124,1
2024-12-05,2025,0,,NYK,CHO,125,101,1
2024-12-05,2025,0,,SAS,CHI,124,139,1
2024-12-05,2025,0,,TOR,OKC,92,129,1
2024-12-05,2025,0,,WAS,DAL,101,137,1
2024-12-06,2025,0,,ATL,LAL,134,132,1
2024-12-06,2025,0,,BOS,MIL,111,105,1
2024-12-06,2025,0,,CHI,IND,123,132,1
2024-12-06,2025,0,,GSW,MIN,90,107,1
2024-12-06,2025,0,,PHI,ORL,102,94,1
2024-12-06,2025,0,,POR,UTA,99,141,1
2024-12-06,2025,0,,SAS,SAC,113,140,1
2024-12-07,2025,0,,BOS,MEM,121,127,1
2024-12-07,2025,0,,CHO,CLE,102,116,1
2024-12-07,2025,0,,MIA,PHO,121,111,1
2024-12-07,2025,0,,NOP,OKC,109,119,1
2024-12-07,2025,0,,NYK,DET,111,120,1
2024-12-07,2025,0,,TOR,DAL,118,125,1
2024-12-07,2025,0,,WAS,DEN,122,113,1
2024-12-08,2025,0,,ATL,DEN,111,141,1
2024-12-08,2025,0,,BRK,MIL,113,118,1
2024-12-08,2025,0,,CHI,PHI,100,108,1
2024-12-08,2025,0,,GSW,MIN,114,106,1
2024-12-08,2025,0,,IND,CHO,109,113,1
2024-12-08,2025,0,,LAC,HOU,106,117,1
2024-12-08,2025,0,,LAL,POR,107,98,1
2024-12-08,2025,0,,MIA,CLE,122,113,1
2024-12-08,2025,0,,ORL,PHO,115,110,1
2024-12-08,2025,0,,SAC,UTA,141,97,1
2024-12-08,2025,0,,SAS,NOP,121,116,1
2024-12-08,2025,0,,WAS,MEM,112,140,1
2024-12-09,2025,0,,TOR,NYK,108,113,1
2024-12-10,2025,0,,MIL,ORL,114,109,1
2024-12-10,2025,0,,OKC,DAL,118,104,1
2024-12-11,2025,0,,HOU,GSW,91,90,1
2024-12-11,2025,0,,NYK,ATL,100,108,1
2024-12-12,2025,0,,BOS,DET,123,99,1
2024-12-12,2025,0,,MIA,TOR,114,104,1
2024-12-12,2025,0,,NOP,SAC,109,111,1
2024-12-13,2025,0,,CHI,CHO,109,95,1
2024-12-13,2025,0,,CLE,WAS,115,105,1
2024-12-13,2025,0,,DEN,LAC,120,98,1
2024-12-13,2025,0,,MEM,BRK,135,119,1
2024-12-13,2025,0,,MIN,LAL,97,87,1
2024-12-13,2025,0,,PHI,IND,107,121,1
2024-12-13,2025,0,,POR,SAS,116,118,1
2024-12-13,2025,0,,UTA,PHO,126,134,1
2024-12-14,2025,1,,ATL,MIL,102,110,0
2024-12-14,2025,1,,HOU,OKC,96,111,0
2024-12-15,2025,0,,GSW,DAL,133,143,1
2024-12-15,2025,0,,IND,NOP,119,104,1
2024-12-15,2025,0,,LAL,MEM,116,110,1
2024-12-15,2025,0,,ORL,NYK,91,100,1
2024-12-15,2025,0,,PHO,POR,116,109,1
2024-12-15,2025,0,,SAS,MIN,92,106,1
2024-12-15,2025,0,,WAS,BOS,98,112,1
2024-12-16,2025,0,,BRK,CLE,101,130,1
2024-12-16,2025,0,,CHO,PHI,108,121,1
2024-12-16,2025,0,,DET,MIA,125,124,1
2024-12-16,2025,0,,LAC,UTA,144,107,1
2024-12-16,2025,0,,SAC,DEN,129,130,1
2024-12-16,2025,0,,TOR,CHI,121,122,1
2024-12-17,2025,1,,MIL,OKC,97,81,0
2024-12-19,2025,0,,BOS,CHI,108,117,1
2024-12-19,2025,0,,DAL,LAC,95,118,1
2024-12-19,2025,0,,DET,UTA,119,126,1
2024-12-19,2025,0,,HOU,NOP,133,113,1
2024-12-19,2025,0,,MEM,GSW,144,93,1
2024-12-19,2025,0,,MIN,NYK,107,133,1
2024-12-19,2025,0,,ORL,OKC,99,105,1
2024-12-19,2025,0,,PHO,IND,111,120,1
2024-12-19,2025,0,,POR,DEN,126,124,1
2024-12-19,2025,0,,SAC,LAL,100,113,1
2024-12-19,2025,0,,SAS,ATL,133,126,1
2024-12-19,2025,0,,TOR,BRK,94,101,1
2024-12-19,2025,0,,WAS,CHO,123,114,1
2024-12-20,2025,0,,CLE,MIL,124,101,1
2024-12-20,2025,0,,MIA,OKC,97,104,1
2024-12-20,2025,0,,PHI,CHO,108,98,1
2024-12-21,2025,0,,ATL,MEM,112,128,1
2024-12-21,2025,0,,BRK,UTA,94,105,1
2024-12-21,2025,0,,CHI,BOS,98,123,1
2024-12-21,2025,0,,CLE,PHI,126,99,1
2024-12-21,2025,0,,DAL,LAC,113,97,1
2024-12-21,2025,0,,MIL,WAS,112,101,1
2024-12-21,2025,0,,MIN,GSW,103,113,1
2024-12-21,2025,0,,NOP,NYK,93,104,1
2024-12-21,2025,0,,ORL,MIA,121,114,1
2024-12-21,2025,0,,PHO,DET,125,133,1
2024-12-21,2025,0,,SAC,LAL,99,103,1
2024-12-21,2025,0,,SAS,POR,114,94,1
2024-12-22,2025,0,,NOP,DEN,129,132,1
2024-12-22,2025,0,,SAC,IND,95,122,1
2024-12-22,2025,0,,TOR,HOU,110,114,1
2024-12-23,2025,0,,ATL,MIN,117,104,1
2024-12-23,2025,0,,CHI,MIL,91,112,1
2024-12-23,2025,0,,CHO,HOU,101,114,1
2024-12-23,2025,0,,CLE,UTA,124,113,1
2024-12-23,2025,0,,DAL,POR,132,108,1
2024-12-23,2025,0,,DEN,PHO,117,90,1
2024-12-23,2025,0,,GSW,IND,105,111,1
2024-12-23,2025,0,,LAL,DET,114,117,1
2024-12-23,2025,0,,MEM,LAC,110,114,1
2024-12-23,2025,0,,MIA,BRK,110,95,1
2024-12-23,2025,0,,NYK,TOR,139,125,1
2024-12-23,2025,0,,OKC,WAS,123,105,1
2024-12-23,2025,0,,ORL,BOS,108,104,1
2024-12-23,2025,0,,PHI,SAS,111,106,1
2024-12-25,2025,0,,BOS,PHI,114,118,1
2024-12-25,2025,0,,DAL,MIN,99,105,1
2024-12-25,2025,0,,GSW,LAL,113,115,1
2024-12-25,2025,0,,NYK,SAS,117,114,1
2024-12-25,2025,0,,PHO,DEN,110,100,1
2024-12-26,2025,0,,ATL,CHI,141,133,1
2024-12-26,2025,0,,IND,OKC,114,120,1
2024-12-26,2025,0,,MEM,TOR,155,126,1
2024-12-26,2025,0,,MIL,BRK,105,111,1
2024-12-26,2025,0,,NOP,HOU,111,128,1
2024-12-26,2025,0,,ORL,MIA,88,89,1
2024-12-26,2025,0,,POR,UTA,122,120,1
2024-12-26,2025,0,,SAC,DET,113,114,1
2024-12-26,2025,0,,WAS,CHO,113,110,1
2024-12-27,2025,0,,BOS,IND,142,105,1
2024-12-27,2025,0,,BRK,SAS,87,96,1
2024-12-27,2025,0,,DEN,CLE,135,149,1
2024-12-27,2025,0,,HOU,MIN,112,113,1
2024-12-27,2025,0,,LAC,GSW,102,92,1
2024-12-27,2025,0,,NOP,MEM,124,132,1
2024-12-27,2025,0,,ORL,NYK,85,108,1
2024-12-27,2025,0,,PHO,DAL,89,98,1
2024-12-28,2025,0,,ATL,MIA,120,110,1
2024-12-28,2025,0,,CHI,MIL,116,111,1
2024-12-28,2025,0,,CHO,OKC,94,106,1
2024-12-28,2025,0,,DEN,DET,134,121,1
2024-12-28,2025,0,,GSW,PHO,109,105,1
2024-12-28,2025,0,,LAL,SAC,132,122,1
2024-12-28,2025,0,,POR,DAL,126,122,1
2024-12-28,2025,0,,UTA,PHI,111,114,1
2024-12-28,2025,0,,WAS,NYK,132,136,1
2024-12-29,2025,0,,BOS,IND,114,123,1
2024-12-29,2025,0,,HOU,MIA,100,104,1
2024-12-29,2025,0,,MIN,SAS,112,110,1
2024-12-29,2025,0,,OKC,MEM,130,106,1
2024-12-29,2025,0,,ORL,BRK,102,101,1
2024-12-29,2025,0,,TOR,ATL,107,136,1
2024-12-30,2025,0,,CHO,CHI,108,115,1
2024-12-30,2025,0,,GSW,CLE,95,113,1
2024-12-30,2025,0,,NOP,LAC,113,116,1
2024-12-30,2025,0,,POR,PHI,103,125,1
2024-12-30,2025,0,,SAC,DAL,110,100,1
2024-12-30,2025,0,,UTA,DEN,121,132,1
2024-12-30,2025,0,,WAS,NYK,106,126,1
2024-12-31,2025,0,,BOS,TOR,125,71,1
2024-12-31,2025,0,,IND,MIL,112,120,1
2024-12-31,2025,0,,LAL,CLE,110,122,1
2024-12-31,2025,0,,OKC,MIN,113,105,1
2024-12-31,2025,0,,PHO,MEM,112,117,1
2024-12-31,2025,0,,SAS,LAC,122,86,1
2025-01-01,2025,0,,DEN,ATL,139,120,1
2025-01-01,2025,0,,DET,ORL,105,96,1
2025-01-01,2025,0,,HOU,DAL,110,99,1
2025-01-01,2025,0,,MIA,NOP,119,108,1
2025-01-01,2025,0,,NYK,UTA,119,103,1
2025-01-01,2025,0,,SAC,PHI,113,107,1
2025-01-01,2025,0,,TOR,BRK,130,113,1
2025-01-01,2025,0,,WAS,CHI,125,107,1
2025-01-02,2025,0,,GSW,PHI,139,105,1
2025-01-02,2025,0,,LAL,POR,114,106,1
2025-01-02,2025,0,,MIA,IND,115,128,1
2025-01-02,2025,0,,MIL,BRK,110,113,1
2025-01-02,2025,0,,MIN,BOS,115,118,1
2025-01-02,2025,0,,OKC,LAC,116,98,1
2025-01-03,2025,0,,DAL,CLE,122,134,1
2025-01-03,2025,0,,DEN,SAS,110,113,1
2025-01-03,2025,0,,DET,CHO,98,94,1
2025-01-03,2025,0,,HOU,BOS,86,109,1
2025-01-03,2025,0,,LAL,ATL,119,102,1
2025-01-03,2025,0,,NOP,WAS,132,120,1
2025-01-03,2025,0,,OKC,NYK,117,107,1
2025-01-03,2025,0,,SAC,MEM,138,133,1
2025-01-03,2025,0,,TOR,ORL,97,106,1
2025-01-04,2025,0,,BRK,PHI,94,123,1
2025-01-04,2025,0,,CHI,NYK,139,126,1
2025-01-04,2025,0,,DET,MIN,119,105,1
2025-01-04,2025,0,,GSW,MEM,121,113,1
2025-01-04,2025,0,,IND,PHO,126,108,1
2025-01-04,2025,0,,LAC,ATL,131,105,1
2025-01-04,2025,0,,MIA,UTA,100,136,1
2025-01-04,2025,0,,MIL,POR,102,105,1
2025-01-04,2025,0,,SAS,DEN,111,122,1
2025-01-05,2025,0,,CLE,CHO,115,105,1
2025-01-05,2025,0,,GSW,SAC,99,129,1
2025-01-05,2025,0,,HOU,LAL,119,115,1
2025-01-05,2025,0,,OKC,BOS,105,92,1
2025-01-05,2025,0,,ORL,UTA,92,105,1
2025-01-05,2025,0,,WAS,NOP,98,110,1
2025-01-06,2025,0,,BRK,IND,99,113,1
2025-01-06,2025,0,,CHI,SAS,114,110,1
2025-01-06,2025,0,,DET,POR,118,115,1
2025-01-06,2025,0,,MEM,DAL,119,104,1
2025-01-06,2025,0,,MIN,LAC,108,106,1
2025-01-06,2025,0,,NYK,ORL,94,103,1
2025-01-06,2025,0,,PHI,PHO,99,109,1
2025-01-06,2025,0,,SAC,MIA,123,118,1
2025-01-06,2025,0,,TOR,MIL,104,128,1
2025-01-07,2025,0,,CHO,PHO,115,104,1
2025-01-07,2025,0,,DAL,LAL,118,97,1
2025-01-07,2025,0,,DEN,BOS,106,118,1
2025-01-07,2025,0,,GSW,MIA,98,114,1
2025-01-07,2025,0,,NOP,MIN,97,104,1
2025-01-07,2025,0,,UTA,ATL,121,124,1
2025-01-07,2025,0,,WAS,HOU,112,135,1
2025-01-08,2025,0,,BRK,DET,98,113,1
2025-01-08,2025,0,,CLE,OKC,129,122,1
2025-01-08,2025,0,,DEN,LAC,126,103,1
2025-01-08,2025,0,,IND,CHI,129,113,1
2025-01-08,2025,0,,MIL,SAS,121,105,1
2025-01-08,2025,0,,NOP,POR,100,119,1
2025-01-08,2025,0,,NYK,TOR,112,98,1
2025-01-08,2025,0,,PHI,WAS,109,103,1
2025-01-09,2025,0,,CLE,TOR,132,126,1
2025-01-09,2025,0,,DAL,POR,117,111,1
2025-01-09,2025,0,,DET,GSW,104,107,1
2025-01-09,2025,0,,MEM,HOU,115,119,1
2025-01-09,2025,0,,ORL,MIN,89,104,1
2025-01-09,2025,0,,PHO,ATL,123,115,1
2025-01-09,2025,0,,UTA,MIA,92,97,1
2025-01-10,2025,0,,BOS,SAC,97,114,1
2025-01-10,2025,0,,CHI,WAS,138,105,1
2025-01-10,2025,0,,DEN,BRK,124,105,1
2025-01-10,2025,0,,IND,GSW,108,96,1
2025-01-10,2025,0,,NYK,OKC,101,126,1
2025-01-10,2025,0,,ORL,MIL,106,109,1
2025-01-10,2025,0,,PHI,NOP,115,123,1
2025-01-11,2025,0,,DET,TOR,123,114,1
2025-01-11,2025,0,,MIN,MEM,125,127,1
2025-01-11,2025,0,,PHO,UTA,114,106,1
2025-01-11,2025,0,,POR,MIA,98,119,1
2025-01-12,2025,0,,BOS,NOP,120,119,1
2025-01-12,2025,0,,CHI,SAC,119,124,1
2025-01-12,2025,0,,CLE,IND,93,108,1
2025-01-12,2025,0,,DAL,DEN,101,112,1
2025-01-12,2025,0,,NYK,MIL,140,106,1
2025-01-12,2025,0,,ORL,PHI,104,99,1
2025-01-12,2025,0,,PHO,CHO,120,113,1
2025-01-12,2025,0,,UTA,BRK,112,111,1
2025-01-12,2025,0,,WAS,OKC,95,136,1
2025-01-13,2025,0,,HOU,MEM,120,118,1
2025-01-13,2025,0,,LAC,MIA,109,98,1
2025-01-13,2025,0,,LAL,SAS,102,126,1
2025-01-13,2025,0,,NYK,DET,119,124,1
2025-01-13,2025,0,,TOR,GSW,104,101,1
2025-01-13,2025,0,,WAS,MIN,106,120,1
2025-01-14,2025,0,,ATL,PHO,122,117,1
2025-01-14,2025,0,,CHI,NOP,113,119,1
2025-01-14,2025,0,,DAL,DEN,99,118,1
2025-01-14,2025,0,,IND,CLE,117,127,1
2025-01-14,2025,0,,MIL,SAC,130,115,1
2025-01-14,2025,0,,PHI,OKC,102,118,1
2025-01-14,2025,0,,POR,BRK,114,132,1
2025-01-15,2025,0,,CHI,ATL,94,110,1
2025-01-15,2025,0,,DEN,HOU,108,128,1
2025-01-15,2025,0,,LAC,BRK,126,67,1
2025-01-15,2025,0,,LAL,MIA,117,108,1
2025-01-15,2025,0,,MIL,ORL,122,93,1
2025-01-15,2025,0,,MIN,GSW,115,116,1
2025-01-15,2025,0,,NOP,DAL,119,116,1
2025-01-15,2025,0,,PHI,NYK,119,125,1
2025-01-15,2025,0,,SAS,MEM,115,129,1
2025-01-15,2025,0,,TOR,BOS,110,97,1
2025-01-15,2025,0,,UTA,CHO,112,117,1
2025-01-16,2025,0,,DET,IND,100,111,1
2025-01-16,2025,0,,OKC,CLE,134,114,1
2025-01-16,2025,0,,POR,LAC,89,118,1
2025-01-16,2025,0,,SAC,HOU,132,127,1
2025-01-16,2025,0,,WAS,PHO,123,130,1
2025-01-17,2025,0,,BOS,ORL,121,94,1
2025-01-17,2025,0,,CHI,CHO,123,125,1
2025-01-17,2025,0,,DAL,OKC,106,98,1
2025-01-17,2025,0,,LAL,BRK,102,101,1
2025-01-17,2025,0,,MIA,DEN,113,133,1
2025-01-17,2025,0,,MIL,TOR,130,112,1
2025-01-17,2025,0,,NOP,UTA,136,123,1
2025-01-17,2025,0,,NYK,MIN,99,116,1
2025-01-17,2025,0,,SAS,MEM,112,140,1
2025-01-18,2025,0,,BOS,ATL,115,119,1
2025-01-18,2025,0,,DET,PHO,121,125,1
2025-01-18,2025,0,,GSW,WAS,122,114,1
2025-01-18,2025,0,,IND,PHI,115,102,1
2025-01-18,2025,0,,MIN,CLE,117,124,1
2025-01-18,2025,0,,POR,HOU,103,125,1
2025-01-19,2025,0,,LAC,LAL,116,102,1
2025-01-19,2025,0,,MIA,SAS,128,107,1
2025-01-19,2025,0,,MIL,PHI,123,109,1
2025-01-19,2025,0,,OKC,BRK,127,101,1
2025-01-19,2025,0,,ORL,DEN,100,113,1
2025-01-19,2025,0,,POR,CHI,113,102,1
2025-01-19,2025,0,,SAC,WAS,123,100,1
2025-01-20,2025,0,,CHO,DAL,110,105,1
2025-01-20,2025,0,,CLE,PHO,118,92,1
2025-01-20,2025,0,,GSW,BOS,85,125,1
2025-01-20,2025,0,,HOU,DET,96,107,1
2025-01-20,2025,0,,LAC,CHI,99,112,1
2025-01-20,2025,0,,MEM,MIN,108,106,1
2025-01-20,2025,0,,NOP,UTA,123,119,1
2025-01-20,2025,0,,NYK,ATL,119,110,1
2025-01-21,2025,0,,BRK,NYK,95,99,1
2025-01-21,2025,0,,DEN,PHI,144,109,1
2025-01-21,2025,0,,LAL,WAS,111,88,1
2025-01-21,2025,0,,MIA,POR,107,116,1
2025-01-21,2025,0,,TOR,ORL,109,93,1
2025-01-22,2025,0,,ATL,DET,104,114,1
2025-01-22,2025,0,,BRK,PHO,84,108,1
2025-01-22,2025,0,,DAL,MIN,114,115,1
2025-01-22,2025,0,,HOU,CLE,109,108,1
2025-01-22,2025,0,,LAC,BOS,113,117,1
2025-01-22,2025,0,,MEM,CHO,132,120,1
2025-01-22,2025,0,,OKC,UTA,123,114,1
2025-01-22,2025,0,,SAC,GSW,123,117,1
2025-01-23,2025,0,,ATL,TOR,119,122,1
2025-01-23,2025,0,,DEN,SAC,132,123,1
2025-01-23,2025,0,,GSW,CHI,131,106,1
2025-01-23,2025,1,,IND,SAS,110,140,0
2025-01-23,2025,0,,LAC,WAS,110,93,1
2025-01-23,2025,0,,LAL,BOS,117,96,1
2025-01-23,2025,0,,MIL,MIA,125,96,1
2025-01-23,2025,0,,OKC,DAL,115,121,1
2025-01-23,2025,0,,ORL,POR,79,101,1
2025-01-24,2025,0,,CHO,POR,97,102,1
2025-01-24,2025,0,,MEM,NOP,139,126,1
2025-01-24,2025,0,,PHI,CLE,132,129,1
2025-01-25,2025,0,,ATL,TOR,94,117,1
2025-01-25,2025,0,,BRK,MIA,97,106,1
2025-01-25,2025,0,,CHI,PHI,97,109,1
2025-01-25,2025,0,,CHO,NOP,123,92,1
2025-01-25,2025,0,,CLE,HOU,131,135,1
2025-01-25,2025,0,,DAL,BOS,107,122,1
2025-01-25,2025,0,,GSW,LAL,108,118,1
2025-01-25,2025,0,,LAC,MIL,127,117,1
2025-01-25,2025,0,,MEM,UTA,125,103,1
2025-01-25,2025,0,,MIN,DEN,133,104,1
2025-01-25,2025,0,,NYK,SAC,143,120,1
2025-01-25,2025,0,,ORL,DET,121,113,1
2025-01-25,2025,0,,PHO,WAS,119,109,1
2025-01-25,2025,1,,IND,SAS,136,98,0
2025-01-26,2025,0,,POR,OKC,108,118,1
2025-01-27,2025,0,,BOS,HOU,112,114,1
2025-01-27,2025,0,,BRK,SAC,96,110,1
2025-01-27,2025,0,,CHI,DEN,129,121,1
2025-01-27,2025,0,,CHO,LAL,107,112,1
2025-01-27,2025,0,,CLE,DET,110,91,1
2025-01-27,2025,0,,DAL,WAS,130,108,1
2025-01-27,2025,0,,MIA,ORL,125,119,1
2025-01-27,2025,0,,MIN,ATL,100,92,1
2025-01-27,2025,0,,NYK,MEM,143,106,1
2025-01-27,2025,0,,PHO,LAC,111,109,1
2025-01-27,2025,0,,TOR,NOP,113,104,1
2025-01-27,2025,0,,UTA,MIL,110,125,1
2025-01-28,2025,0,,ATL,HOU,96,100,1
2025-01-28,2025,0,,GSW,UTA,114,103,1
2025-01-28,2025,0,,PHI,LAL,118,104,1
2025-01-28,2025,0,,POR,MIL,125,112,1
2025-01-29,2025,0,,BOS,CHI,122,100,1
2025-01-29,2025,0,,CHO,BRK,83,104,1
2025-01-29,2025,0,,GSW,OKC,116,109,1
2025-01-29,2025,0,,IND,DET,133,119,1
2025-01-29,2025,0,,MIA,CLE,106,126,1
2025-01-29,2025,0,,NOP,DAL,136,137,1
2025-01-29,2025,0,,NYK,DEN,122,112,1
2025-01-29,2025,0,,PHI,SAC,117,104,1
2025-01-29,2025,0,,PHO,MIN,113,121,1
2025-01-29,2025,0,,SAS,LAC,116,128,1
2025-01-29,2025,0,,WAS,TOR,82,106,1
2025-01-30,2025,0,,CLE,ATL,137,115,1
2025-01-30,2025,0,,MEM,HOU,120,119,1
2025-01-30,2025,0,,POR,ORL,119,90,1
2025-01-30,2025,0,,UTA,MIN,113,138,1
2025-01-30,2025,0,,WAS,LAL,96,134,1
2025-01-31,2025,0,,CHO,LAC,104,112,1
2025-01-31,2025,0,,DET,DAL,117,102,1
2025-01-31,2025,0,,GSW,PHO,105,130,1
2025-01-31,2025,0,,NOP,BOS,116,118,1
2025-01-31,2025,0,,PHI,DEN,134,137,1
2025-01-31,2025,0,,SAS,MIL,144,118,1
2025-01-31,2025,0,,TOR,CHI,106,122,1
2025-02-01,2025,0,,CHO,DEN,104,107,1
2025-02-01,2025,0,,HOU,BRK,98,110,1
2025-02-01,2025,0,,IND,ATL,132,127,1
2025-02-01,2025,0,,MIN,WAS,103,105,1
2025-02-01,2025,0,,NYK,LAL,112,128,1
2025-02-01,2025,0,,OKC,SAC,144,110,1
2025-02-01,2025,0,,POR,PHO,127,108,1
2025-02-01,2025,0,,SAS,MIA,103,105,1
2025-02-01,2025,0,,UTA,ORL,113,99,1
2025-02-02,2025,0,,CLE,DAL,144,101,1
2025-02-02,2025,0,,DET,CHI,127,119,1
2025-02-02,2025,0,,MIL,MEM,119,132,1
2025-02-02,2025,0,,PHI,BOS,110,118,1
2025-02-02,2025,0,,TOR,LAC,115,108,1
2025-02-03,2025,0,,CHO,WAS,114,124,1
2025-02-03,2025,0,,DEN,NOP,125,113,1
2025-02-03,2025,0,,DET,ATL,130,132,1
2025-02-03,2025,0,,GSW,ORL,104,99,1
2025-02-03,2025,0,,MEM,SAS,128,109,1
2025-02-03,2025,0,,MIN,SAC,114,116,1
2025-02-03,2025,0,,NYK,HOU,124,118,1
2025-02-03,2025,0,,OKC,MIL,125,96,1
2025-02-03,2025,0,,POR,PHO,121,119,1
2025-02-03,2025,0,,UTA,IND,111,112,1
2025-02-04,2025,0,,BRK,HOU,99,97,1
2025-02-04,2025,0,,CHI,MIA,133,124,1
2025-02-04,2025,0,,CLE,BOS,105,112,1
2025-02-04,2025,0,,LAC,LAL,97,122,1
2025-02-04,2025,0,,PHI,DAL,118,116,1
2025-02-04,2025,0,,POR,IND,112,89,1
2025-02-04,2025,0,,TOR,NYK,115,121,1
2025-02-05,2025,0,,ATL,SAS,125,126,1
2025-02-05,2025,0,,BRK,WAS,102,119,1
2025-02-05,2025,0,,CHO,MIL,102,112,1
2025-02-05,2025,0,,DEN,NOP,144,119,1
2025-02-05,2025,0,,DET,CLE,115,118,1
2025-02-05,2025,0,,MIN,CHI,127,108,1
2025-02-05,2025,0,,OKC,PHO,140,109,1
2025-02-05,2025,0,,PHI,MIA,101,108,1
2025-02-05,2025,0,,SAC,ORL,111,130,1
2025-02-05,2025,0,,TOR,MEM,107,138,1
2025-02-05,2025,0,,UTA,GSW,131,128,1
2025-02-06,2025,0,,BOS,DAL,120,127,1
2025-02-06,2025,0,,DEN,ORL,112,90,1
2025-02-06,2025,0,,LAC,IND,112,119,1
2025-02-06,2025,0,,LAL,GSW,120,112,1
2025-02-06,2025,0,,MIN,HOU,127,114,1
2025-02-06,2025,0,,POR,SAC,108,102,1
2025-02-07,2025,0,,ATL,MIL,115,110,1
2025-02-07,2025,0,,BRK,MIA,102,86,1
2025-02-07,2025,0,,CHO,SAS,117,116,1
2025-02-07,2025,0,,DET,PHI,125,112,1
2025-02-07,2025,0,,OKC,TOR,121,109,1
2025-02-07,2025,0,,PHO,UTA,135,127,1
2025-02-07,2025,0,,WAS,CLE,124,134,1
2025-02-08,2025,0,,CHI,GSW,111,132,1
2025-02-08,2025,0,,DAL,HOU,116,105,1
2025-02-08,2025,0,,LAC,UTA,130,110,1
2025-02-08,2025,0,,LAL,IND,124,117,1
2025-02-08,2025,0,,MEM,OKC,112,125,1
2025-02-08,2025,0,,MIN,POR,114,98,1
2025-02-08,2025,0,,NYK,BOS,104,131,1
2025-02-08,2025,0,,ORL,SAS,112,111,1
2025-02-08,2025,0,,PHO,DEN,105,122,1
2025-02-08,2025,0,,SAC,NOP,123,118,1
2025-02-08,2025,0,,WAS,ATL,111,125,1
2025-02-09,2025,0,,DET,CHO,112,102,1
2025-02-09,2025,0,,HOU,TOR,94,87,1
2025-02-09,2025,0,,MIL,PHI,135,127,1
2025-02-10,2025,0,,BRK,CHO,97,89,1
2025-02-10,2025,0,,CLE,MIN,128,107,1
2025-02-10,2025,0,,DAL,SAC,128,129,1
2025-02-10,2025,0,,DEN,POR,146,117,1
2025-02-10,2025,0,,LAL,UTA,132,113,1
2025-02-10,2025,0,,MIA,BOS,85,103,1
2025-02-10,2025,0,,MIL,GSW,111,125,1
2025-02-10,2025,0,,OKC,NOP,137,101,1
2025-02-10,2025,0,,ORL,ATL,106,112,1
2025-02-10,2025,0,,WAS,SAS,121,131,1
2025-02-11,2025,0,,CHI,DET,92,132,1
2025-02-11,2025,0,,IND,NYK,115,128,1
2025-02-11,2025,0,,PHI,TOR,103,106,1
2025-02-11,2025,0,,PHO,MEM,112,119,1
2025-02-12,2025,0,,BOS,SAS,116,103,1
2025-02-12,2025,0,,BRK,PHI,100,96,1
2025-02-12,2025,0,,CHI,DET,110,128,1
2025-02-12,2025,0,,DAL,GSW,111,107,1
2025-02-12,2025,0,,DEN,POR,132,121,1
2025-02-12,2025,0,,HOU,PHO,119,111,1
2025-02-12,2025,0,,LAC,MEM,128,114,1
2025-02-12,2025,0,,MIN,MIL,101,103,1
2025-02-12,2025,0,,NOP,SAC,111,119,1
2025-02-12,2025,0,,NYK,ATL,149,148,1
2025-02-12,2025,0,,OKC,MIA,115,101,1
2025-02-12,2025,0,,ORL,CHO,102,86,1
2025-02-12,2025,0,,TOR,CLE,108,131,1
2025-02-12,2025,0,,UTA,LAL,131,119,1
2025-02-12,2025,0,,WAS,IND,130,134,1
2025-02-13,2025,0,,DAL,MIA,118,113,1
2025-02-13,2025,0,,HOU,GSW,98,105,1
2025-02-13,2025,0,,MIN,OKC,116,101,1
2025-02-13,2025,0,,NOP,SAC,140,133,1
2025-02-13,2025,0,,UTA,LAC,116,120,1
2025-02-19,2025,0,,LAL,CHO,97,100,1
2025-02-20,2025,0,,ATL,ORL,108,114,1
2025-02-20,2025,0,,BRK,CLE,97,110,1
2025-02-20,2025,0,,DEN,CHO,129,115,1
2025-02-20,2025,0,,IND,MEM,127,113,1
2025-02-20,2025,0,,MIL,LAC,116,110,1
2025-02-20,2025,0,,NYK,CHI,113,111,1
2025-02-20,2025,0,,PHI,BOS,104,124,1
2025-02-20,2025,0,,POR,LAL,102,110,1
2025-02-20,2025,1,,PHO,SAS,109,120,0
2025-02-21,2025,0,,CLE,NYK,142,105,1
2025-02-21,2025,0,,DAL,NOP,111,103,1
2025-02-21,2025,0,,HOU,MIN,121,115,1
2025-02-21,2025,0,,ORL,MEM,104,105,1
2025-02-21,2025,0,,SAC,GSW,108,132,1
2025-02-21,2025,1,,DET,SAS,125,110,0
2025-02-21,2025,0,,TOR,MIA,111,120,1
2025-02-21,2025,0,,UTA,OKC,107,130,1
2025-02-21,2025,0,,WAS,MIL,101,104,1
2025-02-22,2025,0,,CHI,PHO,117,121,1
2025-02-22,2025,0,,DEN,LAL,100,123,1
2025-02-22,2025,0,,PHI,BRK,103,105,1
2025-02-22,2025,0,,POR,CHO,141,88,1
2025-02-22,2025,0,,UTA,HOU,124,115,1
2025-02-23,2025,0,,ATL,DET,143,148,1
2025-02-23,2025,0,,BOS,NYK,118,105,1
2025-02-23,2025,0,,CLE,MEM,129,123,1
2025-02-23,2025,0,,GSW,DAL,126,102,1
2025-02-23,2025,0,,IND,LAC,129,111,1
2025-02-23,2025,0,,MIL,MIA,120,113,1
2025-02-23,2025,0,,MIN,OKC,123,130,1
2025-02-23,2025,0,,NOP,SAS,114,96,1
2025-02-23,2025,0,,ORL,WAS,110,90,1
2025-02-23,2025,0,,TOR,PHO,127,109,1
2025-02-24,2025,0,,ATL,MIA,98,86,1
2025-02-24,2025,0,,DET,LAC,106,97,1
2025-02-24,2025,0,,IND,DEN,116,125,1
2025-02-24,2025,0,,OKC,MIN,128,131,1
2025-02-24,2025,0,,PHI,CHI,110,142,1
2025-02-24,2025,0,,SAC,CHO,130,88,1
2025-02-24,2025,0,,UTA,POR,112,114,1
2025-02-24,2025,0,,WAS,BRK,107,99,1
2025-02-25,2025,0,,GSW,CHO,128,92,1
2025-02-25,2025,0,,HOU,MIL,100,97,1
2025-02-25,2025,0,,LAL,DAL,107,99,1
2025-02-25,2025,0,,MEM,PHO,151,148,1
2025-02-25,2025,0,,NOP,SAS,109,103,1
2025-02-25,2025,0,,ORL,CLE,82,122,1
2025-02-25,2025,0,,TOR,BOS,101,111,1
2025-02-26,2025,0,,BRK,OKC,121,129,1
2025-02-26,2025,0,,CHI,LAC,117,122,1
2025-02-26,2025,0,,DET,BOS,117,97,1
2025-02-26,2025,0,,HOU,SAS,118,106,1
2025-02-26,2025,0,,IND,TOR,111,91,1
2025-02-26,2025,0,,MIA,ATL,131,109,1
2025-02-26,2025,0,,NYK,PHI,110,105,1
2025-02-26,2025,0,,UTA,SAC,101,118,1
2025-02-26,2025,0,,WAS,POR,121,129,1
2025-02-27,2025,0,,DAL,CHO,103,96,1
2025-02-27,2025,0,,LAL,MIN,111,102,1
2025-02-27,2025,0,,MIL,DEN,121,112,1
2025-02-27,2025,0,,ORL,GSW,115,121,1
2025-02-27,2025,0,,PHO,NOP,116,124,1
2025-02-28,2025,0,,ATL,OKC,119,135,1
2025-02-28,2025,0,,BOS,CLE,116,123,1
2025-02-28,2025,0,,BRK,POR,102,121,1
2025-02-28,2025,0,,CHI,TOR,125,115,1
2025-02-28,2025,0,,DET,DEN,119,134,1
2025-02-28,2025,0,,LAL,LAC,106,102,1
2025-02-28,2025,0,,MEM,NYK,113,114,1
2025-02-28,2025,0,,MIA,IND,125,120,1
2025-02-28,2025,0,,PHO,NOP,125,108,1
2025-02-28,2025,0,,UTA,MIN,117,116,1
2025-03-01,2025,0,,CHO,WAS,100,113,1
2025-03-01,2025,0,,DAL,MIL,117,132,1
2025-03-01,2025,0,,DET,BRK,115,94,1
2025-03-01,2025,0,,HOU,SAC,103,113,1
2025-03-01,2025,0,,MEM,SAS,128,130,1
2025-03-01,2025,0,,PHI,GSW,126,119,1
2025-03-02,2025,0,,BOS,DEN,110,103,1
2025-03-02,2025,0,,CLE,POR,133,129,1
2025-03-02,2025,0,,IND,CHI,127,112,1
2025-03-02,2025,0,,LAL,LAC,108,102,1
2025-03-02,2025,0,,MIA,NYK,112,116,1
2025-03-02,2025,0,,ORL,TOR,102,104,1
2025-03-02,2025,0,,PHO,MIN,98,116,1
2025-03-02,2025,0,,SAS,OKC,132,146,1
2025-03-02,2025,0,,UTA,NOP,121,128,1
2025-03-03,2025,0,,CHO,GSW,101,119,1
2025-03-03,2025,0,,DAL,SAC,98,122,1
2025-03-03,2025,0,,MEM,ATL,130,132,1
2025-03-03,2025,0,,MIA,WAS,106,90,1
2025-03-03,2025,0,,OKC,HOU,137,128,1
2025-03-03,2025,0,,PHI,POR,102,119,1
2025-03-03,2025,0,,UTA,DET,106,134,1
2025-03-04,2025,0,,ATL,MIL,121,127,1
2025-03-04,2025,0,,CHI,CLE,117,139,1
2025-03-04,2025,0,,IND,HOU,115,102,1
2025-03-04,2025,0,,LAL,NOP,136,115,1
2025-03-04,2025,0,,MIN,PHI,126,112,1
2025-03-04,2025,0,,NYK,GSW,102,114,1
2025-03-04,2025,0,,ORL,TOR,113,114,1
2025-03-04,2025,0,,PHO,LAC,119,117,1
2025-03-04,2025,0,,SAS,BRK,127,113,1
2025-03-05,2025,0,,BOS,POR,128,118,1
2025-03-05,2025,0,,CHO,MIN,110,125,1
2025-03-05,2025,0,,CLE,MIA,112,107,1
2025-03-05,2025,0,,DEN,SAC,116,110,1
2025-03-05,2025,0,,LAC,DET,123,115,1
2025-03-05,2025,0,,MEM,OKC,103,120,1
2025-03-05,2025,0,,MIL,DAL,137,107,1
2025-03-05,2025,0,,WAS,UTA,125,122,1
2025-03-06,2025,0,,ATL,IND,124,118,1
2025-03-06,2025,0,,BOS,PHI,123,105,1
2025-03-06,2025,0,,BRK,GSW,119,121,1
2025-03-06,2025,0,,LAL,NYK,113,109,1
2025-03-06,2025,0,,NOP,HOU,97,109,1
2025-03-06,2025,0,,ORL,CHI,123,125,1
2025-03-07,2025,0,,CHO,CLE,117,118,1
2025-03-07,2025,0,,DAL,MEM,111,122,1
2025-03-07,2025,0,,DEN,PHO,149,141,1
2025-03-07,2025,0,,LAC,NYK,105,95,1
2025-03-07,2025,0,,MIA,MIN,104,106,1
2025-03-07,2025,0,,OKC,POR,107,89,1
2025-03-07,2025,0,,SAC,SAS,127,109,1
2025-03-07,2025,0,,TOR,UTA,118,109,1
2025-03-08,2025,0,,ATL,IND,120,118,1
2025-03-08,2025,0,,BOS,LAL,111,101,1
2025-03-08,2025,0,,CHO,BRK,105,102,1
2025-03-08,2025,0,,GSW,DET,115,110,1
2025-03-08,2025,0,,HOU,NOP,146,117,1
2025-03-08,2025,0,,MIA,CHI,109,114,1
2025-03-08,2025,0,,MIL,ORL,109,111,1
2025-03-08,2025,0,,TOR,WAS,117,118,1
2025-03-09,2025,0,,DAL,PHO,116,125,1
2025-03-09,2025,0,,LAC,SAC,111,110,1
2025-03-09,2025,0,,MIL,CLE,100,112,1
2025-03-09,2025,0,,MIN,SAS,141,124,1
2025-03-09,2025,0,,NOP,MEM,104,107,1
2025-03-09,2025,0,,OKC,DEN,127,103,1
2025-03-09,2025,0,,PHI,UTA,126,122,1
2025-03-09,2025,0,,POR,DET,112,119,1
2025-03-10,2025,0,,ATL,PHI,132,123,1
2025-03-10,2025,0,,BOS,UTA,114,108,1
2025-03-10,2025,0,,BRK,LAL,111,108,1
2025-03-10,2025,0,,CHI,IND,121,103,1
2025-03-10,2025,0,,GSW,POR,130,120,1
2025-03-10,2025,0,,HOU,ORL,97,84,1
2025-03-10,2025,0,,MEM,PHO,120,118,1
2025-03-10,2025,0,,MIA,CHO,102,105,1
2025-03-10,2025,0,,OKC,DEN,127,140,1
2025-03-10,2025,0,,SAC,NYK,104,133,1
2025-03-10,2025,0,,SAS,DAL,129,133,1
2025-03-10,2025,0,,TOR,WAS,119,104,1
2025-03-11,2025,0,,CLE,BRK,109,104,1
2025-03-11,2025,0,,DET,WAS,123,103,1
2025-03-11,2025,0,,IND,MIL,115,114,1
2025-03-11,2025,0,,NOP,LAC,127,120,1
2025-03-12,2025,0,,ATL,CHO,123,110,1
2025-03-12,2025,0,,BOS,OKC,112,118,1
2025-03-12,2025,0,,DEN,MIN,95,115,1
2025-03-12,2025,0,,HOU,PHO,111,104,1
2025-03-12,2025,0,,MEM,UTA,122,115,1
2025-03-12,2025,0,,MIA,LAC,104,119,1
2025-03-12,2025,0,,POR,NYK,113,114,1
2025-03-12,2025,0,,SAS,DAL,126,116,1
2025-03-12,2025,0,,TOR,PHI,118,105,1
2025-03-13,2025,0,,CHI,BRK,116,110,1
2025-03-13,2025,0,,DET,WAS,125,129,1
2025-03-13,2025,0,,GSW,SAC,130,104,1
2025-03-13,2025,0,,MIL,LAL,126,106,1
2025-03-13,2025,0,,NOP,ORL,93,113,1
2025-03-14,2025,0,,ATL,LAC,98,121,1
2025-03-14,2025,0,,DEN,LAL,131,126,1
2025-03-14,2025,0,,HOU,DAL,133,96,1
2025-03-14,2025,0,,MEM,CLE,124,133,1
2025-03-14,2025,0,,MIA,BOS,91,103,1
2025-03-14,2025,0,,MIN,ORL,118,111,1
2025-03-14,2025,0,,PHI,IND,100,112,1
2025-03-14,2025,0,,PHO,SAC,122,106,1
2025-03-14,2025,0,,SAS,CHO,134,145,1
2025-03-14,2025,0,,UTA,TOR,118,126,1
2025-03-15,2025,0,,BRK,BOS,113,115,1
2025-03-15,2025,0,,DEN,WAS,123,126,1
2025-03-15,2025,0,,DET,OKC,107,113,1
2025-03-15,2025,0,,GSW,NYK,97,94,1
2025-03-15,2025,0,,HOU,CHI,117,114,1
2025-03-15,2025,0,,MEM,MIA,125,91,1
2025-03-15,2025,0,,MIL,IND,126,119,1
2025-03-15,2025,0,,SAS,NOP,119,115,1
2025-03-16,2025,0,,BRK,ATL,122,114,1
2025-03-16,2025,0,,CLE,ORL,103,108,1
2025-03-16,2025,0,,DAL,PHI,125,130,1
2025-03-16,2025,0,,LAC,CHO,123,88,1
2025-03-16,2025,0,,LAL,PHO,107,96,1
2025-03-16,2025,0,,MIL,OKC,105,121,1
2025-03-16,2025,0,,MIN,UTA,128,102,1
2025-03-16,2025,0,,POR,TOR,105,102,1
2025-03-17,2025,0,,GSW,DEN,105,114,1
2025-03-17,2025,0,,HOU,PHI,144,137,1
2025-03-17,2025,0,,LAL,SAS,125,109,1
2025-03-17,2025,0,,MIN,IND,130,132,1
2025-03-17,2025,0,,NOP,DET,81,127,1
2025-03-17,2025,0,,NYK,MIA,116,95,1
2025-03-17,2025,0,,PHO,TOR,129,89,1
2025-03-17,2025,0,,POR,WAS,112,97,1
2025-03-17,2025,0,,SAC,MEM,132,122,1
2025-03-17,2025,0,,UTA,CHI,97,111,1
2025-03-18,2025,0,,BOS,BRK,104,96,1
2025-03-18,2025,0,,CHO,ATL,102,134,1
2025-03-18,2025,0,,GSW,MIL,104,93,1
2025-03-18,2025,0,,LAC,CLE,132,119,1
2025-03-19,2025,0,,IND,DAL,135,131,1
2025-03-19,2025,0,,LAL,DEN,120,108,1
2025-03-19,2025,0,,MIA,DET,113,116,1
2025-03-19,2025,0,,MIN,NOP,115,119,1
2025-03-19,2025,0,,OKC,PHI,133,100,1
2025-03-19,2025,0,,ORL,HOU,108,116,1
2025-03-19,2025,0,,PHO,CHI,127,121,1
2025-03-19,2025,0,,POR,MEM,115,99,1
2025-03-19,2025,0,,SAC,CLE,123,119,1
2025-03-19,2025,0,,SAS,NYK,120,105,1
2025-03-19,2025,0,,UTA,WAS,128,112,1
2025-03-20,2025,0,,CHO,NYK,115,98,1
2025-03-20,2025,0,,GSW,TOR,117,114,1
2025-03-20,2025,0,,IND,BRK,105,99,1
2025-03-20,2025,0,,LAL,MIL,89,118,1
2025-03-20,2025,0,,SAC,CHI,116,128,1
2025-03-21,2025,0,,DAL,DET,123,117,1
2025-03-21,2025,0,,LAC,MEM,128,108,1
2025-03-21,2025,0,,MIA,HOU,98,102,1
2025-03-21,2025,0,,MIN,NOP,134,93,1
2025-03-21,2025,0,,OKC,CHO,141,106,1
2025-03-21,2025,0,,PHO,CLE,123,112,1
2025-03-21,2025,0,,POR,DEN,128,109,1
2025-03-21,2025,0,,SAS,PHI,128,120,1
2025-03-21,2025,0,,UTA,BOS,99,121,1
2025-03-21,2025,0,,WAS,ORL,105,120,1
2025-03-22,2025,0,,ATL,GSW,124,115,1
2025-03-22,2025,0,,IND,BRK,108,103,1
2025-03-22,2025,0,,LAL,CHI,115,146,1
2025-03-22,2025,0,,NYK,WAS,122,103,1
2025-03-22,2025,0,,SAC,MIL,108,114,1
2025-03-23,2025,0,,ATL,PHI,132,119,1
2025-03-23,2025,0,,DET,NOP,136,130,1
2025-03-23,2025,0,,HOU,DEN,111,116,1
2025-03-23,2025,0,,LAC,OKC,101,103,1
2025-03-23,2025,0,,MIA,CHO,122,105,1
2025-03-23,2025,0,,POR,BOS,116,129,1
2025-03-23,2025,0,,TOR,SAS,89,123,1
2025-03-23,2025,0,,UTA,CLE,91,120,1
2025-03-24,2025,0,,BRK,DAL,101,120,1
2025-03-24,2025,0,,DEN,CHI,119,129,1
2025-03-24,2025,0,,IND,MIN,119,103,1
2025-03-24,2025,0,,NOP,PHI,112,99,1
2025-03-24,2025,0,,ORL,LAL,118,106,1
2025-03-24,2025,0,,PHO,MIL,108,106,1
2025-03-24,2025,0,,SAC,BOS,95,113,1
2025-03-24,2025,0,,WAS,TOR,104,112,1
2025-03-25,2025,0,,CHO,ORL,104,111,1
2025-03-25,2025,0,,DET,SAS,122,96,1
2025-03-25,2025,0,,HOU,ATL,121,114,1
2025-03-25,2025,0,,MIA,GSW,112,86,1
2025-03-25,2025,0,,NYK,DAL,128,113,1
2025-03-25,2025,0,,POR,CLE,111,122,1
2025-03-25,2025,0,,SAC,OKC,105,121,1
2025-03-25,2025,0,,UTA,MEM,103,140,1
2025-03-26,2025,0,,BRK,TOR,86,116,1
2025-03-26,2025,0,,DEN,MIL,127,117,1
2025-03-26,2025,0,,IND,LAL,119,120,1
2025-03-26,2025,0,,NYK,LAC,113,126,1
2025-03-26,2025,0,,PHI,WAS,114,119,1
2025-03-26,2025,0,,PHO,BOS,102,132,1
2025-03-27,2025,0,,CHI,LAL,119,117,1
2025-03-27,2025,0,,CLE,SAS,124,116,1
2025-03-27,2025,0,,MIA,ATL,122,112,1
2025-03-27,2025,0,,OKC,MEM,125,104,1
2025-03-27,2025,0,,ORL,DAL,92,101,1
2025-03-27,2025,0,,SAC,POR,128,107,1
2025-03-27,2025,0,,UTA,HOU,110,121,1
2025-03-27,2025,0,,WAS,IND,109,162,1
2025-03-28,2025,0,,BRK,LAC,100,132,1
2025-03-28,2025,0,,DEN,UTA,129,93,1
2025-03-28,2025,0,,DET,CLE,133,122,1
2025-03-28,2025,0,,MIL,NYK,107,116,1
2025-03-28,2025,0,,MIN,PHO,124,109,1
2025-03-28,2025,0,,NOP,GSW,95,111,1
2025-03-28,2025,0,,TOR,CHO,108,97,1
2025-03-29,2025,0,,CHI,DAL,119,120,1
2025-03-29,2025,0,,MEM,LAL,127,134,1
2025-03-29,2025,0,,OKC,IND,132,111,1
2025-03-29,2025,0,,ORL,SAC,121,91,1
2025-03-29,2025,0,,PHI,MIA,95,118,1
2025-03-29,2025,0,,SAS,BOS,111,121,1
2025-03-29,2025,0,,WAS,BRK,112,115,1
2025-03-30,2025,0,,CLE,LAC,127,122,1
2025-03-30,2025,0,,MIL,ATL,124,145,1
2025-03-30,2025,0,,MIN,DET,123,104,1
2025-03-30,2025,0,,NOP,CHO,98,94,1
2025-03-30,2025,0,,NYK,POR,110,93,1
2025-03-30,2025,0,,PHI,TOR,109,127,1
2025-03-30,2025,0,,PHO,HOU,109,148,1
2025-03-30,2025,0,,SAS,GSW,106,148,1
2025-03-31,2025,0,,CHO,UTA,110,106,1
2025-03-31,2025,0,,DAL,BRK,109,113,1
2025-03-31,2025,0,,IND,SAC,111,109,1
2025-03-31,2025,0,,LAL,HOU,104,98,1
2025-03-31,2025,0,,MEM,BOS,103,117,1
2025-03-31,2025,0,,OKC,CHI,145,117,1
2025-03-31,2025,0,,ORL,LAC,87,96,1
2025-03-31,2025,0,,WAS,MIA,94,120,1
2025-04-01,2025,0,,ATL,POR,113,127,1
2025-04-01,2025,0,,CHI,TOR,137,118,1
2025-04-01,2025,0,,DEN,MIN,139,140,1
2025-04-01,2025,0,,MEM,GSW,125,134,1
2025-04-01,2025,0,,MIL,PHO,133,123,1
2025-04-01,2025,0,,NYK,PHI,105,91,1
2025-04-01,2025,0,,SAS,ORL,105,116,1
2025-04-02,2025,0,,BOS,MIA,103,124,1
2025-04-02,2025,0,,CLE,NYK,124,105,1
2025-04-02,2025,0,,DAL,ATL,120,118,1
2025-04-02,2025,0,,DEN,SAS,106,113,1
2025-04-02,2025,0,,HOU,UTA,143,105,1
2025-04-02,2025,0,,IND,CHO,119,105,1
2025-04-02,2025,0,,LAC,NOP,114,98,1
2025-04-02,2025,0,,OKC,DET,119,103,1
2025-04-02,2025,0,,WAS,SAC,116,111,1
2025-04-03,2025,0,,BRK,MIN,90,105,1
2025-04-03,2025,0,,LAL,GSW,116,123,1
2025-04-03,2025,0,,MIA,MEM,108,110,1
2025-04-03,2025,0,,PHI,MIL,113,126,1
2025-04-03,2025,0,,TOR,POR,103,112,1
2025-04-03,2025,0,,WAS,ORL,97,109,1
2025-04-04,2025,0,,BOS,PHO,123,103,1
2025-04-04,2025,0,,CHI,POR,118,113,1
2025-04-04,2025,0,,CHO,SAC,102,125,1
2025-04-04,2025,0,,GSW,DEN,118,104,1
2025-04-04,2025,0,,HOU,OKC,125,111,1
2025-04-04,2025,0,,IND,UTA,140,112,1
2025-04-04,2025,0,,LAC,DAL,114,91,1
2025-04-04,2025,0,,LAL,NOP,124,108,1
2025-04-04,2025,0,,SAS,CLE,113,114,1
2025-04-04,2025,0,,TOR,DET,105,117,1
2025-04-05,2025,0,,ATL,NYK,105,121,1
2025-04-05,2025,0,,DET,MEM,103,109,1
2025-04-05,2025,0,,LAC,DAL,135,104,1
2025-04-05,2025,0,,MIA,MIL,115,121,1
2025-04-05,2025,0,,PHI,MIN,109,114,1
2025-04-06,2025,0,,ATL,UTA,147,134,1
2025-04-06,2025,0,,BOS,WAS,124,90,1
2025-04-06,2025,0,,BRK,TOR,109,120,1
2025-04-06,2025,0,,CHO,CHI,117,131,1
2025-04-06,2025,0,,CLE,SAC,113,120,1
2025-04-06,2025,0,,DEN,IND,120,125,1
2025-04-06,2025,0,,GSW,HOU,96,106,1
2025-04-06,2025,0,,NOP,MIL,107,111,1
2025-04-06,2025,0,,NYK,PHO,112,98,1
2025-04-06,2025,0,,OKC,LAL,99,126,1
2025-04-06,2025,0,,POR,SAS,120,109,1
2025-04-07,2025,0,,DET,SAC,117,127,1
2025-04-07,2025,0,,MIA,PHI,117,105,1
2025-04-08,2025,0,,BRK,NOP,119,114,1
2025-04-08,2025,0,,CHO,MEM,100,124,1
2025-04-08,2025,0,,CLE,CHI,135,113,1
2025-04-08,2025,0,,IND,WAS,104,98,1
2025-04-08,2025,0,,LAC,SAS,122,117,1
2025-04-08,2025,0,,MIL,MIN,110,103,1
2025-04-08,2025,0,,NYK,BOS,117,119,1
2025-04-08,2025,0,,OKC,LAL,136,120,1
2025-04-08,2025,0,,ORL,ATL,119,112,1
2025-04-08,2025,0,,PHO,GSW,95,133,1
2025-04-09,2025,0,,CHI,MIA,119,111,1
2025-04-09,2025,0,,DAL,LAL,97,112,1
2025-04-09,2025,0,,GSW,SAS,111,114,1
2025-04-09,2025,0,,LAC,HOU,134,117,1
2025-04-09,2025,0,,ORL,BOS,96,76,1
2025-04-09,2025,0,,PHO,OKC,112,125,1
2025-04-09,2025,0,,SAC,DEN,116,124,1
2025-04-09,2025,0,,TOR,CHO,126,96,1
2025-04-09,2025,0,,UTA,POR,133,126,1
2025-04-09,2025,0,,WAS,PHI,103,122,1
2025-04-10,2025,0,,BRK,ATL,109,133,1
2025-04-10,2025,0,,DET,NYK,115,106,1
2025-04-10,2025,0,,IND,CLE,114,112,1
2025-04-10,2025,0,,MEM,MIN,125,141,1
2025-04-10,2025,0,,MIL,NOP,136,111,1
2025-04-11,2025,0,,BOS,CHO,130,94,1
2025-04-11,2025,0,,CHI,WAS,119,89,1
2025-04-11,2025,0,,DAL,TOR,124,102,1
2025-04-11,2025,0,,DEN,MEM,117,109,1
2025-04-11,2025,0,,DET,MIL,119,125,1
2025-04-11,2025,0,,IND,ORL,115,129,1
2025-04-11,2025,0,,LAL,HOU,140,109,1
2025-04-11,2025,0,,MIN,BRK,117,91,1
2025-04-11,2025,0,,NOP,MIA,104,153,1
2025-04-11,2025,0,,NYK,CLE,102,108,1
2025-04-11,2025,0,,PHI,ATL,110,124,1
2025-04-11,2025,0,,PHO,SAS,117,98,1
2025-04-11,2025,0,,POR,GSW,86,103,1
2025-04-11,2025,0,,SAC,LAC,100,101,1
2025-04-11,2025,0,,UTA,OKC,111,145,1
2025-04-13,2025,0,,ATL,ORL,117,105,1
2025-04-13,2025,0,,BOS,CHO,93,86,1
2025-04-13,2025,0,,BRK,NYK,105,113,1
2025-04-13,2025,0,,CLE,IND,118,126,1
2025-04-13,2025,0,,GSW,LAC,119,124,1
2025-04-13,2025,0,,HOU,DEN,111,126,1
2025-04-13,2025,0,,MEM,DAL,132,97,1
2025-04-13,2025,0,,MIA,WAS,118,119,1
2025-04-13,2025,0,,MIL,DET,140,133,1
2025-04-13,2025,0,,MIN,UTA,116,105,1
2025-04-13,2025,0,,NOP,OKC,100,115,1
2025-04-13,2025,0,,PHI,CHI,102,122,1
2025-04-13,2025,0,,POR,LAL,109,81,1
2025-04-13,2025,0,,SAC,PHO,109,98,1
2025-04-13,2025,0,,SAS,TOR,125,118,1
